ISO-10303-21;
HEADER;
FILE_DESCRIPTION(('Open CASCADE Model'),'2;1');
FILE_NAME('Open CASCADE Shape Model','2026-08-11T16:13:56',('Author'),(
    'Open CASCADE'),'Open CASCADE STEP processor 7.9','Open CASCADE 7.9'
  ,'Unknown');
FILE_SCHEMA(('AUTOMOTIVE_DESIGN { 1 0 10303 214 1 1 1 1 }'));
ENDSEC;
DATA;
#1 = APPLICATION_PROTOCOL_DEFINITION('international standard',
  'automotive_design',2000,#2);
#2 = APPLICATION_CONTEXT(
  'core data for automotive mechanical design processes');
#3 = SHAPE_DEFINITION_REPRESENTATION(#4,#10);
#4 = PRODUCT_DEFINITION_SHAPE('','',#5);
#5 = PRODUCT_DEFINITION('design','',#6,#9);
#6 = PRODUCT_DEFINITION_FORMATION('','',#7);
#7 = PRODUCT('Open CASCADE STEP translator 7.9 2',
  'Open CASCADE STEP translator 7.9 2','',(#8));
#8 = PRODUCT_CONTEXT('',#2,'mechanical');
#9 = PRODUCT_DEFINITION_CONTEXT('part definition',#2,'design');
#10 = ADVANCED_BREP_SHAPE_REPRESENTATION('',(#11,#15),#11198);
#11 = AXIS2_PLACEMENT_3D('',#12,#13,#14);
#12 = CARTESIAN_POINT('',(0.,0.,0.));
#13 = DIRECTION('',(0.,0.,1.));
#14 = DIRECTION('',(1.,0.,-0.));
#15 = MANIFOLD_SOLID_BREP('',#16);
#16 = CLOSED_SHELL('',(#17,#1555,#3011,#3180,#3236,#3377,#3541,#3597,
    #3738,#4137,#4164,#4197,#4280,#4285,#4417,#4494,#4610,#5019,#5073,
    #5156,#5161,#5167,#5247,#5354,#5471,#5518,#5573,#5622,#5684,#5711,
    #5758,#5822,#5871,#5933,#5960,#6007,#6071,#6120,#6173,#6219,#6344,
    #6450,#6497,#6542,#6566,#6573,#6618,#6642,#6649,#6694,#6718,#6725,
    #6770,#6794,#6801,#7333,#7381,#7411,#7437,#7442,#7472,#7479,#7505,
    #7510,#7540,#7567,#7676,#7700,#7707,#7841,#8249,#8274,#8683,#8689,
    #8740,#9045,#9075,#9554,#9630,#9706,#9763,#9820,#9875,#9930,#9985,
    #10040,#10095,#10150,#10199,#10248,#10275,#10324,#10373,#10400,
    #10407,#10414,#10453,#10492,#10531,#10570,#10609,#10648,#10687,
    #10726,#10781,#10836,#10891,#10946,#11001,#11056,#11111,#11166,
    #11170,#11174,#11178,#11182,#11186,#11190,#11194));
#17 = ADVANCED_FACE('',(#18),#34,.T.);
#18 = FACE_BOUND('',#19,.T.);
#19 = EDGE_LOOP('',(#20,#61,#88,#293,#318,#469,#494,#526,#546,#568,#613,
    #653,#698,#725,#750,#901,#926,#958,#978,#1183,#1205,#1234,#1313,
    #1347,#1381,#1410,#1444,#1478));
#20 = ORIENTED_EDGE('',*,*,#21,.F.);
#21 = EDGE_CURVE('',#22,#24,#26,.T.);
#22 = VERTEX_POINT('',#23);
#23 = CARTESIAN_POINT('',(78.540727909765,0.597053717305,27.597053717305
    ));
#24 = VERTEX_POINT('',#25);
#25 = CARTESIAN_POINT('',(60.64,0.597053717305,27.597053717305));
#26 = SURFACE_CURVE('',#27,(#33,#47),.PCURVE_S1.);
#27 = B_SPLINE_CURVE_WITH_KNOTS('',4,(#28,#29,#30,#31,#32),
  .UNSPECIFIED.,.F.,.F.,(5,5),(0.,1.),.PIECEWISE_BEZIER_KNOTS.);
#28 = CARTESIAN_POINT('',(78.540727909765,0.597053717305,27.597053717305
    ));
#29 = CARTESIAN_POINT('',(59.020363954883,0.597053717305,27.597053717305
    ));
#30 = CARTESIAN_POINT('',(39.5,0.597053717305,27.597053717305));
#31 = CARTESIAN_POINT('',(19.979636045117,0.597053717305,27.597053717305
    ));
#32 = CARTESIAN_POINT('',(0.459272090235,0.597053717305,27.597053717305)
  );
#33 = PCURVE('',#34,#39);
#34 = B_SPLINE_SURFACE_WITH_KNOTS('',1,1,(
    (#35,#36)
    ,(#37,#38)),.UNSPECIFIED.,.F.,.F.,.F.,(2,2),(2,2),(0.,79.),(0.,1.),
  .PIECEWISE_BEZIER_KNOTS.);
#35 = CARTESIAN_POINT('',(0.,0.,27.));
#36 = CARTESIAN_POINT('',(10.,13.,40.));
#37 = CARTESIAN_POINT('',(79.,0.,27.));
#38 = CARTESIAN_POINT('',(69.,13.,40.));
#39 = DEFINITIONAL_REPRESENTATION('',(#40),#46);
#40 = B_SPLINE_CURVE_WITH_KNOTS('',4,(#41,#42,#43,#44,#45),
  .UNSPECIFIED.,.F.,.F.,(5,5),(0.,1.),.PIECEWISE_BEZIER_KNOTS.);
#41 = CARTESIAN_POINT('',(79.,4.592720902345E-02));
#42 = CARTESIAN_POINT('',(59.25,4.592720902345E-02));
#43 = CARTESIAN_POINT('',(39.5,4.592720902345E-02));
#44 = CARTESIAN_POINT('',(19.75,4.592720902345E-02));
#45 = CARTESIAN_POINT('',(0.,4.592720902345E-02));
#46 = ( GEOMETRIC_REPRESENTATION_CONTEXT(2) 
PARAMETRIC_REPRESENTATION_CONTEXT() REPRESENTATION_CONTEXT('2D SPACE',''
  ) );
#47 = PCURVE('',#48,#53);
#48 = CYLINDRICAL_SURFACE('',#49,1.6);
#49 = AXIS2_PLACEMENT_3D('',#50,#51,#52);
#50 = CARTESIAN_POINT('',(-1.,0.5,26.));
#51 = DIRECTION('',(-1.,-0.,-0.));
#52 = DIRECTION('',(0.,1.,0.));
#53 = DEFINITIONAL_REPRESENTATION('',(#54),#60);
#54 = B_SPLINE_CURVE_WITH_KNOTS('',4,(#55,#56,#57,#58,#59),
  .UNSPECIFIED.,.F.,.F.,(5,5),(0.,1.),.PIECEWISE_BEZIER_KNOTS.);
#55 = CARTESIAN_POINT('',(-1.510100493261,-79.54072790976));
#56 = CARTESIAN_POINT('',(-1.510100493261,-60.02036395488));
#57 = CARTESIAN_POINT('',(-1.510100493261,-40.5));
#58 = CARTESIAN_POINT('',(-1.510100493261,-20.97963604511));
#59 = CARTESIAN_POINT('',(-1.510100493261,-1.459272090235));
#60 = ( GEOMETRIC_REPRESENTATION_CONTEXT(2) 
PARAMETRIC_REPRESENTATION_CONTEXT() REPRESENTATION_CONTEXT('2D SPACE',''
  ) );
#61 = ORIENTED_EDGE('',*,*,#62,.T.);
#62 = EDGE_CURVE('',#22,#63,#65,.T.);
#63 = VERTEX_POINT('',#64);
#64 = CARTESIAN_POINT('',(70.778633338409,10.687776660068,
    37.687776660068));
#65 = SURFACE_CURVE('',#66,(#69,#76),.PCURVE_S1.);
#66 = B_SPLINE_CURVE_WITH_KNOTS('',1,(#67,#68),.UNSPECIFIED.,.F.,.F.,(2,
    2),(0.,1.),.PIECEWISE_BEZIER_KNOTS.);
#67 = CARTESIAN_POINT('',(79.,0.,27.));
#68 = CARTESIAN_POINT('',(69.,13.,40.));
#69 = PCURVE('',#34,#70);
#70 = DEFINITIONAL_REPRESENTATION('',(#71),#75);
#71 = LINE('',#72,#73);
#72 = CARTESIAN_POINT('',(79.,0.));
#73 = VECTOR('',#74,1.);
#74 = DIRECTION('',(0.,1.));
#75 = ( GEOMETRIC_REPRESENTATION_CONTEXT(2) 
PARAMETRIC_REPRESENTATION_CONTEXT() REPRESENTATION_CONTEXT('2D SPACE',''
  ) );
#76 = PCURVE('',#77,#82);
#77 = B_SPLINE_SURFACE_WITH_KNOTS('',1,1,(
    (#78,#79)
    ,(#80,#81)),.UNSPECIFIED.,.F.,.F.,.F.,(2,2),(2,2),(0.,95.),(0.,1.),
  .PIECEWISE_BEZIER_KNOTS.);
#78 = CARTESIAN_POINT('',(79.,0.,27.));
#79 = CARTESIAN_POINT('',(69.,13.,40.));
#80 = CARTESIAN_POINT('',(79.,95.,27.));
#81 = CARTESIAN_POINT('',(69.,93.,40.));
#82 = DEFINITIONAL_REPRESENTATION('',(#83),#87);
#83 = LINE('',#84,#85);
#84 = CARTESIAN_POINT('',(0.,0.));
#85 = VECTOR('',#86,1.);
#86 = DIRECTION('',(0.,1.));
#87 = ( GEOMETRIC_REPRESENTATION_CONTEXT(2) 
PARAMETRIC_REPRESENTATION_CONTEXT() REPRESENTATION_CONTEXT('2D SPACE',''
  ) );
#88 = ORIENTED_EDGE('',*,*,#89,.T.);
#89 = EDGE_CURVE('',#63,#90,#92,.T.);
#90 = VERTEX_POINT('',#91);
#91 = CARTESIAN_POINT('',(63.,12.,39.));
#92 = SURFACE_CURVE('',#93,(#156,#222),.PCURVE_S1.);
#93 = B_SPLINE_CURVE_WITH_KNOTS('',7,(#94,#95,#96,#97,#98,#99,#100,#101,
    #102,#103,#104,#105,#106,#107,#108,#109,#110,#111,#112,#113,#114,
    #115,#116,#117,#118,#119,#120,#121,#122,#123,#124,#125,#126,#127,
    #128,#129,#130,#131,#132,#133,#134,#135,#136,#137,#138,#139,#140,
    #141,#142,#143,#144,#145,#146,#147,#148,#149,#150,#151,#152,#153,
    #154,#155),.UNSPECIFIED.,.F.,.F.,(8,6,6,6,6,6,6,6,6,6,8),(0.,
    3.02887662029E-02,0.165890385202,0.345554025263,0.445510033175,
    0.581045821717,0.637040545283,0.706545363244,0.741330001354,
    0.807353521264,1.),.UNSPECIFIED.);
#94 = CARTESIAN_POINT('',(70.778633338409,10.687776660068,
    37.687776660068));
#95 = CARTESIAN_POINT('',(70.765796591717,10.650812404416,
    37.650812404416));
#96 = CARTESIAN_POINT('',(70.752544730138,10.614014090356,
    37.614014090356));
#97 = CARTESIAN_POINT('',(70.738879225691,10.577383395948,
    37.577383395948));
#98 = CARTESIAN_POINT('',(70.724801402769,10.540922079683,
    37.540922079683));
#99 = CARTESIAN_POINT('',(70.710312438136,10.50463198048,37.50463198048)
  );
#100 = CARTESIAN_POINT('',(70.695413360933,10.46851501769,37.46851501769
    ));
#101 = CARTESIAN_POINT('',(70.61157035667,10.271663042297,
    37.271663042297));
#102 = CARTESIAN_POINT('',(70.534837177483,10.11427204962,37.11427204962
    ));
#103 = CARTESIAN_POINT('',(70.449980471411,9.960564358521,
    36.960564358521));
#104 = CARTESIAN_POINT('',(70.357022292818,9.81075897558,36.81075897558)
  );
#105 = CARTESIAN_POINT('',(70.255945304285,9.665123017516,
    36.665123017516));
#106 = CARTESIAN_POINT('',(70.146693375259,9.523972997084,
    36.523972997084));
#107 = CARTESIAN_POINT('',(69.873433950526,9.207109966145,
    36.207109966145));
#108 = CARTESIAN_POINT('',(69.703244348107,9.035155764816,
    36.035155764816));
#109 = CARTESIAN_POINT('',(69.518290957611,8.872595667833,
    35.872595667833));
#110 = CARTESIAN_POINT('',(69.318234092438,8.720579799498,
    35.720579799498));
#111 = CARTESIAN_POINT('',(69.102754377654,8.580618464037,
    35.580618464037));
#112 = CARTESIAN_POINT('',(68.871611616174,8.454552157988,
    35.454552157988));
#113 = CARTESIAN_POINT('',(68.487005173968,8.283623888717,
    35.283623888717));
#114 = CARTESIAN_POINT('',(68.344625752096,8.227571789219,
    35.227571789219));
#115 = CARTESIAN_POINT('',(68.197321141814,8.176974219191,
    35.176974219191));
#116 = CARTESIAN_POINT('',(68.045116672466,8.132306851897,
    35.132306851897));
#117 = CARTESIAN_POINT('',(67.88810506534,8.094104327688,35.094104327688
    ));
#118 = CARTESIAN_POINT('',(67.726456952666,8.062948220772,
    35.062948220772));
#119 = CARTESIAN_POINT('',(67.335308313704,8.00759927805,35.00759927805)
  );
#120 = CARTESIAN_POINT('',(67.102082548935,7.989825257927,
    34.989825257927));
#121 = CARTESIAN_POINT('',(66.861532678051,7.987699664271,
    34.987699664271));
#122 = CARTESIAN_POINT('',(66.615023286955,8.002903500229,
    35.002903500229));
#123 = CARTESIAN_POINT('',(66.364568331494,8.036947004983,
    35.036947004983));
#124 = CARTESIAN_POINT('',(66.112856322395,8.090943987821,
    35.090943987821));
#125 = CARTESIAN_POINT('',(65.760216355436,8.19546337203,35.19546337203)
  );
#126 = CARTESIAN_POINT('',(65.657496989411,8.229425963138,
    35.229425963138));
#127 = CARTESIAN_POINT('',(65.555403175449,8.266791782914,
    35.266791782914));
#128 = CARTESIAN_POINT('',(65.454183922477,8.307531118957,
    35.307531118957));
#129 = CARTESIAN_POINT('',(65.354086745844,8.351584970245,
    35.351584970245));
#130 = CARTESIAN_POINT('',(65.255356355489,8.398862775197,
    35.398862775197));
#131 = CARTESIAN_POINT('',(65.037677034591,8.511772273638,
    35.511772273638));
#132 = CARTESIAN_POINT('',(64.919575958242,8.579091046191,
    35.579091046191));
#133 = CARTESIAN_POINT('',(64.804398802084,8.650957184272,
    35.650957184272));
#134 = CARTESIAN_POINT('',(64.692539157701,8.727081163291,
    35.727081163291));
#135 = CARTESIAN_POINT('',(64.58432559255,8.807136566732,35.807136566732
    ));
#136 = CARTESIAN_POINT('',(64.480028934862,8.890768917647,
    35.890768917647));
#137 = CARTESIAN_POINT('',(64.329739245922,9.021055777582,
    36.021055777582));
#138 = CARTESIAN_POINT('',(64.280643802493,9.065315748412,
    36.065315748412));
#139 = CARTESIAN_POINT('',(64.232605557681,9.110334752036,
    36.110334752036));
#140 = CARTESIAN_POINT('',(64.185645042136,9.156067816139,
    36.156067816139));
#141 = CARTESIAN_POINT('',(64.139778643086,9.202470412556,
    36.202470412556));
#142 = CARTESIAN_POINT('',(64.095019046108,9.249498731189,
    36.249498731189));
#143 = CARTESIAN_POINT('',(63.968537705542,9.38747917096,36.38747917096)
  );
#144 = CARTESIAN_POINT('',(63.889722345201,9.479947321639,
    36.479947321639));
#145 = CARTESIAN_POINT('',(63.81499014687,9.574224068023,36.574224068023
    ));
#146 = CARTESIAN_POINT('',(63.744359287546,9.670035174846,
    36.670035174846));
#147 = CARTESIAN_POINT('',(63.677813840472,9.767125453311,
    36.767125453311));
#148 = CARTESIAN_POINT('',(63.615312045379,9.865261704901,
    36.865261704901));
#149 = CARTESIAN_POINT('',(63.386049609172,10.25302646222,37.25302646222
    ));
#150 = CARTESIAN_POINT('',(63.24945953855,10.548551635809,
    37.548551635809));
#151 = CARTESIAN_POINT('',(63.14498598149,10.84624350809,37.84624350809)
  );
#152 = CARTESIAN_POINT('',(63.070264958131,11.142477540545,
    38.142477540545));
#153 = CARTESIAN_POINT('',(63.022749698631,11.434562614907,
    38.434562614907));
#154 = CARTESIAN_POINT('',(62.999999958107,11.7207157499,38.7207157499)
  );
#155 = CARTESIAN_POINT('',(63.,12.0000006,39.0000006));
#156 = PCURVE('',#34,#157);
#157 = DEFINITIONAL_REPRESENTATION('',(#158),#221);
#158 = B_SPLINE_CURVE_WITH_KNOTS('',7,(#159,#160,#161,#162,#163,#164,
    #165,#166,#167,#168,#169,#170,#171,#172,#173,#174,#175,#176,#177,
    #178,#179,#180,#181,#182,#183,#184,#185,#186,#187,#188,#189,#190,
    #191,#192,#193,#194,#195,#196,#197,#198,#199,#200,#201,#202,#203,
    #204,#205,#206,#207,#208,#209,#210,#211,#212,#213,#214,#215,#216,
    #217,#218,#219,#220),.UNSPECIFIED.,.F.,.F.,(8,6,6,6,6,6,6,6,6,6,8),(
    0.,3.02887662029E-02,0.165890385202,0.345554025263,0.445510033175,
    0.581045821717,0.637040545283,0.706545363244,0.741330001354,
    0.807353521264,1.),.UNSPECIFIED.);
#159 = CARTESIAN_POINT('',(79.,0.822136666159));
#160 = CARTESIAN_POINT('',(78.947881476544,0.819293261878));
#161 = CARTESIAN_POINT('',(78.895510477306,0.816462622335));
#162 = CARTESIAN_POINT('',(78.842890561302,0.813644876611));
#163 = CARTESIAN_POINT('',(78.790025129409,0.810840159976));
#164 = CARTESIAN_POINT('',(78.736917424368,0.808048613883));
#165 = CARTESIAN_POINT('',(78.683570530781,0.805270385976));
#166 = CARTESIAN_POINT('',(78.390097687611,0.790127926331));
#167 = CARTESIAN_POINT('',(78.145485820496,0.778020926894));
#168 = CARTESIAN_POINT('',(77.896394173059,0.766197258348));
#169 = CARTESIAN_POINT('',(77.643032643115,0.754673767352));
#170 = CARTESIAN_POINT('',(77.385587037351,0.743471001347));
#171 = CARTESIAN_POINT('',(77.124218180658,0.732613307468));
#172 = CARTESIAN_POINT('',(76.50772280151,0.708239228165));
#173 = CARTESIAN_POINT('',(76.149895739519,0.695011981909));
#174 = CARTESIAN_POINT('',(75.785707396027,0.682507359064));
#175 = CARTESIAN_POINT('',(75.415514667527,0.670813830731));
#176 = CARTESIAN_POINT('',(75.039900532999,0.660047574157));
#177 = CARTESIAN_POINT('',(74.65967712282,0.650350165999));
#178 = CARTESIAN_POINT('',(74.062222326562,0.637201837594));
#179 = CARTESIAN_POINT('',(73.847597460121,0.632890137632));
#180 = CARTESIAN_POINT('',(73.632112188496,0.628998016861));
#181 = CARTESIAN_POINT('',(73.416063649656,0.625562065531));
#182 = CARTESIAN_POINT('',(73.199855216875,0.622623409822));
#183 = CARTESIAN_POINT('',(72.983997095729,0.620226786213));
#184 = CARTESIAN_POINT('',(72.47772564366,0.615969175235));
#185 = CARTESIAN_POINT('',(72.188054625534,0.614601942917));
#186 = CARTESIAN_POINT('',(71.901817144695,0.614438435713));
#187 = CARTESIAN_POINT('',(71.621443862638,0.615607961556));
#188 = CARTESIAN_POINT('',(71.3499344775,0.618226692691));
#189 = CARTESIAN_POINT('',(71.090799100445,0.622380306755));
#190 = CARTESIAN_POINT('',(70.747356206778,0.630420259387));
#191 = CARTESIAN_POINT('',(70.649703395014,0.633032766395));
#192 = CARTESIAN_POINT('',(70.555073858946,0.635907060224));
#193 = CARTESIAN_POINT('',(70.463721281565,0.639040855304));
#194 = CARTESIAN_POINT('',(70.375881670231,0.642429613096));
#195 = CARTESIAN_POINT('',(70.291771159849,0.646066367323));
#196 = CARTESIAN_POINT('',(70.112049317433,0.654751713357));
#197 = CARTESIAN_POINT('',(70.018541725496,0.659930080476));
#198 = CARTESIAN_POINT('',(69.931440957898,0.665458244944));
#199 = CARTESIAN_POINT('',(69.851017444679,0.671313935638));
#200 = CARTESIAN_POINT('',(69.777453184529,0.677472043595));
#201 = CARTESIAN_POINT('',(69.710854694342,0.683905301357));
#202 = CARTESIAN_POINT('',(69.62143179602,0.693927367506));
#203 = CARTESIAN_POINT('',(69.593357353325,0.697331980647));
#204 = CARTESIAN_POINT('',(69.567038007917,0.700794980926));
#205 = CARTESIAN_POINT('',(69.542472471059,0.704312908934));
#206 = CARTESIAN_POINT('',(69.519655294097,0.707882339427));
#207 = CARTESIAN_POINT('',(69.498577481273,0.711499902399));
#208 = CARTESIAN_POINT('',(69.442498817098,0.722113782382));
#209 = CARTESIAN_POINT('',(69.411994558724,0.729226717049));
#210 = CARTESIAN_POINT('',(69.387629992634,0.736478774463));
#211 = CARTESIAN_POINT('',(69.369284442708,0.743848859604));
#212 = CARTESIAN_POINT('',(69.356811088317,0.751317342562));
#213 = CARTESIAN_POINT('',(69.350047161164,0.758866284992));
#214 = CARTESIAN_POINT('',(69.345255560653,0.788694343248));
#215 = CARTESIAN_POINT('',(69.388864165603,0.811427048908));
#216 = CARTESIAN_POINT('',(69.475206413626,0.834326423699));
#217 = CARTESIAN_POINT('',(69.599998546153,0.857113656965));
#218 = CARTESIAN_POINT('',(69.759087044113,0.879581739608));
#219 = CARTESIAN_POINT('',(69.948801517913,0.901593519223));
#220 = CARTESIAN_POINT('',(70.16645535959,0.923076969231));
#221 = ( GEOMETRIC_REPRESENTATION_CONTEXT(2) 
PARAMETRIC_REPRESENTATION_CONTEXT() REPRESENTATION_CONTEXT('2D SPACE',''
  ) );
#222 = PCURVE('',#223,#228);
#223 = CYLINDRICAL_SURFACE('',#224,4.);
#224 = AXIS2_PLACEMENT_3D('',#225,#226,#227);
#225 = CARTESIAN_POINT('',(67.,12.,30.85));
#226 = DIRECTION('',(-0.,-0.,-1.));
#227 = DIRECTION('',(1.,0.,0.));
#228 = DEFINITIONAL_REPRESENTATION('',(#229),#292);
#229 = B_SPLINE_CURVE_WITH_KNOTS('',7,(#230,#231,#232,#233,#234,#235,
    #236,#237,#238,#239,#240,#241,#242,#243,#244,#245,#246,#247,#248,
    #249,#250,#251,#252,#253,#254,#255,#256,#257,#258,#259,#260,#261,
    #262,#263,#264,#265,#266,#267,#268,#269,#270,#271,#272,#273,#274,
    #275,#276,#277,#278,#279,#280,#281,#282,#283,#284,#285,#286,#287,
    #288,#289,#290,#291),.UNSPECIFIED.,.F.,.F.,(8,6,6,6,6,6,6,6,6,6,8),(
    0.,3.02887662029E-02,0.165890385202,0.345554025263,0.445510033175,
    0.581045821717,0.637040545283,0.706545363244,0.741330001354,
    0.807353521264,0.999999940876),.UNSPECIFIED.);
#230 = CARTESIAN_POINT('',(-5.94894053104,-6.837776660068));
#231 = CARTESIAN_POINT('',(-5.93915809058,-6.800812404416));
#232 = CARTESIAN_POINT('',(-5.929380792808,-6.764014090356));
#233 = CARTESIAN_POINT('',(-5.919607629631,-6.727383395948));
#234 = CARTESIAN_POINT('',(-5.909837602146,-6.690922079683));
#235 = CARTESIAN_POINT('',(-5.900069720645,-6.65463198048));
#236 = CARTESIAN_POINT('',(-5.890303004608,-6.61851501769));
#237 = CARTESIAN_POINT('',(-5.836812146989,-6.421663042297));
#238 = CARTESIAN_POINT('',(-5.793094055942,-6.26427204962));
#239 = CARTESIAN_POINT('',(-5.749290919121,-6.110564358521));
#240 = CARTESIAN_POINT('',(-5.705318564005,-5.96075897558));
#241 = CARTESIAN_POINT('',(-5.661094928313,-5.815123017516));
#242 = CARTESIAN_POINT('',(-5.616534498703,-5.673972997084));
#243 = CARTESIAN_POINT('',(-5.51193021653,-5.357109966145));
#244 = CARTESIAN_POINT('',(-5.451588663112,-5.185155764816));
#245 = CARTESIAN_POINT('',(-5.390268833673,-5.022595667833));
#246 = CARTESIAN_POINT('',(-5.327750144908,-4.870579799498));
#247 = CARTESIAN_POINT('',(-5.26380797722,-4.730618464037));
#248 = CARTESIAN_POINT('',(-5.198202700315,-4.604552157988));
#249 = CARTESIAN_POINT('',(-5.092983111887,-4.433623888717));
#250 = CARTESIAN_POINT('',(-5.054764830874,-4.377571789219));
#251 = CARTESIAN_POINT('',(-5.015888359904,-4.326974219191));
#252 = CARTESIAN_POINT('',(-4.976308091786,-4.282306851897));
#253 = CARTESIAN_POINT('',(-4.935983877137,-4.244104327688));
#254 = CARTESIAN_POINT('',(-4.894879194059,-4.212948220772));
#255 = CARTESIAN_POINT('',(-4.796117877232,-4.15759927805));
#256 = CARTESIAN_POINT('',(-4.737763908257,-4.139825257927));
#257 = CARTESIAN_POINT('',(-4.677845608774,-4.13769966427));
#258 = CARTESIAN_POINT('',(-4.616385892499,-4.15290350023));
#259 = CARTESIAN_POINT('',(-4.553484652349,-4.186947004983));
#260 = CARTESIAN_POINT('',(-4.489314910927,-4.240943987821));
#261 = CARTESIAN_POINT('',(-4.39736409256,-4.34546337203));
#262 = CARTESIAN_POINT('',(-4.370330124871,-4.379425963138));
#263 = CARTESIAN_POINT('',(-4.343172636734,-4.416791782914));
#264 = CARTESIAN_POINT('',(-4.315920015755,-4.457531118957));
#265 = CARTESIAN_POINT('',(-4.288601691724,-4.501584970245));
#266 = CARTESIAN_POINT('',(-4.261249043014,-4.548862775197));
#267 = CARTESIAN_POINT('',(-4.199944046488,-4.661772273638));
#268 = CARTESIAN_POINT('',(-4.165985675033,-4.729091046191));
#269 = CARTESIAN_POINT('',(-4.13208878654,-4.800957184272));
#270 = CARTESIAN_POINT('',(-4.098310098416,-4.877081163291));
#271 = CARTESIAN_POINT('',(-4.064699349991,-4.957136566732));
#272 = CARTESIAN_POINT('',(-4.031302223069,-5.040768917647));
#273 = CARTESIAN_POINT('',(-3.98157694248,-5.171055777582));
#274 = CARTESIAN_POINT('',(-3.965054875993,-5.215315748412));
#275 = CARTESIAN_POINT('',(-3.948600760208,-5.260334752036));
#276 = CARTESIAN_POINT('',(-3.932218650106,-5.306067816139));
#277 = CARTESIAN_POINT('',(-3.915912048354,-5.352470412556));
#278 = CARTESIAN_POINT('',(-3.899683977099,-5.399498731189));
#279 = CARTESIAN_POINT('',(-3.852889124771,-5.53747917096));
#280 = CARTESIAN_POINT('',(-3.822533974506,-5.629947321639));
#281 = CARTESIAN_POINT('',(-3.792488145307,-5.724224068023));
#282 = CARTESIAN_POINT('',(-3.762762492905,-5.820035174846));
#283 = CARTESIAN_POINT('',(-3.733362994295,-5.917125453311));
#284 = CARTESIAN_POINT('',(-3.704291559633,-6.015261704901));
#285 = CARTESIAN_POINT('',(-3.591674210029,-6.403026373588));
#286 = CARTESIAN_POINT('',(-3.510698015476,-6.698551454412));
#287 = CARTESIAN_POINT('',(-3.432378403121,-6.996243233998));
#288 = CARTESIAN_POINT('',(-3.356529464559,-7.292477176881));
#289 = CARTESIAN_POINT('',(-3.282952072526,-7.584562166693));
#290 = CARTESIAN_POINT('',(-3.211413847848,-7.870715222967));
#291 = CARTESIAN_POINT('',(-3.14159265359,-8.15));
#292 = ( GEOMETRIC_REPRESENTATION_CONTEXT(2) 
PARAMETRIC_REPRESENTATION_CONTEXT() REPRESENTATION_CONTEXT('2D SPACE',''
  ) );
#293 = ORIENTED_EDGE('',*,*,#294,.F.);
#294 = EDGE_CURVE('',#295,#90,#297,.T.);
#295 = VERTEX_POINT('',#296);
#296 = CARTESIAN_POINT('',(66.,12.,39.));
#297 = SURFACE_CURVE('',#298,(#301,#307),.PCURVE_S1.);
#298 = B_SPLINE_CURVE_WITH_KNOTS('',1,(#299,#300),.UNSPECIFIED.,.F.,.F.,
  (2,2),(0.,1.),.PIECEWISE_BEZIER_KNOTS.);
#299 = CARTESIAN_POINT('',(69.769230769231,12.,39.));
#300 = CARTESIAN_POINT('',(63.,12.,39.));
#301 = PCURVE('',#34,#302);
#302 = DEFINITIONAL_REPRESENTATION('',(#303),#306);
#303 = B_SPLINE_CURVE_WITH_KNOTS('',1,(#304,#305),.UNSPECIFIED.,.F.,.F.,
  (2,2),(0.,1.),.PIECEWISE_BEZIER_KNOTS.);
#304 = CARTESIAN_POINT('',(79.,0.923076923077));
#305 = CARTESIAN_POINT('',(70.166454891995,0.923076923077));
#306 = ( GEOMETRIC_REPRESENTATION_CONTEXT(2) 
PARAMETRIC_REPRESENTATION_CONTEXT() REPRESENTATION_CONTEXT('2D SPACE',''
  ) );
#307 = PCURVE('',#308,#313);
#308 = PLANE('',#309);
#309 = AXIS2_PLACEMENT_3D('',#310,#311,#312);
#310 = CARTESIAN_POINT('',(67.,12.,39.));
#311 = DIRECTION('',(0.,0.,1.));
#312 = DIRECTION('',(1.,0.,-0.));
#313 = DEFINITIONAL_REPRESENTATION('',(#314),#317);
#314 = B_SPLINE_CURVE_WITH_KNOTS('',1,(#315,#316),.UNSPECIFIED.,.F.,.F.,
  (2,2),(0.,1.),.PIECEWISE_BEZIER_KNOTS.);
#315 = CARTESIAN_POINT('',(2.769230769231,5.329070518201E-15));
#316 = CARTESIAN_POINT('',(-4.,5.329070518201E-15));
#317 = ( GEOMETRIC_REPRESENTATION_CONTEXT(2) 
PARAMETRIC_REPRESENTATION_CONTEXT() REPRESENTATION_CONTEXT('2D SPACE',''
  ) );
#318 = ORIENTED_EDGE('',*,*,#319,.T.);
#319 = EDGE_CURVE('',#295,#320,#322,.T.);
#320 = VERTEX_POINT('',#321);
#321 = CARTESIAN_POINT('',(66.046060798583,12.3,39.3));
#322 = SURFACE_CURVE('',#323,(#368,#416),.PCURVE_S1.);
#323 = B_SPLINE_CURVE_WITH_KNOTS('',7,(#324,#325,#326,#327,#328,#329,
    #330,#331,#332,#333,#334,#335,#336,#337,#338,#339,#340,#341,#342,
    #343,#344,#345,#346,#347,#348,#349,#350,#351,#352,#353,#354,#355,
    #356,#357,#358,#359,#360,#361,#362,#363,#364,#365,#366,#367),
  .UNSPECIFIED.,.F.,.F.,(8,6,6,6,6,6,6,8),(0.,0.167085441204,
    0.332563400485,0.488035424733,0.628830986885,0.723557005793,
    0.779419640414,1.),.UNSPECIFIED.);
#324 = CARTESIAN_POINT('',(68.,12.,39.));
#325 = CARTESIAN_POINT('',(68.,11.923320475516,38.923320475516));
#326 = CARTESIAN_POINT('',(67.993140761355,11.848337400159,
    38.848337400159));
#327 = CARTESIAN_POINT('',(67.979965807649,11.775334199319,
    38.775334199319));
#328 = CARTESIAN_POINT('',(67.960866988027,11.704579178165,
    38.704579178165));
#329 = CARTESIAN_POINT('',(67.93615091693,11.636316229888,
    38.636316229888));
#330 = CARTESIAN_POINT('',(67.906052547176,11.570771812187,
    38.570771812187));
#331 = CARTESIAN_POINT('',(67.835679362178,11.446186767382,
    38.446186767382));
#332 = CARTESIAN_POINT('',(67.795531299526,11.387135479404,
    38.387135479404));
#333 = CARTESIAN_POINT('',(67.750391509672,11.331249028472,
    38.331249028472));
#334 = CARTESIAN_POINT('',(67.700346419762,11.278839079529,
    38.278839079529));
#335 = CARTESIAN_POINT('',(67.645466219546,11.230285491307,
    38.230285491307));
#336 = CARTESIAN_POINT('',(67.585811329732,11.186045749879,
    38.186045749879));
#337 = CARTESIAN_POINT('',(67.460899291291,11.109719024752,
    38.109719024752));
#338 = CARTESIAN_POINT('',(67.396260157094,11.077096513297,
    38.077096513297));
#339 = CARTESIAN_POINT('',(67.327489921624,11.049263471032,
    38.049263471032));
#340 = CARTESIAN_POINT('',(67.254680083315,11.026845343243,
    38.026845343243));
#341 = CARTESIAN_POINT('',(67.17807199556,11.01060538535,38.01060538535)
  );
#342 = CARTESIAN_POINT('',(67.098105511158,11.001397263777,
    38.001397263777));
#343 = CARTESIAN_POINT('',(66.940613834363,10.998962344821,
    37.998962344821));
#344 = CARTESIAN_POINT('',(66.863477577727,11.004307581461,
    38.004307581461));
#345 = CARTESIAN_POINT('',(66.784859712868,11.016855948946,
    38.016855948946));
#346 = CARTESIAN_POINT('',(66.705860152946,11.037184434918,
    38.037184434918));
#347 = CARTESIAN_POINT('',(66.627843352271,11.065581616278,
    38.065581616278));
#348 = CARTESIAN_POINT('',(66.552411741145,11.101889725905,
    38.101889725905));
#349 = CARTESIAN_POINT('',(66.433300546865,11.17417199653,38.17417199653
    ));
#350 = CARTESIAN_POINT('',(66.387273673098,11.206388692111,
    38.206388692111));
#351 = CARTESIAN_POINT('',(66.343620005213,11.241456963531,
    38.241456963531));
#352 = CARTESIAN_POINT('',(66.30269038656,11.279007472662,
    38.279007472662));
#353 = CARTESIAN_POINT('',(66.264719616922,11.318637033666,
    38.318637033666));
#354 = CARTESIAN_POINT('',(66.229847118091,11.359935838028,
    38.359935838028));
#355 = CARTESIAN_POINT('',(66.179427434236,11.427601042966,
    38.427601042966));
#356 = CARTESIAN_POINT('',(66.161814913679,11.453151153511,
    38.453151153511));
#357 = CARTESIAN_POINT('',(66.145300500546,11.479076404617,
    38.479076404617));
#358 = CARTESIAN_POINT('',(66.129881428805,11.50530813144,38.50530813144
    ));
#359 = CARTESIAN_POINT('',(66.11554735882,11.531783346654,
    38.531783346654));
#360 = CARTESIAN_POINT('',(66.102282422202,11.558445317552,
    38.558445317552));
#361 = CARTESIAN_POINT('',(66.041834249712,11.691062542629,
    38.691062542629));
#362 = CARTESIAN_POINT('',(66.010130185769,11.798657479966,
    38.798657479966));
#363 = CARTESIAN_POINT('',(65.993267959885,11.905577551629,
    38.905577551629));
#364 = CARTESIAN_POINT('',(65.989739648683,12.010086780729,
    39.010086780729));
#365 = CARTESIAN_POINT('',(65.998064571255,12.111026718631,
    39.111026718631));
#366 = CARTESIAN_POINT('',(66.017053700469,12.207763509352,
    39.207763509352));
#367 = CARTESIAN_POINT('',(66.046060987275,12.3000006,39.3000006));
#368 = PCURVE('',#34,#369);
#369 = DEFINITIONAL_REPRESENTATION('',(#370),#415);
#370 = B_SPLINE_CURVE_WITH_KNOTS('',7,(#371,#372,#373,#374,#375,#376,
    #377,#378,#379,#380,#381,#382,#383,#384,#385,#386,#387,#388,#389,
    #390,#391,#392,#393,#394,#395,#396,#397,#398,#399,#400,#401,#402,
    #403,#404,#405,#406,#407,#408,#409,#410,#411,#412,#413,#414),
  .UNSPECIFIED.,.F.,.F.,(8,6,6,6,6,6,6,8),(0.,0.167085441204,
    0.332563400485,0.488035424733,0.628830986885,0.723557005793,
    0.779419640414,1.),.UNSPECIFIED.);
#371 = CARTESIAN_POINT('',(76.69123252859,0.923076923077));
#372 = CARTESIAN_POINT('',(76.618759694402,0.917178498117));
#373 = CARTESIAN_POINT('',(76.539268771797,0.911410569243));
#374 = CARTESIAN_POINT('',(76.453781177748,0.905794938409));
#375 = CARTESIAN_POINT('',(76.363084889232,0.900352244474));
#376 = CARTESIAN_POINT('',(76.267817256571,0.895101248453));
#377 = CARTESIAN_POINT('',(76.168492995615,0.890059370168));
#378 = CARTESIAN_POINT('',(75.963452806338,0.880475905183));
#379 = CARTESIAN_POINT('',(75.857883229999,0.875933498416));
#380 = CARTESIAN_POINT('',(75.749146632991,0.871634540652));
#381 = CARTESIAN_POINT('',(75.637620486699,0.867603006118));
#382 = CARTESIAN_POINT('',(75.523710283131,0.863868114716));
#383 = CARTESIAN_POINT('',(75.407863726409,0.860465057683));
#384 = CARTESIAN_POINT('',(75.1803697512,0.854593771135));
#385 = CARTESIAN_POINT('',(75.069003568076,0.852084347177));
#386 = CARTESIAN_POINT('',(74.95681536418,0.849943343926));
#387 = CARTESIAN_POINT('',(74.844421584916,0.848218872557));
#388 = CARTESIAN_POINT('',(74.732731173715,0.846969645027));
#389 = CARTESIAN_POINT('',(74.622965507696,0.846261327983));
#390 = CARTESIAN_POINT('',(74.420425617216,0.846074026525));
#391 = CARTESIAN_POINT('',(74.326905801415,0.846485198574));
#392 = CARTESIAN_POINT('',(74.237692327347,0.847450457611));
#393 = CARTESIAN_POINT('',(74.154614422956,0.849014187301));
#394 = CARTESIAN_POINT('',(74.079592807336,0.851198585868));
#395 = CARTESIAN_POINT('',(74.014506713264,0.853991517377));
#396 = CARTESIAN_POINT('',(73.924331897649,0.859551692041));
#397 = CARTESIAN_POINT('',(73.893098572419,0.862029899393));
#398 = CARTESIAN_POINT('',(73.867282570241,0.864727458733));
#399 = CARTESIAN_POINT('',(73.847027820811,0.867615959436));
#400 = CARTESIAN_POINT('',(73.832307667319,0.870664387205));
#401 = CARTESIAN_POINT('',(73.822971396532,0.87384121831));
#402 = CARTESIAN_POINT('',(73.816291023175,0.879046234074));
#403 = CARTESIAN_POINT('',(73.815597613767,0.881011627193));
#404 = CARTESIAN_POINT('',(73.816639011446,0.883005877278));
#405 = CARTESIAN_POINT('',(73.819357301276,0.885023702418));
#406 = CARTESIAN_POINT('',(73.823689604431,0.887060257435));
#407 = CARTESIAN_POINT('',(73.829571082566,0.889111178273));
#408 = CARTESIAN_POINT('',(73.866026877123,0.899312503279));
#409 = CARTESIAN_POINT('',(73.918175057812,0.90758903692));
#410 = CARTESIAN_POINT('',(73.989350170079,0.915813657818));
#411 = CARTESIAN_POINT('',(74.076294631156,0.923852829287));
#412 = CARTESIAN_POINT('',(74.17618373149,0.931617439895));
#413 = CARTESIAN_POINT('',(74.286964315837,0.939058731489));
#414 = CARTESIAN_POINT('',(74.407560887096,0.946153892308));
#415 = ( GEOMETRIC_REPRESENTATION_CONTEXT(2) 
PARAMETRIC_REPRESENTATION_CONTEXT() REPRESENTATION_CONTEXT('2D SPACE',''
  ) );
#416 = PCURVE('',#417,#422);
#417 = CYLINDRICAL_SURFACE('',#418,1.);
#418 = AXIS2_PLACEMENT_3D('',#419,#420,#421);
#419 = CARTESIAN_POINT('',(67.,12.,30.7));
#420 = DIRECTION('',(-0.,-0.,-1.));
#421 = DIRECTION('',(1.,0.,0.));
#422 = DEFINITIONAL_REPRESENTATION('',(#423),#468);
#423 = B_SPLINE_CURVE_WITH_KNOTS('',7,(#424,#425,#426,#427,#428,#429,
    #430,#431,#432,#433,#434,#435,#436,#437,#438,#439,#440,#441,#442,
    #443,#444,#445,#446,#447,#448,#449,#450,#451,#452,#453,#454,#455,
    #456,#457,#458,#459,#460,#461,#462,#463,#464,#465,#466,#467),
  .UNSPECIFIED.,.F.,.F.,(8,6,6,6,6,6,6,8),(0.,0.167085441204,
    0.332563400485,0.488035424733,0.628830986885,0.723557005793,
    0.779419640414,1.),.UNSPECIFIED.);
#424 = CARTESIAN_POINT('',(-6.28318530718,-8.3));
#425 = CARTESIAN_POINT('',(-6.206505782695,-8.223320475516));
#426 = CARTESIAN_POINT('',(-6.131522064498,-8.148337400159));
#427 = CARTESIAN_POINT('',(-6.057784874724,-8.075334199319));
#428 = CARTESIAN_POINT('',(-5.984963173462,-8.004579178165));
#429 = CARTESIAN_POINT('',(-5.912766644502,-7.936316229888));
#430 = CARTESIAN_POINT('',(-5.840893617871,-7.870771812187));
#431 = CARTESIAN_POINT('',(-5.697806866019,-7.746186767382));
#432 = CARTESIAN_POINT('',(-5.626644940348,-7.687135479404));
#433 = CARTESIAN_POINT('',(-5.555196438201,-7.631249028472));
#434 = CARTESIAN_POINT('',(-5.483181786234,-7.578839079529));
#435 = CARTESIAN_POINT('',(-5.410335552914,-7.530285491307));
#436 = CARTESIAN_POINT('',(-5.336364097113,-7.486045749879));
#437 = CARTESIAN_POINT('',(-5.189978352191,-7.409719024752));
#438 = CARTESIAN_POINT('',(-5.117811473862,-7.377096513297));
#439 = CARTESIAN_POINT('',(-5.04403523662,-7.349263471032));
#440 = CARTESIAN_POINT('',(-4.968375994897,-7.326845343243));
#441 = CARTESIAN_POINT('',(-4.890604519562,-7.31060538535));
#442 = CARTESIAN_POINT('',(-4.810504984282,-7.301397263777));
#443 = CARTESIAN_POINT('',(-4.652994485933,-7.298962344821));
#444 = CARTESIAN_POINT('',(-4.575949854721,-7.304307581461));
#445 = CARTESIAN_POINT('',(-4.496851502158,-7.316855948946));
#446 = CARTESIAN_POINT('',(-4.415936900882,-7.337184434918));
#447 = CARTESIAN_POINT('',(-4.333563365649,-7.365581616278));
#448 = CARTESIAN_POINT('',(-4.25024066657,-7.401889725905));
#449 = CARTESIAN_POINT('',(-4.110912983572,-7.47417199653));
#450 = CARTESIAN_POINT('',(-4.054850932729,-7.506388692111));
#451 = CARTESIAN_POINT('',(-3.999050414882,-7.541456963531));
#452 = CARTESIAN_POINT('',(-3.943715994823,-7.579007472662));
#453 = CARTESIAN_POINT('',(-3.889006039486,-7.618637033666));
#454 = CARTESIAN_POINT('',(-3.835053616294,-7.659935838028));
#455 = CARTESIAN_POINT('',(-3.750669231012,-7.727601042966));
#456 = CARTESIAN_POINT('',(-3.7196579528,-7.753151153511));
#457 = CARTESIAN_POINT('',(-3.688951756094,-7.779076404617));
#458 = CARTESIAN_POINT('',(-3.658558371793,-7.80530813144));
#459 = CARTESIAN_POINT('',(-3.628480923436,-7.831783346654));
#460 = CARTESIAN_POINT('',(-3.598718567073,-7.858445317552));
#461 = CARTESIAN_POINT('',(-3.452974579395,-7.991062542629));
#462 = CARTESIAN_POINT('',(-3.341920512324,-8.098657479966));
#463 = CARTESIAN_POINT('',(-3.235070913875,-8.205577551629));
#464 = CARTESIAN_POINT('',(-3.131834965583,-8.310086780729));
#465 = CARTESIAN_POINT('',(-3.0315672103,-8.411026718631));
#466 = CARTESIAN_POINT('',(-2.933590133239,-8.507763509352));
#467 = CARTESIAN_POINT('',(-2.836899370603,-8.6000006));
#468 = ( GEOMETRIC_REPRESENTATION_CONTEXT(2) 
PARAMETRIC_REPRESENTATION_CONTEXT() REPRESENTATION_CONTEXT('2D SPACE',''
  ) );
#469 = ORIENTED_EDGE('',*,*,#470,.F.);
#470 = EDGE_CURVE('',#471,#320,#473,.T.);
#471 = VERTEX_POINT('',#472);
#472 = CARTESIAN_POINT('',(67.953939201417,12.3,39.3));
#473 = SURFACE_CURVE('',#474,(#477,#483),.PCURVE_S1.);
#474 = B_SPLINE_CURVE_WITH_KNOTS('',1,(#475,#476),.UNSPECIFIED.,.F.,.F.,
  (2,2),(0.,1.),.PIECEWISE_BEZIER_KNOTS.);
#475 = CARTESIAN_POINT('',(68.,12.3,39.3));
#476 = CARTESIAN_POINT('',(66.,12.3,39.3));
#477 = PCURVE('',#34,#478);
#478 = DEFINITIONAL_REPRESENTATION('',(#479),#482);
#479 = B_SPLINE_CURVE_WITH_KNOTS('',1,(#480,#481),.UNSPECIFIED.,.F.,.F.,
  (2,2),(0.,1.),.PIECEWISE_BEZIER_KNOTS.);
#480 = CARTESIAN_POINT('',(76.97695262484,0.946153846154));
#481 = CARTESIAN_POINT('',(74.346991037132,0.946153846154));
#482 = ( GEOMETRIC_REPRESENTATION_CONTEXT(2) 
PARAMETRIC_REPRESENTATION_CONTEXT() REPRESENTATION_CONTEXT('2D SPACE',''
  ) );
#483 = PCURVE('',#484,#489);
#484 = PLANE('',#485);
#485 = AXIS2_PLACEMENT_3D('',#486,#487,#488);
#486 = CARTESIAN_POINT('',(67.,12.,39.3));
#487 = DIRECTION('',(0.,0.,1.));
#488 = DIRECTION('',(1.,0.,-0.));
#489 = DEFINITIONAL_REPRESENTATION('',(#490),#493);
#490 = B_SPLINE_CURVE_WITH_KNOTS('',1,(#491,#492),.UNSPECIFIED.,.F.,.F.,
  (2,2),(0.,1.),.PIECEWISE_BEZIER_KNOTS.);
#491 = CARTESIAN_POINT('',(1.,0.3));
#492 = CARTESIAN_POINT('',(-1.,0.3));
#493 = ( GEOMETRIC_REPRESENTATION_CONTEXT(2) 
PARAMETRIC_REPRESENTATION_CONTEXT() REPRESENTATION_CONTEXT('2D SPACE',''
  ) );
#494 = ORIENTED_EDGE('',*,*,#495,.T.);
#495 = EDGE_CURVE('',#471,#496,#498,.T.);
#496 = VERTEX_POINT('',#497);
#497 = CARTESIAN_POINT('',(68.,12.,39.));
#498 = SURFACE_CURVE('',#499,(#506,#516),.PCURVE_S1.);
#499 = B_SPLINE_CURVE_WITH_KNOTS('',5,(#500,#501,#502,#503,#504,#505),
  .UNSPECIFIED.,.F.,.F.,(6,6),(0.,1.),.PIECEWISE_BEZIER_KNOTS.);
#500 = CARTESIAN_POINT('',(67.953939012725,12.3000006,39.3000006));
#501 = CARTESIAN_POINT('',(67.973110205342,12.239040226729,
    39.239040226729));
#502 = CARTESIAN_POINT('',(67.986898979235,12.178180298642,
    39.178180298642));
#503 = CARTESIAN_POINT('',(67.995733303173,12.117876095877,
    39.117876095877));
#504 = CARTESIAN_POINT('',(68.,12.058425630544,39.058425630544));
#505 = CARTESIAN_POINT('',(68.,12.,39.));
#506 = PCURVE('',#34,#507);
#507 = DEFINITIONAL_REPRESENTATION('',(#508),#515);
#508 = B_SPLINE_CURVE_WITH_KNOTS('',5,(#509,#510,#511,#512,#513,#514),
  .UNSPECIFIED.,.F.,.F.,(6,6),(0.,1.),.PIECEWISE_BEZIER_KNOTS.);
#509 = CARTESIAN_POINT('',(76.916383886128,0.946153892308));
#510 = CARTESIAN_POINT('',(76.883183476212,0.941464632825));
#511 = CARTESIAN_POINT('',(76.843131068576,0.936783099896));
#512 = CARTESIAN_POINT('',(76.797278957188,0.932144315067));
#513 = CARTESIAN_POINT('',(76.746452889738,0.92757120235));
#514 = CARTESIAN_POINT('',(76.69123252859,0.923076923077));
#515 = ( GEOMETRIC_REPRESENTATION_CONTEXT(2) 
PARAMETRIC_REPRESENTATION_CONTEXT() REPRESENTATION_CONTEXT('2D SPACE',''
  ) );
#516 = PCURVE('',#417,#517);
#517 = DEFINITIONAL_REPRESENTATION('',(#518),#525);
#518 = B_SPLINE_CURVE_WITH_KNOTS('',5,(#519,#520,#521,#522,#523,#524),
  .UNSPECIFIED.,.F.,.F.,(6,6),(0.,1.),.PIECEWISE_BEZIER_KNOTS.);
#519 = CARTESIAN_POINT('',(-0.304693282986,-8.6000006));
#520 = CARTESIAN_POINT('',(-0.240789435405,-8.539040226729));
#521 = CARTESIAN_POINT('',(-0.178596052646,-8.478180298642));
#522 = CARTESIAN_POINT('',(-0.117875996304,-8.417876095877));
#523 = CARTESIAN_POINT('',(-5.842563054442E-02,-8.358425630544));
#524 = CARTESIAN_POINT('',(0.,-8.3));
#525 = ( GEOMETRIC_REPRESENTATION_CONTEXT(2) 
PARAMETRIC_REPRESENTATION_CONTEXT() REPRESENTATION_CONTEXT('2D SPACE',''
  ) );
#526 = ORIENTED_EDGE('',*,*,#527,.F.);
#527 = EDGE_CURVE('',#528,#496,#530,.T.);
#528 = VERTEX_POINT('',#529);
#529 = CARTESIAN_POINT('',(69.769230769231,12.,39.));
#530 = SURFACE_CURVE('',#531,(#534,#540),.PCURVE_S1.);
#531 = B_SPLINE_CURVE_WITH_KNOTS('',1,(#532,#533),.UNSPECIFIED.,.F.,.F.,
  (2,2),(0.,1.),.PIECEWISE_BEZIER_KNOTS.);
#532 = CARTESIAN_POINT('',(69.769230769231,12.,39.));
#533 = CARTESIAN_POINT('',(63.,12.,39.));
#534 = PCURVE('',#34,#535);
#535 = DEFINITIONAL_REPRESENTATION('',(#536),#539);
#536 = B_SPLINE_CURVE_WITH_KNOTS('',1,(#537,#538),.UNSPECIFIED.,.F.,.F.,
  (2,2),(0.,1.),.PIECEWISE_BEZIER_KNOTS.);
#537 = CARTESIAN_POINT('',(79.,0.923076923077));
#538 = CARTESIAN_POINT('',(70.166454891995,0.923076923077));
#539 = ( GEOMETRIC_REPRESENTATION_CONTEXT(2) 
PARAMETRIC_REPRESENTATION_CONTEXT() REPRESENTATION_CONTEXT('2D SPACE',''
  ) );
#540 = PCURVE('',#308,#541);
#541 = DEFINITIONAL_REPRESENTATION('',(#542),#545);
#542 = B_SPLINE_CURVE_WITH_KNOTS('',1,(#543,#544),.UNSPECIFIED.,.F.,.F.,
  (2,2),(0.,1.),.PIECEWISE_BEZIER_KNOTS.);
#543 = CARTESIAN_POINT('',(2.769230769231,5.329070518201E-15));
#544 = CARTESIAN_POINT('',(-4.,5.329070518201E-15));
#545 = ( GEOMETRIC_REPRESENTATION_CONTEXT(2) 
PARAMETRIC_REPRESENTATION_CONTEXT() REPRESENTATION_CONTEXT('2D SPACE',''
  ) );
#546 = ORIENTED_EDGE('',*,*,#547,.T.);
#547 = EDGE_CURVE('',#528,#548,#550,.T.);
#548 = VERTEX_POINT('',#549);
#549 = CARTESIAN_POINT('',(69.240177993323,12.68776860868,39.68776860868
    ));
#550 = SURFACE_CURVE('',#551,(#554,#561),.PCURVE_S1.);
#551 = B_SPLINE_CURVE_WITH_KNOTS('',1,(#552,#553),.UNSPECIFIED.,.F.,.F.,
  (2,2),(0.,1.),.PIECEWISE_BEZIER_KNOTS.);
#552 = CARTESIAN_POINT('',(79.,0.,27.));
#553 = CARTESIAN_POINT('',(69.,13.,40.));
#554 = PCURVE('',#34,#555);
#555 = DEFINITIONAL_REPRESENTATION('',(#556),#560);
#556 = LINE('',#557,#558);
#557 = CARTESIAN_POINT('',(79.,0.));
#558 = VECTOR('',#559,1.);
#559 = DIRECTION('',(0.,1.));
#560 = ( GEOMETRIC_REPRESENTATION_CONTEXT(2) 
PARAMETRIC_REPRESENTATION_CONTEXT() REPRESENTATION_CONTEXT('2D SPACE',''
  ) );
#561 = PCURVE('',#77,#562);
#562 = DEFINITIONAL_REPRESENTATION('',(#563),#567);
#563 = LINE('',#564,#565);
#564 = CARTESIAN_POINT('',(0.,0.));
#565 = VECTOR('',#566,1.);
#566 = DIRECTION('',(0.,1.));
#567 = ( GEOMETRIC_REPRESENTATION_CONTEXT(2) 
PARAMETRIC_REPRESENTATION_CONTEXT() REPRESENTATION_CONTEXT('2D SPACE',''
  ) );
#568 = ORIENTED_EDGE('',*,*,#569,.F.);
#569 = EDGE_CURVE('',#570,#548,#572,.T.);
#570 = VERTEX_POINT('',#571);
#571 = CARTESIAN_POINT('',(69.171764226989,12.765685424949,
    39.765685424949));
#572 = SURFACE_CURVE('',#573,(#579,#588),.PCURVE_S1.);
#573 = B_SPLINE_CURVE_WITH_KNOTS('',4,(#574,#575,#576,#577,#578),
  .UNSPECIFIED.,.F.,.F.,(5,5),(0.,1.),.PIECEWISE_BEZIER_KNOTS.);
#574 = CARTESIAN_POINT('',(69.171764226989,12.765685424949,
    39.765685424949));
#575 = CARTESIAN_POINT('',(69.190332155069,12.747117496869,
    39.747117496869));
#576 = CARTESIAN_POINT('',(69.207953016663,12.727871211858,
    39.727871211858));
#577 = CARTESIAN_POINT('',(69.224575469118,12.708051881609,
    39.708051881609));
#578 = CARTESIAN_POINT('',(69.240177894099,12.687768737672,
    39.687768737672));
#579 = PCURVE('',#34,#580);
#580 = DEFINITIONAL_REPRESENTATION('',(#581),#587);
#581 = B_SPLINE_CURVE_WITH_KNOTS('',4,(#582,#583,#584,#585,#586),
  .UNSPECIFIED.,.F.,.F.,(5,5),(0.,1.),.PIECEWISE_BEZIER_KNOTS.);
#582 = CARTESIAN_POINT('',(78.988717367059,0.981975801919));
#583 = CARTESIAN_POINT('',(78.994425371602,0.980547499759));
#584 = CARTESIAN_POINT('',(78.998171369018,0.979067016297));
#585 = CARTESIAN_POINT('',(78.999999991277,0.977542452431));
#586 = CARTESIAN_POINT('',(79.,0.97598221059));
#587 = ( GEOMETRIC_REPRESENTATION_CONTEXT(2) 
PARAMETRIC_REPRESENTATION_CONTEXT() REPRESENTATION_CONTEXT('2D SPACE',''
  ) );
#588 = PCURVE('',#589,#605);
#589 = ( BOUNDED_SURFACE() B_SPLINE_SURFACE(2,2,(
    (#590,#591,#592,#593,#594)
    ,(#595,#596,#597,#598,#599)
    ,(#600,#601,#602,#603,#604
)),.UNSPECIFIED.,.F.,.F.,.F.) B_SPLINE_SURFACE_WITH_KNOTS((3,3),(3,1,1,3
    ),(0.,80.360266989985),(-4.22903139132,-0.31223139132,
    80.048035598665,83.964835598665),.UNSPECIFIED.) 
GEOMETRIC_REPRESENTATION_ITEM() RATIONAL_B_SPLINE_SURFACE((
    (1.,1.,1.,1.,1.)
    ,(0.897137325288,0.897137325288,0.897137325288,0.897137325288
      ,0.897137325288)
,(1.,1.,1.,1.,1.))) REPRESENTATION_ITEM('') SURFACE() );
#590 = CARTESIAN_POINT('',(69.240177993323,8.77096860868,39.68776860868)
  );
#591 = CARTESIAN_POINT('',(69.240177993323,10.72936860868,39.68776860868
    ));
#592 = CARTESIAN_POINT('',(69.240177993323,52.867902103672,
    39.68776860868));
#593 = CARTESIAN_POINT('',(69.240177993323,95.006435598665,
    39.68776860868));
#594 = CARTESIAN_POINT('',(69.240177993323,96.964835598665,
    39.68776860868));
#595 = CARTESIAN_POINT('',(69.,8.77096860868,40.));
#596 = CARTESIAN_POINT('',(69.,10.72936860868,40.));
#597 = CARTESIAN_POINT('',(69.,52.867902103672,40.));
#598 = CARTESIAN_POINT('',(69.,95.006435598665,40.));
#599 = CARTESIAN_POINT('',(69.,96.964835598665,40.));
#600 = CARTESIAN_POINT('',(68.60607880204,8.77096860868,40.));
#601 = CARTESIAN_POINT('',(68.60607880204,10.72936860868,40.));
#602 = CARTESIAN_POINT('',(68.60607880204,52.867902103672,40.));
#603 = CARTESIAN_POINT('',(68.60607880204,95.006435598665,40.));
#604 = CARTESIAN_POINT('',(68.60607880204,96.964835598665,40.));
#605 = DEFINITIONAL_REPRESENTATION('',(#606),#612);
#606 = B_SPLINE_CURVE_WITH_KNOTS('',4,(#607,#608,#609,#610,#611),
  .UNSPECIFIED.,.F.,.F.,(5,5),(0.,1.),.PIECEWISE_BEZIER_KNOTS.);
#607 = CARTESIAN_POINT('',(11.63785057125,-0.234314575051));
#608 = CARTESIAN_POINT('',(8.728387142036,-0.252882503131));
#609 = CARTESIAN_POINT('',(5.818926808546,-0.272128788142));
#610 = CARTESIAN_POINT('',(2.909470560225,-0.291948118391));
#611 = CARTESIAN_POINT('',(1.850285945237E-05,-0.312231262328));
#612 = ( GEOMETRIC_REPRESENTATION_CONTEXT(2) 
PARAMETRIC_REPRESENTATION_CONTEXT() REPRESENTATION_CONTEXT('2D SPACE',''
  ) );
#613 = ORIENTED_EDGE('',*,*,#614,.F.);
#614 = EDGE_CURVE('',#615,#570,#617,.T.);
#615 = VERTEX_POINT('',#616);
#616 = CARTESIAN_POINT('',(9.828235773011,12.765685424949,
    39.765685424949));
#617 = SURFACE_CURVE('',#618,(#624,#630),.PCURVE_S1.);
#618 = B_SPLINE_CURVE_WITH_KNOTS('',2,(#619,#620,#621,#622,#623),
  .UNSPECIFIED.,.F.,.F.,(3,1,1,3),(-3.454441980808,-0.180241980808,
    59.180241980808,62.454441980808),.UNSPECIFIED.);
#619 = CARTESIAN_POINT('',(6.545558019192,12.765685424949,
    39.765685424949));
#620 = CARTESIAN_POINT('',(8.182658019192,12.765685424949,
    39.765685424949));
#621 = CARTESIAN_POINT('',(39.5,12.765685424949,39.765685424949));
#622 = CARTESIAN_POINT('',(70.817341980808,12.765685424949,
    39.765685424949));
#623 = CARTESIAN_POINT('',(72.454441980808,12.765685424949,
    39.765685424949));
#624 = PCURVE('',#34,#625);
#625 = DEFINITIONAL_REPRESENTATION('',(#626),#629);
#626 = B_SPLINE_CURVE_WITH_KNOTS('',1,(#627,#628),.UNSPECIFIED.,.F.,.F.,
  (2,2),(-0.180241980808,59.180241980808),.PIECEWISE_BEZIER_KNOTS.);
#627 = CARTESIAN_POINT('',(-7.993605777301E-15,0.981975801919));
#628 = CARTESIAN_POINT('',(79.,0.981975801919));
#629 = ( GEOMETRIC_REPRESENTATION_CONTEXT(2) 
PARAMETRIC_REPRESENTATION_CONTEXT() REPRESENTATION_CONTEXT('2D SPACE',''
  ) );
#630 = PCURVE('',#631,#647);
#631 = ( BOUNDED_SURFACE() B_SPLINE_SURFACE(2,2,(
    (#632,#633,#634,#635,#636)
    ,(#637,#638,#639,#640,#641)
    ,(#642,#643,#644,#645,#646
)),.UNSPECIFIED.,.F.,.F.,.F.) B_SPLINE_SURFACE_WITH_KNOTS((3,3),(3,1,1,3
    ),(0.,59.360483961617),(-3.454441980808,-0.180241980808,
    59.180241980808,62.454441980808),.UNSPECIFIED.) 
GEOMETRIC_REPRESENTATION_ITEM() RATIONAL_B_SPLINE_SURFACE((
    (1.,1.,1.,1.,1.)
    ,(0.923879532511,0.923879532511,0.923879532511,0.923879532511
      ,0.923879532511)
,(1.,1.,1.,1.,1.))) REPRESENTATION_ITEM('') SURFACE() );
#632 = CARTESIAN_POINT('',(6.545558019192,12.765685424949,
    39.765685424949));
#633 = CARTESIAN_POINT('',(8.182658019192,12.765685424949,
    39.765685424949));
#634 = CARTESIAN_POINT('',(39.5,12.765685424949,39.765685424949));
#635 = CARTESIAN_POINT('',(70.817341980808,12.765685424949,
    39.765685424949));
#636 = CARTESIAN_POINT('',(72.454441980808,12.765685424949,
    39.765685424949));
#637 = CARTESIAN_POINT('',(6.545558019192,13.,40.));
#638 = CARTESIAN_POINT('',(8.182658019192,13.,40.));
#639 = CARTESIAN_POINT('',(39.5,13.,40.));
#640 = CARTESIAN_POINT('',(70.817341980808,13.,40.));
#641 = CARTESIAN_POINT('',(72.454441980808,13.,40.));
#642 = CARTESIAN_POINT('',(6.545558019192,13.331370849898,40.));
#643 = CARTESIAN_POINT('',(8.182658019192,13.331370849898,40.));
#644 = CARTESIAN_POINT('',(39.5,13.331370849898,40.));
#645 = CARTESIAN_POINT('',(70.817341980808,13.331370849898,40.));
#646 = CARTESIAN_POINT('',(72.454441980808,13.331370849898,40.));
#647 = DEFINITIONAL_REPRESENTATION('',(#648),#652);
#648 = LINE('',#649,#650);
#649 = CARTESIAN_POINT('',(0.,0.));
#650 = VECTOR('',#651,1.);
#651 = DIRECTION('',(0.,1.));
#652 = ( GEOMETRIC_REPRESENTATION_CONTEXT(2) 
PARAMETRIC_REPRESENTATION_CONTEXT() REPRESENTATION_CONTEXT('2D SPACE',''
  ) );
#653 = ORIENTED_EDGE('',*,*,#654,.T.);
#654 = EDGE_CURVE('',#615,#655,#657,.T.);
#655 = VERTEX_POINT('',#656);
#656 = CARTESIAN_POINT('',(9.759822006677,12.68776860868,39.68776860868)
  );
#657 = SURFACE_CURVE('',#658,(#664,#673),.PCURVE_S1.);
#658 = B_SPLINE_CURVE_WITH_KNOTS('',4,(#659,#660,#661,#662,#663),
  .UNSPECIFIED.,.F.,.F.,(5,5),(0.,1.),.PIECEWISE_BEZIER_KNOTS.);
#659 = CARTESIAN_POINT('',(9.828235773011,12.765685424949,
    39.765685424949));
#660 = CARTESIAN_POINT('',(9.809667833016,12.747117484954,
    39.747117484954));
#661 = CARTESIAN_POINT('',(9.792046960907,12.727871186301,
    39.727871186301));
#662 = CARTESIAN_POINT('',(9.775424498851,12.7080518434,39.7080518434));
#663 = CARTESIAN_POINT('',(9.759822066017,12.687768685822,
    39.687768685822));
#664 = PCURVE('',#34,#665);
#665 = DEFINITIONAL_REPRESENTATION('',(#666),#672);
#666 = B_SPLINE_CURVE_WITH_KNOTS('',4,(#667,#668,#669,#670,#671),
  .UNSPECIFIED.,.F.,.F.,(5,5),(0.,1.),.PIECEWISE_BEZIER_KNOTS.);
#667 = CARTESIAN_POINT('',(1.128263294096E-02,0.981975801919));
#668 = CARTESIAN_POINT('',(5.574624735604E-03,0.980547498843));
#669 = CARTESIAN_POINT('',(1.828627413491E-03,0.979067014331));
#670 = CARTESIAN_POINT('',(5.216642509288E-09,0.977542449492));
#671 = CARTESIAN_POINT('',(0.,0.975982206602));
#672 = ( GEOMETRIC_REPRESENTATION_CONTEXT(2) 
PARAMETRIC_REPRESENTATION_CONTEXT() REPRESENTATION_CONTEXT('2D SPACE',''
  ) );
#673 = PCURVE('',#674,#690);
#674 = ( BOUNDED_SURFACE() B_SPLINE_SURFACE(2,2,(
    (#675,#676,#677,#678,#679)
    ,(#680,#681,#682,#683,#684)
    ,(#685,#686,#687,#688,#689
)),.UNSPECIFIED.,.F.,.F.,.F.) B_SPLINE_SURFACE_WITH_KNOTS((3,3),(3,1,1,3
    ),(0.,80.360266989985),(-3.964835598665,-4.80355986647E-02,
    80.31223139132,84.22903139132),.UNSPECIFIED.) 
GEOMETRIC_REPRESENTATION_ITEM() RATIONAL_B_SPLINE_SURFACE((
    (1.,1.,1.,1.,1.)
    ,(0.897137325288,0.897137325288,0.897137325288,0.897137325288
      ,0.897137325288)
,(1.,1.,1.,1.,1.))) REPRESENTATION_ITEM('') SURFACE() );
#675 = CARTESIAN_POINT('',(9.759822006677,96.964835598665,39.68776860868
    ));
#676 = CARTESIAN_POINT('',(9.759822006677,95.006435598665,39.68776860868
    ));
#677 = CARTESIAN_POINT('',(9.759822006677,52.867902103672,39.68776860868
    ));
#678 = CARTESIAN_POINT('',(9.759822006677,10.72936860868,39.68776860868)
  );
#679 = CARTESIAN_POINT('',(9.759822006677,8.77096860868,39.68776860868)
  );
#680 = CARTESIAN_POINT('',(10.,96.964835598665,40.));
#681 = CARTESIAN_POINT('',(10.,95.006435598665,40.));
#682 = CARTESIAN_POINT('',(10.,52.867902103672,40.));
#683 = CARTESIAN_POINT('',(10.,10.72936860868,40.));
#684 = CARTESIAN_POINT('',(10.,8.77096860868,40.));
#685 = CARTESIAN_POINT('',(10.39392119796,96.964835598665,40.));
#686 = CARTESIAN_POINT('',(10.39392119796,95.006435598665,40.));
#687 = CARTESIAN_POINT('',(10.39392119796,52.867902103672,40.));
#688 = CARTESIAN_POINT('',(10.39392119796,10.72936860868,40.));
#689 = CARTESIAN_POINT('',(10.39392119796,8.77096860868,40.));
#690 = DEFINITIONAL_REPRESENTATION('',(#691),#697);
#691 = B_SPLINE_CURVE_WITH_KNOTS('',4,(#692,#693,#694,#695,#696),
  .UNSPECIFIED.,.F.,.F.,(5,5),(0.,1.),.PIECEWISE_BEZIER_KNOTS.);
#692 = CARTESIAN_POINT('',(11.637850571251,80.234314575051));
#693 = CARTESIAN_POINT('',(8.728385275091,80.252882515046));
#694 = CARTESIAN_POINT('',(5.818923092496,80.272128813699));
#695 = CARTESIAN_POINT('',(2.909464951857,80.2919481566));
#696 = CARTESIAN_POINT('',(1.106546078295E-05,80.312231314178));
#697 = ( GEOMETRIC_REPRESENTATION_CONTEXT(2) 
PARAMETRIC_REPRESENTATION_CONTEXT() REPRESENTATION_CONTEXT('2D SPACE',''
  ) );
#698 = ORIENTED_EDGE('',*,*,#699,.F.);
#699 = EDGE_CURVE('',#700,#655,#702,.T.);
#700 = VERTEX_POINT('',#701);
#701 = CARTESIAN_POINT('',(9.230769230769,12.,39.));
#702 = SURFACE_CURVE('',#703,(#706,#713),.PCURVE_S1.);
#703 = B_SPLINE_CURVE_WITH_KNOTS('',1,(#704,#705),.UNSPECIFIED.,.F.,.F.,
  (2,2),(0.,1.),.PIECEWISE_BEZIER_KNOTS.);
#704 = CARTESIAN_POINT('',(0.,0.,27.));
#705 = CARTESIAN_POINT('',(10.,13.,40.));
#706 = PCURVE('',#34,#707);
#707 = DEFINITIONAL_REPRESENTATION('',(#708),#712);
#708 = LINE('',#709,#710);
#709 = CARTESIAN_POINT('',(0.,0.));
#710 = VECTOR('',#711,1.);
#711 = DIRECTION('',(0.,1.));
#712 = ( GEOMETRIC_REPRESENTATION_CONTEXT(2) 
PARAMETRIC_REPRESENTATION_CONTEXT() REPRESENTATION_CONTEXT('2D SPACE',''
  ) );
#713 = PCURVE('',#714,#719);
#714 = B_SPLINE_SURFACE_WITH_KNOTS('',1,1,(
    (#715,#716)
    ,(#717,#718
  )),.UNSPECIFIED.,.F.,.F.,.F.,(2,2),(2,2),(0.,95.),(0.,1.),
  .PIECEWISE_BEZIER_KNOTS.);
#715 = CARTESIAN_POINT('',(0.,95.,27.));
#716 = CARTESIAN_POINT('',(10.,93.,40.));
#717 = CARTESIAN_POINT('',(0.,0.,27.));
#718 = CARTESIAN_POINT('',(10.,13.,40.));
#719 = DEFINITIONAL_REPRESENTATION('',(#720),#724);
#720 = LINE('',#721,#722);
#721 = CARTESIAN_POINT('',(95.,0.));
#722 = VECTOR('',#723,1.);
#723 = DIRECTION('',(0.,1.));
#724 = ( GEOMETRIC_REPRESENTATION_CONTEXT(2) 
PARAMETRIC_REPRESENTATION_CONTEXT() REPRESENTATION_CONTEXT('2D SPACE',''
  ) );
#725 = ORIENTED_EDGE('',*,*,#726,.F.);
#726 = EDGE_CURVE('',#727,#700,#729,.T.);
#727 = VERTEX_POINT('',#728);
#728 = CARTESIAN_POINT('',(11.,12.,39.));
#729 = SURFACE_CURVE('',#730,(#733,#739),.PCURVE_S1.);
#730 = B_SPLINE_CURVE_WITH_KNOTS('',1,(#731,#732),.UNSPECIFIED.,.F.,.F.,
  (2,2),(0.,1.),.PIECEWISE_BEZIER_KNOTS.);
#731 = CARTESIAN_POINT('',(16.,12.,39.));
#732 = CARTESIAN_POINT('',(9.230769230769,12.,39.));
#733 = PCURVE('',#34,#734);
#734 = DEFINITIONAL_REPRESENTATION('',(#735),#738);
#735 = B_SPLINE_CURVE_WITH_KNOTS('',1,(#736,#737),.UNSPECIFIED.,.F.,.F.,
  (2,2),(0.,1.),.PIECEWISE_BEZIER_KNOTS.);
#736 = CARTESIAN_POINT('',(8.833545108005,0.923076923077));
#737 = CARTESIAN_POINT('',(0.,0.923076923077));
#738 = ( GEOMETRIC_REPRESENTATION_CONTEXT(2) 
PARAMETRIC_REPRESENTATION_CONTEXT() REPRESENTATION_CONTEXT('2D SPACE',''
  ) );
#739 = PCURVE('',#740,#745);
#740 = PLANE('',#741);
#741 = AXIS2_PLACEMENT_3D('',#742,#743,#744);
#742 = CARTESIAN_POINT('',(12.,12.,39.));
#743 = DIRECTION('',(0.,0.,1.));
#744 = DIRECTION('',(1.,0.,-0.));
#745 = DEFINITIONAL_REPRESENTATION('',(#746),#749);
#746 = B_SPLINE_CURVE_WITH_KNOTS('',1,(#747,#748),.UNSPECIFIED.,.F.,.F.,
  (2,2),(0.,1.),.PIECEWISE_BEZIER_KNOTS.);
#747 = CARTESIAN_POINT('',(4.,5.329070518201E-15));
#748 = CARTESIAN_POINT('',(-2.769230769231,3.552713678801E-15));
#749 = ( GEOMETRIC_REPRESENTATION_CONTEXT(2) 
PARAMETRIC_REPRESENTATION_CONTEXT() REPRESENTATION_CONTEXT('2D SPACE',''
  ) );
#750 = ORIENTED_EDGE('',*,*,#751,.T.);
#751 = EDGE_CURVE('',#727,#752,#754,.T.);
#752 = VERTEX_POINT('',#753);
#753 = CARTESIAN_POINT('',(11.046060798583,12.3,39.3));
#754 = SURFACE_CURVE('',#755,(#800,#848),.PCURVE_S1.);
#755 = B_SPLINE_CURVE_WITH_KNOTS('',7,(#756,#757,#758,#759,#760,#761,
    #762,#763,#764,#765,#766,#767,#768,#769,#770,#771,#772,#773,#774,
    #775,#776,#777,#778,#779,#780,#781,#782,#783,#784,#785,#786,#787,
    #788,#789,#790,#791,#792,#793,#794,#795,#796,#797,#798,#799),
  .UNSPECIFIED.,.F.,.F.,(8,6,6,6,6,6,6,8),(0.,0.139948299696,
    0.218395662987,0.370681591114,0.57460463369,0.738929387019,
    0.883514810675,1.),.UNSPECIFIED.);
#756 = CARTESIAN_POINT('',(13.,12.,39.));
#757 = CARTESIAN_POINT('',(13.,11.935199100383,38.935199100383));
#758 = CARTESIAN_POINT('',(12.995101148309,11.869210591558,
    38.869210591558));
#759 = CARTESIAN_POINT('',(12.984979325568,11.802235236344,
    38.802235236344));
#760 = CARTESIAN_POINT('',(12.969244366586,11.734604798878,
    38.734604798878));
#761 = CARTESIAN_POINT('',(12.947484288467,11.66679780078,38.66679780078
    ));
#762 = CARTESIAN_POINT('',(12.919316839959,11.599450335663,
    38.599450335663));
#763 = CARTESIAN_POINT('',(12.86490301583,11.496316402754,
    38.496316402754));
#764 = CARTESIAN_POINT('',(12.843259619319,11.459680497172,
    38.459680497172));
#765 = CARTESIAN_POINT('',(12.819478860889,11.423612572131,
    38.423612572131));
#766 = CARTESIAN_POINT('',(12.793542710976,11.388295353547,
    38.388295353547));
#767 = CARTESIAN_POINT('',(12.765463160801,11.353933456712,
    38.353933456712));
#768 = CARTESIAN_POINT('',(12.735295056394,11.320747019737,
    38.320747019737));
#769 = CARTESIAN_POINT('',(12.640757351097,11.227257748837,
    38.227257748837));
#770 = CARTESIAN_POINT('',(12.570693996377,11.170606382733,
    38.170606382733));
#771 = CARTESIAN_POINT('',(12.494167738821,11.12118382154,38.12118382154
    ));
#772 = CARTESIAN_POINT('',(12.412878952774,11.080338846328,
    38.080338846328));
#773 = CARTESIAN_POINT('',(12.328755431198,11.048757756827,
    38.048757756827));
#774 = CARTESIAN_POINT('',(12.243839626062,11.026488306955,
    38.026488306955));
#775 = CARTESIAN_POINT('',(12.048159394851,10.994733682828,
    37.994733682828));
#776 = CARTESIAN_POINT('',(11.938132604492,10.992102080009,
    37.992102080009));
#777 = CARTESIAN_POINT('',(11.83259734582,11.003264939609,38.00326493961
    ));
#778 = CARTESIAN_POINT('',(11.733079502615,11.026141848019,
    38.026141848019));
#779 = CARTESIAN_POINT('',(11.640379413502,11.058852071766,
    38.058852071766));
#780 = CARTESIAN_POINT('',(11.554735778703,11.09985282498,38.09985282498
    ));
#781 = CARTESIAN_POINT('',(11.41271581622,11.187206648258,
    38.187206648258));
#782 = CARTESIAN_POINT('',(11.3539630943,11.230926299045,38.230926299045
    ));
#783 = CARTESIAN_POINT('',(11.299857767645,11.27883802544,38.27883802544
    ));
#784 = CARTESIAN_POINT('',(11.250457583063,11.330503079821,
    38.330503079821));
#785 = CARTESIAN_POINT('',(11.205829791654,11.385556464876,
    38.385556464876));
#786 = CARTESIAN_POINT('',(11.166057154748,11.443698118833,
    38.443698118833));
#787 = CARTESIAN_POINT('',(11.100665829706,11.558393087021,
    38.558393087021));
#788 = CARTESIAN_POINT('',(11.073935445108,11.614272593883,
    38.614272593883));
#789 = CARTESIAN_POINT('',(11.051166046486,11.672192801293,
    38.672192801293));
#790 = CARTESIAN_POINT('',(11.032495630552,11.732004254706,
    38.732004254706));
#791 = CARTESIAN_POINT('',(11.018101653953,11.793554166855,
    38.793554166855));
#792 = CARTESIAN_POINT('',(11.008207219897,11.856683658476,
    38.856683658476));
#793 = CARTESIAN_POINT('',(10.998998065038,11.97323523513,38.97323523513
    ));
#794 = CARTESIAN_POINT('',(10.998002804858,12.026137040586,
    39.026137040586));
#795 = CARTESIAN_POINT('',(11.000270044699,12.079860854129,
    39.079860854129));
#796 = CARTESIAN_POINT('',(11.005986371581,12.134291550182,
    39.134291550182));
#797 = CARTESIAN_POINT('',(11.015363905955,12.189270798177,
    39.189270798177));
#798 = CARTESIAN_POINT('',(11.028636013451,12.244592836394,
    39.244592836394));
#799 = CARTESIAN_POINT('',(11.046060987275,12.3000006,39.3000006));
#800 = PCURVE('',#34,#801);
#801 = DEFINITIONAL_REPRESENTATION('',(#802),#847);
#802 = B_SPLINE_CURVE_WITH_KNOTS('',7,(#803,#804,#805,#806,#807,#808,
    #809,#810,#811,#812,#813,#814,#815,#816,#817,#818,#819,#820,#821,
    #822,#823,#824,#825,#826,#827,#828,#829,#830,#831,#832,#833,#834,
    #835,#836,#837,#838,#839,#840,#841,#842,#843,#844,#845,#846),
  .UNSPECIFIED.,.F.,.F.,(8,6,6,6,6,6,6,8),(0.,0.139948299696,
    0.218395662987,0.370681591114,0.57460463369,0.738929387019,
    0.883514810675,1.),.UNSPECIFIED.);
#803 = CARTESIAN_POINT('',(4.918678526048,0.923076923077));
#804 = CARTESIAN_POINT('',(4.975626448322,0.918092238491));
#805 = CARTESIAN_POINT('',(5.027006417614,0.913016199351));
#806 = CARTESIAN_POINT('',(5.072250522032,0.90786424895));
#807 = CARTESIAN_POINT('',(5.11059959759,0.902661907606));
#808 = CARTESIAN_POINT('',(5.141154237876,0.897445984675));
#809 = CARTESIAN_POINT('',(5.162933005627,0.892265410436));
#810 = CARTESIAN_POINT('',(5.181667103347,0.884332030981));
#811 = CARTESIAN_POINT('',(5.185322853543,0.881513884398));
#812 = CARTESIAN_POINT('',(5.185730175124,0.878739428625));
#813 = CARTESIAN_POINT('',(5.182721527237,0.876022719504));
#814 = CARTESIAN_POINT('',(5.17614961746,0.87337949667));
#815 = CARTESIAN_POINT('',(5.165908308684,0.870826693826));
#816 = CARTESIAN_POINT('',(5.124887452591,0.863635211449));
#817 = CARTESIAN_POINT('',(5.083750437846,0.859277414056));
#818 = CARTESIAN_POINT('',(5.028305247332,0.85547567858));
#819 = CARTESIAN_POINT('',(4.959621972041,0.85233375741));
#820 = CARTESIAN_POINT('',(4.879553721834,0.849904442833));
#821 = CARTESIAN_POINT('',(4.790594415291,0.848191408227));
#822 = CARTESIAN_POINT('',(4.568888126879,0.845748744833));
#823 = CARTESIAN_POINT('',(4.43122570846,0.845546313847));
#824 = CARTESIAN_POINT('',(4.287327112286,0.846404995355));
#825 = CARTESIAN_POINT('',(4.140716890188,0.84816475754));
#826 = CARTESIAN_POINT('',(3.993891118805,0.850680928597));
#827 = CARTESIAN_POINT('',(3.848394338537,0.853834832691));
#828 = CARTESIAN_POINT('',(3.589212572594,0.860554357558));
#829 = CARTESIAN_POINT('',(3.474978247446,0.863917407619));
#830 = CARTESIAN_POINT('',(3.36263438591,0.867602925034));
#831 = CARTESIAN_POINT('',(3.252610171924,0.871577159986));
#832 = CARTESIAN_POINT('',(3.1452949163,0.87581203576));
#833 = CARTESIAN_POINT('',(3.041051264501,0.880284470679));
#834 = CARTESIAN_POINT('',(2.851541666709,0.88910716054));
#835 = CARTESIAN_POINT('',(2.765542618373,0.893405584145));
#836 = CARTESIAN_POINT('',(2.682491693499,0.897860984715));
#837 = CARTESIAN_POINT('',(2.60270527005,0.902461865747));
#838 = CARTESIAN_POINT('',(2.526561260376,0.907196474373));
#839 = CARTESIAN_POINT('',(2.454511186062,0.912052589114));
#840 = CARTESIAN_POINT('',(2.332811829189,0.92101809501));
#841 = CARTESIAN_POINT('',(2.281553967813,0.92508746466));
#842 = CARTESIAN_POINT('',(2.233615851236,0.929220065702));
#843 = CARTESIAN_POINT('',(2.189364641959,0.933407042322));
#844 = CARTESIAN_POINT('',(2.149247675167,0.937636215244));
#845 = CARTESIAN_POINT('',(2.113792445898,0.941891756646));
#846 = CARTESIAN_POINT('',(2.083616113872,0.946153892308));
#847 = ( GEOMETRIC_REPRESENTATION_CONTEXT(2) 
PARAMETRIC_REPRESENTATION_CONTEXT() REPRESENTATION_CONTEXT('2D SPACE',''
  ) );
#848 = PCURVE('',#849,#854);
#849 = CYLINDRICAL_SURFACE('',#850,1.);
#850 = AXIS2_PLACEMENT_3D('',#851,#852,#853);
#851 = CARTESIAN_POINT('',(12.,12.,30.7));
#852 = DIRECTION('',(-0.,-0.,-1.));
#853 = DIRECTION('',(1.,0.,0.));
#854 = DEFINITIONAL_REPRESENTATION('',(#855),#900);
#855 = B_SPLINE_CURVE_WITH_KNOTS('',7,(#856,#857,#858,#859,#860,#861,
    #862,#863,#864,#865,#866,#867,#868,#869,#870,#871,#872,#873,#874,
    #875,#876,#877,#878,#879,#880,#881,#882,#883,#884,#885,#886,#887,
    #888,#889,#890,#891,#892,#893,#894,#895,#896,#897,#898,#899),
  .UNSPECIFIED.,.F.,.F.,(8,6,6,6,6,6,6,8),(0.,0.139948299696,
    0.218395662987,0.370681591114,0.57460463369,0.738929387019,
    0.883514810675,1.),.UNSPECIFIED.);
#856 = CARTESIAN_POINT('',(-6.28318530718,-8.3));
#857 = CARTESIAN_POINT('',(-6.218384407562,-8.235199100383));
#858 = CARTESIAN_POINT('',(-6.152395921052,-8.169210591558));
#859 = CARTESIAN_POINT('',(-6.084976078475,-8.102235236344));
#860 = CARTESIAN_POINT('',(-6.015938916789,-8.034604798878));
#861 = CARTESIAN_POINT('',(-5.945131638603,-7.96679780078));
#862 = CARTESIAN_POINT('',(-5.872422257835,-7.899450335663));
#863 = CARTESIAN_POINT('',(-5.75581405755,-7.796316402754));
#864 = CARTESIAN_POINT('',(-5.713311895834,-7.759680497172));
#865 = CARTESIAN_POINT('',(-5.670194521534,-7.723612572131));
#866 = CARTESIAN_POINT('',(-5.626479655497,-7.688295353547));
#867 = CARTESIAN_POINT('',(-5.582201345458,-7.653933456712));
#868 = CARTESIAN_POINT('',(-5.537415549672,-7.620747019737));
#869 = CARTESIAN_POINT('',(-5.404458332883,-7.527257748837));
#870 = CARTESIAN_POINT('',(-5.314806086891,-7.470606382733));
#871 = CARTESIAN_POINT('',(-5.224537214131,-7.42118382154));
#872 = CARTESIAN_POINT('',(-5.134492266177,-7.380338846328));
#873 = CARTESIAN_POINT('',(-5.045402629311,-7.348757756827));
#874 = CARTESIAN_POINT('',(-4.958016007558,-7.326488306955));
#875 = CARTESIAN_POINT('',(-4.759775978704,-7.294733682828));
#876 = CARTESIAN_POINT('',(-4.65074881419,-7.292102080009));
#877 = CARTESIAN_POINT('',(-4.545974619106,-7.303264939609));
#878 = CARTESIAN_POINT('',(-4.445095945955,-7.326141848019));
#879 = CARTESIAN_POINT('',(-4.34771597977,-7.358852071766));
#880 = CARTESIAN_POINT('',(-4.253285840041,-7.39985282498));
#881 = CARTESIAN_POINT('',(-4.086551439916,-7.487206648258));
#882 = CARTESIAN_POINT('',(-4.013601771882,-7.530926299045));
#883 = CARTESIAN_POINT('',(-3.941743864588,-7.57883802544));
#884 = CARTESIAN_POINT('',(-3.870695559509,-7.630503079821));
#885 = CARTESIAN_POINT('',(-3.800201302798,-7.685556464876));
#886 = CARTESIAN_POINT('',(-3.729992576622,-7.743698118833));
#887 = CARTESIAN_POINT('',(-3.597966211383,-7.858393087021));
#888 = CARTESIAN_POINT('',(-3.536182607732,-7.914272593883));
#889 = CARTESIAN_POINT('',(-3.474203638848,-7.972192801293));
#890 = CARTESIAN_POINT('',(-3.411839846207,-8.032004254706));
#891 = CARTESIAN_POINT('',(-3.348904775135,-8.093554166855));
#892 = CARTESIAN_POINT('',(-3.28519185344,-8.156683658476));
#893 = CARTESIAN_POINT('',(-3.168277018822,-8.27323523513));
#894 = CARTESIAN_POINT('',(-3.115461098974,-8.326137040586));
#895 = CARTESIAN_POINT('',(-3.061851229144,-8.379860854129));
#896 = CARTESIAN_POINT('',(-3.007317944302,-8.434291550182));
#897 = CARTESIAN_POINT('',(-2.951738071662,-8.489270798177));
#898 = CARTESIAN_POINT('',(-2.894982500517,-8.544592836394));
#899 = CARTESIAN_POINT('',(-2.836899370603,-8.6000006));
#900 = ( GEOMETRIC_REPRESENTATION_CONTEXT(2) 
PARAMETRIC_REPRESENTATION_CONTEXT() REPRESENTATION_CONTEXT('2D SPACE',''
  ) );
#901 = ORIENTED_EDGE('',*,*,#902,.F.);
#902 = EDGE_CURVE('',#903,#752,#905,.T.);
#903 = VERTEX_POINT('',#904);
#904 = CARTESIAN_POINT('',(12.953939201417,12.3,39.3));
#905 = SURFACE_CURVE('',#906,(#909,#915),.PCURVE_S1.);
#906 = B_SPLINE_CURVE_WITH_KNOTS('',1,(#907,#908),.UNSPECIFIED.,.F.,.F.,
  (2,2),(0.,1.),.PIECEWISE_BEZIER_KNOTS.);
#907 = CARTESIAN_POINT('',(13.,12.3,39.3));
#908 = CARTESIAN_POINT('',(11.,12.3,39.3));
#909 = PCURVE('',#34,#910);
#910 = DEFINITIONAL_REPRESENTATION('',(#911),#914);
#911 = B_SPLINE_CURVE_WITH_KNOTS('',1,(#912,#913),.UNSPECIFIED.,.F.,.F.,
  (2,2),(0.,1.),.PIECEWISE_BEZIER_KNOTS.);
#912 = CARTESIAN_POINT('',(4.653008962868,0.946153846154));
#913 = CARTESIAN_POINT('',(2.02304737516,0.946153846154));
#914 = ( GEOMETRIC_REPRESENTATION_CONTEXT(2) 
PARAMETRIC_REPRESENTATION_CONTEXT() REPRESENTATION_CONTEXT('2D SPACE',''
  ) );
#915 = PCURVE('',#916,#921);
#916 = PLANE('',#917);
#917 = AXIS2_PLACEMENT_3D('',#918,#919,#920);
#918 = CARTESIAN_POINT('',(12.,12.,39.3));
#919 = DIRECTION('',(0.,0.,1.));
#920 = DIRECTION('',(1.,0.,-0.));
#921 = DEFINITIONAL_REPRESENTATION('',(#922),#925);
#922 = B_SPLINE_CURVE_WITH_KNOTS('',1,(#923,#924),.UNSPECIFIED.,.F.,.F.,
  (2,2),(0.,1.),.PIECEWISE_BEZIER_KNOTS.);
#923 = CARTESIAN_POINT('',(1.,0.3));
#924 = CARTESIAN_POINT('',(-1.,0.3));
#925 = ( GEOMETRIC_REPRESENTATION_CONTEXT(2) 
PARAMETRIC_REPRESENTATION_CONTEXT() REPRESENTATION_CONTEXT('2D SPACE',''
  ) );
#926 = ORIENTED_EDGE('',*,*,#927,.T.);
#927 = EDGE_CURVE('',#903,#928,#930,.T.);
#928 = VERTEX_POINT('',#929);
#929 = CARTESIAN_POINT('',(13.,12.,39.));
#930 = SURFACE_CURVE('',#931,(#938,#948),.PCURVE_S1.);
#931 = B_SPLINE_CURVE_WITH_KNOTS('',5,(#932,#933,#934,#935,#936,#937),
  .UNSPECIFIED.,.F.,.F.,(6,6),(0.,1.),.PIECEWISE_BEZIER_KNOTS.);
#932 = CARTESIAN_POINT('',(12.953939012725,12.3000006,39.3000006));
#933 = CARTESIAN_POINT('',(12.971739456207,12.2433989216,39.2433989216)
  );
#934 = CARTESIAN_POINT('',(12.985520263042,12.184910611904,
    39.184910611904));
#935 = CARTESIAN_POINT('',(12.995044390305,12.124696370361,
    39.124696370361));
#936 = CARTESIAN_POINT('',(13.,12.062966093245,39.062966093245));
#937 = CARTESIAN_POINT('',(13.,12.,39.));
#938 = PCURVE('',#34,#939);
#939 = DEFINITIONAL_REPRESENTATION('',(#940),#947);
#940 = B_SPLINE_CURVE_WITH_KNOTS('',5,(#941,#942,#943,#944,#945,#946),
  .UNSPECIFIED.,.F.,.F.,(6,6),(0.,1.),.PIECEWISE_BEZIER_KNOTS.);
#941 = CARTESIAN_POINT('',(4.592439112904,0.946153892308));
#942 = CARTESIAN_POINT('',(4.666443705791,0.941799917046));
#943 = CARTESIAN_POINT('',(4.736580884282,0.9373008163));
#944 = CARTESIAN_POINT('',(4.802405430424,0.932668951566));
#945 = CARTESIAN_POINT('',(4.863343056863,0.927920468711));
#946 = CARTESIAN_POINT('',(4.918678526048,0.923076923077));
#947 = ( GEOMETRIC_REPRESENTATION_CONTEXT(2) 
PARAMETRIC_REPRESENTATION_CONTEXT() REPRESENTATION_CONTEXT('2D SPACE',''
  ) );
#948 = PCURVE('',#849,#949);
#949 = DEFINITIONAL_REPRESENTATION('',(#950),#957);
#950 = B_SPLINE_CURVE_WITH_KNOTS('',5,(#951,#952,#953,#954,#955,#956),
  .UNSPECIFIED.,.F.,.F.,(6,6),(0.,1.),.PIECEWISE_BEZIER_KNOTS.);
#951 = CARTESIAN_POINT('',(-0.304693282986,-8.6000006));
#952 = CARTESIAN_POINT('',(-0.24535859005,-8.5433989216));
#953 = CARTESIAN_POINT('',(-0.185430207119,-8.484910611904));
#954 = CARTESIAN_POINT('',(-0.124696489265,-8.424696370361));
#955 = CARTESIAN_POINT('',(-6.296609324464E-02,-8.362966093245));
#956 = CARTESIAN_POINT('',(0.,-8.3));
#957 = ( GEOMETRIC_REPRESENTATION_CONTEXT(2) 
PARAMETRIC_REPRESENTATION_CONTEXT() REPRESENTATION_CONTEXT('2D SPACE',''
  ) );
#958 = ORIENTED_EDGE('',*,*,#959,.F.);
#959 = EDGE_CURVE('',#960,#928,#962,.T.);
#960 = VERTEX_POINT('',#961);
#961 = CARTESIAN_POINT('',(16.,12.,39.));
#962 = SURFACE_CURVE('',#963,(#966,#972),.PCURVE_S1.);
#963 = B_SPLINE_CURVE_WITH_KNOTS('',1,(#964,#965),.UNSPECIFIED.,.F.,.F.,
  (2,2),(0.,1.),.PIECEWISE_BEZIER_KNOTS.);
#964 = CARTESIAN_POINT('',(16.,12.,39.));
#965 = CARTESIAN_POINT('',(9.230769230769,12.,39.));
#966 = PCURVE('',#34,#967);
#967 = DEFINITIONAL_REPRESENTATION('',(#968),#971);
#968 = B_SPLINE_CURVE_WITH_KNOTS('',1,(#969,#970),.UNSPECIFIED.,.F.,.F.,
  (2,2),(0.,1.),.PIECEWISE_BEZIER_KNOTS.);
#969 = CARTESIAN_POINT('',(8.833545108005,0.923076923077));
#970 = CARTESIAN_POINT('',(0.,0.923076923077));
#971 = ( GEOMETRIC_REPRESENTATION_CONTEXT(2) 
PARAMETRIC_REPRESENTATION_CONTEXT() REPRESENTATION_CONTEXT('2D SPACE',''
  ) );
#972 = PCURVE('',#740,#973);
#973 = DEFINITIONAL_REPRESENTATION('',(#974),#977);
#974 = B_SPLINE_CURVE_WITH_KNOTS('',1,(#975,#976),.UNSPECIFIED.,.F.,.F.,
  (2,2),(0.,1.),.PIECEWISE_BEZIER_KNOTS.);
#975 = CARTESIAN_POINT('',(4.,5.329070518201E-15));
#976 = CARTESIAN_POINT('',(-2.769230769231,3.552713678801E-15));
#977 = ( GEOMETRIC_REPRESENTATION_CONTEXT(2) 
PARAMETRIC_REPRESENTATION_CONTEXT() REPRESENTATION_CONTEXT('2D SPACE',''
  ) );
#978 = ORIENTED_EDGE('',*,*,#979,.T.);
#979 = EDGE_CURVE('',#960,#980,#982,.T.);
#980 = VERTEX_POINT('',#981);
#981 = CARTESIAN_POINT('',(8.221366661591,10.687776660068,
    37.687776660068));
#982 = SURFACE_CURVE('',#983,(#1046,#1112),.PCURVE_S1.);
#983 = B_SPLINE_CURVE_WITH_KNOTS('',7,(#984,#985,#986,#987,#988,#989,
    #990,#991,#992,#993,#994,#995,#996,#997,#998,#999,#1000,#1001,#1002,
    #1003,#1004,#1005,#1006,#1007,#1008,#1009,#1010,#1011,#1012,#1013,
    #1014,#1015,#1016,#1017,#1018,#1019,#1020,#1021,#1022,#1023,#1024,
    #1025,#1026,#1027,#1028,#1029,#1030,#1031,#1032,#1033,#1034,#1035,
    #1036,#1037,#1038,#1039,#1040,#1041,#1042,#1043,#1044,#1045),
  .UNSPECIFIED.,.F.,.F.,(8,6,6,6,6,6,6,6,6,6,8),(0.,0.192571463359,
    0.257745692332,0.293111148812,0.362797940023,0.419558186036,
    0.554333302822,0.656122593349,0.83441020009,0.968892203106,1.),
  .UNSPECIFIED.);
#984 = CARTESIAN_POINT('',(16.,12.,39.));
#985 = CARTESIAN_POINT('',(16.,11.720814196073,38.720814196073));
#986 = CARTESIAN_POINT('',(15.97726634955,11.434763846812,
    38.434763846812));
#987 = CARTESIAN_POINT('',(15.92978512343,11.142785745322,
    38.142785745322));
#988 = CARTESIAN_POINT('',(15.855119176621,10.846661129602,
    37.846661129602));
#989 = CARTESIAN_POINT('',(15.750724750369,10.549077315008,
    37.549077315008));
#990 = CARTESIAN_POINT('',(15.614240127477,10.253653111894,
    37.253653111894));
#991 = CARTESIAN_POINT('',(15.385884210133,9.867238994594,
    36.867238994594));
#992 = CARTESIAN_POINT('',(15.324259111498,9.770344696291,
    36.770344696291));
#993 = CARTESIAN_POINT('',(15.258694397886,9.674466007402,
    36.674466007402));
#994 = CARTESIAN_POINT('',(15.18914958156,9.579826833055,36.579826833055
    ));
#995 = CARTESIAN_POINT('',(15.115608586638,9.486671999386,
    36.486671999386));
#996 = CARTESIAN_POINT('',(15.03808747636,9.395264524133,36.395264524133
    ));
#997 = CARTESIAN_POINT('',(14.912447563608,9.257381778124,
    36.257381778124));
#998 = CARTESIAN_POINT('',(14.867097811348,9.209477457062,
    36.209477457062));
#999 = CARTESIAN_POINT('',(14.820602453622,9.162214801707,
    36.162214801707));
#1000 = CARTESIAN_POINT('',(14.772974474802,9.115639777403,
    36.115639777403));
#1001 = CARTESIAN_POINT('',(14.724230793442,9.069799141605,
    36.069799141605));
#1002 = CARTESIAN_POINT('',(14.674392742137,9.024740148297,
    36.024740148297));
#1003 = CARTESIAN_POINT('',(14.523177100836,8.893356294112,
    35.893356294112));
#1004 = CARTESIAN_POINT('',(14.418706334428,8.809409347963,
    35.809409347963));
#1005 = CARTESIAN_POINT('',(14.310292269748,8.729050781128,
    35.729050781128));
#1006 = CARTESIAN_POINT('',(14.198206747072,8.652638217042,
    35.652638217042));
#1007 = CARTESIAN_POINT('',(14.082780009312,8.58050116433,35.58050116433
    ));
#1008 = CARTESIAN_POINT('',(13.964408128992,8.512932044501,
    35.512932044501));
#1009 = CARTESIAN_POINT('',(13.745134532448,8.399054746531,
    35.399054746531));
#1010 = CARTESIAN_POINT('',(13.64505068901,8.351120279824,
    35.351120279824));
#1011 = CARTESIAN_POINT('',(13.543562459394,8.306499244661,
    35.306499244661));
#1012 = CARTESIAN_POINT('',(13.440924828183,8.265285858093,
    35.265285858093));
#1013 = CARTESIAN_POINT('',(13.337395642029,8.227540981754,
    35.227540981754));
#1014 = CARTESIAN_POINT('',(13.23323419861,8.193294575756,
    35.193294575756));
#1015 = CARTESIAN_POINT('',(12.880486834827,8.089541901498,
    35.089541901498));
#1016 = CARTESIAN_POINT('',(12.63022860433,8.036285461673,
    35.036285461673));
#1017 = CARTESIAN_POINT('',(12.381257973847,8.00273423914,35.00273423914
    ));
#1018 = CARTESIAN_POINT('',(12.136201392081,7.987791703215,
    34.987791703215));
#1019 = CARTESIAN_POINT('',(11.897035332008,7.989975436447,
    34.989975436447));
#1020 = CARTESIAN_POINT('',(11.66510993123,8.007635021479,
    35.007635021479));
#1021 = CARTESIAN_POINT('',(11.272107038683,8.063080335718,
    35.063080335718));
#1022 = CARTESIAN_POINT('',(11.107543199732,8.094887769812,
    35.094887769812));
#1023 = CARTESIAN_POINT('',(10.94779044505,8.133994422671,
    35.133994422671));
#1024 = CARTESIAN_POINT('',(10.793027372299,8.179786792723,
    35.179786792723));
#1025 = CARTESIAN_POINT('',(10.643349539437,8.231701945049,
    35.231701945049));
#1026 = CARTESIAN_POINT('',(10.498780872314,8.289240457824,
    35.289240457824));
#1027 = CARTESIAN_POINT('',(10.114953156647,8.461868829875,
    35.461868829875));
#1028 = CARTESIAN_POINT('',(9.886347192811,8.587638982934,
    35.587638982934));
#1029 = CARTESIAN_POINT('',(9.673154861761,8.727018183261,
    35.727018183261));
#1030 = CARTESIAN_POINT('',(9.475137286431,8.878219906123,
    35.878219906123));
#1031 = CARTESIAN_POINT('',(9.291982516745,9.039777279847,
    36.039777279847));
#1032 = CARTESIAN_POINT('',(9.123360621785,9.21057047486,36.21057047486)
  );
#1033 = CARTESIAN_POINT('',(8.85253329016,9.525065861008,36.525065861008
    ));
#1034 = CARTESIAN_POINT('',(8.744229434298,9.665066643164,
    36.665066643164));
#1035 = CARTESIAN_POINT('',(8.64396567511,9.809478644526,36.809478644526
    ));
#1036 = CARTESIAN_POINT('',(8.55168722282,9.957993112068,36.957993112069
    ));
#1037 = CARTESIAN_POINT('',(8.467376843187,10.11034917337,37.11034917337
    ));
#1038 = CARTESIAN_POINT('',(8.391055416238,10.266332593372,
    37.266332593372));
#1039 = CARTESIAN_POINT('',(8.307005020018,10.462665370196,
    37.462665370196));
#1040 = CARTESIAN_POINT('',(8.291646768479,10.49973356842,37.49973356842
    ));
#1041 = CARTESIAN_POINT('',(8.276720960095,10.536984598904,
    37.536984598904));
#1042 = CARTESIAN_POINT('',(8.262228696956,10.574416375522,
    37.574416375522));
#1043 = CARTESIAN_POINT('',(8.248171245265,10.612026901426,
    37.612026901426));
#1044 = CARTESIAN_POINT('',(8.234550035336,10.64981426904,37.64981426904
    ));
#1045 = CARTESIAN_POINT('',(8.221366661591,10.687776660068,
    37.687776660068));
#1046 = PCURVE('',#34,#1047);
#1047 = DEFINITIONAL_REPRESENTATION('',(#1048),#1111);
#1048 = B_SPLINE_CURVE_WITH_KNOTS('',7,(#1049,#1050,#1051,#1052,#1053,
    #1054,#1055,#1056,#1057,#1058,#1059,#1060,#1061,#1062,#1063,#1064,
    #1065,#1066,#1067,#1068,#1069,#1070,#1071,#1072,#1073,#1074,#1075,
    #1076,#1077,#1078,#1079,#1080,#1081,#1082,#1083,#1084,#1085,#1086,
    #1087,#1088,#1089,#1090,#1091,#1092,#1093,#1094,#1095,#1096,#1097,
    #1098,#1099,#1100,#1101,#1102,#1103,#1104,#1105,#1106,#1107,#1108,
    #1109,#1110),.UNSPECIFIED.,.F.,.F.,(8,6,6,6,6,6,6,6,6,6,8),(0.,
    0.192571463359,0.257745692332,0.293111148812,0.362797940023,
    0.419558186036,0.554333302822,0.656122593349,0.83441020009,
    0.968892203106,1.),.UNSPECIFIED.);
#1049 = CARTESIAN_POINT('',(8.833545108005,0.923076923077));
#1050 = CARTESIAN_POINT('',(9.051121699177,0.901601092006));
#1051 = CARTESIAN_POINT('',(9.240779617214,0.879597218986));
#1052 = CARTESIAN_POINT('',(9.39983350039,0.857137365025));
#1053 = CARTESIAN_POINT('',(9.524617410203,0.834358548431));
#1054 = CARTESIAN_POINT('',(9.610983123938,0.81146748577));
#1055 = CARTESIAN_POINT('',(9.654652093762,0.788742547069));
#1056 = CARTESIAN_POINT('',(9.650010981266,0.7590183842));
#1057 = CARTESIAN_POINT('',(9.643438591027,0.751564976638));
#1058 = CARTESIAN_POINT('',(9.631305204394,0.744189692877));
#1059 = CARTESIAN_POINT('',(9.613454130319,0.736909756389));
#1060 = CARTESIAN_POINT('',(9.589743674119,0.729743999953));
#1061 = CARTESIAN_POINT('',(9.560056655281,0.722712655703));
#1062 = CARTESIAN_POINT('',(9.504912696553,0.712106290625));
#1063 = CARTESIAN_POINT('',(9.483731386103,0.708421342851));
#1064 = CARTESIAN_POINT('',(9.460753122065,0.704785753977));
#1065 = CARTESIAN_POINT('',(9.43596812275,0.7012030598));
#1066 = CARTESIAN_POINT('',(9.409370361028,0.697676857047));
#1067 = CARTESIAN_POINT('',(9.380958228747,0.694210780638));
#1068 = CARTESIAN_POINT('',(9.291181443767,0.684104330316));
#1069 = CARTESIAN_POINT('',(9.22458814539,0.67764687292));
#1070 = CARTESIAN_POINT('',(9.150990016171,0.671465444702));
#1071 = CARTESIAN_POINT('',(9.070493035738,0.665587555157));
#1072 = CARTESIAN_POINT('',(8.983279387105,0.660038551102));
#1073 = CARTESIAN_POINT('',(8.889620634118,0.6548409265));
#1074 = CARTESIAN_POINT('',(8.708675480018,0.646081134349));
#1075 = CARTESIAN_POINT('',(8.623417641977,0.642393867679));
#1076 = CARTESIAN_POINT('',(8.534327651147,0.638961480359));
#1077 = CARTESIAN_POINT('',(8.44163079155,0.635791219853));
#1078 = CARTESIAN_POINT('',(8.345573238005,0.632887767827));
#1079 = CARTESIAN_POINT('',(8.246419685767,0.630253428904));
#1080 = CARTESIAN_POINT('',(7.902330038635,0.622272453961));
#1081 = CARTESIAN_POINT('',(7.644393268806,0.618175804744));
#1082 = CARTESIAN_POINT('',(7.374283304292,0.615594941472));
#1083 = CARTESIAN_POINT('',(7.095432816768,0.614445515632));
#1084 = CARTESIAN_POINT('',(6.810785657177,0.614613495111));
#1085 = CARTESIAN_POINT('',(6.522739670967,0.615971924729));
#1086 = CARTESIAN_POINT('',(6.014201183119,0.620236948901));
#1087 = CARTESIAN_POINT('',(5.794379299762,0.622683674601));
#1088 = CARTESIAN_POINT('',(5.574201772912,0.625691878667));
#1089 = CARTESIAN_POINT('',(5.354205364987,0.629214368671));
#1090 = CARTESIAN_POINT('',(5.134812733701,0.633207841927));
#1091 = CARTESIAN_POINT('',(4.91633309607,0.637633881371));
#1092 = CARTESIAN_POINT('',(4.318231155481,0.650912986913));
#1093 = CARTESIAN_POINT('',(3.941156311296,0.660587614072));
#1094 = CARTESIAN_POINT('',(3.568652790922,0.67130909102));
#1095 = CARTESIAN_POINT('',(3.201503464936,0.682939992779));
#1096 = CARTESIAN_POINT('',(2.840272805007,0.695367483065));
#1097 = CARTESIAN_POINT('',(2.485309406566,0.708505421143));
#1098 = CARTESIAN_POINT('',(1.873835241467,0.732697373924));
#1099 = CARTESIAN_POINT('',(1.614655015658,0.743466664859));
#1100 = CARTESIAN_POINT('',(1.359334007599,0.754575280348));
#1101 = CARTESIAN_POINT('',(1.1080290648,0.765999470159));
#1102 = CARTESIAN_POINT('',(0.860921154148,0.777719167182));
#1103 = CARTESIAN_POINT('',(0.618214486491,0.789717891798));
#1104 = CARTESIAN_POINT('',(0.325075158554,0.804820413092));
#1105 = CARTESIAN_POINT('',(0.270254609942,0.807671812955));
#1106 = CARTESIAN_POINT('',(0.215685990557,0.810537276839));
#1107 = CARTESIAN_POINT('',(0.161372628174,0.813416644271));
#1108 = CARTESIAN_POINT('',(0.107318026517,0.816309761648));
#1109 = CARTESIAN_POINT('',(5.352586525417E-02,0.819216482234));
#1110 = CARTESIAN_POINT('',(0.,0.822136666159));
#1111 = ( GEOMETRIC_REPRESENTATION_CONTEXT(2) 
PARAMETRIC_REPRESENTATION_CONTEXT() REPRESENTATION_CONTEXT('2D SPACE',''
  ) );
#1112 = PCURVE('',#1113,#1118);
#1113 = CYLINDRICAL_SURFACE('',#1114,4.);
#1114 = AXIS2_PLACEMENT_3D('',#1115,#1116,#1117);
#1115 = CARTESIAN_POINT('',(12.,12.,30.85));
#1116 = DIRECTION('',(-0.,-0.,-1.));
#1117 = DIRECTION('',(1.,0.,0.));
#1118 = DEFINITIONAL_REPRESENTATION('',(#1119),#1182);
#1119 = B_SPLINE_CURVE_WITH_KNOTS('',7,(#1120,#1121,#1122,#1123,#1124,
    #1125,#1126,#1127,#1128,#1129,#1130,#1131,#1132,#1133,#1134,#1135,
    #1136,#1137,#1138,#1139,#1140,#1141,#1142,#1143,#1144,#1145,#1146,
    #1147,#1148,#1149,#1150,#1151,#1152,#1153,#1154,#1155,#1156,#1157,
    #1158,#1159,#1160,#1161,#1162,#1163,#1164,#1165,#1166,#1167,#1168,
    #1169,#1170,#1171,#1172,#1173,#1174,#1175,#1176,#1177,#1178,#1179,
    #1180,#1181),.UNSPECIFIED.,.F.,.F.,(8,6,6,6,6,6,6,6,6,6,8),(0.,
    0.192571463359,0.257745692332,0.293111148812,0.362797940023,
    0.419558186036,0.554333302822,0.656122593349,0.83441020009,
    0.968892203106,1.),.UNSPECIFIED.);
#1120 = CARTESIAN_POINT('',(-6.28318530718,-8.15));
#1121 = CARTESIAN_POINT('',(-6.213388856198,-7.870814196073));
#1122 = CARTESIAN_POINT('',(-6.141876308358,-7.584763846812));
#1123 = CARTESIAN_POINT('',(-6.068326228544,-7.292785745322));
#1124 = CARTESIAN_POINT('',(-5.992506551077,-6.996661129602));
#1125 = CARTESIAN_POINT('',(-5.914218271118,-6.699077315008));
#1126 = CARTESIAN_POINT('',(-5.833275498223,-6.403653111894));
#1127 = CARTESIAN_POINT('',(-5.721064119835,-6.017238994594));
#1128 = CARTESIAN_POINT('',(-5.692371698426,-5.920344696291));
#1129 = CARTESIAN_POINT('',(-5.663359589127,-5.824466007402));
#1130 = CARTESIAN_POINT('',(-5.63402956964,-5.729826833055));
#1131 = CARTESIAN_POINT('',(-5.604387269642,-5.636671999386));
#1132 = CARTESIAN_POINT('',(-5.574442925058,-5.545264524133));
#1133 = CARTESIAN_POINT('',(-5.527808013696,-5.407381778124));
#1134 = CARTESIAN_POINT('',(-5.511319669362,-5.359477457062));
#1135 = CARTESIAN_POINT('',(-5.494749793991,-5.312214801707));
#1136 = CARTESIAN_POINT('',(-5.478101516552,-5.265639777403));
#1137 = CARTESIAN_POINT('',(-5.461378477814,-5.219799141605));
#1138 = CARTESIAN_POINT('',(-5.444584907836,-5.174740148297));
#1139 = CARTESIAN_POINT('',(-5.39450504205,-5.043356294112));
#1140 = CARTESIAN_POINT('',(-5.361024917099,-4.959409347963));
#1141 = CARTESIAN_POINT('',(-5.327329090814,-4.879050781128));
#1142 = CARTESIAN_POINT('',(-5.293463485784,-4.802638217042));
#1143 = CARTESIAN_POINT('',(-5.259478140041,-4.73050116433));
#1144 = CARTESIAN_POINT('',(-5.225430165066,-4.662932044501));
#1145 = CARTESIAN_POINT('',(-5.163659951201,-4.549054746531));
#1146 = CARTESIAN_POINT('',(-5.135931803827,-4.501120279824));
#1147 = CARTESIAN_POINT('',(-5.108238993099,-4.456499244661));
#1148 = CARTESIAN_POINT('',(-5.080614201614,-4.415285858093));
#1149 = CARTESIAN_POINT('',(-5.053088034771,-4.377540981754));
#1150 = CARTESIAN_POINT('',(-5.02568998946,-4.343294575756));
#1151 = CARTESIAN_POINT('',(-4.933767698885,-4.239541901498));
#1152 = CARTESIAN_POINT('',(-4.869988724299,-4.186285461673));
#1153 = CARTESIAN_POINT('',(-4.807466287547,-4.15273423914));
#1154 = CARTESIAN_POINT('',(-4.746368144873,-4.137791703215));
#1155 = CARTESIAN_POINT('',(-4.686791986891,-4.139975436447));
#1156 = CARTESIAN_POINT('',(-4.628762366281,-4.157635021479));
#1157 = CARTESIAN_POINT('',(-4.529538674421,-4.213080335718));
#1158 = CARTESIAN_POINT('',(-4.487690315252,-4.244887769812));
#1159 = CARTESIAN_POINT('',(-4.446650805694,-4.283994422671));
#1160 = CARTESIAN_POINT('',(-4.406381472777,-4.329786792723));
#1161 = CARTESIAN_POINT('',(-4.366839861403,-4.381701945049));
#1162 = CARTESIAN_POINT('',(-4.327977713961,-4.439240457824));
#1163 = CARTESIAN_POINT('',(-4.222762378176,-4.611868829875));
#1164 = CARTESIAN_POINT('',(-4.15774282258,-4.737638982933));
#1165 = CARTESIAN_POINT('',(-4.094351604798,-4.877018183262));
#1166 = CARTESIAN_POINT('',(-4.032354491397,-5.028219906122));
#1167 = CARTESIAN_POINT('',(-3.971532159927,-5.189777279847));
#1168 = CARTESIAN_POINT('',(-3.911669257823,-5.36057047486));
#1169 = CARTESIAN_POINT('',(-3.807910284878,-5.675065861008));
#1170 = CARTESIAN_POINT('',(-3.763720560359,-5.815066643164));
#1171 = CARTESIAN_POINT('',(-3.719861882713,-5.959478644526));
#1172 = CARTESIAN_POINT('',(-3.676250823503,-6.107993112068));
#1173 = CARTESIAN_POINT('',(-3.632807283661,-6.26034917337));
#1174 = CARTESIAN_POINT('',(-3.589449158645,-6.416332593372));
#1175 = CARTESIAN_POINT('',(-3.536057312146,-6.612665370196));
#1176 = CARTESIAN_POINT('',(-3.526027022432,-6.64973356842));
#1177 = CARTESIAN_POINT('',(-3.51599561514,-6.686984598904));
#1178 = CARTESIAN_POINT('',(-3.505962028779,-6.724416375522));
#1179 = CARTESIAN_POINT('',(-3.495925191815,-6.762026901426));
#1180 = CARTESIAN_POINT('',(-3.485884022671,-6.79981426904));
#1181 = CARTESIAN_POINT('',(-3.475837429729,-6.837776660068));
#1182 = ( GEOMETRIC_REPRESENTATION_CONTEXT(2) 
PARAMETRIC_REPRESENTATION_CONTEXT() REPRESENTATION_CONTEXT('2D SPACE',''
  ) );
#1183 = ORIENTED_EDGE('',*,*,#1184,.F.);
#1184 = EDGE_CURVE('',#1185,#980,#1187,.T.);
#1185 = VERTEX_POINT('',#1186);
#1186 = CARTESIAN_POINT('',(0.459272090235,0.597053717305,
    27.597053717305));
#1187 = SURFACE_CURVE('',#1188,(#1191,#1198),.PCURVE_S1.);
#1188 = B_SPLINE_CURVE_WITH_KNOTS('',1,(#1189,#1190),.UNSPECIFIED.,.F.,
  .F.,(2,2),(0.,1.),.PIECEWISE_BEZIER_KNOTS.);
#1189 = CARTESIAN_POINT('',(0.,0.,27.));
#1190 = CARTESIAN_POINT('',(10.,13.,40.));
#1191 = PCURVE('',#34,#1192);
#1192 = DEFINITIONAL_REPRESENTATION('',(#1193),#1197);
#1193 = LINE('',#1194,#1195);
#1194 = CARTESIAN_POINT('',(0.,0.));
#1195 = VECTOR('',#1196,1.);
#1196 = DIRECTION('',(0.,1.));
#1197 = ( GEOMETRIC_REPRESENTATION_CONTEXT(2) 
PARAMETRIC_REPRESENTATION_CONTEXT() REPRESENTATION_CONTEXT('2D SPACE',''
  ) );
#1198 = PCURVE('',#714,#1199);
#1199 = DEFINITIONAL_REPRESENTATION('',(#1200),#1204);
#1200 = LINE('',#1201,#1202);
#1201 = CARTESIAN_POINT('',(95.,0.));
#1202 = VECTOR('',#1203,1.);
#1203 = DIRECTION('',(0.,1.));
#1204 = ( GEOMETRIC_REPRESENTATION_CONTEXT(2) 
PARAMETRIC_REPRESENTATION_CONTEXT() REPRESENTATION_CONTEXT('2D SPACE',''
  ) );
#1205 = ORIENTED_EDGE('',*,*,#1206,.F.);
#1206 = EDGE_CURVE('',#1207,#1185,#1209,.T.);
#1207 = VERTEX_POINT('',#1208);
#1208 = CARTESIAN_POINT('',(18.36,0.597053717305,27.597053717305));
#1209 = SURFACE_CURVE('',#1210,(#1216,#1225),.PCURVE_S1.);
#1210 = B_SPLINE_CURVE_WITH_KNOTS('',4,(#1211,#1212,#1213,#1214,#1215),
  .UNSPECIFIED.,.F.,.F.,(5,5),(0.,1.),.PIECEWISE_BEZIER_KNOTS.);
#1211 = CARTESIAN_POINT('',(78.540727909765,0.597053717305,
    27.597053717305));
#1212 = CARTESIAN_POINT('',(59.020363954883,0.597053717305,
    27.597053717305));
#1213 = CARTESIAN_POINT('',(39.5,0.597053717305,27.597053717305));
#1214 = CARTESIAN_POINT('',(19.979636045117,0.597053717305,
    27.597053717305));
#1215 = CARTESIAN_POINT('',(0.459272090235,0.597053717305,
    27.597053717305));
#1216 = PCURVE('',#34,#1217);
#1217 = DEFINITIONAL_REPRESENTATION('',(#1218),#1224);
#1218 = B_SPLINE_CURVE_WITH_KNOTS('',4,(#1219,#1220,#1221,#1222,#1223),
  .UNSPECIFIED.,.F.,.F.,(5,5),(0.,1.),.PIECEWISE_BEZIER_KNOTS.);
#1219 = CARTESIAN_POINT('',(79.,4.592720902345E-02));
#1220 = CARTESIAN_POINT('',(59.25,4.592720902345E-02));
#1221 = CARTESIAN_POINT('',(39.5,4.592720902345E-02));
#1222 = CARTESIAN_POINT('',(19.75,4.592720902345E-02));
#1223 = CARTESIAN_POINT('',(0.,4.592720902345E-02));
#1224 = ( GEOMETRIC_REPRESENTATION_CONTEXT(2) 
PARAMETRIC_REPRESENTATION_CONTEXT() REPRESENTATION_CONTEXT('2D SPACE',''
  ) );
#1225 = PCURVE('',#48,#1226);
#1226 = DEFINITIONAL_REPRESENTATION('',(#1227),#1233);
#1227 = B_SPLINE_CURVE_WITH_KNOTS('',4,(#1228,#1229,#1230,#1231,#1232),
  .UNSPECIFIED.,.F.,.F.,(5,5),(0.,1.),.PIECEWISE_BEZIER_KNOTS.);
#1228 = CARTESIAN_POINT('',(-1.510100493261,-79.54072790976));
#1229 = CARTESIAN_POINT('',(-1.510100493261,-60.02036395488));
#1230 = CARTESIAN_POINT('',(-1.510100493261,-40.5));
#1231 = CARTESIAN_POINT('',(-1.510100493261,-20.97963604511));
#1232 = CARTESIAN_POINT('',(-1.510100493261,-1.459272090235));
#1233 = ( GEOMETRIC_REPRESENTATION_CONTEXT(2) 
PARAMETRIC_REPRESENTATION_CONTEXT() REPRESENTATION_CONTEXT('2D SPACE',''
  ) );
#1234 = ORIENTED_EDGE('',*,*,#1235,.T.);
#1235 = EDGE_CURVE('',#1207,#1236,#1238,.T.);
#1236 = VERTEX_POINT('',#1237);
#1237 = CARTESIAN_POINT('',(18.36,2.477178028659,29.477178028659));
#1238 = SURFACE_CURVE('',#1239,(#1260,#1284),.PCURVE_S1.);
#1239 = B_SPLINE_CURVE_WITH_KNOTS('',4,(#1240,#1241,#1242,#1243,#1244,
    #1245,#1246,#1247,#1248,#1249,#1250,#1251,#1252,#1253,#1254,#1255,
    #1256,#1257,#1258,#1259),.UNSPECIFIED.,.F.,.F.,(5,3,3,3,3,3,5),(0.,
    0.500692948839,0.752003812678,0.875785894927,0.93988032524,
    0.969802275897,1.),.UNSPECIFIED.);
#1240 = CARTESIAN_POINT('',(18.36,-1.110223024625E-16,27.));
#1241 = CARTESIAN_POINT('',(18.36,0.377398770986,27.377398770986));
#1242 = CARTESIAN_POINT('',(18.36,0.754221264111,27.754221264111));
#1243 = CARTESIAN_POINT('',(18.36,1.130430481784,28.130430481784));
#1244 = CARTESIAN_POINT('',(18.36,1.694484059665,28.694484059665));
#1245 = CARTESIAN_POINT('',(18.36,1.882818952337,28.882818952337));
#1246 = CARTESIAN_POINT('',(18.36,2.070983263897,29.070983263897));
#1247 = CARTESIAN_POINT('',(18.36,2.351563902022,29.351563902022));
#1248 = CARTESIAN_POINT('',(18.36,2.444113787189,29.444113787189));
#1249 = CARTESIAN_POINT('',(18.36,2.536620203964,29.536620203964));
#1250 = CARTESIAN_POINT('',(18.36,2.67695943767,29.67695943767));
#1251 = CARTESIAN_POINT('',(18.36,2.724824589244,29.724824589244));
#1252 = CARTESIAN_POINT('',(18.36,2.772677796543,29.772677796543));
#1253 = CARTESIAN_POINT('',(18.36,2.842853207041,29.842853207041));
#1254 = CARTESIAN_POINT('',(18.36,2.865187451173,29.865187451173));
#1255 = CARTESIAN_POINT('',(18.36,2.887521691414,29.887521691414));
#1256 = CARTESIAN_POINT('',(18.36,2.932396005937,29.932396005937));
#1257 = CARTESIAN_POINT('',(18.36,2.954933412142,29.954933412142));
#1258 = CARTESIAN_POINT('',(18.36,2.977468043082,29.977468043082));
#1259 = CARTESIAN_POINT('',(18.36,3.,30.));
#1260 = PCURVE('',#34,#1261);
#1261 = DEFINITIONAL_REPRESENTATION('',(#1262),#1283);
#1262 = B_SPLINE_CURVE_WITH_KNOTS('',4,(#1263,#1264,#1265,#1266,#1267,
    #1268,#1269,#1270,#1271,#1272,#1273,#1274,#1275,#1276,#1277,#1278,
    #1279,#1280,#1281,#1282),.UNSPECIFIED.,.F.,.F.,(5,3,3,3,3,3,5),(0.,
    0.500692948839,0.752003812678,0.875785894927,0.93988032524,
    0.969802275897,1.),.UNSPECIFIED.);
#1263 = CARTESIAN_POINT('',(18.36,0.));
#1264 = CARTESIAN_POINT('',(18.204630768868,2.903067469122E-02));
#1265 = CARTESIAN_POINT('',(18.046453733579,5.801702031621E-02));
#1266 = CARTESIAN_POINT('',(17.885370791539,8.695619090647E-02));
#1267 = CARTESIAN_POINT('',(17.638914598858,0.130344927667));
#1268 = CARTESIAN_POINT('',(17.555793398736,0.144832227103));
#1269 = CARTESIAN_POINT('',(17.47190054858,0.159306404915));
#1270 = CARTESIAN_POINT('',(17.34551457951,0.180889530925));
#1271 = CARTESIAN_POINT('',(17.303616226215,0.188008752861));
#1272 = CARTESIAN_POINT('',(17.261525736652,0.195124631074));
#1273 = CARTESIAN_POINT('',(17.197346637888,0.205919956744));
#1274 = CARTESIAN_POINT('',(17.175399858274,0.20960189148));
#1275 = CARTESIAN_POINT('',(17.153400891684,0.213282907426));
#1276 = CARTESIAN_POINT('',(17.121055002197,0.218681015926));
#1277 = CARTESIAN_POINT('',(17.110747864961,0.220399034706));
#1278 = CARTESIAN_POINT('',(17.100428060671,0.222117053186));
#1279 = CARTESIAN_POINT('',(17.079667818938,0.225568923534));
#1280 = CARTESIAN_POINT('',(17.069228496041,0.227302570165));
#1281 = CARTESIAN_POINT('',(17.058777165117,0.229036003314));
#1282 = CARTESIAN_POINT('',(17.048314281656,0.230769230769));
#1283 = ( GEOMETRIC_REPRESENTATION_CONTEXT(2) 
PARAMETRIC_REPRESENTATION_CONTEXT() REPRESENTATION_CONTEXT('2D SPACE',''
  ) );
#1284 = PCURVE('',#1285,#1290);
#1285 = PLANE('',#1286);
#1286 = AXIS2_PLACEMENT_3D('',#1287,#1288,#1289);
#1287 = CARTESIAN_POINT('',(18.36,0.5,26.));
#1288 = DIRECTION('',(1.,0.,0.));
#1289 = DIRECTION('',(-0.,0.,1.));
#1290 = DEFINITIONAL_REPRESENTATION('',(#1291),#1312);
#1291 = B_SPLINE_CURVE_WITH_KNOTS('',4,(#1292,#1293,#1294,#1295,#1296,
    #1297,#1298,#1299,#1300,#1301,#1302,#1303,#1304,#1305,#1306,#1307,
    #1308,#1309,#1310,#1311),.UNSPECIFIED.,.F.,.F.,(5,3,3,3,3,3,5),(0.,
    0.500692948839,0.752003812678,0.875785894927,0.93988032524,
    0.969802275897,1.),.UNSPECIFIED.);
#1292 = CARTESIAN_POINT('',(1.,0.5));
#1293 = CARTESIAN_POINT('',(1.377398770986,0.122601229014));
#1294 = CARTESIAN_POINT('',(1.754221264111,-0.254221264111));
#1295 = CARTESIAN_POINT('',(2.130430481784,-0.630430481784));
#1296 = CARTESIAN_POINT('',(2.694484059665,-1.194484059665));
#1297 = CARTESIAN_POINT('',(2.882818952337,-1.382818952337));
#1298 = CARTESIAN_POINT('',(3.070983263897,-1.570983263897));
#1299 = CARTESIAN_POINT('',(3.351563902022,-1.851563902022));
#1300 = CARTESIAN_POINT('',(3.444113787189,-1.944113787189));
#1301 = CARTESIAN_POINT('',(3.536620203964,-2.036620203964));
#1302 = CARTESIAN_POINT('',(3.67695943767,-2.17695943767));
#1303 = CARTESIAN_POINT('',(3.724824589244,-2.224824589244));
#1304 = CARTESIAN_POINT('',(3.772677796543,-2.272677796543));
#1305 = CARTESIAN_POINT('',(3.842853207041,-2.342853207041));
#1306 = CARTESIAN_POINT('',(3.865187451173,-2.365187451173));
#1307 = CARTESIAN_POINT('',(3.887521691414,-2.387521691414));
#1308 = CARTESIAN_POINT('',(3.932396005937,-2.432396005937));
#1309 = CARTESIAN_POINT('',(3.954933412142,-2.454933412142));
#1310 = CARTESIAN_POINT('',(3.977468043082,-2.477468043082));
#1311 = CARTESIAN_POINT('',(4.,-2.5));
#1312 = ( GEOMETRIC_REPRESENTATION_CONTEXT(2) 
PARAMETRIC_REPRESENTATION_CONTEXT() REPRESENTATION_CONTEXT('2D SPACE',''
  ) );
#1313 = ORIENTED_EDGE('',*,*,#1314,.F.);
#1314 = EDGE_CURVE('',#1315,#1236,#1317,.T.);
#1315 = VERTEX_POINT('',#1316);
#1316 = CARTESIAN_POINT('',(31.92,2.477178028659,29.477178028659));
#1317 = SURFACE_CURVE('',#1318,(#1324,#1333),.PCURVE_S1.);
#1318 = B_SPLINE_CURVE_WITH_KNOTS('',4,(#1319,#1320,#1321,#1322,#1323),
  .UNSPECIFIED.,.F.,.F.,(5,5),(0.,1.),.PIECEWISE_BEZIER_KNOTS.);
#1319 = CARTESIAN_POINT('',(31.9200006,2.477178028659,29.477178028659));
#1320 = CARTESIAN_POINT('',(28.5300003,2.477178028659,29.477178028659));
#1321 = CARTESIAN_POINT('',(25.14,2.477178028659,29.477178028659));
#1322 = CARTESIAN_POINT('',(21.7499997,2.477178028659,29.477178028659));
#1323 = CARTESIAN_POINT('',(18.3599994,2.477178028659,29.477178028659));
#1324 = PCURVE('',#34,#1325);
#1325 = DEFINITIONAL_REPRESENTATION('',(#1326),#1332);
#1326 = B_SPLINE_CURVE_WITH_KNOTS('',4,(#1327,#1328,#1329,#1330,#1331),
  .UNSPECIFIED.,.F.,.F.,(5,5),(0.,1.),.PIECEWISE_BEZIER_KNOTS.);
#1327 = CARTESIAN_POINT('',(31.535799172427,0.190552156051));
#1328 = CARTESIAN_POINT('',(27.973972611499,0.190552156051));
#1329 = CARTESIAN_POINT('',(24.412146050572,0.190552156051));
#1330 = CARTESIAN_POINT('',(20.850319489644,0.190552156051));
#1331 = CARTESIAN_POINT('',(17.288492928717,0.190552156051));
#1332 = ( GEOMETRIC_REPRESENTATION_CONTEXT(2) 
PARAMETRIC_REPRESENTATION_CONTEXT() REPRESENTATION_CONTEXT('2D SPACE',''
  ) );
#1333 = PCURVE('',#1334,#1339);
#1334 = CYLINDRICAL_SURFACE('',#1335,4.);
#1335 = AXIS2_PLACEMENT_3D('',#1336,#1337,#1338);
#1336 = CARTESIAN_POINT('',(18.36,0.5,26.));
#1337 = DIRECTION('',(-1.,-0.,-0.));
#1338 = DIRECTION('',(0.,1.,0.));
#1339 = DEFINITIONAL_REPRESENTATION('',(#1340),#1346);
#1340 = B_SPLINE_CURVE_WITH_KNOTS('',4,(#1341,#1342,#1343,#1344,#1345),
  .UNSPECIFIED.,.F.,.F.,(5,5),(4.424778368797E-08,0.999999955752),
  .PIECEWISE_BEZIER_KNOTS.);
#1341 = CARTESIAN_POINT('',(-1.053773252012,-13.56));
#1342 = CARTESIAN_POINT('',(-1.053773252012,-10.17));
#1343 = CARTESIAN_POINT('',(-1.053773252012,-6.78));
#1344 = CARTESIAN_POINT('',(-1.053773252012,-3.39));
#1345 = CARTESIAN_POINT('',(-1.053773252012,3.887623147546E-16));
#1346 = ( GEOMETRIC_REPRESENTATION_CONTEXT(2) 
PARAMETRIC_REPRESENTATION_CONTEXT() REPRESENTATION_CONTEXT('2D SPACE',''
  ) );
#1347 = ORIENTED_EDGE('',*,*,#1348,.F.);
#1348 = EDGE_CURVE('',#1349,#1315,#1351,.T.);
#1349 = VERTEX_POINT('',#1350);
#1350 = CARTESIAN_POINT('',(31.92,0.597053717305,27.597053717305));
#1351 = SURFACE_CURVE('',#1352,(#1358,#1367),.PCURVE_S1.);
#1352 = B_SPLINE_CURVE_WITH_KNOTS('',4,(#1353,#1354,#1355,#1356,#1357),
  .UNSPECIFIED.,.F.,.F.,(5,5),(0.,1.),.PIECEWISE_BEZIER_KNOTS.);
#1353 = CARTESIAN_POINT('',(31.92,-1.110223024625E-16,27.));
#1354 = CARTESIAN_POINT('',(31.92,0.750520863419,27.750520863419));
#1355 = CARTESIAN_POINT('',(31.92,1.500727210227,28.500727210227));
#1356 = CARTESIAN_POINT('',(31.92,2.25057465307,29.25057465307));
#1357 = CARTESIAN_POINT('',(31.92,3.,30.));
#1358 = PCURVE('',#34,#1359);
#1359 = DEFINITIONAL_REPRESENTATION('',(#1360),#1366);
#1360 = B_SPLINE_CURVE_WITH_KNOTS('',4,(#1361,#1362,#1363,#1364,#1365),
  .UNSPECIFIED.,.F.,.F.,(5,5),(0.,1.),.PIECEWISE_BEZIER_KNOTS.);
#1361 = CARTESIAN_POINT('',(31.92,0.));
#1362 = CARTESIAN_POINT('',(31.809212304874,5.773237410913E-02));
#1363 = CARTESIAN_POINT('',(31.694152653263,0.115440554633));
#1364 = CARTESIAN_POINT('',(31.574459419725,0.173121127159));
#1365 = CARTESIAN_POINT('',(31.449679392546,0.230769230769));
#1366 = ( GEOMETRIC_REPRESENTATION_CONTEXT(2) 
PARAMETRIC_REPRESENTATION_CONTEXT() REPRESENTATION_CONTEXT('2D SPACE',''
  ) );
#1367 = PCURVE('',#1368,#1373);
#1368 = PLANE('',#1369);
#1369 = AXIS2_PLACEMENT_3D('',#1370,#1371,#1372);
#1370 = CARTESIAN_POINT('',(31.92,0.5,26.));
#1371 = DIRECTION('',(1.,0.,0.));
#1372 = DIRECTION('',(-0.,0.,1.));
#1373 = DEFINITIONAL_REPRESENTATION('',(#1374),#1380);
#1374 = B_SPLINE_CURVE_WITH_KNOTS('',4,(#1375,#1376,#1377,#1378,#1379),
  .UNSPECIFIED.,.F.,.F.,(5,5),(0.,1.),.PIECEWISE_BEZIER_KNOTS.);
#1375 = CARTESIAN_POINT('',(1.,0.5));
#1376 = CARTESIAN_POINT('',(1.750520863419,-0.250520863419));
#1377 = CARTESIAN_POINT('',(2.500727210227,-1.000727210227));
#1378 = CARTESIAN_POINT('',(3.25057465307,-1.75057465307));
#1379 = CARTESIAN_POINT('',(4.,-2.5));
#1380 = ( GEOMETRIC_REPRESENTATION_CONTEXT(2) 
PARAMETRIC_REPRESENTATION_CONTEXT() REPRESENTATION_CONTEXT('2D SPACE',''
  ) );
#1381 = ORIENTED_EDGE('',*,*,#1382,.F.);
#1382 = EDGE_CURVE('',#1383,#1349,#1385,.T.);
#1383 = VERTEX_POINT('',#1384);
#1384 = CARTESIAN_POINT('',(47.08,0.597053717305,27.597053717305));
#1385 = SURFACE_CURVE('',#1386,(#1392,#1401),.PCURVE_S1.);
#1386 = B_SPLINE_CURVE_WITH_KNOTS('',4,(#1387,#1388,#1389,#1390,#1391),
  .UNSPECIFIED.,.F.,.F.,(5,5),(0.,1.),.PIECEWISE_BEZIER_KNOTS.);
#1387 = CARTESIAN_POINT('',(78.540727909765,0.597053717305,
    27.597053717305));
#1388 = CARTESIAN_POINT('',(59.020363954883,0.597053717305,
    27.597053717305));
#1389 = CARTESIAN_POINT('',(39.5,0.597053717305,27.597053717305));
#1390 = CARTESIAN_POINT('',(19.979636045117,0.597053717305,
    27.597053717305));
#1391 = CARTESIAN_POINT('',(0.459272090235,0.597053717305,
    27.597053717305));
#1392 = PCURVE('',#34,#1393);
#1393 = DEFINITIONAL_REPRESENTATION('',(#1394),#1400);
#1394 = B_SPLINE_CURVE_WITH_KNOTS('',4,(#1395,#1396,#1397,#1398,#1399),
  .UNSPECIFIED.,.F.,.F.,(5,5),(0.,1.),.PIECEWISE_BEZIER_KNOTS.);
#1395 = CARTESIAN_POINT('',(79.,4.592720902345E-02));
#1396 = CARTESIAN_POINT('',(59.25,4.592720902345E-02));
#1397 = CARTESIAN_POINT('',(39.5,4.592720902345E-02));
#1398 = CARTESIAN_POINT('',(19.75,4.592720902345E-02));
#1399 = CARTESIAN_POINT('',(0.,4.592720902345E-02));
#1400 = ( GEOMETRIC_REPRESENTATION_CONTEXT(2) 
PARAMETRIC_REPRESENTATION_CONTEXT() REPRESENTATION_CONTEXT('2D SPACE',''
  ) );
#1401 = PCURVE('',#48,#1402);
#1402 = DEFINITIONAL_REPRESENTATION('',(#1403),#1409);
#1403 = B_SPLINE_CURVE_WITH_KNOTS('',4,(#1404,#1405,#1406,#1407,#1408),
  .UNSPECIFIED.,.F.,.F.,(5,5),(0.,1.),.PIECEWISE_BEZIER_KNOTS.);
#1404 = CARTESIAN_POINT('',(-1.510100493261,-79.54072790976));
#1405 = CARTESIAN_POINT('',(-1.510100493261,-60.02036395488));
#1406 = CARTESIAN_POINT('',(-1.510100493261,-40.5));
#1407 = CARTESIAN_POINT('',(-1.510100493261,-20.97963604511));
#1408 = CARTESIAN_POINT('',(-1.510100493261,-1.459272090235));
#1409 = ( GEOMETRIC_REPRESENTATION_CONTEXT(2) 
PARAMETRIC_REPRESENTATION_CONTEXT() REPRESENTATION_CONTEXT('2D SPACE',''
  ) );
#1410 = ORIENTED_EDGE('',*,*,#1411,.T.);
#1411 = EDGE_CURVE('',#1383,#1412,#1414,.T.);
#1412 = VERTEX_POINT('',#1413);
#1413 = CARTESIAN_POINT('',(47.08,2.477178028659,29.477178028659));
#1414 = SURFACE_CURVE('',#1415,(#1421,#1430),.PCURVE_S1.);
#1415 = B_SPLINE_CURVE_WITH_KNOTS('',4,(#1416,#1417,#1418,#1419,#1420),
  .UNSPECIFIED.,.F.,.F.,(5,5),(0.,1.),.PIECEWISE_BEZIER_KNOTS.);
#1416 = CARTESIAN_POINT('',(47.08,-1.110223024625E-16,27.));
#1417 = CARTESIAN_POINT('',(47.08,0.750520863419,27.750520863419));
#1418 = CARTESIAN_POINT('',(47.08,1.500727210227,28.500727210227));
#1419 = CARTESIAN_POINT('',(47.08,2.25057465307,29.25057465307));
#1420 = CARTESIAN_POINT('',(47.08,3.,30.));
#1421 = PCURVE('',#34,#1422);
#1422 = DEFINITIONAL_REPRESENTATION('',(#1423),#1429);
#1423 = B_SPLINE_CURVE_WITH_KNOTS('',4,(#1424,#1425,#1426,#1427,#1428),
  .UNSPECIFIED.,.F.,.F.,(5,5),(0.,1.),.PIECEWISE_BEZIER_KNOTS.);
#1424 = CARTESIAN_POINT('',(47.08,0.));
#1425 = CARTESIAN_POINT('',(47.190787695126,5.773237410913E-02));
#1426 = CARTESIAN_POINT('',(47.305847346737,0.115440554633));
#1427 = CARTESIAN_POINT('',(47.425540580275,0.173121127159));
#1428 = CARTESIAN_POINT('',(47.550320607454,0.230769230769));
#1429 = ( GEOMETRIC_REPRESENTATION_CONTEXT(2) 
PARAMETRIC_REPRESENTATION_CONTEXT() REPRESENTATION_CONTEXT('2D SPACE',''
  ) );
#1430 = PCURVE('',#1431,#1436);
#1431 = PLANE('',#1432);
#1432 = AXIS2_PLACEMENT_3D('',#1433,#1434,#1435);
#1433 = CARTESIAN_POINT('',(47.08,0.5,26.));
#1434 = DIRECTION('',(1.,0.,0.));
#1435 = DIRECTION('',(-0.,0.,1.));
#1436 = DEFINITIONAL_REPRESENTATION('',(#1437),#1443);
#1437 = B_SPLINE_CURVE_WITH_KNOTS('',4,(#1438,#1439,#1440,#1441,#1442),
  .UNSPECIFIED.,.F.,.F.,(5,5),(0.,1.),.PIECEWISE_BEZIER_KNOTS.);
#1438 = CARTESIAN_POINT('',(1.,0.5));
#1439 = CARTESIAN_POINT('',(1.750520863419,-0.250520863419));
#1440 = CARTESIAN_POINT('',(2.500727210227,-1.000727210227));
#1441 = CARTESIAN_POINT('',(3.25057465307,-1.75057465307));
#1442 = CARTESIAN_POINT('',(4.,-2.5));
#1443 = ( GEOMETRIC_REPRESENTATION_CONTEXT(2) 
PARAMETRIC_REPRESENTATION_CONTEXT() REPRESENTATION_CONTEXT('2D SPACE',''
  ) );
#1444 = ORIENTED_EDGE('',*,*,#1445,.F.);
#1445 = EDGE_CURVE('',#1446,#1412,#1448,.T.);
#1446 = VERTEX_POINT('',#1447);
#1447 = CARTESIAN_POINT('',(60.64,2.477178028659,29.477178028659));
#1448 = SURFACE_CURVE('',#1449,(#1455,#1464),.PCURVE_S1.);
#1449 = B_SPLINE_CURVE_WITH_KNOTS('',4,(#1450,#1451,#1452,#1453,#1454),
  .UNSPECIFIED.,.F.,.F.,(5,5),(0.,1.),.PIECEWISE_BEZIER_KNOTS.);
#1450 = CARTESIAN_POINT('',(60.6400006,2.477178028659,29.477178028659));
#1451 = CARTESIAN_POINT('',(57.2500003,2.477178028659,29.477178028659));
#1452 = CARTESIAN_POINT('',(53.86,2.477178028659,29.477178028659));
#1453 = CARTESIAN_POINT('',(50.4699997,2.477178028659,29.477178028659));
#1454 = CARTESIAN_POINT('',(47.0799994,2.477178028659,29.477178028659));
#1455 = PCURVE('',#34,#1456);
#1456 = DEFINITIONAL_REPRESENTATION('',(#1457),#1463);
#1457 = B_SPLINE_CURVE_WITH_KNOTS('',4,(#1458,#1459,#1460,#1461,#1462),
  .UNSPECIFIED.,.F.,.F.,(5,5),(0.,1.),.PIECEWISE_BEZIER_KNOTS.);
#1458 = CARTESIAN_POINT('',(61.711507071283,0.190552156051));
#1459 = CARTESIAN_POINT('',(58.149680510356,0.190552156051));
#1460 = CARTESIAN_POINT('',(54.587853949428,0.190552156051));
#1461 = CARTESIAN_POINT('',(51.026027388501,0.190552156051));
#1462 = CARTESIAN_POINT('',(47.464200827573,0.190552156051));
#1463 = ( GEOMETRIC_REPRESENTATION_CONTEXT(2) 
PARAMETRIC_REPRESENTATION_CONTEXT() REPRESENTATION_CONTEXT('2D SPACE',''
  ) );
#1464 = PCURVE('',#1465,#1470);
#1465 = CYLINDRICAL_SURFACE('',#1466,4.);
#1466 = AXIS2_PLACEMENT_3D('',#1467,#1468,#1469);
#1467 = CARTESIAN_POINT('',(47.08,0.5,26.));
#1468 = DIRECTION('',(-1.,-0.,-0.));
#1469 = DIRECTION('',(0.,1.,0.));
#1470 = DEFINITIONAL_REPRESENTATION('',(#1471),#1477);
#1471 = B_SPLINE_CURVE_WITH_KNOTS('',4,(#1472,#1473,#1474,#1475,#1476),
  .UNSPECIFIED.,.F.,.F.,(5,5),(4.424778316397E-08,0.999999955752),
  .PIECEWISE_BEZIER_KNOTS.);
#1472 = CARTESIAN_POINT('',(-1.053773252012,-13.56));
#1473 = CARTESIAN_POINT('',(-1.053773252012,-10.17));
#1474 = CARTESIAN_POINT('',(-1.053773252012,-6.78));
#1475 = CARTESIAN_POINT('',(-1.053773252012,-3.39));
#1476 = CARTESIAN_POINT('',(-1.053773252012,3.88765755826E-16));
#1477 = ( GEOMETRIC_REPRESENTATION_CONTEXT(2) 
PARAMETRIC_REPRESENTATION_CONTEXT() REPRESENTATION_CONTEXT('2D SPACE',''
  ) );
#1478 = ORIENTED_EDGE('',*,*,#1479,.F.);
#1479 = EDGE_CURVE('',#24,#1446,#1480,.T.);
#1480 = SURFACE_CURVE('',#1481,(#1502,#1526),.PCURVE_S1.);
#1481 = B_SPLINE_CURVE_WITH_KNOTS('',4,(#1482,#1483,#1484,#1485,#1486,
    #1487,#1488,#1489,#1490,#1491,#1492,#1493,#1494,#1495,#1496,#1497,
    #1498,#1499,#1500,#1501),.UNSPECIFIED.,.F.,.F.,(5,3,3,3,3,3,5),(0.,
    0.500692948839,0.752003812678,0.875785894927,0.939880325239,
    0.969802275897,1.),.UNSPECIFIED.);
#1482 = CARTESIAN_POINT('',(60.64,-1.110223024625E-16,27.));
#1483 = CARTESIAN_POINT('',(60.64,0.377398770986,27.377398770986));
#1484 = CARTESIAN_POINT('',(60.64,0.754221264111,27.754221264111));
#1485 = CARTESIAN_POINT('',(60.64,1.130430481784,28.130430481784));
#1486 = CARTESIAN_POINT('',(60.64,1.694484059665,28.694484059665));
#1487 = CARTESIAN_POINT('',(60.64,1.882818952337,28.882818952337));
#1488 = CARTESIAN_POINT('',(60.64,2.070983263897,29.070983263897));
#1489 = CARTESIAN_POINT('',(60.64,2.351563902022,29.351563902022));
#1490 = CARTESIAN_POINT('',(60.64,2.444113787189,29.444113787189));
#1491 = CARTESIAN_POINT('',(60.64,2.536620203964,29.536620203964));
#1492 = CARTESIAN_POINT('',(60.64,2.67695943767,29.67695943767));
#1493 = CARTESIAN_POINT('',(60.64,2.724824589244,29.724824589244));
#1494 = CARTESIAN_POINT('',(60.64,2.772677796543,29.772677796543));
#1495 = CARTESIAN_POINT('',(60.64,2.842853207041,29.842853207041));
#1496 = CARTESIAN_POINT('',(60.64,2.865187451173,29.865187451173));
#1497 = CARTESIAN_POINT('',(60.64,2.887521691414,29.887521691414));
#1498 = CARTESIAN_POINT('',(60.64,2.932396005936,29.932396005936));
#1499 = CARTESIAN_POINT('',(60.64,2.954933412142,29.954933412142));
#1500 = CARTESIAN_POINT('',(60.64,2.977468043082,29.977468043082));
#1501 = CARTESIAN_POINT('',(60.64,3.,30.));
#1502 = PCURVE('',#34,#1503);
#1503 = DEFINITIONAL_REPRESENTATION('',(#1504),#1525);
#1504 = B_SPLINE_CURVE_WITH_KNOTS('',4,(#1505,#1506,#1507,#1508,#1509,
    #1510,#1511,#1512,#1513,#1514,#1515,#1516,#1517,#1518,#1519,#1520,
    #1521,#1522,#1523,#1524),.UNSPECIFIED.,.F.,.F.,(5,3,3,3,3,3,5),(0.,
    0.500692948839,0.752003812678,0.875785894927,0.939880325239,
    0.969802275897,1.),.UNSPECIFIED.);
#1505 = CARTESIAN_POINT('',(60.64,0.));
#1506 = CARTESIAN_POINT('',(60.795369231132,2.903067469122E-02));
#1507 = CARTESIAN_POINT('',(60.953546266421,5.801702031621E-02));
#1508 = CARTESIAN_POINT('',(61.114629208461,8.695619090646E-02));
#1509 = CARTESIAN_POINT('',(61.361085401142,0.130344927667));
#1510 = CARTESIAN_POINT('',(61.444206601264,0.144832227103));
#1511 = CARTESIAN_POINT('',(61.52809945142,0.159306404915));
#1512 = CARTESIAN_POINT('',(61.65448542049,0.180889530925));
#1513 = CARTESIAN_POINT('',(61.696383773785,0.188008752861));
#1514 = CARTESIAN_POINT('',(61.738474263348,0.195124631074));
#1515 = CARTESIAN_POINT('',(61.802653362112,0.205919956744));
#1516 = CARTESIAN_POINT('',(61.824600141726,0.20960189148));
#1517 = CARTESIAN_POINT('',(61.846599108315,0.213282907426));
#1518 = CARTESIAN_POINT('',(61.878944997803,0.218681015926));
#1519 = CARTESIAN_POINT('',(61.889252135039,0.220399034706));
#1520 = CARTESIAN_POINT('',(61.899571939329,0.222117053186));
#1521 = CARTESIAN_POINT('',(61.920332181062,0.225568923534));
#1522 = CARTESIAN_POINT('',(61.930771503959,0.227302570165));
#1523 = CARTESIAN_POINT('',(61.941222834883,0.229036003314));
#1524 = CARTESIAN_POINT('',(61.951685718344,0.230769230769));
#1525 = ( GEOMETRIC_REPRESENTATION_CONTEXT(2) 
PARAMETRIC_REPRESENTATION_CONTEXT() REPRESENTATION_CONTEXT('2D SPACE',''
  ) );
#1526 = PCURVE('',#1527,#1532);
#1527 = PLANE('',#1528);
#1528 = AXIS2_PLACEMENT_3D('',#1529,#1530,#1531);
#1529 = CARTESIAN_POINT('',(60.64,0.5,26.));
#1530 = DIRECTION('',(1.,0.,0.));
#1531 = DIRECTION('',(-0.,0.,1.));
#1532 = DEFINITIONAL_REPRESENTATION('',(#1533),#1554);
#1533 = B_SPLINE_CURVE_WITH_KNOTS('',4,(#1534,#1535,#1536,#1537,#1538,
    #1539,#1540,#1541,#1542,#1543,#1544,#1545,#1546,#1547,#1548,#1549,
    #1550,#1551,#1552,#1553),.UNSPECIFIED.,.F.,.F.,(5,3,3,3,3,3,5),(0.,
    0.500692948839,0.752003812678,0.875785894927,0.939880325239,
    0.969802275897,1.),.UNSPECIFIED.);
#1534 = CARTESIAN_POINT('',(1.,0.5));
#1535 = CARTESIAN_POINT('',(1.377398770986,0.122601229014));
#1536 = CARTESIAN_POINT('',(1.754221264111,-0.254221264111));
#1537 = CARTESIAN_POINT('',(2.130430481784,-0.630430481784));
#1538 = CARTESIAN_POINT('',(2.694484059665,-1.194484059665));
#1539 = CARTESIAN_POINT('',(2.882818952337,-1.382818952337));
#1540 = CARTESIAN_POINT('',(3.070983263897,-1.570983263897));
#1541 = CARTESIAN_POINT('',(3.351563902022,-1.851563902022));
#1542 = CARTESIAN_POINT('',(3.444113787189,-1.944113787189));
#1543 = CARTESIAN_POINT('',(3.536620203964,-2.036620203964));
#1544 = CARTESIAN_POINT('',(3.67695943767,-2.17695943767));
#1545 = CARTESIAN_POINT('',(3.724824589244,-2.224824589244));
#1546 = CARTESIAN_POINT('',(3.772677796543,-2.272677796543));
#1547 = CARTESIAN_POINT('',(3.842853207041,-2.342853207041));
#1548 = CARTESIAN_POINT('',(3.865187451173,-2.365187451173));
#1549 = CARTESIAN_POINT('',(3.887521691414,-2.387521691414));
#1550 = CARTESIAN_POINT('',(3.932396005936,-2.432396005936));
#1551 = CARTESIAN_POINT('',(3.954933412142,-2.454933412142));
#1552 = CARTESIAN_POINT('',(3.977468043082,-2.477468043082));
#1553 = CARTESIAN_POINT('',(4.,-2.5));
#1554 = ( GEOMETRIC_REPRESENTATION_CONTEXT(2) 
PARAMETRIC_REPRESENTATION_CONTEXT() REPRESENTATION_CONTEXT('2D SPACE',''
  ) );
#1555 = ADVANCED_FACE('',(#1556),#48,.F.);
#1556 = FACE_BOUND('',#1557,.T.);
#1557 = EDGE_LOOP('',(#1558,#1589,#1617,#1646,#1672,#1705,#1731,#1764,
    #1790,#1818,#1841,#1869,#1895,#1928,#1954,#1987,#2013,#2041,#2064,
    #2092,#2118,#2151,#2177,#2210,#2236,#2269,#2297,#2330,#2390,#2391,
    #2419,#2445,#2478,#2504,#2530,#2531,#2559,#2585,#2618,#2644,#2670,
    #2671,#2699,#2725,#2758,#2784,#2810,#2811,#2839,#2865,#2898,#2924,
    #2950,#2951));
#1558 = ORIENTED_EDGE('',*,*,#1559,.T.);
#1559 = EDGE_CURVE('',#1560,#1562,#1564,.T.);
#1560 = VERTEX_POINT('',#1561);
#1561 = CARTESIAN_POINT('',(0.,1.748999599679,27.));
#1562 = VERTEX_POINT('',#1563);
#1563 = CARTESIAN_POINT('',(0.,2.1,26.));
#1564 = SURFACE_CURVE('',#1565,(#1570,#1577),.PCURVE_S1.);
#1565 = CIRCLE('',#1566,1.6);
#1566 = AXIS2_PLACEMENT_3D('',#1567,#1568,#1569);
#1567 = CARTESIAN_POINT('',(0.,0.5,26.));
#1568 = DIRECTION('',(-1.,0.,0.));
#1569 = DIRECTION('',(0.,1.,0.));
#1570 = PCURVE('',#48,#1571);
#1571 = DEFINITIONAL_REPRESENTATION('',(#1572),#1576);
#1572 = LINE('',#1573,#1574);
#1573 = CARTESIAN_POINT('',(-6.28318530718,-1.));
#1574 = VECTOR('',#1575,1.);
#1575 = DIRECTION('',(1.,-0.));
#1576 = ( GEOMETRIC_REPRESENTATION_CONTEXT(2) 
PARAMETRIC_REPRESENTATION_CONTEXT() REPRESENTATION_CONTEXT('2D SPACE',''
  ) );
#1577 = PCURVE('',#1578,#1583);
#1578 = PLANE('',#1579);
#1579 = AXIS2_PLACEMENT_3D('',#1580,#1581,#1582);
#1580 = CARTESIAN_POINT('',(0.,95.,27.));
#1581 = DIRECTION('',(-1.,0.,0.));
#1582 = DIRECTION('',(0.,-1.,0.));
#1583 = DEFINITIONAL_REPRESENTATION('',(#1584),#1588);
#1584 = CIRCLE('',#1585,1.6);
#1585 = AXIS2_PLACEMENT_2D('',#1586,#1587);
#1586 = CARTESIAN_POINT('',(94.5,-1.));
#1587 = DIRECTION('',(-1.,0.));
#1588 = ( GEOMETRIC_REPRESENTATION_CONTEXT(2) 
PARAMETRIC_REPRESENTATION_CONTEXT() REPRESENTATION_CONTEXT('2D SPACE',''
  ) );
#1589 = ORIENTED_EDGE('',*,*,#1590,.T.);
#1590 = EDGE_CURVE('',#1562,#1591,#1593,.T.);
#1591 = VERTEX_POINT('',#1592);
#1592 = CARTESIAN_POINT('',(2.,2.1,26.));
#1593 = SURFACE_CURVE('',#1594,(#1598,#1605),.PCURVE_S1.);
#1594 = LINE('',#1595,#1596);
#1595 = CARTESIAN_POINT('',(-1.,2.1,26.));
#1596 = VECTOR('',#1597,1.);
#1597 = DIRECTION('',(1.,0.,0.));
#1598 = PCURVE('',#48,#1599);
#1599 = DEFINITIONAL_REPRESENTATION('',(#1600),#1604);
#1600 = LINE('',#1601,#1602);
#1601 = CARTESIAN_POINT('',(-0.,0.));
#1602 = VECTOR('',#1603,1.);
#1603 = DIRECTION('',(-0.,-1.));
#1604 = ( GEOMETRIC_REPRESENTATION_CONTEXT(2) 
PARAMETRIC_REPRESENTATION_CONTEXT() REPRESENTATION_CONTEXT('2D SPACE',''
  ) );
#1605 = PCURVE('',#1606,#1611);
#1606 = CYLINDRICAL_SURFACE('',#1607,1.6);
#1607 = AXIS2_PLACEMENT_3D('',#1608,#1609,#1610);
#1608 = CARTESIAN_POINT('',(-1.,0.5,26.));
#1609 = DIRECTION('',(-1.,-0.,-0.));
#1610 = DIRECTION('',(0.,1.,0.));
#1611 = DEFINITIONAL_REPRESENTATION('',(#1612),#1616);
#1612 = LINE('',#1613,#1614);
#1613 = CARTESIAN_POINT('',(-6.28318530718,0.));
#1614 = VECTOR('',#1615,1.);
#1615 = DIRECTION('',(-0.,-1.));
#1616 = ( GEOMETRIC_REPRESENTATION_CONTEXT(2) 
PARAMETRIC_REPRESENTATION_CONTEXT() REPRESENTATION_CONTEXT('2D SPACE',''
  ) );
#1617 = ORIENTED_EDGE('',*,*,#1618,.F.);
#1618 = EDGE_CURVE('',#1619,#1591,#1621,.T.);
#1619 = VERTEX_POINT('',#1620);
#1620 = CARTESIAN_POINT('',(2.,2.,26.556776436283));
#1621 = SURFACE_CURVE('',#1622,(#1627,#1634),.PCURVE_S1.);
#1622 = CIRCLE('',#1623,1.6);
#1623 = AXIS2_PLACEMENT_3D('',#1624,#1625,#1626);
#1624 = CARTESIAN_POINT('',(2.,0.5,26.));
#1625 = DIRECTION('',(-1.,0.,0.));
#1626 = DIRECTION('',(0.,1.,0.));
#1627 = PCURVE('',#48,#1628);
#1628 = DEFINITIONAL_REPRESENTATION('',(#1629),#1633);
#1629 = LINE('',#1630,#1631);
#1630 = CARTESIAN_POINT('',(-6.28318530718,-3.));
#1631 = VECTOR('',#1632,1.);
#1632 = DIRECTION('',(1.,-0.));
#1633 = ( GEOMETRIC_REPRESENTATION_CONTEXT(2) 
PARAMETRIC_REPRESENTATION_CONTEXT() REPRESENTATION_CONTEXT('2D SPACE',''
  ) );
#1634 = PCURVE('',#1635,#1640);
#1635 = PLANE('',#1636);
#1636 = AXIS2_PLACEMENT_3D('',#1637,#1638,#1639);
#1637 = CARTESIAN_POINT('',(2.,93.,27.));
#1638 = DIRECTION('',(-1.,0.,0.));
#1639 = DIRECTION('',(0.,-1.,0.));
#1640 = DEFINITIONAL_REPRESENTATION('',(#1641),#1645);
#1641 = CIRCLE('',#1642,1.6);
#1642 = AXIS2_PLACEMENT_2D('',#1643,#1644);
#1643 = CARTESIAN_POINT('',(92.5,-1.));
#1644 = DIRECTION('',(-1.,0.));
#1645 = ( GEOMETRIC_REPRESENTATION_CONTEXT(2) 
PARAMETRIC_REPRESENTATION_CONTEXT() REPRESENTATION_CONTEXT('2D SPACE',''
  ) );
#1646 = ORIENTED_EDGE('',*,*,#1647,.F.);
#1647 = EDGE_CURVE('',#1648,#1619,#1650,.T.);
#1648 = VERTEX_POINT('',#1649);
#1649 = CARTESIAN_POINT('',(3.6,2.,26.556776436283));
#1650 = SURFACE_CURVE('',#1651,(#1655,#1661),.PCURVE_S1.);
#1651 = LINE('',#1652,#1653);
#1652 = CARTESIAN_POINT('',(-1.,2.,26.556776436283));
#1653 = VECTOR('',#1654,1.);
#1654 = DIRECTION('',(-1.,-0.,-0.));
#1655 = PCURVE('',#48,#1656);
#1656 = DEFINITIONAL_REPRESENTATION('',(#1657),#1660);
#1657 = B_SPLINE_CURVE_WITH_KNOTS('',1,(#1658,#1659),.UNSPECIFIED.,.F.,
  .F.,(2,2),(-4.76,-2.84),.PIECEWISE_BEZIER_KNOTS.);
#1658 = CARTESIAN_POINT('',(-0.35542120169,-4.76));
#1659 = CARTESIAN_POINT('',(-0.35542120169,-2.84));
#1660 = ( GEOMETRIC_REPRESENTATION_CONTEXT(2) 
PARAMETRIC_REPRESENTATION_CONTEXT() REPRESENTATION_CONTEXT('2D SPACE',''
  ) );
#1661 = PCURVE('',#1662,#1667);
#1662 = PLANE('',#1663);
#1663 = AXIS2_PLACEMENT_3D('',#1664,#1665,#1666);
#1664 = CARTESIAN_POINT('',(2.,2.,27.));
#1665 = DIRECTION('',(0.,-1.,0.));
#1666 = DIRECTION('',(1.,0.,0.));
#1667 = DEFINITIONAL_REPRESENTATION('',(#1668),#1671);
#1668 = B_SPLINE_CURVE_WITH_KNOTS('',1,(#1669,#1670),.UNSPECIFIED.,.F.,
  .F.,(2,2),(-4.76,-2.84),.PIECEWISE_BEZIER_KNOTS.);
#1669 = CARTESIAN_POINT('',(1.76,-0.443223563717));
#1670 = CARTESIAN_POINT('',(-0.16,-0.443223563717));
#1671 = ( GEOMETRIC_REPRESENTATION_CONTEXT(2) 
PARAMETRIC_REPRESENTATION_CONTEXT() REPRESENTATION_CONTEXT('2D SPACE',''
  ) );
#1672 = ORIENTED_EDGE('',*,*,#1673,.F.);
#1673 = EDGE_CURVE('',#1674,#1648,#1676,.T.);
#1674 = VERTEX_POINT('',#1675);
#1675 = CARTESIAN_POINT('',(3.6,1.612429773064,27.15));
#1676 = SURFACE_CURVE('',#1677,(#1682,#1689),.PCURVE_S1.);
#1677 = CIRCLE('',#1678,1.6);
#1678 = AXIS2_PLACEMENT_3D('',#1679,#1680,#1681);
#1679 = CARTESIAN_POINT('',(3.6,0.5,26.));
#1680 = DIRECTION('',(-1.,0.,0.));
#1681 = DIRECTION('',(0.,1.,0.));
#1682 = PCURVE('',#48,#1683);
#1683 = DEFINITIONAL_REPRESENTATION('',(#1684),#1688);
#1684 = LINE('',#1685,#1686);
#1685 = CARTESIAN_POINT('',(-6.28318530718,-4.6));
#1686 = VECTOR('',#1687,1.);
#1687 = DIRECTION('',(1.,-0.));
#1688 = ( GEOMETRIC_REPRESENTATION_CONTEXT(2) 
PARAMETRIC_REPRESENTATION_CONTEXT() REPRESENTATION_CONTEXT('2D SPACE',''
  ) );
#1689 = PCURVE('',#1690,#1695);
#1690 = PLANE('',#1691);
#1691 = AXIS2_PLACEMENT_3D('',#1692,#1693,#1694);
#1692 = CARTESIAN_POINT('',(3.6,-0.15,24.85));
#1693 = DIRECTION('',(1.,0.,0.));
#1694 = DIRECTION('',(0.,0.,1.));
#1695 = DEFINITIONAL_REPRESENTATION('',(#1696),#1704);
#1696 = ( BOUNDED_CURVE() B_SPLINE_CURVE(2,(#1697,#1698,#1699,#1700,
#1701,#1702,#1703),.UNSPECIFIED.,.T.,.F.) B_SPLINE_CURVE_WITH_KNOTS((1,2
    ,2,2,2,1),(-2.094395102393,0.,2.094395102393,4.188790204786,
6.28318530718,8.377580409573),.UNSPECIFIED.) CURVE() 
GEOMETRIC_REPRESENTATION_ITEM() RATIONAL_B_SPLINE_CURVE((1.,0.5,1.,0.5,
1.,0.5,1.)) REPRESENTATION_ITEM('') );
#1697 = CARTESIAN_POINT('',(1.15,-2.25));
#1698 = CARTESIAN_POINT('',(-1.62128129211,-2.25));
#1699 = CARTESIAN_POINT('',(-0.235640646055,0.15));
#1700 = CARTESIAN_POINT('',(1.15,2.55));
#1701 = CARTESIAN_POINT('',(2.535640646055,0.15));
#1702 = CARTESIAN_POINT('',(3.92128129211,-2.25));
#1703 = CARTESIAN_POINT('',(1.15,-2.25));
#1704 = ( GEOMETRIC_REPRESENTATION_CONTEXT(2) 
PARAMETRIC_REPRESENTATION_CONTEXT() REPRESENTATION_CONTEXT('2D SPACE',''
  ) );
#1705 = ORIENTED_EDGE('',*,*,#1706,.F.);
#1706 = EDGE_CURVE('',#1707,#1674,#1709,.T.);
#1707 = VERTEX_POINT('',#1708);
#1708 = CARTESIAN_POINT('',(17.96,1.612429773064,27.15));
#1709 = SURFACE_CURVE('',#1710,(#1714,#1720),.PCURVE_S1.);
#1710 = LINE('',#1711,#1712);
#1711 = CARTESIAN_POINT('',(-1.,1.612429773064,27.15));
#1712 = VECTOR('',#1713,1.);
#1713 = DIRECTION('',(-1.,-0.,-0.));
#1714 = PCURVE('',#48,#1715);
#1715 = DEFINITIONAL_REPRESENTATION('',(#1716),#1719);
#1716 = B_SPLINE_CURVE_WITH_KNOTS('',1,(#1717,#1718),.UNSPECIFIED.,.F.,
  .F.,(2,2),(-20.396,-3.164),.PIECEWISE_BEZIER_KNOTS.);
#1717 = CARTESIAN_POINT('',(-0.802002777804,-20.396));
#1718 = CARTESIAN_POINT('',(-0.802002777804,-3.164));
#1719 = ( GEOMETRIC_REPRESENTATION_CONTEXT(2) 
PARAMETRIC_REPRESENTATION_CONTEXT() REPRESENTATION_CONTEXT('2D SPACE',''
  ) );
#1720 = PCURVE('',#1721,#1726);
#1721 = PLANE('',#1722);
#1722 = AXIS2_PLACEMENT_3D('',#1723,#1724,#1725);
#1723 = CARTESIAN_POINT('',(3.6,-0.15,27.15));
#1724 = DIRECTION('',(0.,0.,1.));
#1725 = DIRECTION('',(1.,0.,0.));
#1726 = DEFINITIONAL_REPRESENTATION('',(#1727),#1730);
#1727 = B_SPLINE_CURVE_WITH_KNOTS('',1,(#1728,#1729),.UNSPECIFIED.,.F.,
  .F.,(2,2),(-20.396,-3.164),.PIECEWISE_BEZIER_KNOTS.);
#1728 = CARTESIAN_POINT('',(15.796,1.762429773064));
#1729 = CARTESIAN_POINT('',(-1.436,1.762429773064));
#1730 = ( GEOMETRIC_REPRESENTATION_CONTEXT(2) 
PARAMETRIC_REPRESENTATION_CONTEXT() REPRESENTATION_CONTEXT('2D SPACE',''
  ) );
#1731 = ORIENTED_EDGE('',*,*,#1732,.T.);
#1732 = EDGE_CURVE('',#1707,#1733,#1735,.T.);
#1733 = VERTEX_POINT('',#1734);
#1734 = CARTESIAN_POINT('',(17.96,2.,26.556776436283));
#1735 = SURFACE_CURVE('',#1736,(#1741,#1748),.PCURVE_S1.);
#1736 = CIRCLE('',#1737,1.6);
#1737 = AXIS2_PLACEMENT_3D('',#1738,#1739,#1740);
#1738 = CARTESIAN_POINT('',(17.96,0.5,26.));
#1739 = DIRECTION('',(-1.,0.,0.));
#1740 = DIRECTION('',(0.,1.,0.));
#1741 = PCURVE('',#48,#1742);
#1742 = DEFINITIONAL_REPRESENTATION('',(#1743),#1747);
#1743 = LINE('',#1744,#1745);
#1744 = CARTESIAN_POINT('',(-6.28318530718,-18.96));
#1745 = VECTOR('',#1746,1.);
#1746 = DIRECTION('',(1.,-0.));
#1747 = ( GEOMETRIC_REPRESENTATION_CONTEXT(2) 
PARAMETRIC_REPRESENTATION_CONTEXT() REPRESENTATION_CONTEXT('2D SPACE',''
  ) );
#1748 = PCURVE('',#1749,#1754);
#1749 = PLANE('',#1750);
#1750 = AXIS2_PLACEMENT_3D('',#1751,#1752,#1753);
#1751 = CARTESIAN_POINT('',(17.96,-0.15,24.85));
#1752 = DIRECTION('',(1.,0.,0.));
#1753 = DIRECTION('',(0.,0.,1.));
#1754 = DEFINITIONAL_REPRESENTATION('',(#1755),#1763);
#1755 = ( BOUNDED_CURVE() B_SPLINE_CURVE(2,(#1756,#1757,#1758,#1759,
#1760,#1761,#1762),.UNSPECIFIED.,.T.,.F.) B_SPLINE_CURVE_WITH_KNOTS((1,2
    ,2,2,2,1),(-2.094395102393,0.,2.094395102393,4.188790204786,
6.28318530718,8.377580409573),.UNSPECIFIED.) CURVE() 
GEOMETRIC_REPRESENTATION_ITEM() RATIONAL_B_SPLINE_CURVE((1.,0.5,1.,0.5,
1.,0.5,1.)) REPRESENTATION_ITEM('') );
#1756 = CARTESIAN_POINT('',(1.15,-2.25));
#1757 = CARTESIAN_POINT('',(-1.62128129211,-2.25));
#1758 = CARTESIAN_POINT('',(-0.235640646055,0.15));
#1759 = CARTESIAN_POINT('',(1.15,2.55));
#1760 = CARTESIAN_POINT('',(2.535640646055,0.15));
#1761 = CARTESIAN_POINT('',(3.92128129211,-2.25));
#1762 = CARTESIAN_POINT('',(1.15,-2.25));
#1763 = ( GEOMETRIC_REPRESENTATION_CONTEXT(2) 
PARAMETRIC_REPRESENTATION_CONTEXT() REPRESENTATION_CONTEXT('2D SPACE',''
  ) );
#1764 = ORIENTED_EDGE('',*,*,#1765,.F.);
#1765 = EDGE_CURVE('',#1766,#1733,#1768,.T.);
#1766 = VERTEX_POINT('',#1767);
#1767 = CARTESIAN_POINT('',(18.36,2.,26.556776436283));
#1768 = SURFACE_CURVE('',#1769,(#1773,#1779),.PCURVE_S1.);
#1769 = LINE('',#1770,#1771);
#1770 = CARTESIAN_POINT('',(-1.,2.,26.556776436283));
#1771 = VECTOR('',#1772,1.);
#1772 = DIRECTION('',(-1.,-0.,-0.));
#1773 = PCURVE('',#48,#1774);
#1774 = DEFINITIONAL_REPRESENTATION('',(#1775),#1778);
#1775 = B_SPLINE_CURVE_WITH_KNOTS('',1,(#1776,#1777),.UNSPECIFIED.,.F.,
  .F.,(2,2),(-19.4,-18.92),.PIECEWISE_BEZIER_KNOTS.);
#1776 = CARTESIAN_POINT('',(-0.35542120169,-19.4));
#1777 = CARTESIAN_POINT('',(-0.35542120169,-18.92));
#1778 = ( GEOMETRIC_REPRESENTATION_CONTEXT(2) 
PARAMETRIC_REPRESENTATION_CONTEXT() REPRESENTATION_CONTEXT('2D SPACE',''
  ) );
#1779 = PCURVE('',#1780,#1785);
#1780 = PLANE('',#1781);
#1781 = AXIS2_PLACEMENT_3D('',#1782,#1783,#1784);
#1782 = CARTESIAN_POINT('',(2.,2.,27.));
#1783 = DIRECTION('',(0.,-1.,0.));
#1784 = DIRECTION('',(1.,0.,0.));
#1785 = DEFINITIONAL_REPRESENTATION('',(#1786),#1789);
#1786 = B_SPLINE_CURVE_WITH_KNOTS('',1,(#1787,#1788),.UNSPECIFIED.,.F.,
  .F.,(2,2),(-19.4,-18.92),.PIECEWISE_BEZIER_KNOTS.);
#1787 = CARTESIAN_POINT('',(16.4,-0.443223563717));
#1788 = CARTESIAN_POINT('',(15.92,-0.443223563717));
#1789 = ( GEOMETRIC_REPRESENTATION_CONTEXT(2) 
PARAMETRIC_REPRESENTATION_CONTEXT() REPRESENTATION_CONTEXT('2D SPACE',''
  ) );
#1790 = ORIENTED_EDGE('',*,*,#1791,.T.);
#1791 = EDGE_CURVE('',#1766,#1792,#1794,.T.);
#1792 = VERTEX_POINT('',#1793);
#1793 = CARTESIAN_POINT('',(18.36,2.1,26.));
#1794 = SURFACE_CURVE('',#1795,(#1800,#1807),.PCURVE_S1.);
#1795 = CIRCLE('',#1796,1.6);
#1796 = AXIS2_PLACEMENT_3D('',#1797,#1798,#1799);
#1797 = CARTESIAN_POINT('',(18.36,0.5,26.));
#1798 = DIRECTION('',(-1.,0.,0.));
#1799 = DIRECTION('',(0.,1.,0.));
#1800 = PCURVE('',#48,#1801);
#1801 = DEFINITIONAL_REPRESENTATION('',(#1802),#1806);
#1802 = LINE('',#1803,#1804);
#1803 = CARTESIAN_POINT('',(-6.28318530718,-19.36));
#1804 = VECTOR('',#1805,1.);
#1805 = DIRECTION('',(1.,-0.));
#1806 = ( GEOMETRIC_REPRESENTATION_CONTEXT(2) 
PARAMETRIC_REPRESENTATION_CONTEXT() REPRESENTATION_CONTEXT('2D SPACE',''
  ) );
#1807 = PCURVE('',#1285,#1808);
#1808 = DEFINITIONAL_REPRESENTATION('',(#1809),#1817);
#1809 = ( BOUNDED_CURVE() B_SPLINE_CURVE(2,(#1810,#1811,#1812,#1813,
#1814,#1815,#1816),.UNSPECIFIED.,.T.,.F.) B_SPLINE_CURVE_WITH_KNOTS((1,2
    ,2,2,2,1),(-2.094395102393,0.,2.094395102393,4.188790204786,
6.28318530718,8.377580409573),.UNSPECIFIED.) CURVE() 
GEOMETRIC_REPRESENTATION_ITEM() RATIONAL_B_SPLINE_CURVE((1.,0.5,1.,0.5,
1.,0.5,1.)) REPRESENTATION_ITEM('') );
#1810 = CARTESIAN_POINT('',(7.105427357601E-15,-1.6));
#1811 = CARTESIAN_POINT('',(-2.77128129211,-1.6));
#1812 = CARTESIAN_POINT('',(-1.385640646055,0.8));
#1813 = CARTESIAN_POINT('',(6.713540381874E-15,3.2));
#1814 = CARTESIAN_POINT('',(1.385640646055,0.8));
#1815 = CARTESIAN_POINT('',(2.77128129211,-1.6));
#1816 = CARTESIAN_POINT('',(7.105427357601E-15,-1.6));
#1817 = ( GEOMETRIC_REPRESENTATION_CONTEXT(2) 
PARAMETRIC_REPRESENTATION_CONTEXT() REPRESENTATION_CONTEXT('2D SPACE',''
  ) );
#1818 = ORIENTED_EDGE('',*,*,#1819,.T.);
#1819 = EDGE_CURVE('',#1792,#1820,#1822,.T.);
#1820 = VERTEX_POINT('',#1821);
#1821 = CARTESIAN_POINT('',(31.92,2.1,26.));
#1822 = SEAM_CURVE('',#1823,(#1827,#1834),.PCURVE_S1.);
#1823 = LINE('',#1824,#1825);
#1824 = CARTESIAN_POINT('',(-1.,2.1,26.));
#1825 = VECTOR('',#1826,1.);
#1826 = DIRECTION('',(1.,0.,0.));
#1827 = PCURVE('',#48,#1828);
#1828 = DEFINITIONAL_REPRESENTATION('',(#1829),#1833);
#1829 = LINE('',#1830,#1831);
#1830 = CARTESIAN_POINT('',(-0.,0.));
#1831 = VECTOR('',#1832,1.);
#1832 = DIRECTION('',(-0.,-1.));
#1833 = ( GEOMETRIC_REPRESENTATION_CONTEXT(2) 
PARAMETRIC_REPRESENTATION_CONTEXT() REPRESENTATION_CONTEXT('2D SPACE',''
  ) );
#1834 = PCURVE('',#48,#1835);
#1835 = DEFINITIONAL_REPRESENTATION('',(#1836),#1840);
#1836 = LINE('',#1837,#1838);
#1837 = CARTESIAN_POINT('',(-6.28318530718,0.));
#1838 = VECTOR('',#1839,1.);
#1839 = DIRECTION('',(-0.,-1.));
#1840 = ( GEOMETRIC_REPRESENTATION_CONTEXT(2) 
PARAMETRIC_REPRESENTATION_CONTEXT() REPRESENTATION_CONTEXT('2D SPACE',''
  ) );
#1841 = ORIENTED_EDGE('',*,*,#1842,.F.);
#1842 = EDGE_CURVE('',#1843,#1820,#1845,.T.);
#1843 = VERTEX_POINT('',#1844);
#1844 = CARTESIAN_POINT('',(31.92,2.,26.556776436283));
#1845 = SURFACE_CURVE('',#1846,(#1851,#1858),.PCURVE_S1.);
#1846 = CIRCLE('',#1847,1.6);
#1847 = AXIS2_PLACEMENT_3D('',#1848,#1849,#1850);
#1848 = CARTESIAN_POINT('',(31.92,0.5,26.));
#1849 = DIRECTION('',(-1.,0.,0.));
#1850 = DIRECTION('',(0.,1.,0.));
#1851 = PCURVE('',#48,#1852);
#1852 = DEFINITIONAL_REPRESENTATION('',(#1853),#1857);
#1853 = LINE('',#1854,#1855);
#1854 = CARTESIAN_POINT('',(-6.28318530718,-32.92));
#1855 = VECTOR('',#1856,1.);
#1856 = DIRECTION('',(1.,-0.));
#1857 = ( GEOMETRIC_REPRESENTATION_CONTEXT(2) 
PARAMETRIC_REPRESENTATION_CONTEXT() REPRESENTATION_CONTEXT('2D SPACE',''
  ) );
#1858 = PCURVE('',#1368,#1859);
#1859 = DEFINITIONAL_REPRESENTATION('',(#1860),#1868);
#1860 = ( BOUNDED_CURVE() B_SPLINE_CURVE(2,(#1861,#1862,#1863,#1864,
#1865,#1866,#1867),.UNSPECIFIED.,.T.,.F.) B_SPLINE_CURVE_WITH_KNOTS((1,2
    ,2,2,2,1),(-2.094395102393,0.,2.094395102393,4.188790204786,
6.28318530718,8.377580409573),.UNSPECIFIED.) CURVE() 
GEOMETRIC_REPRESENTATION_ITEM() RATIONAL_B_SPLINE_CURVE((1.,0.5,1.,0.5,
1.,0.5,1.)) REPRESENTATION_ITEM('') );
#1861 = CARTESIAN_POINT('',(7.105427357601E-15,-1.6));
#1862 = CARTESIAN_POINT('',(-2.77128129211,-1.6));
#1863 = CARTESIAN_POINT('',(-1.385640646055,0.8));
#1864 = CARTESIAN_POINT('',(6.713540381874E-15,3.2));
#1865 = CARTESIAN_POINT('',(1.385640646055,0.8));
#1866 = CARTESIAN_POINT('',(2.77128129211,-1.6));
#1867 = CARTESIAN_POINT('',(7.105427357601E-15,-1.6));
#1868 = ( GEOMETRIC_REPRESENTATION_CONTEXT(2) 
PARAMETRIC_REPRESENTATION_CONTEXT() REPRESENTATION_CONTEXT('2D SPACE',''
  ) );
#1869 = ORIENTED_EDGE('',*,*,#1870,.F.);
#1870 = EDGE_CURVE('',#1871,#1843,#1873,.T.);
#1871 = VERTEX_POINT('',#1872);
#1872 = CARTESIAN_POINT('',(32.32,2.,26.556776436283));
#1873 = SURFACE_CURVE('',#1874,(#1878,#1884),.PCURVE_S1.);
#1874 = LINE('',#1875,#1876);
#1875 = CARTESIAN_POINT('',(-1.,2.,26.556776436283));
#1876 = VECTOR('',#1877,1.);
#1877 = DIRECTION('',(-1.,-0.,-0.));
#1878 = PCURVE('',#48,#1879);
#1879 = DEFINITIONAL_REPRESENTATION('',(#1880),#1883);
#1880 = B_SPLINE_CURVE_WITH_KNOTS('',1,(#1881,#1882),.UNSPECIFIED.,.F.,
  .F.,(2,2),(-33.36,-32.88),.PIECEWISE_BEZIER_KNOTS.);
#1881 = CARTESIAN_POINT('',(-0.35542120169,-33.36));
#1882 = CARTESIAN_POINT('',(-0.35542120169,-32.88));
#1883 = ( GEOMETRIC_REPRESENTATION_CONTEXT(2) 
PARAMETRIC_REPRESENTATION_CONTEXT() REPRESENTATION_CONTEXT('2D SPACE',''
  ) );
#1884 = PCURVE('',#1885,#1890);
#1885 = PLANE('',#1886);
#1886 = AXIS2_PLACEMENT_3D('',#1887,#1888,#1889);
#1887 = CARTESIAN_POINT('',(2.,2.,27.));
#1888 = DIRECTION('',(0.,-1.,0.));
#1889 = DIRECTION('',(1.,0.,0.));
#1890 = DEFINITIONAL_REPRESENTATION('',(#1891),#1894);
#1891 = B_SPLINE_CURVE_WITH_KNOTS('',1,(#1892,#1893),.UNSPECIFIED.,.F.,
  .F.,(2,2),(-33.36,-32.88),.PIECEWISE_BEZIER_KNOTS.);
#1892 = CARTESIAN_POINT('',(30.36,-0.443223563717));
#1893 = CARTESIAN_POINT('',(29.88,-0.443223563717));
#1894 = ( GEOMETRIC_REPRESENTATION_CONTEXT(2) 
PARAMETRIC_REPRESENTATION_CONTEXT() REPRESENTATION_CONTEXT('2D SPACE',''
  ) );
#1895 = ORIENTED_EDGE('',*,*,#1896,.F.);
#1896 = EDGE_CURVE('',#1897,#1871,#1899,.T.);
#1897 = VERTEX_POINT('',#1898);
#1898 = CARTESIAN_POINT('',(32.32,1.612429773064,27.15));
#1899 = SURFACE_CURVE('',#1900,(#1905,#1912),.PCURVE_S1.);
#1900 = CIRCLE('',#1901,1.6);
#1901 = AXIS2_PLACEMENT_3D('',#1902,#1903,#1904);
#1902 = CARTESIAN_POINT('',(32.32,0.5,26.));
#1903 = DIRECTION('',(-1.,0.,0.));
#1904 = DIRECTION('',(0.,1.,0.));
#1905 = PCURVE('',#48,#1906);
#1906 = DEFINITIONAL_REPRESENTATION('',(#1907),#1911);
#1907 = LINE('',#1908,#1909);
#1908 = CARTESIAN_POINT('',(-6.28318530718,-33.32));
#1909 = VECTOR('',#1910,1.);
#1910 = DIRECTION('',(1.,-0.));
#1911 = ( GEOMETRIC_REPRESENTATION_CONTEXT(2) 
PARAMETRIC_REPRESENTATION_CONTEXT() REPRESENTATION_CONTEXT('2D SPACE',''
  ) );
#1912 = PCURVE('',#1913,#1918);
#1913 = PLANE('',#1914);
#1914 = AXIS2_PLACEMENT_3D('',#1915,#1916,#1917);
#1915 = CARTESIAN_POINT('',(32.32,-0.15,24.85));
#1916 = DIRECTION('',(1.,0.,0.));
#1917 = DIRECTION('',(0.,0.,1.));
#1918 = DEFINITIONAL_REPRESENTATION('',(#1919),#1927);
#1919 = ( BOUNDED_CURVE() B_SPLINE_CURVE(2,(#1920,#1921,#1922,#1923,
#1924,#1925,#1926),.UNSPECIFIED.,.T.,.F.) B_SPLINE_CURVE_WITH_KNOTS((1,2
    ,2,2,2,1),(-2.094395102393,0.,2.094395102393,4.188790204786,
6.28318530718,8.377580409573),.UNSPECIFIED.) CURVE() 
GEOMETRIC_REPRESENTATION_ITEM() RATIONAL_B_SPLINE_CURVE((1.,0.5,1.,0.5,
1.,0.5,1.)) REPRESENTATION_ITEM('') );
#1920 = CARTESIAN_POINT('',(1.15,-2.25));
#1921 = CARTESIAN_POINT('',(-1.62128129211,-2.25));
#1922 = CARTESIAN_POINT('',(-0.235640646055,0.15));
#1923 = CARTESIAN_POINT('',(1.15,2.55));
#1924 = CARTESIAN_POINT('',(2.535640646055,0.15));
#1925 = CARTESIAN_POINT('',(3.92128129211,-2.25));
#1926 = CARTESIAN_POINT('',(1.15,-2.25));
#1927 = ( GEOMETRIC_REPRESENTATION_CONTEXT(2) 
PARAMETRIC_REPRESENTATION_CONTEXT() REPRESENTATION_CONTEXT('2D SPACE',''
  ) );
#1928 = ORIENTED_EDGE('',*,*,#1929,.F.);
#1929 = EDGE_CURVE('',#1930,#1897,#1932,.T.);
#1930 = VERTEX_POINT('',#1931);
#1931 = CARTESIAN_POINT('',(46.68,1.612429773064,27.15));
#1932 = SURFACE_CURVE('',#1933,(#1937,#1943),.PCURVE_S1.);
#1933 = LINE('',#1934,#1935);
#1934 = CARTESIAN_POINT('',(-1.,1.612429773064,27.15));
#1935 = VECTOR('',#1936,1.);
#1936 = DIRECTION('',(-1.,-0.,-0.));
#1937 = PCURVE('',#48,#1938);
#1938 = DEFINITIONAL_REPRESENTATION('',(#1939),#1942);
#1939 = B_SPLINE_CURVE_WITH_KNOTS('',1,(#1940,#1941),.UNSPECIFIED.,.F.,
  .F.,(2,2),(-49.116,-31.884),.PIECEWISE_BEZIER_KNOTS.);
#1940 = CARTESIAN_POINT('',(-0.802002777804,-49.116));
#1941 = CARTESIAN_POINT('',(-0.802002777804,-31.884));
#1942 = ( GEOMETRIC_REPRESENTATION_CONTEXT(2) 
PARAMETRIC_REPRESENTATION_CONTEXT() REPRESENTATION_CONTEXT('2D SPACE',''
  ) );
#1943 = PCURVE('',#1944,#1949);
#1944 = PLANE('',#1945);
#1945 = AXIS2_PLACEMENT_3D('',#1946,#1947,#1948);
#1946 = CARTESIAN_POINT('',(32.32,-0.15,27.15));
#1947 = DIRECTION('',(0.,0.,1.));
#1948 = DIRECTION('',(1.,0.,0.));
#1949 = DEFINITIONAL_REPRESENTATION('',(#1950),#1953);
#1950 = B_SPLINE_CURVE_WITH_KNOTS('',1,(#1951,#1952),.UNSPECIFIED.,.F.,
  .F.,(2,2),(-49.116,-31.884),.PIECEWISE_BEZIER_KNOTS.);
#1951 = CARTESIAN_POINT('',(15.796,1.762429773064));
#1952 = CARTESIAN_POINT('',(-1.436,1.762429773064));
#1953 = ( GEOMETRIC_REPRESENTATION_CONTEXT(2) 
PARAMETRIC_REPRESENTATION_CONTEXT() REPRESENTATION_CONTEXT('2D SPACE',''
  ) );
#1954 = ORIENTED_EDGE('',*,*,#1955,.T.);
#1955 = EDGE_CURVE('',#1930,#1956,#1958,.T.);
#1956 = VERTEX_POINT('',#1957);
#1957 = CARTESIAN_POINT('',(46.68,2.,26.556776436283));
#1958 = SURFACE_CURVE('',#1959,(#1964,#1971),.PCURVE_S1.);
#1959 = CIRCLE('',#1960,1.6);
#1960 = AXIS2_PLACEMENT_3D('',#1961,#1962,#1963);
#1961 = CARTESIAN_POINT('',(46.68,0.5,26.));
#1962 = DIRECTION('',(-1.,0.,0.));
#1963 = DIRECTION('',(0.,1.,0.));
#1964 = PCURVE('',#48,#1965);
#1965 = DEFINITIONAL_REPRESENTATION('',(#1966),#1970);
#1966 = LINE('',#1967,#1968);
#1967 = CARTESIAN_POINT('',(-6.28318530718,-47.68));
#1968 = VECTOR('',#1969,1.);
#1969 = DIRECTION('',(1.,-0.));
#1970 = ( GEOMETRIC_REPRESENTATION_CONTEXT(2) 
PARAMETRIC_REPRESENTATION_CONTEXT() REPRESENTATION_CONTEXT('2D SPACE',''
  ) );
#1971 = PCURVE('',#1972,#1977);
#1972 = PLANE('',#1973);
#1973 = AXIS2_PLACEMENT_3D('',#1974,#1975,#1976);
#1974 = CARTESIAN_POINT('',(46.68,-0.15,24.85));
#1975 = DIRECTION('',(1.,0.,0.));
#1976 = DIRECTION('',(0.,0.,1.));
#1977 = DEFINITIONAL_REPRESENTATION('',(#1978),#1986);
#1978 = ( BOUNDED_CURVE() B_SPLINE_CURVE(2,(#1979,#1980,#1981,#1982,
#1983,#1984,#1985),.UNSPECIFIED.,.T.,.F.) B_SPLINE_CURVE_WITH_KNOTS((1,2
    ,2,2,2,1),(-2.094395102393,0.,2.094395102393,4.188790204786,
6.28318530718,8.377580409573),.UNSPECIFIED.) CURVE() 
GEOMETRIC_REPRESENTATION_ITEM() RATIONAL_B_SPLINE_CURVE((1.,0.5,1.,0.5,
1.,0.5,1.)) REPRESENTATION_ITEM('') );
#1979 = CARTESIAN_POINT('',(1.15,-2.25));
#1980 = CARTESIAN_POINT('',(-1.62128129211,-2.25));
#1981 = CARTESIAN_POINT('',(-0.235640646055,0.15));
#1982 = CARTESIAN_POINT('',(1.15,2.55));
#1983 = CARTESIAN_POINT('',(2.535640646055,0.15));
#1984 = CARTESIAN_POINT('',(3.92128129211,-2.25));
#1985 = CARTESIAN_POINT('',(1.15,-2.25));
#1986 = ( GEOMETRIC_REPRESENTATION_CONTEXT(2) 
PARAMETRIC_REPRESENTATION_CONTEXT() REPRESENTATION_CONTEXT('2D SPACE',''
  ) );
#1987 = ORIENTED_EDGE('',*,*,#1988,.F.);
#1988 = EDGE_CURVE('',#1989,#1956,#1991,.T.);
#1989 = VERTEX_POINT('',#1990);
#1990 = CARTESIAN_POINT('',(47.08,2.,26.556776436283));
#1991 = SURFACE_CURVE('',#1992,(#1996,#2002),.PCURVE_S1.);
#1992 = LINE('',#1993,#1994);
#1993 = CARTESIAN_POINT('',(-1.,2.,26.556776436283));
#1994 = VECTOR('',#1995,1.);
#1995 = DIRECTION('',(-1.,-0.,-0.));
#1996 = PCURVE('',#48,#1997);
#1997 = DEFINITIONAL_REPRESENTATION('',(#1998),#2001);
#1998 = B_SPLINE_CURVE_WITH_KNOTS('',1,(#1999,#2000),.UNSPECIFIED.,.F.,
  .F.,(2,2),(-48.12,-47.64),.PIECEWISE_BEZIER_KNOTS.);
#1999 = CARTESIAN_POINT('',(-0.35542120169,-48.12));
#2000 = CARTESIAN_POINT('',(-0.35542120169,-47.64));
#2001 = ( GEOMETRIC_REPRESENTATION_CONTEXT(2) 
PARAMETRIC_REPRESENTATION_CONTEXT() REPRESENTATION_CONTEXT('2D SPACE',''
  ) );
#2002 = PCURVE('',#2003,#2008);
#2003 = PLANE('',#2004);
#2004 = AXIS2_PLACEMENT_3D('',#2005,#2006,#2007);
#2005 = CARTESIAN_POINT('',(2.,2.,27.));
#2006 = DIRECTION('',(0.,-1.,0.));
#2007 = DIRECTION('',(1.,0.,0.));
#2008 = DEFINITIONAL_REPRESENTATION('',(#2009),#2012);
#2009 = B_SPLINE_CURVE_WITH_KNOTS('',1,(#2010,#2011),.UNSPECIFIED.,.F.,
  .F.,(2,2),(-48.12,-47.64),.PIECEWISE_BEZIER_KNOTS.);
#2010 = CARTESIAN_POINT('',(45.12,-0.443223563717));
#2011 = CARTESIAN_POINT('',(44.64,-0.443223563717));
#2012 = ( GEOMETRIC_REPRESENTATION_CONTEXT(2) 
PARAMETRIC_REPRESENTATION_CONTEXT() REPRESENTATION_CONTEXT('2D SPACE',''
  ) );
#2013 = ORIENTED_EDGE('',*,*,#2014,.T.);
#2014 = EDGE_CURVE('',#1989,#2015,#2017,.T.);
#2015 = VERTEX_POINT('',#2016);
#2016 = CARTESIAN_POINT('',(47.08,2.1,26.));
#2017 = SURFACE_CURVE('',#2018,(#2023,#2030),.PCURVE_S1.);
#2018 = CIRCLE('',#2019,1.6);
#2019 = AXIS2_PLACEMENT_3D('',#2020,#2021,#2022);
#2020 = CARTESIAN_POINT('',(47.08,0.5,26.));
#2021 = DIRECTION('',(-1.,0.,0.));
#2022 = DIRECTION('',(0.,1.,0.));
#2023 = PCURVE('',#48,#2024);
#2024 = DEFINITIONAL_REPRESENTATION('',(#2025),#2029);
#2025 = LINE('',#2026,#2027);
#2026 = CARTESIAN_POINT('',(-6.28318530718,-48.08));
#2027 = VECTOR('',#2028,1.);
#2028 = DIRECTION('',(1.,-0.));
#2029 = ( GEOMETRIC_REPRESENTATION_CONTEXT(2) 
PARAMETRIC_REPRESENTATION_CONTEXT() REPRESENTATION_CONTEXT('2D SPACE',''
  ) );
#2030 = PCURVE('',#1431,#2031);
#2031 = DEFINITIONAL_REPRESENTATION('',(#2032),#2040);
#2032 = ( BOUNDED_CURVE() B_SPLINE_CURVE(2,(#2033,#2034,#2035,#2036,
#2037,#2038,#2039),.UNSPECIFIED.,.T.,.F.) B_SPLINE_CURVE_WITH_KNOTS((1,2
    ,2,2,2,1),(-2.094395102393,0.,2.094395102393,4.188790204786,
6.28318530718,8.377580409573),.UNSPECIFIED.) CURVE() 
GEOMETRIC_REPRESENTATION_ITEM() RATIONAL_B_SPLINE_CURVE((1.,0.5,1.,0.5,
1.,0.5,1.)) REPRESENTATION_ITEM('') );
#2033 = CARTESIAN_POINT('',(7.105427357601E-15,-1.6));
#2034 = CARTESIAN_POINT('',(-2.77128129211,-1.6));
#2035 = CARTESIAN_POINT('',(-1.385640646055,0.8));
#2036 = CARTESIAN_POINT('',(6.713540381874E-15,3.2));
#2037 = CARTESIAN_POINT('',(1.385640646055,0.8));
#2038 = CARTESIAN_POINT('',(2.77128129211,-1.6));
#2039 = CARTESIAN_POINT('',(7.105427357601E-15,-1.6));
#2040 = ( GEOMETRIC_REPRESENTATION_CONTEXT(2) 
PARAMETRIC_REPRESENTATION_CONTEXT() REPRESENTATION_CONTEXT('2D SPACE',''
  ) );
#2041 = ORIENTED_EDGE('',*,*,#2042,.T.);
#2042 = EDGE_CURVE('',#2015,#2043,#2045,.T.);
#2043 = VERTEX_POINT('',#2044);
#2044 = CARTESIAN_POINT('',(60.64,2.1,26.));
#2045 = SEAM_CURVE('',#2046,(#2050,#2057),.PCURVE_S1.);
#2046 = LINE('',#2047,#2048);
#2047 = CARTESIAN_POINT('',(-1.,2.1,26.));
#2048 = VECTOR('',#2049,1.);
#2049 = DIRECTION('',(1.,0.,0.));
#2050 = PCURVE('',#48,#2051);
#2051 = DEFINITIONAL_REPRESENTATION('',(#2052),#2056);
#2052 = LINE('',#2053,#2054);
#2053 = CARTESIAN_POINT('',(-0.,0.));
#2054 = VECTOR('',#2055,1.);
#2055 = DIRECTION('',(-0.,-1.));
#2056 = ( GEOMETRIC_REPRESENTATION_CONTEXT(2) 
PARAMETRIC_REPRESENTATION_CONTEXT() REPRESENTATION_CONTEXT('2D SPACE',''
  ) );
#2057 = PCURVE('',#48,#2058);
#2058 = DEFINITIONAL_REPRESENTATION('',(#2059),#2063);
#2059 = LINE('',#2060,#2061);
#2060 = CARTESIAN_POINT('',(-6.28318530718,0.));
#2061 = VECTOR('',#2062,1.);
#2062 = DIRECTION('',(-0.,-1.));
#2063 = ( GEOMETRIC_REPRESENTATION_CONTEXT(2) 
PARAMETRIC_REPRESENTATION_CONTEXT() REPRESENTATION_CONTEXT('2D SPACE',''
  ) );
#2064 = ORIENTED_EDGE('',*,*,#2065,.F.);
#2065 = EDGE_CURVE('',#2066,#2043,#2068,.T.);
#2066 = VERTEX_POINT('',#2067);
#2067 = CARTESIAN_POINT('',(60.64,2.,26.556776436283));
#2068 = SURFACE_CURVE('',#2069,(#2074,#2081),.PCURVE_S1.);
#2069 = CIRCLE('',#2070,1.6);
#2070 = AXIS2_PLACEMENT_3D('',#2071,#2072,#2073);
#2071 = CARTESIAN_POINT('',(60.64,0.5,26.));
#2072 = DIRECTION('',(-1.,0.,0.));
#2073 = DIRECTION('',(0.,1.,0.));
#2074 = PCURVE('',#48,#2075);
#2075 = DEFINITIONAL_REPRESENTATION('',(#2076),#2080);
#2076 = LINE('',#2077,#2078);
#2077 = CARTESIAN_POINT('',(-6.28318530718,-61.64));
#2078 = VECTOR('',#2079,1.);
#2079 = DIRECTION('',(1.,-0.));
#2080 = ( GEOMETRIC_REPRESENTATION_CONTEXT(2) 
PARAMETRIC_REPRESENTATION_CONTEXT() REPRESENTATION_CONTEXT('2D SPACE',''
  ) );
#2081 = PCURVE('',#1527,#2082);
#2082 = DEFINITIONAL_REPRESENTATION('',(#2083),#2091);
#2083 = ( BOUNDED_CURVE() B_SPLINE_CURVE(2,(#2084,#2085,#2086,#2087,
#2088,#2089,#2090),.UNSPECIFIED.,.T.,.F.) B_SPLINE_CURVE_WITH_KNOTS((1,2
    ,2,2,2,1),(-2.094395102393,0.,2.094395102393,4.188790204786,
6.28318530718,8.377580409573),.UNSPECIFIED.) CURVE() 
GEOMETRIC_REPRESENTATION_ITEM() RATIONAL_B_SPLINE_CURVE((1.,0.5,1.,0.5,
1.,0.5,1.)) REPRESENTATION_ITEM('') );
#2084 = CARTESIAN_POINT('',(7.105427357601E-15,-1.6));
#2085 = CARTESIAN_POINT('',(-2.77128129211,-1.6));
#2086 = CARTESIAN_POINT('',(-1.385640646055,0.8));
#2087 = CARTESIAN_POINT('',(6.713540381874E-15,3.2));
#2088 = CARTESIAN_POINT('',(1.385640646055,0.8));
#2089 = CARTESIAN_POINT('',(2.77128129211,-1.6));
#2090 = CARTESIAN_POINT('',(7.105427357601E-15,-1.6));
#2091 = ( GEOMETRIC_REPRESENTATION_CONTEXT(2) 
PARAMETRIC_REPRESENTATION_CONTEXT() REPRESENTATION_CONTEXT('2D SPACE',''
  ) );
#2092 = ORIENTED_EDGE('',*,*,#2093,.F.);
#2093 = EDGE_CURVE('',#2094,#2066,#2096,.T.);
#2094 = VERTEX_POINT('',#2095);
#2095 = CARTESIAN_POINT('',(61.04,2.,26.556776436283));
#2096 = SURFACE_CURVE('',#2097,(#2101,#2107),.PCURVE_S1.);
#2097 = LINE('',#2098,#2099);
#2098 = CARTESIAN_POINT('',(-1.,2.,26.556776436283));
#2099 = VECTOR('',#2100,1.);
#2100 = DIRECTION('',(-1.,-0.,-0.));
#2101 = PCURVE('',#48,#2102);
#2102 = DEFINITIONAL_REPRESENTATION('',(#2103),#2106);
#2103 = B_SPLINE_CURVE_WITH_KNOTS('',1,(#2104,#2105),.UNSPECIFIED.,.F.,
  .F.,(2,2),(-62.08,-61.6),.PIECEWISE_BEZIER_KNOTS.);
#2104 = CARTESIAN_POINT('',(-0.35542120169,-62.08));
#2105 = CARTESIAN_POINT('',(-0.35542120169,-61.6));
#2106 = ( GEOMETRIC_REPRESENTATION_CONTEXT(2) 
PARAMETRIC_REPRESENTATION_CONTEXT() REPRESENTATION_CONTEXT('2D SPACE',''
  ) );
#2107 = PCURVE('',#2108,#2113);
#2108 = PLANE('',#2109);
#2109 = AXIS2_PLACEMENT_3D('',#2110,#2111,#2112);
#2110 = CARTESIAN_POINT('',(2.,2.,27.));
#2111 = DIRECTION('',(0.,-1.,0.));
#2112 = DIRECTION('',(1.,0.,0.));
#2113 = DEFINITIONAL_REPRESENTATION('',(#2114),#2117);
#2114 = B_SPLINE_CURVE_WITH_KNOTS('',1,(#2115,#2116),.UNSPECIFIED.,.F.,
  .F.,(2,2),(-62.08,-61.6),.PIECEWISE_BEZIER_KNOTS.);
#2115 = CARTESIAN_POINT('',(59.08,-0.443223563717));
#2116 = CARTESIAN_POINT('',(58.6,-0.443223563717));
#2117 = ( GEOMETRIC_REPRESENTATION_CONTEXT(2) 
PARAMETRIC_REPRESENTATION_CONTEXT() REPRESENTATION_CONTEXT('2D SPACE',''
  ) );
#2118 = ORIENTED_EDGE('',*,*,#2119,.F.);
#2119 = EDGE_CURVE('',#2120,#2094,#2122,.T.);
#2120 = VERTEX_POINT('',#2121);
#2121 = CARTESIAN_POINT('',(61.04,1.612429773064,27.15));
#2122 = SURFACE_CURVE('',#2123,(#2128,#2135),.PCURVE_S1.);
#2123 = CIRCLE('',#2124,1.6);
#2124 = AXIS2_PLACEMENT_3D('',#2125,#2126,#2127);
#2125 = CARTESIAN_POINT('',(61.04,0.5,26.));
#2126 = DIRECTION('',(-1.,0.,0.));
#2127 = DIRECTION('',(0.,1.,0.));
#2128 = PCURVE('',#48,#2129);
#2129 = DEFINITIONAL_REPRESENTATION('',(#2130),#2134);
#2130 = LINE('',#2131,#2132);
#2131 = CARTESIAN_POINT('',(-6.28318530718,-62.04));
#2132 = VECTOR('',#2133,1.);
#2133 = DIRECTION('',(1.,-0.));
#2134 = ( GEOMETRIC_REPRESENTATION_CONTEXT(2) 
PARAMETRIC_REPRESENTATION_CONTEXT() REPRESENTATION_CONTEXT('2D SPACE',''
  ) );
#2135 = PCURVE('',#2136,#2141);
#2136 = PLANE('',#2137);
#2137 = AXIS2_PLACEMENT_3D('',#2138,#2139,#2140);
#2138 = CARTESIAN_POINT('',(61.04,-0.15,24.85));
#2139 = DIRECTION('',(1.,0.,0.));
#2140 = DIRECTION('',(0.,0.,1.));
#2141 = DEFINITIONAL_REPRESENTATION('',(#2142),#2150);
#2142 = ( BOUNDED_CURVE() B_SPLINE_CURVE(2,(#2143,#2144,#2145,#2146,
#2147,#2148,#2149),.UNSPECIFIED.,.T.,.F.) B_SPLINE_CURVE_WITH_KNOTS((1,2
    ,2,2,2,1),(-2.094395102393,0.,2.094395102393,4.188790204786,
6.28318530718,8.377580409573),.UNSPECIFIED.) CURVE() 
GEOMETRIC_REPRESENTATION_ITEM() RATIONAL_B_SPLINE_CURVE((1.,0.5,1.,0.5,
1.,0.5,1.)) REPRESENTATION_ITEM('') );
#2143 = CARTESIAN_POINT('',(1.15,-2.25));
#2144 = CARTESIAN_POINT('',(-1.62128129211,-2.25));
#2145 = CARTESIAN_POINT('',(-0.235640646055,0.15));
#2146 = CARTESIAN_POINT('',(1.15,2.55));
#2147 = CARTESIAN_POINT('',(2.535640646055,0.15));
#2148 = CARTESIAN_POINT('',(3.92128129211,-2.25));
#2149 = CARTESIAN_POINT('',(1.15,-2.25));
#2150 = ( GEOMETRIC_REPRESENTATION_CONTEXT(2) 
PARAMETRIC_REPRESENTATION_CONTEXT() REPRESENTATION_CONTEXT('2D SPACE',''
  ) );
#2151 = ORIENTED_EDGE('',*,*,#2152,.F.);
#2152 = EDGE_CURVE('',#2153,#2120,#2155,.T.);
#2153 = VERTEX_POINT('',#2154);
#2154 = CARTESIAN_POINT('',(75.4,1.612429773064,27.15));
#2155 = SURFACE_CURVE('',#2156,(#2160,#2166),.PCURVE_S1.);
#2156 = LINE('',#2157,#2158);
#2157 = CARTESIAN_POINT('',(-1.,1.612429773064,27.15));
#2158 = VECTOR('',#2159,1.);
#2159 = DIRECTION('',(-1.,-0.,-0.));
#2160 = PCURVE('',#48,#2161);
#2161 = DEFINITIONAL_REPRESENTATION('',(#2162),#2165);
#2162 = B_SPLINE_CURVE_WITH_KNOTS('',1,(#2163,#2164),.UNSPECIFIED.,.F.,
  .F.,(2,2),(-77.836,-60.604),.PIECEWISE_BEZIER_KNOTS.);
#2163 = CARTESIAN_POINT('',(-0.802002777804,-77.836));
#2164 = CARTESIAN_POINT('',(-0.802002777804,-60.604));
#2165 = ( GEOMETRIC_REPRESENTATION_CONTEXT(2) 
PARAMETRIC_REPRESENTATION_CONTEXT() REPRESENTATION_CONTEXT('2D SPACE',''
  ) );
#2166 = PCURVE('',#2167,#2172);
#2167 = PLANE('',#2168);
#2168 = AXIS2_PLACEMENT_3D('',#2169,#2170,#2171);
#2169 = CARTESIAN_POINT('',(61.04,-0.15,27.15));
#2170 = DIRECTION('',(0.,0.,1.));
#2171 = DIRECTION('',(1.,0.,0.));
#2172 = DEFINITIONAL_REPRESENTATION('',(#2173),#2176);
#2173 = B_SPLINE_CURVE_WITH_KNOTS('',1,(#2174,#2175),.UNSPECIFIED.,.F.,
  .F.,(2,2),(-77.836,-60.604),.PIECEWISE_BEZIER_KNOTS.);
#2174 = CARTESIAN_POINT('',(15.796,1.762429773064));
#2175 = CARTESIAN_POINT('',(-1.436,1.762429773064));
#2176 = ( GEOMETRIC_REPRESENTATION_CONTEXT(2) 
PARAMETRIC_REPRESENTATION_CONTEXT() REPRESENTATION_CONTEXT('2D SPACE',''
  ) );
#2177 = ORIENTED_EDGE('',*,*,#2178,.T.);
#2178 = EDGE_CURVE('',#2153,#2179,#2181,.T.);
#2179 = VERTEX_POINT('',#2180);
#2180 = CARTESIAN_POINT('',(75.4,2.,26.556776436283));
#2181 = SURFACE_CURVE('',#2182,(#2187,#2194),.PCURVE_S1.);
#2182 = CIRCLE('',#2183,1.6);
#2183 = AXIS2_PLACEMENT_3D('',#2184,#2185,#2186);
#2184 = CARTESIAN_POINT('',(75.4,0.5,26.));
#2185 = DIRECTION('',(-1.,0.,0.));
#2186 = DIRECTION('',(0.,1.,0.));
#2187 = PCURVE('',#48,#2188);
#2188 = DEFINITIONAL_REPRESENTATION('',(#2189),#2193);
#2189 = LINE('',#2190,#2191);
#2190 = CARTESIAN_POINT('',(-6.28318530718,-76.4));
#2191 = VECTOR('',#2192,1.);
#2192 = DIRECTION('',(1.,-0.));
#2193 = ( GEOMETRIC_REPRESENTATION_CONTEXT(2) 
PARAMETRIC_REPRESENTATION_CONTEXT() REPRESENTATION_CONTEXT('2D SPACE',''
  ) );
#2194 = PCURVE('',#2195,#2200);
#2195 = PLANE('',#2196);
#2196 = AXIS2_PLACEMENT_3D('',#2197,#2198,#2199);
#2197 = CARTESIAN_POINT('',(75.4,-0.15,24.85));
#2198 = DIRECTION('',(1.,0.,0.));
#2199 = DIRECTION('',(0.,0.,1.));
#2200 = DEFINITIONAL_REPRESENTATION('',(#2201),#2209);
#2201 = ( BOUNDED_CURVE() B_SPLINE_CURVE(2,(#2202,#2203,#2204,#2205,
#2206,#2207,#2208),.UNSPECIFIED.,.T.,.F.) B_SPLINE_CURVE_WITH_KNOTS((1,2
    ,2,2,2,1),(-2.094395102393,0.,2.094395102393,4.188790204786,
6.28318530718,8.377580409573),.UNSPECIFIED.) CURVE() 
GEOMETRIC_REPRESENTATION_ITEM() RATIONAL_B_SPLINE_CURVE((1.,0.5,1.,0.5,
1.,0.5,1.)) REPRESENTATION_ITEM('') );
#2202 = CARTESIAN_POINT('',(1.15,-2.25));
#2203 = CARTESIAN_POINT('',(-1.62128129211,-2.25));
#2204 = CARTESIAN_POINT('',(-0.235640646055,0.15));
#2205 = CARTESIAN_POINT('',(1.15,2.55));
#2206 = CARTESIAN_POINT('',(2.535640646055,0.15));
#2207 = CARTESIAN_POINT('',(3.92128129211,-2.25));
#2208 = CARTESIAN_POINT('',(1.15,-2.25));
#2209 = ( GEOMETRIC_REPRESENTATION_CONTEXT(2) 
PARAMETRIC_REPRESENTATION_CONTEXT() REPRESENTATION_CONTEXT('2D SPACE',''
  ) );
#2210 = ORIENTED_EDGE('',*,*,#2211,.F.);
#2211 = EDGE_CURVE('',#2212,#2179,#2214,.T.);
#2212 = VERTEX_POINT('',#2213);
#2213 = CARTESIAN_POINT('',(77.,2.,26.556776436283));
#2214 = SURFACE_CURVE('',#2215,(#2219,#2225),.PCURVE_S1.);
#2215 = LINE('',#2216,#2217);
#2216 = CARTESIAN_POINT('',(-1.,2.,26.556776436283));
#2217 = VECTOR('',#2218,1.);
#2218 = DIRECTION('',(-1.,-0.,-0.));
#2219 = PCURVE('',#48,#2220);
#2220 = DEFINITIONAL_REPRESENTATION('',(#2221),#2224);
#2221 = B_SPLINE_CURVE_WITH_KNOTS('',1,(#2222,#2223),.UNSPECIFIED.,.F.,
  .F.,(2,2),(-78.16,-76.24),.PIECEWISE_BEZIER_KNOTS.);
#2222 = CARTESIAN_POINT('',(-0.35542120169,-78.16));
#2223 = CARTESIAN_POINT('',(-0.35542120169,-76.24));
#2224 = ( GEOMETRIC_REPRESENTATION_CONTEXT(2) 
PARAMETRIC_REPRESENTATION_CONTEXT() REPRESENTATION_CONTEXT('2D SPACE',''
  ) );
#2225 = PCURVE('',#2226,#2231);
#2226 = PLANE('',#2227);
#2227 = AXIS2_PLACEMENT_3D('',#2228,#2229,#2230);
#2228 = CARTESIAN_POINT('',(2.,2.,27.));
#2229 = DIRECTION('',(0.,-1.,0.));
#2230 = DIRECTION('',(1.,0.,0.));
#2231 = DEFINITIONAL_REPRESENTATION('',(#2232),#2235);
#2232 = B_SPLINE_CURVE_WITH_KNOTS('',1,(#2233,#2234),.UNSPECIFIED.,.F.,
  .F.,(2,2),(-78.16,-76.24),.PIECEWISE_BEZIER_KNOTS.);
#2233 = CARTESIAN_POINT('',(75.16,-0.443223563717));
#2234 = CARTESIAN_POINT('',(73.24,-0.443223563717));
#2235 = ( GEOMETRIC_REPRESENTATION_CONTEXT(2) 
PARAMETRIC_REPRESENTATION_CONTEXT() REPRESENTATION_CONTEXT('2D SPACE',''
  ) );
#2236 = ORIENTED_EDGE('',*,*,#2237,.T.);
#2237 = EDGE_CURVE('',#2212,#2238,#2240,.T.);
#2238 = VERTEX_POINT('',#2239);
#2239 = CARTESIAN_POINT('',(77.,2.1,26.));
#2240 = SURFACE_CURVE('',#2241,(#2246,#2253),.PCURVE_S1.);
#2241 = CIRCLE('',#2242,1.6);
#2242 = AXIS2_PLACEMENT_3D('',#2243,#2244,#2245);
#2243 = CARTESIAN_POINT('',(77.,0.5,26.));
#2244 = DIRECTION('',(-1.,0.,0.));
#2245 = DIRECTION('',(0.,1.,0.));
#2246 = PCURVE('',#48,#2247);
#2247 = DEFINITIONAL_REPRESENTATION('',(#2248),#2252);
#2248 = LINE('',#2249,#2250);
#2249 = CARTESIAN_POINT('',(-6.28318530718,-78.));
#2250 = VECTOR('',#2251,1.);
#2251 = DIRECTION('',(1.,-0.));
#2252 = ( GEOMETRIC_REPRESENTATION_CONTEXT(2) 
PARAMETRIC_REPRESENTATION_CONTEXT() REPRESENTATION_CONTEXT('2D SPACE',''
  ) );
#2253 = PCURVE('',#2254,#2259);
#2254 = PLANE('',#2255);
#2255 = AXIS2_PLACEMENT_3D('',#2256,#2257,#2258);
#2256 = CARTESIAN_POINT('',(77.,2.,27.));
#2257 = DIRECTION('',(1.,0.,0.));
#2258 = DIRECTION('',(-0.,1.,0.));
#2259 = DEFINITIONAL_REPRESENTATION('',(#2260),#2268);
#2260 = ( BOUNDED_CURVE() B_SPLINE_CURVE(2,(#2261,#2262,#2263,#2264,
#2265,#2266,#2267),.UNSPECIFIED.,.T.,.F.) B_SPLINE_CURVE_WITH_KNOTS((1,2
    ,2,2,2,1),(-2.094395102393,0.,2.094395102393,4.188790204786,
6.28318530718,8.377580409573),.UNSPECIFIED.) CURVE() 
GEOMETRIC_REPRESENTATION_ITEM() RATIONAL_B_SPLINE_CURVE((1.,0.5,1.,0.5,
1.,0.5,1.)) REPRESENTATION_ITEM('') );
#2261 = CARTESIAN_POINT('',(0.1,-1.));
#2262 = CARTESIAN_POINT('',(0.1,-3.77128129211));
#2263 = CARTESIAN_POINT('',(-2.3,-2.385640646055));
#2264 = CARTESIAN_POINT('',(-4.7,-1.));
#2265 = CARTESIAN_POINT('',(-2.3,0.385640646055));
#2266 = CARTESIAN_POINT('',(1.E-01,1.77128129211));
#2267 = CARTESIAN_POINT('',(0.1,-1.));
#2268 = ( GEOMETRIC_REPRESENTATION_CONTEXT(2) 
PARAMETRIC_REPRESENTATION_CONTEXT() REPRESENTATION_CONTEXT('2D SPACE',''
  ) );
#2269 = ORIENTED_EDGE('',*,*,#2270,.T.);
#2270 = EDGE_CURVE('',#2238,#2271,#2273,.T.);
#2271 = VERTEX_POINT('',#2272);
#2272 = CARTESIAN_POINT('',(79.,2.1,26.));
#2273 = SURFACE_CURVE('',#2274,(#2278,#2285),.PCURVE_S1.);
#2274 = LINE('',#2275,#2276);
#2275 = CARTESIAN_POINT('',(-1.,2.1,26.));
#2276 = VECTOR('',#2277,1.);
#2277 = DIRECTION('',(1.,0.,0.));
#2278 = PCURVE('',#48,#2279);
#2279 = DEFINITIONAL_REPRESENTATION('',(#2280),#2284);
#2280 = LINE('',#2281,#2282);
#2281 = CARTESIAN_POINT('',(-0.,0.));
#2282 = VECTOR('',#2283,1.);
#2283 = DIRECTION('',(-0.,-1.));
#2284 = ( GEOMETRIC_REPRESENTATION_CONTEXT(2) 
PARAMETRIC_REPRESENTATION_CONTEXT() REPRESENTATION_CONTEXT('2D SPACE',''
  ) );
#2285 = PCURVE('',#2286,#2291);
#2286 = CYLINDRICAL_SURFACE('',#2287,1.6);
#2287 = AXIS2_PLACEMENT_3D('',#2288,#2289,#2290);
#2288 = CARTESIAN_POINT('',(-1.,0.5,26.));
#2289 = DIRECTION('',(-1.,-0.,-0.));
#2290 = DIRECTION('',(0.,1.,0.));
#2291 = DEFINITIONAL_REPRESENTATION('',(#2292),#2296);
#2292 = LINE('',#2293,#2294);
#2293 = CARTESIAN_POINT('',(-6.28318530718,0.));
#2294 = VECTOR('',#2295,1.);
#2295 = DIRECTION('',(-0.,-1.));
#2296 = ( GEOMETRIC_REPRESENTATION_CONTEXT(2) 
PARAMETRIC_REPRESENTATION_CONTEXT() REPRESENTATION_CONTEXT('2D SPACE',''
  ) );
#2297 = ORIENTED_EDGE('',*,*,#2298,.F.);
#2298 = EDGE_CURVE('',#2299,#2271,#2301,.T.);
#2299 = VERTEX_POINT('',#2300);
#2300 = CARTESIAN_POINT('',(79.,1.74899959968,27.));
#2301 = SURFACE_CURVE('',#2302,(#2307,#2314),.PCURVE_S1.);
#2302 = CIRCLE('',#2303,1.6);
#2303 = AXIS2_PLACEMENT_3D('',#2304,#2305,#2306);
#2304 = CARTESIAN_POINT('',(79.,0.5,26.));
#2305 = DIRECTION('',(-1.,0.,0.));
#2306 = DIRECTION('',(0.,1.,0.));
#2307 = PCURVE('',#48,#2308);
#2308 = DEFINITIONAL_REPRESENTATION('',(#2309),#2313);
#2309 = LINE('',#2310,#2311);
#2310 = CARTESIAN_POINT('',(-6.28318530718,-80.));
#2311 = VECTOR('',#2312,1.);
#2312 = DIRECTION('',(1.,-0.));
#2313 = ( GEOMETRIC_REPRESENTATION_CONTEXT(2) 
PARAMETRIC_REPRESENTATION_CONTEXT() REPRESENTATION_CONTEXT('2D SPACE',''
  ) );
#2314 = PCURVE('',#2315,#2320);
#2315 = PLANE('',#2316);
#2316 = AXIS2_PLACEMENT_3D('',#2317,#2318,#2319);
#2317 = CARTESIAN_POINT('',(79.,0.,27.));
#2318 = DIRECTION('',(1.,0.,0.));
#2319 = DIRECTION('',(-0.,1.,0.));
#2320 = DEFINITIONAL_REPRESENTATION('',(#2321),#2329);
#2321 = ( BOUNDED_CURVE() B_SPLINE_CURVE(2,(#2322,#2323,#2324,#2325,
#2326,#2327,#2328),.UNSPECIFIED.,.T.,.F.) B_SPLINE_CURVE_WITH_KNOTS((1,2
    ,2,2,2,1),(-2.094395102393,0.,2.094395102393,4.188790204786,
6.28318530718,8.377580409573),.UNSPECIFIED.) CURVE() 
GEOMETRIC_REPRESENTATION_ITEM() RATIONAL_B_SPLINE_CURVE((1.,0.5,1.,0.5,
1.,0.5,1.)) REPRESENTATION_ITEM('') );
#2322 = CARTESIAN_POINT('',(2.1,-1.));
#2323 = CARTESIAN_POINT('',(2.1,-3.77128129211));
#2324 = CARTESIAN_POINT('',(-0.3,-2.385640646055));
#2325 = CARTESIAN_POINT('',(-2.7,-1.));
#2326 = CARTESIAN_POINT('',(-0.3,0.385640646055));
#2327 = CARTESIAN_POINT('',(2.1,1.77128129211));
#2328 = CARTESIAN_POINT('',(2.1,-1.));
#2329 = ( GEOMETRIC_REPRESENTATION_CONTEXT(2) 
PARAMETRIC_REPRESENTATION_CONTEXT() REPRESENTATION_CONTEXT('2D SPACE',''
  ) );
#2330 = ORIENTED_EDGE('',*,*,#2331,.T.);
#2331 = EDGE_CURVE('',#2299,#22,#2332,.T.);
#2332 = SURFACE_CURVE('',#2333,(#2350,#2370),.PCURVE_S1.);
#2333 = B_SPLINE_CURVE_WITH_KNOTS('',8,(#2334,#2335,#2336,#2337,#2338,
    #2339,#2340,#2341,#2342,#2343,#2344,#2345,#2346,#2347,#2348,#2349),
  .UNSPECIFIED.,.F.,.F.,(9,7,9),(0.,0.35517337489,1.),.UNSPECIFIED.);
#2334 = CARTESIAN_POINT('',(79.,1.74899959968,27.));
#2335 = CARTESIAN_POINT('',(78.967389406325,1.715057417642,
    27.042393771777));
#2336 = CARTESIAN_POINT('',(78.93570280845,1.679378514437,
    27.083586349015));
#2337 = CARTESIAN_POINT('',(78.904973585012,1.641971239587,
    27.123534339484));
#2338 = CARTESIAN_POINT('',(78.875239758003,1.602840849838,
    27.162188314596));
#2339 = CARTESIAN_POINT('',(78.846544454199,1.561989071542,
    27.199492209541));
#2340 = CARTESIAN_POINT('',(78.8189363666,1.51941366304,27.23538272342)
  );
#2341 = CARTESIAN_POINT('',(78.792470215864,1.475107977052,
    27.269788719377));
#2342 = CARTESIAN_POINT('',(78.721341561778,1.345460156428,
    27.362255969689));
#2343 = CARTESIAN_POINT('',(78.679502769109,1.256228819863,
    27.416646400158));
#2344 = CARTESIAN_POINT('',(78.641969084049,1.16119207683,
    27.465440190736));
#2345 = CARTESIAN_POINT('',(78.609209035453,1.060207901259,
    27.508028253911));
#2346 = CARTESIAN_POINT('',(78.581841565814,0.953218225465,
    27.543605964442));
#2347 = CARTESIAN_POINT('',(78.560649688545,0.840254171458,
    27.571155404892));
#2348 = CARTESIAN_POINT('',(78.546544217765,0.721475980986,
    27.589492516905));
#2349 = CARTESIAN_POINT('',(78.540727909765,0.597053717305,
    27.597053717305));
#2350 = PCURVE('',#48,#2351);
#2351 = DEFINITIONAL_REPRESENTATION('',(#2352),#2369);
#2352 = B_SPLINE_CURVE_WITH_KNOTS('',8,(#2353,#2354,#2355,#2356,#2357,
    #2358,#2359,#2360,#2361,#2362,#2363,#2364,#2365,#2366,#2367,#2368),
  .UNSPECIFIED.,.F.,.F.,(9,7,9),(0.,0.35517337489,1.),.UNSPECIFIED.);
#2353 = CARTESIAN_POINT('',(-0.675131532937,-80.));
#2354 = CARTESIAN_POINT('',(-0.709073714975,-79.96738940632));
#2355 = CARTESIAN_POINT('',(-0.743108194388,-79.93570280845));
#2356 = CARTESIAN_POINT('',(-0.777270299492,-79.90497358501));
#2357 = CARTESIAN_POINT('',(-0.811594711899,-79.875239758));
#2358 = CARTESIAN_POINT('',(-0.846116668312,-79.84654445419));
#2359 = CARTESIAN_POINT('',(-0.880873162325,-79.8189363666));
#2360 = CARTESIAN_POINT('',(-0.915904146219,-79.79247021586));
#2361 = CARTESIAN_POINT('',(-1.015431838998,-79.72134156177));
#2362 = CARTESIAN_POINT('',(-1.080575453756,-79.6795027691));
#2363 = CARTESIAN_POINT('',(-1.14704430256,-79.64196908404));
#2364 = CARTESIAN_POINT('',(-1.215145471471,-79.60920903545));
#2365 = CARTESIAN_POINT('',(-1.285161134027,-79.58184156581));
#2366 = CARTESIAN_POINT('',(-1.357398181963,-79.56064968854));
#2367 = CARTESIAN_POINT('',(-1.43219311774,-79.54654421776));
#2368 = CARTESIAN_POINT('',(-1.510100493261,-79.54072790976));
#2369 = ( GEOMETRIC_REPRESENTATION_CONTEXT(2) 
PARAMETRIC_REPRESENTATION_CONTEXT() REPRESENTATION_CONTEXT('2D SPACE',''
  ) );
#2370 = PCURVE('',#77,#2371);
#2371 = DEFINITIONAL_REPRESENTATION('',(#2372),#2389);
#2372 = B_SPLINE_CURVE_WITH_KNOTS('',8,(#2373,#2374,#2375,#2376,#2377,
    #2378,#2379,#2380,#2381,#2382,#2383,#2384,#2385,#2386,#2387,#2388),
  .UNSPECIFIED.,.F.,.F.,(9,7,9),(0.,0.35517337489,1.),.UNSPECIFIED.);
#2373 = CARTESIAN_POINT('',(1.74899959968,0.));
#2374 = CARTESIAN_POINT('',(1.673564212948,3.261059367484E-03));
#2375 = CARTESIAN_POINT('',(1.597478999968,6.429719155032E-03));
#2376 = CARTESIAN_POINT('',(1.520797848035,9.502641498766E-03));
#2377 = CARTESIAN_POINT('',(1.443577991467,1.247602419967E-02));
#2378 = CARTESIAN_POINT('',(1.3658802297,1.534555458006E-02));
#2379 = CARTESIAN_POINT('',(1.287769145368,1.810636333996E-02));
#2380 = CARTESIAN_POINT('',(1.209313322397,2.075297841363E-02));
#2381 = CARTESIAN_POINT('',(0.987653243488,2.786584382224E-02));
#2382 = CARTESIAN_POINT('',(0.84401378961,3.204972308909E-02));
#2383 = CARTESIAN_POINT('',(0.699884607214,3.580309159511E-02));
#2384 = CARTESIAN_POINT('',(0.555766147573,3.90790964547E-02));
#2385 = CARTESIAN_POINT('',(0.412447991845,4.181584341865E-02));
#2386 = CARTESIAN_POINT('',(0.271036321855,4.393503114553E-02));
#2387 = CARTESIAN_POINT('',(0.132947555158,4.534557822347E-02));
#2388 = CARTESIAN_POINT('',(0.,4.592720902345E-02));
#2389 = ( GEOMETRIC_REPRESENTATION_CONTEXT(2) 
PARAMETRIC_REPRESENTATION_CONTEXT() REPRESENTATION_CONTEXT('2D SPACE',''
  ) );
#2390 = ORIENTED_EDGE('',*,*,#21,.T.);
#2391 = ORIENTED_EDGE('',*,*,#2392,.F.);
#2392 = EDGE_CURVE('',#2393,#24,#2395,.T.);
#2393 = VERTEX_POINT('',#2394);
#2394 = CARTESIAN_POINT('',(60.64,1.74899959968,25.));
#2395 = SURFACE_CURVE('',#2396,(#2401,#2408),.PCURVE_S1.);
#2396 = CIRCLE('',#2397,1.6);
#2397 = AXIS2_PLACEMENT_3D('',#2398,#2399,#2400);
#2398 = CARTESIAN_POINT('',(60.64,0.5,26.));
#2399 = DIRECTION('',(-1.,0.,0.));
#2400 = DIRECTION('',(0.,1.,0.));
#2401 = PCURVE('',#48,#2402);
#2402 = DEFINITIONAL_REPRESENTATION('',(#2403),#2407);
#2403 = LINE('',#2404,#2405);
#2404 = CARTESIAN_POINT('',(-6.28318530718,-61.64));
#2405 = VECTOR('',#2406,1.);
#2406 = DIRECTION('',(1.,-0.));
#2407 = ( GEOMETRIC_REPRESENTATION_CONTEXT(2) 
PARAMETRIC_REPRESENTATION_CONTEXT() REPRESENTATION_CONTEXT('2D SPACE',''
  ) );
#2408 = PCURVE('',#1527,#2409);
#2409 = DEFINITIONAL_REPRESENTATION('',(#2410),#2418);
#2410 = ( BOUNDED_CURVE() B_SPLINE_CURVE(2,(#2411,#2412,#2413,#2414,
#2415,#2416,#2417),.UNSPECIFIED.,.T.,.F.) B_SPLINE_CURVE_WITH_KNOTS((1,2
    ,2,2,2,1),(-2.094395102393,0.,2.094395102393,4.188790204786,
6.28318530718,8.377580409573),.UNSPECIFIED.) CURVE() 
GEOMETRIC_REPRESENTATION_ITEM() RATIONAL_B_SPLINE_CURVE((1.,0.5,1.,0.5,
1.,0.5,1.)) REPRESENTATION_ITEM('') );
#2411 = CARTESIAN_POINT('',(7.105427357601E-15,-1.6));
#2412 = CARTESIAN_POINT('',(-2.77128129211,-1.6));
#2413 = CARTESIAN_POINT('',(-1.385640646055,0.8));
#2414 = CARTESIAN_POINT('',(6.713540381874E-15,3.2));
#2415 = CARTESIAN_POINT('',(1.385640646055,0.8));
#2416 = CARTESIAN_POINT('',(2.77128129211,-1.6));
#2417 = CARTESIAN_POINT('',(7.105427357601E-15,-1.6));
#2418 = ( GEOMETRIC_REPRESENTATION_CONTEXT(2) 
PARAMETRIC_REPRESENTATION_CONTEXT() REPRESENTATION_CONTEXT('2D SPACE',''
  ) );
#2419 = ORIENTED_EDGE('',*,*,#2420,.F.);
#2420 = EDGE_CURVE('',#2421,#2393,#2423,.T.);
#2421 = VERTEX_POINT('',#2422);
#2422 = CARTESIAN_POINT('',(61.04,1.74899959968,25.));
#2423 = SURFACE_CURVE('',#2424,(#2428,#2434),.PCURVE_S1.);
#2424 = LINE('',#2425,#2426);
#2425 = CARTESIAN_POINT('',(-1.,1.74899959968,25.));
#2426 = VECTOR('',#2427,1.);
#2427 = DIRECTION('',(-1.,-0.,-0.));
#2428 = PCURVE('',#48,#2429);
#2429 = DEFINITIONAL_REPRESENTATION('',(#2430),#2433);
#2430 = B_SPLINE_CURVE_WITH_KNOTS('',1,(#2431,#2432),.UNSPECIFIED.,.F.,
  .F.,(2,2),(-62.62234225355,-61.22495756183),.PIECEWISE_BEZIER_KNOTS.);
#2431 = CARTESIAN_POINT('',(-5.608053774243,-62.62234225355));
#2432 = CARTESIAN_POINT('',(-5.608053774243,-61.22495756183));
#2433 = ( GEOMETRIC_REPRESENTATION_CONTEXT(2) 
PARAMETRIC_REPRESENTATION_CONTEXT() REPRESENTATION_CONTEXT('2D SPACE',''
  ) );
#2434 = PCURVE('',#2435,#2440);
#2435 = PLANE('',#2436);
#2436 = AXIS2_PLACEMENT_3D('',#2437,#2438,#2439);
#2437 = CARTESIAN_POINT('',(0.,0.,25.));
#2438 = DIRECTION('',(0.,0.,-1.));
#2439 = DIRECTION('',(0.639387972132,0.768884270286,0.));
#2440 = DEFINITIONAL_REPRESENTATION('',(#2441),#2444);
#2441 = B_SPLINE_CURVE_WITH_KNOTS('',1,(#2442,#2443),.UNSPECIFIED.,.F.,
  .F.,(2,2),(-62.62234225355,-61.22495756183),.PIECEWISE_BEZIER_KNOTS.);
#2442 = CARTESIAN_POINT('',(40.745362732465,46.262160349611));
#2443 = CARTESIAN_POINT('',(39.851891768144,45.187733240617));
#2444 = ( GEOMETRIC_REPRESENTATION_CONTEXT(2) 
PARAMETRIC_REPRESENTATION_CONTEXT() REPRESENTATION_CONTEXT('2D SPACE',''
  ) );
#2445 = ORIENTED_EDGE('',*,*,#2446,.F.);
#2446 = EDGE_CURVE('',#2447,#2421,#2449,.T.);
#2447 = VERTEX_POINT('',#2448);
#2448 = CARTESIAN_POINT('',(61.04,2.,25.443223563717));
#2449 = SURFACE_CURVE('',#2450,(#2455,#2462),.PCURVE_S1.);
#2450 = CIRCLE('',#2451,1.6);
#2451 = AXIS2_PLACEMENT_3D('',#2452,#2453,#2454);
#2452 = CARTESIAN_POINT('',(61.04,0.5,26.));
#2453 = DIRECTION('',(-1.,0.,0.));
#2454 = DIRECTION('',(0.,1.,0.));
#2455 = PCURVE('',#48,#2456);
#2456 = DEFINITIONAL_REPRESENTATION('',(#2457),#2461);
#2457 = LINE('',#2458,#2459);
#2458 = CARTESIAN_POINT('',(-6.28318530718,-62.04));
#2459 = VECTOR('',#2460,1.);
#2460 = DIRECTION('',(1.,-0.));
#2461 = ( GEOMETRIC_REPRESENTATION_CONTEXT(2) 
PARAMETRIC_REPRESENTATION_CONTEXT() REPRESENTATION_CONTEXT('2D SPACE',''
  ) );
#2462 = PCURVE('',#2463,#2468);
#2463 = PLANE('',#2464);
#2464 = AXIS2_PLACEMENT_3D('',#2465,#2466,#2467);
#2465 = CARTESIAN_POINT('',(61.04,-0.15,24.85));
#2466 = DIRECTION('',(1.,0.,0.));
#2467 = DIRECTION('',(0.,0.,1.));
#2468 = DEFINITIONAL_REPRESENTATION('',(#2469),#2477);
#2469 = ( BOUNDED_CURVE() B_SPLINE_CURVE(2,(#2470,#2471,#2472,#2473,
#2474,#2475,#2476),.UNSPECIFIED.,.T.,.F.) B_SPLINE_CURVE_WITH_KNOTS((1,2
    ,2,2,2,1),(-2.094395102393,0.,2.094395102393,4.188790204786,
6.28318530718,8.377580409573),.UNSPECIFIED.) CURVE() 
GEOMETRIC_REPRESENTATION_ITEM() RATIONAL_B_SPLINE_CURVE((1.,0.5,1.,0.5,
1.,0.5,1.)) REPRESENTATION_ITEM('') );
#2470 = CARTESIAN_POINT('',(1.15,-2.25));
#2471 = CARTESIAN_POINT('',(-1.62128129211,-2.25));
#2472 = CARTESIAN_POINT('',(-0.235640646055,0.15));
#2473 = CARTESIAN_POINT('',(1.15,2.55));
#2474 = CARTESIAN_POINT('',(2.535640646055,0.15));
#2475 = CARTESIAN_POINT('',(3.92128129211,-2.25));
#2476 = CARTESIAN_POINT('',(1.15,-2.25));
#2477 = ( GEOMETRIC_REPRESENTATION_CONTEXT(2) 
PARAMETRIC_REPRESENTATION_CONTEXT() REPRESENTATION_CONTEXT('2D SPACE',''
  ) );
#2478 = ORIENTED_EDGE('',*,*,#2479,.T.);
#2479 = EDGE_CURVE('',#2447,#2480,#2482,.T.);
#2480 = VERTEX_POINT('',#2481);
#2481 = CARTESIAN_POINT('',(60.64,2.,25.443223563717));
#2482 = SURFACE_CURVE('',#2483,(#2487,#2493),.PCURVE_S1.);
#2483 = LINE('',#2484,#2485);
#2484 = CARTESIAN_POINT('',(-1.,2.,25.443223563717));
#2485 = VECTOR('',#2486,1.);
#2486 = DIRECTION('',(-1.,-0.,-0.));
#2487 = PCURVE('',#48,#2488);
#2488 = DEFINITIONAL_REPRESENTATION('',(#2489),#2492);
#2489 = B_SPLINE_CURVE_WITH_KNOTS('',1,(#2490,#2491),.UNSPECIFIED.,.F.,
  .F.,(2,2),(-62.08,-61.6),.PIECEWISE_BEZIER_KNOTS.);
#2490 = CARTESIAN_POINT('',(-5.927764105489,-62.08));
#2491 = CARTESIAN_POINT('',(-5.927764105489,-61.6));
#2492 = ( GEOMETRIC_REPRESENTATION_CONTEXT(2) 
PARAMETRIC_REPRESENTATION_CONTEXT() REPRESENTATION_CONTEXT('2D SPACE',''
  ) );
#2493 = PCURVE('',#2494,#2499);
#2494 = PLANE('',#2495);
#2495 = AXIS2_PLACEMENT_3D('',#2496,#2497,#2498);
#2496 = CARTESIAN_POINT('',(2.,2.,27.));
#2497 = DIRECTION('',(0.,-1.,0.));
#2498 = DIRECTION('',(1.,0.,0.));
#2499 = DEFINITIONAL_REPRESENTATION('',(#2500),#2503);
#2500 = B_SPLINE_CURVE_WITH_KNOTS('',1,(#2501,#2502),.UNSPECIFIED.,.F.,
  .F.,(2,2),(-62.08,-61.6),.PIECEWISE_BEZIER_KNOTS.);
#2501 = CARTESIAN_POINT('',(59.08,-1.556776436283));
#2502 = CARTESIAN_POINT('',(58.6,-1.556776436283));
#2503 = ( GEOMETRIC_REPRESENTATION_CONTEXT(2) 
PARAMETRIC_REPRESENTATION_CONTEXT() REPRESENTATION_CONTEXT('2D SPACE',''
  ) );
#2504 = ORIENTED_EDGE('',*,*,#2505,.F.);
#2505 = EDGE_CURVE('',#2043,#2480,#2506,.T.);
#2506 = SURFACE_CURVE('',#2507,(#2512,#2519),.PCURVE_S1.);
#2507 = CIRCLE('',#2508,1.6);
#2508 = AXIS2_PLACEMENT_3D('',#2509,#2510,#2511);
#2509 = CARTESIAN_POINT('',(60.64,0.5,26.));
#2510 = DIRECTION('',(-1.,0.,0.));
#2511 = DIRECTION('',(0.,1.,0.));
#2512 = PCURVE('',#48,#2513);
#2513 = DEFINITIONAL_REPRESENTATION('',(#2514),#2518);
#2514 = LINE('',#2515,#2516);
#2515 = CARTESIAN_POINT('',(-6.28318530718,-61.64));
#2516 = VECTOR('',#2517,1.);
#2517 = DIRECTION('',(1.,-0.));
#2518 = ( GEOMETRIC_REPRESENTATION_CONTEXT(2) 
PARAMETRIC_REPRESENTATION_CONTEXT() REPRESENTATION_CONTEXT('2D SPACE',''
  ) );
#2519 = PCURVE('',#1527,#2520);
#2520 = DEFINITIONAL_REPRESENTATION('',(#2521),#2529);
#2521 = ( BOUNDED_CURVE() B_SPLINE_CURVE(2,(#2522,#2523,#2524,#2525,
#2526,#2527,#2528),.UNSPECIFIED.,.T.,.F.) B_SPLINE_CURVE_WITH_KNOTS((1,2
    ,2,2,2,1),(-2.094395102393,0.,2.094395102393,4.188790204786,
6.28318530718,8.377580409573),.UNSPECIFIED.) CURVE() 
GEOMETRIC_REPRESENTATION_ITEM() RATIONAL_B_SPLINE_CURVE((1.,0.5,1.,0.5,
1.,0.5,1.)) REPRESENTATION_ITEM('') );
#2522 = CARTESIAN_POINT('',(7.105427357601E-15,-1.6));
#2523 = CARTESIAN_POINT('',(-2.77128129211,-1.6));
#2524 = CARTESIAN_POINT('',(-1.385640646055,0.8));
#2525 = CARTESIAN_POINT('',(6.713540381874E-15,3.2));
#2526 = CARTESIAN_POINT('',(1.385640646055,0.8));
#2527 = CARTESIAN_POINT('',(2.77128129211,-1.6));
#2528 = CARTESIAN_POINT('',(7.105427357601E-15,-1.6));
#2529 = ( GEOMETRIC_REPRESENTATION_CONTEXT(2) 
PARAMETRIC_REPRESENTATION_CONTEXT() REPRESENTATION_CONTEXT('2D SPACE',''
  ) );
#2530 = ORIENTED_EDGE('',*,*,#2042,.F.);
#2531 = ORIENTED_EDGE('',*,*,#2532,.T.);
#2532 = EDGE_CURVE('',#2015,#2533,#2535,.T.);
#2533 = VERTEX_POINT('',#2534);
#2534 = CARTESIAN_POINT('',(47.08,2.,25.443223563717));
#2535 = SURFACE_CURVE('',#2536,(#2541,#2548),.PCURVE_S1.);
#2536 = CIRCLE('',#2537,1.6);
#2537 = AXIS2_PLACEMENT_3D('',#2538,#2539,#2540);
#2538 = CARTESIAN_POINT('',(47.08,0.5,26.));
#2539 = DIRECTION('',(-1.,0.,0.));
#2540 = DIRECTION('',(0.,1.,0.));
#2541 = PCURVE('',#48,#2542);
#2542 = DEFINITIONAL_REPRESENTATION('',(#2543),#2547);
#2543 = LINE('',#2544,#2545);
#2544 = CARTESIAN_POINT('',(-6.28318530718,-48.08));
#2545 = VECTOR('',#2546,1.);
#2546 = DIRECTION('',(1.,-0.));
#2547 = ( GEOMETRIC_REPRESENTATION_CONTEXT(2) 
PARAMETRIC_REPRESENTATION_CONTEXT() REPRESENTATION_CONTEXT('2D SPACE',''
  ) );
#2548 = PCURVE('',#1431,#2549);
#2549 = DEFINITIONAL_REPRESENTATION('',(#2550),#2558);
#2550 = ( BOUNDED_CURVE() B_SPLINE_CURVE(2,(#2551,#2552,#2553,#2554,
#2555,#2556,#2557),.UNSPECIFIED.,.T.,.F.) B_SPLINE_CURVE_WITH_KNOTS((1,2
    ,2,2,2,1),(-2.094395102393,0.,2.094395102393,4.188790204786,
6.28318530718,8.377580409573),.UNSPECIFIED.) CURVE() 
GEOMETRIC_REPRESENTATION_ITEM() RATIONAL_B_SPLINE_CURVE((1.,0.5,1.,0.5,
1.,0.5,1.)) REPRESENTATION_ITEM('') );
#2551 = CARTESIAN_POINT('',(7.105427357601E-15,-1.6));
#2552 = CARTESIAN_POINT('',(-2.77128129211,-1.6));
#2553 = CARTESIAN_POINT('',(-1.385640646055,0.8));
#2554 = CARTESIAN_POINT('',(6.713540381874E-15,3.2));
#2555 = CARTESIAN_POINT('',(1.385640646055,0.8));
#2556 = CARTESIAN_POINT('',(2.77128129211,-1.6));
#2557 = CARTESIAN_POINT('',(7.105427357601E-15,-1.6));
#2558 = ( GEOMETRIC_REPRESENTATION_CONTEXT(2) 
PARAMETRIC_REPRESENTATION_CONTEXT() REPRESENTATION_CONTEXT('2D SPACE',''
  ) );
#2559 = ORIENTED_EDGE('',*,*,#2560,.T.);
#2560 = EDGE_CURVE('',#2533,#2561,#2563,.T.);
#2561 = VERTEX_POINT('',#2562);
#2562 = CARTESIAN_POINT('',(46.68,2.,25.443223563717));
#2563 = SURFACE_CURVE('',#2564,(#2568,#2574),.PCURVE_S1.);
#2564 = LINE('',#2565,#2566);
#2565 = CARTESIAN_POINT('',(-1.,2.,25.443223563717));
#2566 = VECTOR('',#2567,1.);
#2567 = DIRECTION('',(-1.,-0.,-0.));
#2568 = PCURVE('',#48,#2569);
#2569 = DEFINITIONAL_REPRESENTATION('',(#2570),#2573);
#2570 = B_SPLINE_CURVE_WITH_KNOTS('',1,(#2571,#2572),.UNSPECIFIED.,.F.,
  .F.,(2,2),(-48.12,-47.64),.PIECEWISE_BEZIER_KNOTS.);
#2571 = CARTESIAN_POINT('',(-5.927764105489,-48.12));
#2572 = CARTESIAN_POINT('',(-5.927764105489,-47.64));
#2573 = ( GEOMETRIC_REPRESENTATION_CONTEXT(2) 
PARAMETRIC_REPRESENTATION_CONTEXT() REPRESENTATION_CONTEXT('2D SPACE',''
  ) );
#2574 = PCURVE('',#2575,#2580);
#2575 = PLANE('',#2576);
#2576 = AXIS2_PLACEMENT_3D('',#2577,#2578,#2579);
#2577 = CARTESIAN_POINT('',(2.,2.,27.));
#2578 = DIRECTION('',(0.,-1.,0.));
#2579 = DIRECTION('',(1.,0.,0.));
#2580 = DEFINITIONAL_REPRESENTATION('',(#2581),#2584);
#2581 = B_SPLINE_CURVE_WITH_KNOTS('',1,(#2582,#2583),.UNSPECIFIED.,.F.,
  .F.,(2,2),(-48.12,-47.64),.PIECEWISE_BEZIER_KNOTS.);
#2582 = CARTESIAN_POINT('',(45.12,-1.556776436283));
#2583 = CARTESIAN_POINT('',(44.64,-1.556776436283));
#2584 = ( GEOMETRIC_REPRESENTATION_CONTEXT(2) 
PARAMETRIC_REPRESENTATION_CONTEXT() REPRESENTATION_CONTEXT('2D SPACE',''
  ) );
#2585 = ORIENTED_EDGE('',*,*,#2586,.T.);
#2586 = EDGE_CURVE('',#2561,#2587,#2589,.T.);
#2587 = VERTEX_POINT('',#2588);
#2588 = CARTESIAN_POINT('',(46.68,1.74899959968,25.));
#2589 = SURFACE_CURVE('',#2590,(#2595,#2602),.PCURVE_S1.);
#2590 = CIRCLE('',#2591,1.6);
#2591 = AXIS2_PLACEMENT_3D('',#2592,#2593,#2594);
#2592 = CARTESIAN_POINT('',(46.68,0.5,26.));
#2593 = DIRECTION('',(-1.,0.,0.));
#2594 = DIRECTION('',(0.,1.,0.));
#2595 = PCURVE('',#48,#2596);
#2596 = DEFINITIONAL_REPRESENTATION('',(#2597),#2601);
#2597 = LINE('',#2598,#2599);
#2598 = CARTESIAN_POINT('',(-6.28318530718,-47.68));
#2599 = VECTOR('',#2600,1.);
#2600 = DIRECTION('',(1.,-0.));
#2601 = ( GEOMETRIC_REPRESENTATION_CONTEXT(2) 
PARAMETRIC_REPRESENTATION_CONTEXT() REPRESENTATION_CONTEXT('2D SPACE',''
  ) );
#2602 = PCURVE('',#2603,#2608);
#2603 = PLANE('',#2604);
#2604 = AXIS2_PLACEMENT_3D('',#2605,#2606,#2607);
#2605 = CARTESIAN_POINT('',(46.68,-0.15,24.85));
#2606 = DIRECTION('',(1.,0.,0.));
#2607 = DIRECTION('',(0.,0.,1.));
#2608 = DEFINITIONAL_REPRESENTATION('',(#2609),#2617);
#2609 = ( BOUNDED_CURVE() B_SPLINE_CURVE(2,(#2610,#2611,#2612,#2613,
#2614,#2615,#2616),.UNSPECIFIED.,.T.,.F.) B_SPLINE_CURVE_WITH_KNOTS((1,2
    ,2,2,2,1),(-2.094395102393,0.,2.094395102393,4.188790204786,
6.28318530718,8.377580409573),.UNSPECIFIED.) CURVE() 
GEOMETRIC_REPRESENTATION_ITEM() RATIONAL_B_SPLINE_CURVE((1.,0.5,1.,0.5,
1.,0.5,1.)) REPRESENTATION_ITEM('') );
#2610 = CARTESIAN_POINT('',(1.15,-2.25));
#2611 = CARTESIAN_POINT('',(-1.62128129211,-2.25));
#2612 = CARTESIAN_POINT('',(-0.235640646055,0.15));
#2613 = CARTESIAN_POINT('',(1.15,2.55));
#2614 = CARTESIAN_POINT('',(2.535640646055,0.15));
#2615 = CARTESIAN_POINT('',(3.92128129211,-2.25));
#2616 = CARTESIAN_POINT('',(1.15,-2.25));
#2617 = ( GEOMETRIC_REPRESENTATION_CONTEXT(2) 
PARAMETRIC_REPRESENTATION_CONTEXT() REPRESENTATION_CONTEXT('2D SPACE',''
  ) );
#2618 = ORIENTED_EDGE('',*,*,#2619,.F.);
#2619 = EDGE_CURVE('',#2620,#2587,#2622,.T.);
#2620 = VERTEX_POINT('',#2621);
#2621 = CARTESIAN_POINT('',(47.08,1.74899959968,25.));
#2622 = SURFACE_CURVE('',#2623,(#2627,#2633),.PCURVE_S1.);
#2623 = LINE('',#2624,#2625);
#2624 = CARTESIAN_POINT('',(-1.,1.74899959968,25.));
#2625 = VECTOR('',#2626,1.);
#2626 = DIRECTION('',(-1.,-0.,-0.));
#2627 = PCURVE('',#48,#2628);
#2628 = DEFINITIONAL_REPRESENTATION('',(#2629),#2632);
#2629 = B_SPLINE_CURVE_WITH_KNOTS('',1,(#2630,#2631),.UNSPECIFIED.,.F.,
  .F.,(2,2),(-48.66234225355,-47.26495756183),.PIECEWISE_BEZIER_KNOTS.);
#2630 = CARTESIAN_POINT('',(-5.608053774243,-48.66234225355));
#2631 = CARTESIAN_POINT('',(-5.608053774243,-47.26495756183));
#2632 = ( GEOMETRIC_REPRESENTATION_CONTEXT(2) 
PARAMETRIC_REPRESENTATION_CONTEXT() REPRESENTATION_CONTEXT('2D SPACE',''
  ) );
#2633 = PCURVE('',#2634,#2639);
#2634 = PLANE('',#2635);
#2635 = AXIS2_PLACEMENT_3D('',#2636,#2637,#2638);
#2636 = CARTESIAN_POINT('',(0.,0.,25.));
#2637 = DIRECTION('',(0.,0.,-1.));
#2638 = DIRECTION('',(0.639387972132,0.768884270286,0.));
#2639 = DEFINITIONAL_REPRESENTATION('',(#2640),#2643);
#2640 = B_SPLINE_CURVE_WITH_KNOTS('',1,(#2641,#2642),.UNSPECIFIED.,.F.,
  .F.,(2,2),(-48.66234225355,-47.26495756183),.PIECEWISE_BEZIER_KNOTS.);
#2641 = CARTESIAN_POINT('',(31.819506641499,35.528535936424));
#2642 = CARTESIAN_POINT('',(30.926035677178,34.45410882743));
#2643 = ( GEOMETRIC_REPRESENTATION_CONTEXT(2) 
PARAMETRIC_REPRESENTATION_CONTEXT() REPRESENTATION_CONTEXT('2D SPACE',''
  ) );
#2644 = ORIENTED_EDGE('',*,*,#2645,.T.);
#2645 = EDGE_CURVE('',#2620,#1383,#2646,.T.);
#2646 = SURFACE_CURVE('',#2647,(#2652,#2659),.PCURVE_S1.);
#2647 = CIRCLE('',#2648,1.6);
#2648 = AXIS2_PLACEMENT_3D('',#2649,#2650,#2651);
#2649 = CARTESIAN_POINT('',(47.08,0.5,26.));
#2650 = DIRECTION('',(-1.,0.,0.));
#2651 = DIRECTION('',(0.,1.,0.));
#2652 = PCURVE('',#48,#2653);
#2653 = DEFINITIONAL_REPRESENTATION('',(#2654),#2658);
#2654 = LINE('',#2655,#2656);
#2655 = CARTESIAN_POINT('',(-6.28318530718,-48.08));
#2656 = VECTOR('',#2657,1.);
#2657 = DIRECTION('',(1.,-0.));
#2658 = ( GEOMETRIC_REPRESENTATION_CONTEXT(2) 
PARAMETRIC_REPRESENTATION_CONTEXT() REPRESENTATION_CONTEXT('2D SPACE',''
  ) );
#2659 = PCURVE('',#1431,#2660);
#2660 = DEFINITIONAL_REPRESENTATION('',(#2661),#2669);
#2661 = ( BOUNDED_CURVE() B_SPLINE_CURVE(2,(#2662,#2663,#2664,#2665,
#2666,#2667,#2668),.UNSPECIFIED.,.T.,.F.) B_SPLINE_CURVE_WITH_KNOTS((1,2
    ,2,2,2,1),(-2.094395102393,0.,2.094395102393,4.188790204786,
6.28318530718,8.377580409573),.UNSPECIFIED.) CURVE() 
GEOMETRIC_REPRESENTATION_ITEM() RATIONAL_B_SPLINE_CURVE((1.,0.5,1.,0.5,
1.,0.5,1.)) REPRESENTATION_ITEM('') );
#2662 = CARTESIAN_POINT('',(7.105427357601E-15,-1.6));
#2663 = CARTESIAN_POINT('',(-2.77128129211,-1.6));
#2664 = CARTESIAN_POINT('',(-1.385640646055,0.8));
#2665 = CARTESIAN_POINT('',(6.713540381874E-15,3.2));
#2666 = CARTESIAN_POINT('',(1.385640646055,0.8));
#2667 = CARTESIAN_POINT('',(2.77128129211,-1.6));
#2668 = CARTESIAN_POINT('',(7.105427357601E-15,-1.6));
#2669 = ( GEOMETRIC_REPRESENTATION_CONTEXT(2) 
PARAMETRIC_REPRESENTATION_CONTEXT() REPRESENTATION_CONTEXT('2D SPACE',''
  ) );
#2670 = ORIENTED_EDGE('',*,*,#1382,.T.);
#2671 = ORIENTED_EDGE('',*,*,#2672,.F.);
#2672 = EDGE_CURVE('',#2673,#1349,#2675,.T.);
#2673 = VERTEX_POINT('',#2674);
#2674 = CARTESIAN_POINT('',(31.92,1.74899959968,25.));
#2675 = SURFACE_CURVE('',#2676,(#2681,#2688),.PCURVE_S1.);
#2676 = CIRCLE('',#2677,1.6);
#2677 = AXIS2_PLACEMENT_3D('',#2678,#2679,#2680);
#2678 = CARTESIAN_POINT('',(31.92,0.5,26.));
#2679 = DIRECTION('',(-1.,0.,0.));
#2680 = DIRECTION('',(0.,1.,0.));
#2681 = PCURVE('',#48,#2682);
#2682 = DEFINITIONAL_REPRESENTATION('',(#2683),#2687);
#2683 = LINE('',#2684,#2685);
#2684 = CARTESIAN_POINT('',(-6.28318530718,-32.92));
#2685 = VECTOR('',#2686,1.);
#2686 = DIRECTION('',(1.,-0.));
#2687 = ( GEOMETRIC_REPRESENTATION_CONTEXT(2) 
PARAMETRIC_REPRESENTATION_CONTEXT() REPRESENTATION_CONTEXT('2D SPACE',''
  ) );
#2688 = PCURVE('',#1368,#2689);
#2689 = DEFINITIONAL_REPRESENTATION('',(#2690),#2698);
#2690 = ( BOUNDED_CURVE() B_SPLINE_CURVE(2,(#2691,#2692,#2693,#2694,
#2695,#2696,#2697),.UNSPECIFIED.,.T.,.F.) B_SPLINE_CURVE_WITH_KNOTS((1,2
    ,2,2,2,1),(-2.094395102393,0.,2.094395102393,4.188790204786,
6.28318530718,8.377580409573),.UNSPECIFIED.) CURVE() 
GEOMETRIC_REPRESENTATION_ITEM() RATIONAL_B_SPLINE_CURVE((1.,0.5,1.,0.5,
1.,0.5,1.)) REPRESENTATION_ITEM('') );
#2691 = CARTESIAN_POINT('',(7.105427357601E-15,-1.6));
#2692 = CARTESIAN_POINT('',(-2.77128129211,-1.6));
#2693 = CARTESIAN_POINT('',(-1.385640646055,0.8));
#2694 = CARTESIAN_POINT('',(6.713540381874E-15,3.2));
#2695 = CARTESIAN_POINT('',(1.385640646055,0.8));
#2696 = CARTESIAN_POINT('',(2.77128129211,-1.6));
#2697 = CARTESIAN_POINT('',(7.105427357601E-15,-1.6));
#2698 = ( GEOMETRIC_REPRESENTATION_CONTEXT(2) 
PARAMETRIC_REPRESENTATION_CONTEXT() REPRESENTATION_CONTEXT('2D SPACE',''
  ) );
#2699 = ORIENTED_EDGE('',*,*,#2700,.F.);
#2700 = EDGE_CURVE('',#2701,#2673,#2703,.T.);
#2701 = VERTEX_POINT('',#2702);
#2702 = CARTESIAN_POINT('',(32.32,1.74899959968,25.));
#2703 = SURFACE_CURVE('',#2704,(#2708,#2714),.PCURVE_S1.);
#2704 = LINE('',#2705,#2706);
#2705 = CARTESIAN_POINT('',(-1.,1.74899959968,25.));
#2706 = VECTOR('',#2707,1.);
#2707 = DIRECTION('',(-1.,-0.,-0.));
#2708 = PCURVE('',#48,#2709);
#2709 = DEFINITIONAL_REPRESENTATION('',(#2710),#2713);
#2710 = B_SPLINE_CURVE_WITH_KNOTS('',1,(#2711,#2712),.UNSPECIFIED.,.F.,
  .F.,(2,2),(-33.90234225355,-32.50495756183),.PIECEWISE_BEZIER_KNOTS.);
#2711 = CARTESIAN_POINT('',(-5.608053774243,-33.90234225355));
#2712 = CARTESIAN_POINT('',(-5.608053774243,-32.50495756183));
#2713 = ( GEOMETRIC_REPRESENTATION_CONTEXT(2) 
PARAMETRIC_REPRESENTATION_CONTEXT() REPRESENTATION_CONTEXT('2D SPACE',''
  ) );
#2714 = PCURVE('',#2715,#2720);
#2715 = PLANE('',#2716);
#2716 = AXIS2_PLACEMENT_3D('',#2717,#2718,#2719);
#2717 = CARTESIAN_POINT('',(0.,0.,25.));
#2718 = DIRECTION('',(0.,0.,-1.));
#2719 = DIRECTION('',(0.639387972132,0.768884270286,0.));
#2720 = DEFINITIONAL_REPRESENTATION('',(#2721),#2724);
#2721 = B_SPLINE_CURVE_WITH_KNOTS('',1,(#2722,#2723),.UNSPECIFIED.,.F.,
  .F.,(2,2),(-33.90234225355,-32.50495756183),.PIECEWISE_BEZIER_KNOTS.);
#2722 = CARTESIAN_POINT('',(22.382140172828,24.179804107009));
#2723 = CARTESIAN_POINT('',(21.488669208506,23.105376998014));
#2724 = ( GEOMETRIC_REPRESENTATION_CONTEXT(2) 
PARAMETRIC_REPRESENTATION_CONTEXT() REPRESENTATION_CONTEXT('2D SPACE',''
  ) );
#2725 = ORIENTED_EDGE('',*,*,#2726,.F.);
#2726 = EDGE_CURVE('',#2727,#2701,#2729,.T.);
#2727 = VERTEX_POINT('',#2728);
#2728 = CARTESIAN_POINT('',(32.32,2.,25.443223563717));
#2729 = SURFACE_CURVE('',#2730,(#2735,#2742),.PCURVE_S1.);
#2730 = CIRCLE('',#2731,1.6);
#2731 = AXIS2_PLACEMENT_3D('',#2732,#2733,#2734);
#2732 = CARTESIAN_POINT('',(32.32,0.5,26.));
#2733 = DIRECTION('',(-1.,0.,0.));
#2734 = DIRECTION('',(0.,1.,0.));
#2735 = PCURVE('',#48,#2736);
#2736 = DEFINITIONAL_REPRESENTATION('',(#2737),#2741);
#2737 = LINE('',#2738,#2739);
#2738 = CARTESIAN_POINT('',(-6.28318530718,-33.32));
#2739 = VECTOR('',#2740,1.);
#2740 = DIRECTION('',(1.,-0.));
#2741 = ( GEOMETRIC_REPRESENTATION_CONTEXT(2) 
PARAMETRIC_REPRESENTATION_CONTEXT() REPRESENTATION_CONTEXT('2D SPACE',''
  ) );
#2742 = PCURVE('',#2743,#2748);
#2743 = PLANE('',#2744);
#2744 = AXIS2_PLACEMENT_3D('',#2745,#2746,#2747);
#2745 = CARTESIAN_POINT('',(32.32,-0.15,24.85));
#2746 = DIRECTION('',(1.,0.,0.));
#2747 = DIRECTION('',(0.,0.,1.));
#2748 = DEFINITIONAL_REPRESENTATION('',(#2749),#2757);
#2749 = ( BOUNDED_CURVE() B_SPLINE_CURVE(2,(#2750,#2751,#2752,#2753,
#2754,#2755,#2756),.UNSPECIFIED.,.T.,.F.) B_SPLINE_CURVE_WITH_KNOTS((1,2
    ,2,2,2,1),(-2.094395102393,0.,2.094395102393,4.188790204786,
6.28318530718,8.377580409573),.UNSPECIFIED.) CURVE() 
GEOMETRIC_REPRESENTATION_ITEM() RATIONAL_B_SPLINE_CURVE((1.,0.5,1.,0.5,
1.,0.5,1.)) REPRESENTATION_ITEM('') );
#2750 = CARTESIAN_POINT('',(1.15,-2.25));
#2751 = CARTESIAN_POINT('',(-1.62128129211,-2.25));
#2752 = CARTESIAN_POINT('',(-0.235640646055,0.15));
#2753 = CARTESIAN_POINT('',(1.15,2.55));
#2754 = CARTESIAN_POINT('',(2.535640646055,0.15));
#2755 = CARTESIAN_POINT('',(3.92128129211,-2.25));
#2756 = CARTESIAN_POINT('',(1.15,-2.25));
#2757 = ( GEOMETRIC_REPRESENTATION_CONTEXT(2) 
PARAMETRIC_REPRESENTATION_CONTEXT() REPRESENTATION_CONTEXT('2D SPACE',''
  ) );
#2758 = ORIENTED_EDGE('',*,*,#2759,.T.);
#2759 = EDGE_CURVE('',#2727,#2760,#2762,.T.);
#2760 = VERTEX_POINT('',#2761);
#2761 = CARTESIAN_POINT('',(31.92,2.,25.443223563717));
#2762 = SURFACE_CURVE('',#2763,(#2767,#2773),.PCURVE_S1.);
#2763 = LINE('',#2764,#2765);
#2764 = CARTESIAN_POINT('',(-1.,2.,25.443223563717));
#2765 = VECTOR('',#2766,1.);
#2766 = DIRECTION('',(-1.,-0.,-0.));
#2767 = PCURVE('',#48,#2768);
#2768 = DEFINITIONAL_REPRESENTATION('',(#2769),#2772);
#2769 = B_SPLINE_CURVE_WITH_KNOTS('',1,(#2770,#2771),.UNSPECIFIED.,.F.,
  .F.,(2,2),(-33.36,-32.88),.PIECEWISE_BEZIER_KNOTS.);
#2770 = CARTESIAN_POINT('',(-5.927764105489,-33.36));
#2771 = CARTESIAN_POINT('',(-5.927764105489,-32.88));
#2772 = ( GEOMETRIC_REPRESENTATION_CONTEXT(2) 
PARAMETRIC_REPRESENTATION_CONTEXT() REPRESENTATION_CONTEXT('2D SPACE',''
  ) );
#2773 = PCURVE('',#2774,#2779);
#2774 = PLANE('',#2775);
#2775 = AXIS2_PLACEMENT_3D('',#2776,#2777,#2778);
#2776 = CARTESIAN_POINT('',(2.,2.,27.));
#2777 = DIRECTION('',(0.,-1.,0.));
#2778 = DIRECTION('',(1.,0.,0.));
#2779 = DEFINITIONAL_REPRESENTATION('',(#2780),#2783);
#2780 = B_SPLINE_CURVE_WITH_KNOTS('',1,(#2781,#2782),.UNSPECIFIED.,.F.,
  .F.,(2,2),(-33.36,-32.88),.PIECEWISE_BEZIER_KNOTS.);
#2781 = CARTESIAN_POINT('',(30.36,-1.556776436283));
#2782 = CARTESIAN_POINT('',(29.88,-1.556776436283));
#2783 = ( GEOMETRIC_REPRESENTATION_CONTEXT(2) 
PARAMETRIC_REPRESENTATION_CONTEXT() REPRESENTATION_CONTEXT('2D SPACE',''
  ) );
#2784 = ORIENTED_EDGE('',*,*,#2785,.F.);
#2785 = EDGE_CURVE('',#1820,#2760,#2786,.T.);
#2786 = SURFACE_CURVE('',#2787,(#2792,#2799),.PCURVE_S1.);
#2787 = CIRCLE('',#2788,1.6);
#2788 = AXIS2_PLACEMENT_3D('',#2789,#2790,#2791);
#2789 = CARTESIAN_POINT('',(31.92,0.5,26.));
#2790 = DIRECTION('',(-1.,0.,0.));
#2791 = DIRECTION('',(0.,1.,0.));
#2792 = PCURVE('',#48,#2793);
#2793 = DEFINITIONAL_REPRESENTATION('',(#2794),#2798);
#2794 = LINE('',#2795,#2796);
#2795 = CARTESIAN_POINT('',(-6.28318530718,-32.92));
#2796 = VECTOR('',#2797,1.);
#2797 = DIRECTION('',(1.,-0.));
#2798 = ( GEOMETRIC_REPRESENTATION_CONTEXT(2) 
PARAMETRIC_REPRESENTATION_CONTEXT() REPRESENTATION_CONTEXT('2D SPACE',''
  ) );
#2799 = PCURVE('',#1368,#2800);
#2800 = DEFINITIONAL_REPRESENTATION('',(#2801),#2809);
#2801 = ( BOUNDED_CURVE() B_SPLINE_CURVE(2,(#2802,#2803,#2804,#2805,
#2806,#2807,#2808),.UNSPECIFIED.,.T.,.F.) B_SPLINE_CURVE_WITH_KNOTS((1,2
    ,2,2,2,1),(-2.094395102393,0.,2.094395102393,4.188790204786,
6.28318530718,8.377580409573),.UNSPECIFIED.) CURVE() 
GEOMETRIC_REPRESENTATION_ITEM() RATIONAL_B_SPLINE_CURVE((1.,0.5,1.,0.5,
1.,0.5,1.)) REPRESENTATION_ITEM('') );
#2802 = CARTESIAN_POINT('',(7.105427357601E-15,-1.6));
#2803 = CARTESIAN_POINT('',(-2.77128129211,-1.6));
#2804 = CARTESIAN_POINT('',(-1.385640646055,0.8));
#2805 = CARTESIAN_POINT('',(6.713540381874E-15,3.2));
#2806 = CARTESIAN_POINT('',(1.385640646055,0.8));
#2807 = CARTESIAN_POINT('',(2.77128129211,-1.6));
#2808 = CARTESIAN_POINT('',(7.105427357601E-15,-1.6));
#2809 = ( GEOMETRIC_REPRESENTATION_CONTEXT(2) 
PARAMETRIC_REPRESENTATION_CONTEXT() REPRESENTATION_CONTEXT('2D SPACE',''
  ) );
#2810 = ORIENTED_EDGE('',*,*,#1819,.F.);
#2811 = ORIENTED_EDGE('',*,*,#2812,.T.);
#2812 = EDGE_CURVE('',#1792,#2813,#2815,.T.);
#2813 = VERTEX_POINT('',#2814);
#2814 = CARTESIAN_POINT('',(18.36,2.,25.443223563717));
#2815 = SURFACE_CURVE('',#2816,(#2821,#2828),.PCURVE_S1.);
#2816 = CIRCLE('',#2817,1.6);
#2817 = AXIS2_PLACEMENT_3D('',#2818,#2819,#2820);
#2818 = CARTESIAN_POINT('',(18.36,0.5,26.));
#2819 = DIRECTION('',(-1.,0.,0.));
#2820 = DIRECTION('',(0.,1.,0.));
#2821 = PCURVE('',#48,#2822);
#2822 = DEFINITIONAL_REPRESENTATION('',(#2823),#2827);
#2823 = LINE('',#2824,#2825);
#2824 = CARTESIAN_POINT('',(-6.28318530718,-19.36));
#2825 = VECTOR('',#2826,1.);
#2826 = DIRECTION('',(1.,-0.));
#2827 = ( GEOMETRIC_REPRESENTATION_CONTEXT(2) 
PARAMETRIC_REPRESENTATION_CONTEXT() REPRESENTATION_CONTEXT('2D SPACE',''
  ) );
#2828 = PCURVE('',#1285,#2829);
#2829 = DEFINITIONAL_REPRESENTATION('',(#2830),#2838);
#2830 = ( BOUNDED_CURVE() B_SPLINE_CURVE(2,(#2831,#2832,#2833,#2834,
#2835,#2836,#2837),.UNSPECIFIED.,.T.,.F.) B_SPLINE_CURVE_WITH_KNOTS((1,2
    ,2,2,2,1),(-2.094395102393,0.,2.094395102393,4.188790204786,
6.28318530718,8.377580409573),.UNSPECIFIED.) CURVE() 
GEOMETRIC_REPRESENTATION_ITEM() RATIONAL_B_SPLINE_CURVE((1.,0.5,1.,0.5,
1.,0.5,1.)) REPRESENTATION_ITEM('') );
#2831 = CARTESIAN_POINT('',(7.105427357601E-15,-1.6));
#2832 = CARTESIAN_POINT('',(-2.77128129211,-1.6));
#2833 = CARTESIAN_POINT('',(-1.385640646055,0.8));
#2834 = CARTESIAN_POINT('',(6.713540381874E-15,3.2));
#2835 = CARTESIAN_POINT('',(1.385640646055,0.8));
#2836 = CARTESIAN_POINT('',(2.77128129211,-1.6));
#2837 = CARTESIAN_POINT('',(7.105427357601E-15,-1.6));
#2838 = ( GEOMETRIC_REPRESENTATION_CONTEXT(2) 
PARAMETRIC_REPRESENTATION_CONTEXT() REPRESENTATION_CONTEXT('2D SPACE',''
  ) );
#2839 = ORIENTED_EDGE('',*,*,#2840,.T.);
#2840 = EDGE_CURVE('',#2813,#2841,#2843,.T.);
#2841 = VERTEX_POINT('',#2842);
#2842 = CARTESIAN_POINT('',(17.96,2.,25.443223563717));
#2843 = SURFACE_CURVE('',#2844,(#2848,#2854),.PCURVE_S1.);
#2844 = LINE('',#2845,#2846);
#2845 = CARTESIAN_POINT('',(-1.,2.,25.443223563717));
#2846 = VECTOR('',#2847,1.);
#2847 = DIRECTION('',(-1.,-0.,-0.));
#2848 = PCURVE('',#48,#2849);
#2849 = DEFINITIONAL_REPRESENTATION('',(#2850),#2853);
#2850 = B_SPLINE_CURVE_WITH_KNOTS('',1,(#2851,#2852),.UNSPECIFIED.,.F.,
  .F.,(2,2),(-19.4,-18.92),.PIECEWISE_BEZIER_KNOTS.);
#2851 = CARTESIAN_POINT('',(-5.927764105489,-19.4));
#2852 = CARTESIAN_POINT('',(-5.927764105489,-18.92));
#2853 = ( GEOMETRIC_REPRESENTATION_CONTEXT(2) 
PARAMETRIC_REPRESENTATION_CONTEXT() REPRESENTATION_CONTEXT('2D SPACE',''
  ) );
#2854 = PCURVE('',#2855,#2860);
#2855 = PLANE('',#2856);
#2856 = AXIS2_PLACEMENT_3D('',#2857,#2858,#2859);
#2857 = CARTESIAN_POINT('',(2.,2.,27.));
#2858 = DIRECTION('',(0.,-1.,0.));
#2859 = DIRECTION('',(1.,0.,0.));
#2860 = DEFINITIONAL_REPRESENTATION('',(#2861),#2864);
#2861 = B_SPLINE_CURVE_WITH_KNOTS('',1,(#2862,#2863),.UNSPECIFIED.,.F.,
  .F.,(2,2),(-19.4,-18.92),.PIECEWISE_BEZIER_KNOTS.);
#2862 = CARTESIAN_POINT('',(16.4,-1.556776436283));
#2863 = CARTESIAN_POINT('',(15.92,-1.556776436283));
#2864 = ( GEOMETRIC_REPRESENTATION_CONTEXT(2) 
PARAMETRIC_REPRESENTATION_CONTEXT() REPRESENTATION_CONTEXT('2D SPACE',''
  ) );
#2865 = ORIENTED_EDGE('',*,*,#2866,.T.);
#2866 = EDGE_CURVE('',#2841,#2867,#2869,.T.);
#2867 = VERTEX_POINT('',#2868);
#2868 = CARTESIAN_POINT('',(17.96,1.74899959968,25.));
#2869 = SURFACE_CURVE('',#2870,(#2875,#2882),.PCURVE_S1.);
#2870 = CIRCLE('',#2871,1.6);
#2871 = AXIS2_PLACEMENT_3D('',#2872,#2873,#2874);
#2872 = CARTESIAN_POINT('',(17.96,0.5,26.));
#2873 = DIRECTION('',(-1.,0.,0.));
#2874 = DIRECTION('',(0.,1.,0.));
#2875 = PCURVE('',#48,#2876);
#2876 = DEFINITIONAL_REPRESENTATION('',(#2877),#2881);
#2877 = LINE('',#2878,#2879);
#2878 = CARTESIAN_POINT('',(-6.28318530718,-18.96));
#2879 = VECTOR('',#2880,1.);
#2880 = DIRECTION('',(1.,-0.));
#2881 = ( GEOMETRIC_REPRESENTATION_CONTEXT(2) 
PARAMETRIC_REPRESENTATION_CONTEXT() REPRESENTATION_CONTEXT('2D SPACE',''
  ) );
#2882 = PCURVE('',#2883,#2888);
#2883 = PLANE('',#2884);
#2884 = AXIS2_PLACEMENT_3D('',#2885,#2886,#2887);
#2885 = CARTESIAN_POINT('',(17.96,-0.15,24.85));
#2886 = DIRECTION('',(1.,0.,0.));
#2887 = DIRECTION('',(0.,0.,1.));
#2888 = DEFINITIONAL_REPRESENTATION('',(#2889),#2897);
#2889 = ( BOUNDED_CURVE() B_SPLINE_CURVE(2,(#2890,#2891,#2892,#2893,
#2894,#2895,#2896),.UNSPECIFIED.,.T.,.F.) B_SPLINE_CURVE_WITH_KNOTS((1,2
    ,2,2,2,1),(-2.094395102393,0.,2.094395102393,4.188790204786,
6.28318530718,8.377580409573),.UNSPECIFIED.) CURVE() 
GEOMETRIC_REPRESENTATION_ITEM() RATIONAL_B_SPLINE_CURVE((1.,0.5,1.,0.5,
1.,0.5,1.)) REPRESENTATION_ITEM('') );
#2890 = CARTESIAN_POINT('',(1.15,-2.25));
#2891 = CARTESIAN_POINT('',(-1.62128129211,-2.25));
#2892 = CARTESIAN_POINT('',(-0.235640646055,0.15));
#2893 = CARTESIAN_POINT('',(1.15,2.55));
#2894 = CARTESIAN_POINT('',(2.535640646055,0.15));
#2895 = CARTESIAN_POINT('',(3.92128129211,-2.25));
#2896 = CARTESIAN_POINT('',(1.15,-2.25));
#2897 = ( GEOMETRIC_REPRESENTATION_CONTEXT(2) 
PARAMETRIC_REPRESENTATION_CONTEXT() REPRESENTATION_CONTEXT('2D SPACE',''
  ) );
#2898 = ORIENTED_EDGE('',*,*,#2899,.F.);
#2899 = EDGE_CURVE('',#2900,#2867,#2902,.T.);
#2900 = VERTEX_POINT('',#2901);
#2901 = CARTESIAN_POINT('',(18.36,1.74899959968,25.));
#2902 = SURFACE_CURVE('',#2903,(#2907,#2913),.PCURVE_S1.);
#2903 = LINE('',#2904,#2905);
#2904 = CARTESIAN_POINT('',(-1.,1.74899959968,25.));
#2905 = VECTOR('',#2906,1.);
#2906 = DIRECTION('',(-1.,-0.,-0.));
#2907 = PCURVE('',#48,#2908);
#2908 = DEFINITIONAL_REPRESENTATION('',(#2909),#2912);
#2909 = B_SPLINE_CURVE_WITH_KNOTS('',1,(#2910,#2911),.UNSPECIFIED.,.F.,
  .F.,(2,2),(-19.94234225355,-18.54495756183),.PIECEWISE_BEZIER_KNOTS.);
#2910 = CARTESIAN_POINT('',(-5.608053774243,-19.94234225355));
#2911 = CARTESIAN_POINT('',(-5.608053774243,-18.54495756183));
#2912 = ( GEOMETRIC_REPRESENTATION_CONTEXT(2) 
PARAMETRIC_REPRESENTATION_CONTEXT() REPRESENTATION_CONTEXT('2D SPACE',''
  ) );
#2913 = PCURVE('',#2914,#2919);
#2914 = PLANE('',#2915);
#2915 = AXIS2_PLACEMENT_3D('',#2916,#2917,#2918);
#2916 = CARTESIAN_POINT('',(0.,0.,25.));
#2917 = DIRECTION('',(0.,0.,-1.));
#2918 = DIRECTION('',(0.639387972132,0.768884270286,0.));
#2919 = DEFINITIONAL_REPRESENTATION('',(#2920),#2923);
#2920 = B_SPLINE_CURVE_WITH_KNOTS('',1,(#2921,#2922),.UNSPECIFIED.,.F.,
  .F.,(2,2),(-19.94234225355,-18.54495756183),.PIECEWISE_BEZIER_KNOTS.);
#2921 = CARTESIAN_POINT('',(13.456284081862,13.446179693822));
#2922 = CARTESIAN_POINT('',(12.56281311754,12.371752584827));
#2923 = ( GEOMETRIC_REPRESENTATION_CONTEXT(2) 
PARAMETRIC_REPRESENTATION_CONTEXT() REPRESENTATION_CONTEXT('2D SPACE',''
  ) );
#2924 = ORIENTED_EDGE('',*,*,#2925,.T.);
#2925 = EDGE_CURVE('',#2900,#1207,#2926,.T.);
#2926 = SURFACE_CURVE('',#2927,(#2932,#2939),.PCURVE_S1.);
#2927 = CIRCLE('',#2928,1.6);
#2928 = AXIS2_PLACEMENT_3D('',#2929,#2930,#2931);
#2929 = CARTESIAN_POINT('',(18.36,0.5,26.));
#2930 = DIRECTION('',(-1.,0.,0.));
#2931 = DIRECTION('',(0.,1.,0.));
#2932 = PCURVE('',#48,#2933);
#2933 = DEFINITIONAL_REPRESENTATION('',(#2934),#2938);
#2934 = LINE('',#2935,#2936);
#2935 = CARTESIAN_POINT('',(-6.28318530718,-19.36));
#2936 = VECTOR('',#2937,1.);
#2937 = DIRECTION('',(1.,-0.));
#2938 = ( GEOMETRIC_REPRESENTATION_CONTEXT(2) 
PARAMETRIC_REPRESENTATION_CONTEXT() REPRESENTATION_CONTEXT('2D SPACE',''
  ) );
#2939 = PCURVE('',#1285,#2940);
#2940 = DEFINITIONAL_REPRESENTATION('',(#2941),#2949);
#2941 = ( BOUNDED_CURVE() B_SPLINE_CURVE(2,(#2942,#2943,#2944,#2945,
#2946,#2947,#2948),.UNSPECIFIED.,.T.,.F.) B_SPLINE_CURVE_WITH_KNOTS((1,2
    ,2,2,2,1),(-2.094395102393,0.,2.094395102393,4.188790204786,
6.28318530718,8.377580409573),.UNSPECIFIED.) CURVE() 
GEOMETRIC_REPRESENTATION_ITEM() RATIONAL_B_SPLINE_CURVE((1.,0.5,1.,0.5,
1.,0.5,1.)) REPRESENTATION_ITEM('') );
#2942 = CARTESIAN_POINT('',(7.105427357601E-15,-1.6));
#2943 = CARTESIAN_POINT('',(-2.77128129211,-1.6));
#2944 = CARTESIAN_POINT('',(-1.385640646055,0.8));
#2945 = CARTESIAN_POINT('',(6.713540381874E-15,3.2));
#2946 = CARTESIAN_POINT('',(1.385640646055,0.8));
#2947 = CARTESIAN_POINT('',(2.77128129211,-1.6));
#2948 = CARTESIAN_POINT('',(7.105427357601E-15,-1.6));
#2949 = ( GEOMETRIC_REPRESENTATION_CONTEXT(2) 
PARAMETRIC_REPRESENTATION_CONTEXT() REPRESENTATION_CONTEXT('2D SPACE',''
  ) );
#2950 = ORIENTED_EDGE('',*,*,#1206,.T.);
#2951 = ORIENTED_EDGE('',*,*,#2952,.F.);
#2952 = EDGE_CURVE('',#1560,#1185,#2953,.T.);
#2953 = SURFACE_CURVE('',#2954,(#2971,#2991),.PCURVE_S1.);
#2954 = B_SPLINE_CURVE_WITH_KNOTS('',8,(#2955,#2956,#2957,#2958,#2959,
    #2960,#2961,#2962,#2963,#2964,#2965,#2966,#2967,#2968,#2969,#2970),
  .UNSPECIFIED.,.F.,.F.,(9,7,9),(0.,0.35517337489,1.),.UNSPECIFIED.);
#2955 = CARTESIAN_POINT('',(0.,1.74899959968,27.));
#2956 = CARTESIAN_POINT('',(3.261059367484E-02,1.715057417642,
    27.042393771777));
#2957 = CARTESIAN_POINT('',(6.429719155032E-02,1.679378514437,
    27.083586349015));
#2958 = CARTESIAN_POINT('',(9.502641498766E-02,1.641971239587,
    27.123534339484));
#2959 = CARTESIAN_POINT('',(0.124760241997,1.602840849838,
    27.162188314596));
#2960 = CARTESIAN_POINT('',(0.153455545801,1.561989071542,
    27.199492209541));
#2961 = CARTESIAN_POINT('',(0.1810636334,1.51941366304,27.23538272342));
#2962 = CARTESIAN_POINT('',(0.207529784136,1.475107977052,
    27.269788719377));
#2963 = CARTESIAN_POINT('',(0.278658438222,1.345460156428,
    27.362255969689));
#2964 = CARTESIAN_POINT('',(0.320497230891,1.256228819864,
    27.416646400158));
#2965 = CARTESIAN_POINT('',(0.358030915951,1.16119207683,27.465440190736
    ));
#2966 = CARTESIAN_POINT('',(0.390790964547,1.06020790126,27.508028253912
    ));
#2967 = CARTESIAN_POINT('',(0.418158434186,0.953218225465,
    27.543605964442));
#2968 = CARTESIAN_POINT('',(0.439350311455,0.840254171458,
    27.571155404892));
#2969 = CARTESIAN_POINT('',(0.453455782235,0.721475980986,
    27.589492516905));
#2970 = CARTESIAN_POINT('',(0.459272090235,0.597053717305,
    27.597053717305));
#2971 = PCURVE('',#48,#2972);
#2972 = DEFINITIONAL_REPRESENTATION('',(#2973),#2990);
#2973 = B_SPLINE_CURVE_WITH_KNOTS('',8,(#2974,#2975,#2976,#2977,#2978,
    #2979,#2980,#2981,#2982,#2983,#2984,#2985,#2986,#2987,#2988,#2989),
  .UNSPECIFIED.,.F.,.F.,(9,7,9),(0.,0.35517337489,1.),.UNSPECIFIED.);
#2974 = CARTESIAN_POINT('',(-0.675131532937,-1.));
#2975 = CARTESIAN_POINT('',(-0.709073714975,-1.032610593675));
#2976 = CARTESIAN_POINT('',(-0.743108194388,-1.06429719155));
#2977 = CARTESIAN_POINT('',(-0.777270299492,-1.095026414988));
#2978 = CARTESIAN_POINT('',(-0.811594711899,-1.124760241997));
#2979 = CARTESIAN_POINT('',(-0.846116668312,-1.153455545801));
#2980 = CARTESIAN_POINT('',(-0.880873162325,-1.1810636334));
#2981 = CARTESIAN_POINT('',(-0.915904146219,-1.207529784136));
#2982 = CARTESIAN_POINT('',(-1.015431838998,-1.278658438222));
#2983 = CARTESIAN_POINT('',(-1.080575453756,-1.320497230891));
#2984 = CARTESIAN_POINT('',(-1.14704430256,-1.358030915951));
#2985 = CARTESIAN_POINT('',(-1.215145471471,-1.390790964547));
#2986 = CARTESIAN_POINT('',(-1.285161134027,-1.418158434186));
#2987 = CARTESIAN_POINT('',(-1.357398181963,-1.439350311455));
#2988 = CARTESIAN_POINT('',(-1.43219311774,-1.453455782235));
#2989 = CARTESIAN_POINT('',(-1.510100493261,-1.459272090235));
#2990 = ( GEOMETRIC_REPRESENTATION_CONTEXT(2) 
PARAMETRIC_REPRESENTATION_CONTEXT() REPRESENTATION_CONTEXT('2D SPACE',''
  ) );
#2991 = PCURVE('',#714,#2992);
#2992 = DEFINITIONAL_REPRESENTATION('',(#2993),#3010);
#2993 = B_SPLINE_CURVE_WITH_KNOTS('',8,(#2994,#2995,#2996,#2997,#2998,
    #2999,#3000,#3001,#3002,#3003,#3004,#3005,#3006,#3007,#3008,#3009),
  .UNSPECIFIED.,.F.,.F.,(9,7,9),(0.,0.35517337489,1.),.UNSPECIFIED.);
#2994 = CARTESIAN_POINT('',(93.25100040032,0.));
#2995 = CARTESIAN_POINT('',(93.326435787052,3.261059367484E-03));
#2996 = CARTESIAN_POINT('',(93.402521000032,6.429719155032E-03));
#2997 = CARTESIAN_POINT('',(93.479202151965,9.502641498766E-03));
#2998 = CARTESIAN_POINT('',(93.556422008533,1.247602419967E-02));
#2999 = CARTESIAN_POINT('',(93.6341197703,1.534555458006E-02));
#3000 = CARTESIAN_POINT('',(93.712230854632,1.810636333996E-02));
#3001 = CARTESIAN_POINT('',(93.790686677603,2.075297841364E-02));
#3002 = CARTESIAN_POINT('',(94.012346756512,2.786584382224E-02));
#3003 = CARTESIAN_POINT('',(94.15598621039,3.204972308909E-02));
#3004 = CARTESIAN_POINT('',(94.300115392786,3.580309159511E-02));
#3005 = CARTESIAN_POINT('',(94.444233852426,3.907909645472E-02));
#3006 = CARTESIAN_POINT('',(94.587552008155,4.181584341864E-02));
#3007 = CARTESIAN_POINT('',(94.728963678145,4.393503114553E-02));
#3008 = CARTESIAN_POINT('',(94.867052444842,4.534557822347E-02));
#3009 = CARTESIAN_POINT('',(95.,4.592720902345E-02));
#3010 = ( GEOMETRIC_REPRESENTATION_CONTEXT(2) 
PARAMETRIC_REPRESENTATION_CONTEXT() REPRESENTATION_CONTEXT('2D SPACE',''
  ) );
#3011 = ADVANCED_FACE('',(#3012),#1527,.T.);
#3012 = FACE_BOUND('',#3013,.T.);
#3013 = EDGE_LOOP('',(#3014,#3015,#3039,#3118,#3137,#3138,#3139,#3160,
    #3179));
#3014 = ORIENTED_EDGE('',*,*,#1479,.T.);
#3015 = ORIENTED_EDGE('',*,*,#3016,.T.);
#3016 = EDGE_CURVE('',#1446,#3017,#3019,.T.);
#3017 = VERTEX_POINT('',#3018);
#3018 = CARTESIAN_POINT('',(60.64,3.567356917396,28.567356917396));
#3019 = SURFACE_CURVE('',#3020,(#3025,#3032),.PCURVE_S1.);
#3020 = CIRCLE('',#3021,4.);
#3021 = AXIS2_PLACEMENT_3D('',#3022,#3023,#3024);
#3022 = CARTESIAN_POINT('',(60.64,0.5,26.));
#3023 = DIRECTION('',(1.,0.,-0.));
#3024 = DIRECTION('',(0.,0.494294507165,0.869294507165));
#3025 = PCURVE('',#1527,#3026);
#3026 = DEFINITIONAL_REPRESENTATION('',(#3027),#3031);
#3027 = CIRCLE('',#3028,4.);
#3028 = AXIS2_PLACEMENT_2D('',#3029,#3030);
#3029 = CARTESIAN_POINT('',(7.105427357601E-15,-1.110223024625E-16));
#3030 = DIRECTION('',(0.869294507165,-0.494294507165));
#3031 = ( GEOMETRIC_REPRESENTATION_CONTEXT(2) 
PARAMETRIC_REPRESENTATION_CONTEXT() REPRESENTATION_CONTEXT('2D SPACE',''
  ) );
#3032 = PCURVE('',#1465,#3033);
#3033 = DEFINITIONAL_REPRESENTATION('',(#3034),#3038);
#3034 = LINE('',#3035,#3036);
#3035 = CARTESIAN_POINT('',(-1.053773252012,-13.56));
#3036 = VECTOR('',#3037,1.);
#3037 = DIRECTION('',(-1.,0.));
#3038 = ( GEOMETRIC_REPRESENTATION_CONTEXT(2) 
PARAMETRIC_REPRESENTATION_CONTEXT() REPRESENTATION_CONTEXT('2D SPACE',''
  ) );
#3039 = ORIENTED_EDGE('',*,*,#3040,.F.);
#3040 = EDGE_CURVE('',#3041,#3017,#3043,.T.);
#3041 = VERTEX_POINT('',#3042);
#3042 = CARTESIAN_POINT('',(60.64,2.,27.));
#3043 = SURFACE_CURVE('',#3044,(#3065,#3089),.PCURVE_S1.);
#3044 = B_SPLINE_CURVE_WITH_KNOTS('',4,(#3045,#3046,#3047,#3048,#3049,
    #3050,#3051,#3052,#3053,#3054,#3055,#3056,#3057,#3058,#3059,#3060,
    #3061,#3062,#3063,#3064),.UNSPECIFIED.,.F.,.F.,(5,3,3,3,3,3,5),(0.,
    0.500257834558,0.751301317004,0.874861267855,0.936702866366,
    0.967634100049,1.),.UNSPECIFIED.);
#3045 = CARTESIAN_POINT('',(60.64,2.,27.));
#3046 = CARTESIAN_POINT('',(60.64,2.314151021718,27.314151021718));
#3047 = CARTESIAN_POINT('',(60.64,2.627839826146,27.627839826146));
#3048 = CARTESIAN_POINT('',(60.64,2.941040744477,27.941040744477));
#3049 = CARTESIAN_POINT('',(60.64,3.410638649778,28.410638649778));
#3050 = CARTESIAN_POINT('',(60.64,3.567422246675,28.567422246675));
#3051 = CARTESIAN_POINT('',(60.64,3.724072057965,28.724072057965));
#3052 = CARTESIAN_POINT('',(60.64,3.957617221644,28.957617221644));
#3053 = CARTESIAN_POINT('',(60.64,4.034616882312,29.034616882312));
#3054 = CARTESIAN_POINT('',(60.64,4.111582735097,29.111582735097));
#3055 = CARTESIAN_POINT('',(60.64,4.227018458447,29.227018458447));
#3056 = CARTESIAN_POINT('',(60.64,4.265514023867,29.265514023867));
#3057 = CARTESIAN_POINT('',(60.64,4.304000942,29.304000942));
#3058 = CARTESIAN_POINT('',(60.64,4.361724750071,29.361724750071));
#3059 = CARTESIAN_POINT('',(60.64,4.380970344898,29.380970344898));
#3060 = CARTESIAN_POINT('',(60.64,4.400215936948,29.400215936948));
#3061 = CARTESIAN_POINT('',(60.64,4.439599772987,29.439599772987));
#3062 = CARTESIAN_POINT('',(60.64,4.459735691328,29.459735691328));
#3063 = CARTESIAN_POINT('',(60.64,4.479868989148,29.479868989148));
#3064 = CARTESIAN_POINT('',(60.64,4.5,29.5));
#3065 = PCURVE('',#1527,#3066);
#3066 = DEFINITIONAL_REPRESENTATION('',(#3067),#3088);
#3067 = B_SPLINE_CURVE_WITH_KNOTS('',4,(#3068,#3069,#3070,#3071,#3072,
    #3073,#3074,#3075,#3076,#3077,#3078,#3079,#3080,#3081,#3082,#3083,
    #3084,#3085,#3086,#3087),.UNSPECIFIED.,.F.,.F.,(5,3,3,3,3,3,5),(0.,
    0.500257834558,0.751301317004,0.874861267855,0.936702866366,
    0.967634100049,1.),.UNSPECIFIED.);
#3068 = CARTESIAN_POINT('',(1.,-1.5));
#3069 = CARTESIAN_POINT('',(1.314151021718,-1.814151021718));
#3070 = CARTESIAN_POINT('',(1.627839826146,-2.127839826146));
#3071 = CARTESIAN_POINT('',(1.941040744477,-2.441040744477));
#3072 = CARTESIAN_POINT('',(2.410638649778,-2.910638649778));
#3073 = CARTESIAN_POINT('',(2.567422246675,-3.067422246675));
#3074 = CARTESIAN_POINT('',(2.724072057965,-3.224072057965));
#3075 = CARTESIAN_POINT('',(2.957617221644,-3.457617221644));
#3076 = CARTESIAN_POINT('',(3.034616882312,-3.534616882312));
#3077 = CARTESIAN_POINT('',(3.111582735097,-3.611582735097));
#3078 = CARTESIAN_POINT('',(3.227018458447,-3.727018458447));
#3079 = CARTESIAN_POINT('',(3.265514023867,-3.765514023867));
#3080 = CARTESIAN_POINT('',(3.304000942,-3.804000942));
#3081 = CARTESIAN_POINT('',(3.361724750071,-3.861724750071));
#3082 = CARTESIAN_POINT('',(3.380970344898,-3.880970344898));
#3083 = CARTESIAN_POINT('',(3.400215936948,-3.900215936948));
#3084 = CARTESIAN_POINT('',(3.439599772987,-3.939599772987));
#3085 = CARTESIAN_POINT('',(3.459735691328,-3.959735691328));
#3086 = CARTESIAN_POINT('',(3.479868989149,-3.979868989148));
#3087 = CARTESIAN_POINT('',(3.5,-4.));
#3088 = ( GEOMETRIC_REPRESENTATION_CONTEXT(2) 
PARAMETRIC_REPRESENTATION_CONTEXT() REPRESENTATION_CONTEXT('2D SPACE',''
  ) );
#3089 = PCURVE('',#3090,#3095);
#3090 = B_SPLINE_SURFACE_WITH_KNOTS('',1,1,(
    (#3091,#3092)
    ,(#3093,#3094
    )),.UNSPECIFIED.,.F.,.F.,.F.,(2,2),(2,2),(0.,75.),(0.,1.),
  .PIECEWISE_BEZIER_KNOTS.);
#3091 = CARTESIAN_POINT('',(2.,2.,27.));
#3092 = CARTESIAN_POINT('',(10.461538461538,13.,38.));
#3093 = CARTESIAN_POINT('',(77.,2.,27.));
#3094 = CARTESIAN_POINT('',(68.538461538462,13.,38.));
#3095 = DEFINITIONAL_REPRESENTATION('',(#3096),#3117);
#3096 = B_SPLINE_CURVE_WITH_KNOTS('',4,(#3097,#3098,#3099,#3100,#3101,
    #3102,#3103,#3104,#3105,#3106,#3107,#3108,#3109,#3110,#3111,#3112,
    #3113,#3114,#3115,#3116),.UNSPECIFIED.,.F.,.F.,(5,3,3,3,3,3,5),(0.,
    0.500257834558,0.751301317004,0.874861267855,0.936702866366,
    0.967634100049,1.),.UNSPECIFIED.);
#3097 = CARTESIAN_POINT('',(58.64,0.));
#3098 = CARTESIAN_POINT('',(58.776228771264,2.855918379257E-02));
#3099 = CARTESIAN_POINT('',(58.914598106623,5.707634783144E-02));
#3100 = CARTESIAN_POINT('',(59.055171886965,8.554915858878E-02));
#3101 = CARTESIAN_POINT('',(59.269701204712,0.128239877253));
#3102 = CARTESIAN_POINT('',(59.341957152207,0.142492931516));
#3103 = CARTESIAN_POINT('',(59.414793669618,0.156733823451));
#3104 = CARTESIAN_POINT('',(59.524358558053,0.177965201968));
#3105 = CARTESIAN_POINT('',(59.560640409483,0.184965171119));
#3106 = CARTESIAN_POINT('',(59.597066045847,0.191962066827));
#3107 = CARTESIAN_POINT('',(59.651939989481,0.202456223495));
#3108 = CARTESIAN_POINT('',(59.670279743875,0.205955820352));
#3109 = CARTESIAN_POINT('',(59.688655910381,0.209454631091));
#3110 = CARTESIAN_POINT('',(59.716278083328,0.214702250006));
#3111 = CARTESIAN_POINT('',(59.725497728796,0.216451849536));
#3112 = CARTESIAN_POINT('',(59.734727582918,0.218201448813));
#3113 = CARTESIAN_POINT('',(59.75363633737,0.221781797544));
#3114 = CARTESIAN_POINT('',(59.763314749205,0.223612335575));
#3115 = CARTESIAN_POINT('',(59.773004095457,0.225442635377));
#3116 = CARTESIAN_POINT('',(59.782702978386,0.227272727273));
#3117 = ( GEOMETRIC_REPRESENTATION_CONTEXT(2) 
PARAMETRIC_REPRESENTATION_CONTEXT() REPRESENTATION_CONTEXT('2D SPACE',''
  ) );
#3118 = ORIENTED_EDGE('',*,*,#3119,.F.);
#3119 = EDGE_CURVE('',#2066,#3041,#3120,.T.);
#3120 = SURFACE_CURVE('',#3121,(#3125,#3131),.PCURVE_S1.);
#3121 = LINE('',#3122,#3123);
#3122 = CARTESIAN_POINT('',(60.64,2.,26.5));
#3123 = VECTOR('',#3124,1.);
#3124 = DIRECTION('',(-0.,0.,1.));
#3125 = PCURVE('',#1527,#3126);
#3126 = DEFINITIONAL_REPRESENTATION('',(#3127),#3130);
#3127 = B_SPLINE_CURVE_WITH_KNOTS('',1,(#3128,#3129),.UNSPECIFIED.,.F.,
  .F.,(2,2),(-1.5,0.5),.PIECEWISE_BEZIER_KNOTS.);
#3128 = CARTESIAN_POINT('',(-1.,-1.5));
#3129 = CARTESIAN_POINT('',(1.,-1.5));
#3130 = ( GEOMETRIC_REPRESENTATION_CONTEXT(2) 
PARAMETRIC_REPRESENTATION_CONTEXT() REPRESENTATION_CONTEXT('2D SPACE',''
  ) );
#3131 = PCURVE('',#2108,#3132);
#3132 = DEFINITIONAL_REPRESENTATION('',(#3133),#3136);
#3133 = B_SPLINE_CURVE_WITH_KNOTS('',1,(#3134,#3135),.UNSPECIFIED.,.F.,
  .F.,(2,2),(-1.5,0.5),.PIECEWISE_BEZIER_KNOTS.);
#3134 = CARTESIAN_POINT('',(58.64,-2.));
#3135 = CARTESIAN_POINT('',(58.64,0.));
#3136 = ( GEOMETRIC_REPRESENTATION_CONTEXT(2) 
PARAMETRIC_REPRESENTATION_CONTEXT() REPRESENTATION_CONTEXT('2D SPACE',''
  ) );
#3137 = ORIENTED_EDGE('',*,*,#2065,.T.);
#3138 = ORIENTED_EDGE('',*,*,#2505,.T.);
#3139 = ORIENTED_EDGE('',*,*,#3140,.F.);
#3140 = EDGE_CURVE('',#3141,#2480,#3143,.T.);
#3141 = VERTEX_POINT('',#3142);
#3142 = CARTESIAN_POINT('',(60.64,2.,25.));
#3143 = SURFACE_CURVE('',#3144,(#3148,#3154),.PCURVE_S1.);
#3144 = LINE('',#3145,#3146);
#3145 = CARTESIAN_POINT('',(60.64,2.,26.5));
#3146 = VECTOR('',#3147,1.);
#3147 = DIRECTION('',(-0.,0.,1.));
#3148 = PCURVE('',#1527,#3149);
#3149 = DEFINITIONAL_REPRESENTATION('',(#3150),#3153);
#3150 = B_SPLINE_CURVE_WITH_KNOTS('',1,(#3151,#3152),.UNSPECIFIED.,.F.,
  .F.,(2,2),(-1.5,0.5),.PIECEWISE_BEZIER_KNOTS.);
#3151 = CARTESIAN_POINT('',(-1.,-1.5));
#3152 = CARTESIAN_POINT('',(1.,-1.5));
#3153 = ( GEOMETRIC_REPRESENTATION_CONTEXT(2) 
PARAMETRIC_REPRESENTATION_CONTEXT() REPRESENTATION_CONTEXT('2D SPACE',''
  ) );
#3154 = PCURVE('',#2494,#3155);
#3155 = DEFINITIONAL_REPRESENTATION('',(#3156),#3159);
#3156 = B_SPLINE_CURVE_WITH_KNOTS('',1,(#3157,#3158),.UNSPECIFIED.,.F.,
  .F.,(2,2),(-1.5,0.5),.PIECEWISE_BEZIER_KNOTS.);
#3157 = CARTESIAN_POINT('',(58.64,-2.));
#3158 = CARTESIAN_POINT('',(58.64,0.));
#3159 = ( GEOMETRIC_REPRESENTATION_CONTEXT(2) 
PARAMETRIC_REPRESENTATION_CONTEXT() REPRESENTATION_CONTEXT('2D SPACE',''
  ) );
#3160 = ORIENTED_EDGE('',*,*,#3161,.T.);
#3161 = EDGE_CURVE('',#3141,#2393,#3162,.T.);
#3162 = SURFACE_CURVE('',#3163,(#3167,#3173),.PCURVE_S1.);
#3163 = LINE('',#3164,#3165);
#3164 = CARTESIAN_POINT('',(60.64,0.25,25.));
#3165 = VECTOR('',#3166,1.);
#3166 = DIRECTION('',(0.,-1.,0.));
#3167 = PCURVE('',#1527,#3168);
#3168 = DEFINITIONAL_REPRESENTATION('',(#3169),#3172);
#3169 = B_SPLINE_CURVE_WITH_KNOTS('',1,(#3170,#3171),.UNSPECIFIED.,.F.,
  .F.,(2,2),(-2.082631578947,0.731012658228),.PIECEWISE_BEZIER_KNOTS.);
#3170 = CARTESIAN_POINT('',(-1.,-1.832631578947));
#3171 = CARTESIAN_POINT('',(-1.,0.981012658228));
#3172 = ( GEOMETRIC_REPRESENTATION_CONTEXT(2) 
PARAMETRIC_REPRESENTATION_CONTEXT() REPRESENTATION_CONTEXT('2D SPACE',''
  ) );
#3173 = PCURVE('',#2435,#3174);
#3174 = DEFINITIONAL_REPRESENTATION('',(#3175),#3178);
#3175 = B_SPLINE_CURVE_WITH_KNOTS('',1,(#3176,#3177),.UNSPECIFIED.,.F.,
  .F.,(2,2),(-2.082631578947,0.731012658228),.PIECEWISE_BEZIER_KNOTS.);
#3176 = CARTESIAN_POINT('',(40.566010359523,45.133685575124));
#3177 = CARTESIAN_POINT('',(38.402643563379,46.932695858233));
#3178 = ( GEOMETRIC_REPRESENTATION_CONTEXT(2) 
PARAMETRIC_REPRESENTATION_CONTEXT() REPRESENTATION_CONTEXT('2D SPACE',''
  ) );
#3179 = ORIENTED_EDGE('',*,*,#2392,.T.);
#3180 = ADVANCED_FACE('',(#3181),#1465,.T.);
#3181 = FACE_BOUND('',#3182,.F.);
#3182 = EDGE_LOOP('',(#3183,#3184,#3213,#3235));
#3183 = ORIENTED_EDGE('',*,*,#3016,.T.);
#3184 = ORIENTED_EDGE('',*,*,#3185,.T.);
#3185 = EDGE_CURVE('',#3017,#3186,#3188,.T.);
#3186 = VERTEX_POINT('',#3187);
#3187 = CARTESIAN_POINT('',(47.08,3.567356917396,28.567356917396));
#3188 = SURFACE_CURVE('',#3189,(#3195,#3204),.PCURVE_S1.);
#3189 = B_SPLINE_CURVE_WITH_KNOTS('',4,(#3190,#3191,#3192,#3193,#3194),
  .UNSPECIFIED.,.F.,.F.,(5,5),(0.,1.),.PIECEWISE_BEZIER_KNOTS.);
#3190 = CARTESIAN_POINT('',(60.6400006,3.567356917396,28.567356917396));
#3191 = CARTESIAN_POINT('',(57.2500003,3.567356917396,28.567356917396));
#3192 = CARTESIAN_POINT('',(53.86,3.567356917396,28.567356917396));
#3193 = CARTESIAN_POINT('',(50.4699997,3.567356917396,28.567356917396));
#3194 = CARTESIAN_POINT('',(47.0799994,3.567356917396,28.567356917396));
#3195 = PCURVE('',#1465,#3196);
#3196 = DEFINITIONAL_REPRESENTATION('',(#3197),#3203);
#3197 = B_SPLINE_CURVE_WITH_KNOTS('',4,(#3198,#3199,#3200,#3201,#3202),
  .UNSPECIFIED.,.F.,.F.,(5,5),(4.424778316397E-08,0.999999955752),
  .PIECEWISE_BEZIER_KNOTS.);
#3198 = CARTESIAN_POINT('',(-6.980079627433,-13.56));
#3199 = CARTESIAN_POINT('',(-6.980079627433,-10.17));
#3200 = CARTESIAN_POINT('',(-6.980079627433,-6.78));
#3201 = CARTESIAN_POINT('',(-6.980079627433,-3.39));
#3202 = CARTESIAN_POINT('',(-6.980079627433,-7.138547854616E-15));
#3203 = ( GEOMETRIC_REPRESENTATION_CONTEXT(2) 
PARAMETRIC_REPRESENTATION_CONTEXT() REPRESENTATION_CONTEXT('2D SPACE',''
  ) );
#3204 = PCURVE('',#3090,#3205);
#3205 = DEFINITIONAL_REPRESENTATION('',(#3206),#3212);
#3206 = B_SPLINE_CURVE_WITH_KNOTS('',4,(#3207,#3208,#3209,#3210,#3211),
  .UNSPECIFIED.,.F.,.F.,(5,5),(0.,1.),.PIECEWISE_BEZIER_KNOTS.);
#3207 = CARTESIAN_POINT('',(59.342248799961,0.142486992491));
#3208 = CARTESIAN_POINT('',(55.839636317323,0.142486992491));
#3209 = CARTESIAN_POINT('',(52.337023834684,0.142486992491));
#3210 = CARTESIAN_POINT('',(48.834411352046,0.142486992491));
#3211 = CARTESIAN_POINT('',(45.331798869408,0.142486992491));
#3212 = ( GEOMETRIC_REPRESENTATION_CONTEXT(2) 
PARAMETRIC_REPRESENTATION_CONTEXT() REPRESENTATION_CONTEXT('2D SPACE',''
  ) );
#3213 = ORIENTED_EDGE('',*,*,#3214,.F.);
#3214 = EDGE_CURVE('',#1412,#3186,#3215,.T.);
#3215 = SURFACE_CURVE('',#3216,(#3221,#3228),.PCURVE_S1.);
#3216 = CIRCLE('',#3217,4.);
#3217 = AXIS2_PLACEMENT_3D('',#3218,#3219,#3220);
#3218 = CARTESIAN_POINT('',(47.08,0.5,26.));
#3219 = DIRECTION('',(1.,0.,-0.));
#3220 = DIRECTION('',(0.,0.494294507165,0.869294507165));
#3221 = PCURVE('',#1465,#3222);
#3222 = DEFINITIONAL_REPRESENTATION('',(#3223),#3227);
#3223 = LINE('',#3224,#3225);
#3224 = CARTESIAN_POINT('',(-1.053773252012,0.));
#3225 = VECTOR('',#3226,1.);
#3226 = DIRECTION('',(-1.,0.));
#3227 = ( GEOMETRIC_REPRESENTATION_CONTEXT(2) 
PARAMETRIC_REPRESENTATION_CONTEXT() REPRESENTATION_CONTEXT('2D SPACE',''
  ) );
#3228 = PCURVE('',#1431,#3229);
#3229 = DEFINITIONAL_REPRESENTATION('',(#3230),#3234);
#3230 = CIRCLE('',#3231,4.);
#3231 = AXIS2_PLACEMENT_2D('',#3232,#3233);
#3232 = CARTESIAN_POINT('',(7.105427357601E-15,-1.110223024625E-16));
#3233 = DIRECTION('',(0.869294507165,-0.494294507165));
#3234 = ( GEOMETRIC_REPRESENTATION_CONTEXT(2) 
PARAMETRIC_REPRESENTATION_CONTEXT() REPRESENTATION_CONTEXT('2D SPACE',''
  ) );
#3235 = ORIENTED_EDGE('',*,*,#1445,.F.);
#3236 = ADVANCED_FACE('',(#3237),#1431,.F.);
#3237 = FACE_BOUND('',#3238,.F.);
#3238 = EDGE_LOOP('',(#3239,#3240,#3241,#3315,#3334,#3335,#3336,#3357,
    #3376));
#3239 = ORIENTED_EDGE('',*,*,#1411,.T.);
#3240 = ORIENTED_EDGE('',*,*,#3214,.T.);
#3241 = ORIENTED_EDGE('',*,*,#3242,.F.);
#3242 = EDGE_CURVE('',#3243,#3186,#3245,.T.);
#3243 = VERTEX_POINT('',#3244);
#3244 = CARTESIAN_POINT('',(47.08,2.,27.));
#3245 = SURFACE_CURVE('',#3246,(#3267,#3291),.PCURVE_S1.);
#3246 = B_SPLINE_CURVE_WITH_KNOTS('',4,(#3247,#3248,#3249,#3250,#3251,
    #3252,#3253,#3254,#3255,#3256,#3257,#3258,#3259,#3260,#3261,#3262,
    #3263,#3264,#3265,#3266),.UNSPECIFIED.,.F.,.F.,(5,3,3,3,3,3,5),(0.,
    0.501340844209,0.75213777819,0.875369622417,0.936994109206,
    0.967807803845,1.),.UNSPECIFIED.);
#3247 = CARTESIAN_POINT('',(47.08,2.,27.));
#3248 = CARTESIAN_POINT('',(47.08,2.313546053971,27.313546053971));
#3249 = CARTESIAN_POINT('',(47.08,2.627028136532,27.627028136532));
#3250 = CARTESIAN_POINT('',(47.08,2.940442223657,27.940442223657));
#3251 = CARTESIAN_POINT('',(47.08,3.410533409694,28.410533409694));
#3252 = CARTESIAN_POINT('',(47.08,3.567264997243,28.567264997243));
#3253 = CARTESIAN_POINT('',(47.08,3.723977809318,28.723977809318));
#3254 = CARTESIAN_POINT('',(47.08,3.957664246323,28.957664246323));
#3255 = CARTESIAN_POINT('',(47.08,4.034652594591,29.034652594591));
#3256 = CARTESIAN_POINT('',(47.08,4.111636181429,29.111636181429));
#3257 = CARTESIAN_POINT('',(47.08,4.227109652342,29.227109652342));
#3258 = CARTESIAN_POINT('',(47.08,4.265603165783,29.265603165783));
#3259 = CARTESIAN_POINT('',(47.08,4.304095459209,29.304095459209));
#3260 = CARTESIAN_POINT('',(47.08,4.361832960835,29.361832960835));
#3261 = CARTESIAN_POINT('',(47.08,4.38107939532,29.38107939532));
#3262 = CARTESIAN_POINT('',(47.08,4.400325826106,29.400325826106));
#3263 = CARTESIAN_POINT('',(47.08,4.439679700968,29.439679700968));
#3264 = CARTESIAN_POINT('',(47.08,4.459786820753,29.459786820753));
#3265 = CARTESIAN_POINT('',(47.08,4.479893571722,29.479893571722));
#3266 = CARTESIAN_POINT('',(47.08,4.5,29.5));
#3267 = PCURVE('',#1431,#3268);
#3268 = DEFINITIONAL_REPRESENTATION('',(#3269),#3290);
#3269 = B_SPLINE_CURVE_WITH_KNOTS('',4,(#3270,#3271,#3272,#3273,#3274,
    #3275,#3276,#3277,#3278,#3279,#3280,#3281,#3282,#3283,#3284,#3285,
    #3286,#3287,#3288,#3289),.UNSPECIFIED.,.F.,.F.,(5,3,3,3,3,3,5),(0.,
    0.501340844209,0.75213777819,0.875369622417,0.936994109206,
    0.967807803845,1.),.UNSPECIFIED.);
#3270 = CARTESIAN_POINT('',(1.,-1.5));
#3271 = CARTESIAN_POINT('',(1.313546053971,-1.813546053971));
#3272 = CARTESIAN_POINT('',(1.627028136532,-2.127028136532));
#3273 = CARTESIAN_POINT('',(1.940442223657,-2.440442223657));
#3274 = CARTESIAN_POINT('',(2.410533409694,-2.910533409694));
#3275 = CARTESIAN_POINT('',(2.567264997243,-3.067264997243));
#3276 = CARTESIAN_POINT('',(2.723977809318,-3.223977809318));
#3277 = CARTESIAN_POINT('',(2.957664246323,-3.457664246323));
#3278 = CARTESIAN_POINT('',(3.034652594591,-3.534652594591));
#3279 = CARTESIAN_POINT('',(3.111636181429,-3.611636181429));
#3280 = CARTESIAN_POINT('',(3.227109652342,-3.727109652342));
#3281 = CARTESIAN_POINT('',(3.265603165783,-3.765603165783));
#3282 = CARTESIAN_POINT('',(3.304095459209,-3.804095459209));
#3283 = CARTESIAN_POINT('',(3.361832960835,-3.861832960835));
#3284 = CARTESIAN_POINT('',(3.38107939532,-3.88107939532));
#3285 = CARTESIAN_POINT('',(3.400325826106,-3.900325826106));
#3286 = CARTESIAN_POINT('',(3.439679700968,-3.939679700968));
#3287 = CARTESIAN_POINT('',(3.459786820753,-3.959786820753));
#3288 = CARTESIAN_POINT('',(3.479893571722,-3.979893571722));
#3289 = CARTESIAN_POINT('',(3.5,-4.));
#3290 = ( GEOMETRIC_REPRESENTATION_CONTEXT(2) 
PARAMETRIC_REPRESENTATION_CONTEXT() REPRESENTATION_CONTEXT('2D SPACE',''
  ) );
#3291 = PCURVE('',#3090,#3292);
#3292 = DEFINITIONAL_REPRESENTATION('',(#3293),#3314);
#3293 = B_SPLINE_CURVE_WITH_KNOTS('',4,(#3294,#3295,#3296,#3297,#3298,
    #3299,#3300,#3301,#3302,#3303,#3304,#3305,#3306,#3307,#3308,#3309,
    #3310,#3311,#3312,#3313),.UNSPECIFIED.,.F.,.F.,(5,3,3,3,3,3,5),(0.,
    0.501340844209,0.75213777819,0.875369622417,0.936994109206,
    0.967807803845,1.),.UNSPECIFIED.);
#3294 = CARTESIAN_POINT('',(45.08,0.));
#3295 = CARTESIAN_POINT('',(45.128752391571,2.85041867246E-02));
#3296 = CARTESIAN_POINT('',(45.178331006547,5.700255786655E-02));
#3297 = CARTESIAN_POINT('',(45.228766681735,8.549474760522E-02));
#3298 = CARTESIAN_POINT('',(45.305769727848,0.128230309972));
#3299 = CARTESIAN_POINT('',(45.331669034808,0.142478636113));
#3300 = CARTESIAN_POINT('',(45.357795590983,0.156725255393));
#3301 = CARTESIAN_POINT('',(45.39710530321,0.177969476938));
#3302 = CARTESIAN_POINT('',(45.410112681815,0.18496841769));
#3303 = CARTESIAN_POINT('',(45.423176537856,0.191966925584));
#3304 = CARTESIAN_POINT('',(45.442858766109,0.202464513849));
#3305 = CARTESIAN_POINT('',(45.449434376144,0.205963924162));
#3306 = CARTESIAN_POINT('',(45.456024313568,0.209463223564));
#3307 = CARTESIAN_POINT('',(45.465930969639,0.214712087349));
#3308 = CARTESIAN_POINT('',(45.469236943554,0.216461763211));
#3309 = CARTESIAN_POINT('',(45.472546578091,0.218211438737));
#3310 = CARTESIAN_POINT('',(45.479321412838,0.221789063724));
#3311 = CARTESIAN_POINT('',(45.482786771925,0.223616983705));
#3312 = CARTESIAN_POINT('',(45.486256422996,0.225444870157));
#3313 = CARTESIAN_POINT('',(45.489729826882,0.227272727273));
#3314 = ( GEOMETRIC_REPRESENTATION_CONTEXT(2) 
PARAMETRIC_REPRESENTATION_CONTEXT() REPRESENTATION_CONTEXT('2D SPACE',''
  ) );
#3315 = ORIENTED_EDGE('',*,*,#3316,.F.);
#3316 = EDGE_CURVE('',#1989,#3243,#3317,.T.);
#3317 = SURFACE_CURVE('',#3318,(#3322,#3328),.PCURVE_S1.);
#3318 = LINE('',#3319,#3320);
#3319 = CARTESIAN_POINT('',(47.08,2.,26.5));
#3320 = VECTOR('',#3321,1.);
#3321 = DIRECTION('',(-0.,0.,1.));
#3322 = PCURVE('',#1431,#3323);
#3323 = DEFINITIONAL_REPRESENTATION('',(#3324),#3327);
#3324 = B_SPLINE_CURVE_WITH_KNOTS('',1,(#3325,#3326),.UNSPECIFIED.,.F.,
  .F.,(2,2),(-1.5,0.5),.PIECEWISE_BEZIER_KNOTS.);
#3325 = CARTESIAN_POINT('',(-1.,-1.5));
#3326 = CARTESIAN_POINT('',(1.,-1.5));
#3327 = ( GEOMETRIC_REPRESENTATION_CONTEXT(2) 
PARAMETRIC_REPRESENTATION_CONTEXT() REPRESENTATION_CONTEXT('2D SPACE',''
  ) );
#3328 = PCURVE('',#2003,#3329);
#3329 = DEFINITIONAL_REPRESENTATION('',(#3330),#3333);
#3330 = B_SPLINE_CURVE_WITH_KNOTS('',1,(#3331,#3332),.UNSPECIFIED.,.F.,
  .F.,(2,2),(-1.5,0.5),.PIECEWISE_BEZIER_KNOTS.);
#3331 = CARTESIAN_POINT('',(45.08,-2.));
#3332 = CARTESIAN_POINT('',(45.08,0.));
#3333 = ( GEOMETRIC_REPRESENTATION_CONTEXT(2) 
PARAMETRIC_REPRESENTATION_CONTEXT() REPRESENTATION_CONTEXT('2D SPACE',''
  ) );
#3334 = ORIENTED_EDGE('',*,*,#2014,.T.);
#3335 = ORIENTED_EDGE('',*,*,#2532,.T.);
#3336 = ORIENTED_EDGE('',*,*,#3337,.F.);
#3337 = EDGE_CURVE('',#3338,#2533,#3340,.T.);
#3338 = VERTEX_POINT('',#3339);
#3339 = CARTESIAN_POINT('',(47.08,2.,25.));
#3340 = SURFACE_CURVE('',#3341,(#3345,#3351),.PCURVE_S1.);
#3341 = LINE('',#3342,#3343);
#3342 = CARTESIAN_POINT('',(47.08,2.,26.5));
#3343 = VECTOR('',#3344,1.);
#3344 = DIRECTION('',(-0.,0.,1.));
#3345 = PCURVE('',#1431,#3346);
#3346 = DEFINITIONAL_REPRESENTATION('',(#3347),#3350);
#3347 = B_SPLINE_CURVE_WITH_KNOTS('',1,(#3348,#3349),.UNSPECIFIED.,.F.,
  .F.,(2,2),(-1.5,0.5),.PIECEWISE_BEZIER_KNOTS.);
#3348 = CARTESIAN_POINT('',(-1.,-1.5));
#3349 = CARTESIAN_POINT('',(1.,-1.5));
#3350 = ( GEOMETRIC_REPRESENTATION_CONTEXT(2) 
PARAMETRIC_REPRESENTATION_CONTEXT() REPRESENTATION_CONTEXT('2D SPACE',''
  ) );
#3351 = PCURVE('',#2575,#3352);
#3352 = DEFINITIONAL_REPRESENTATION('',(#3353),#3356);
#3353 = B_SPLINE_CURVE_WITH_KNOTS('',1,(#3354,#3355),.UNSPECIFIED.,.F.,
  .F.,(2,2),(-1.5,0.5),.PIECEWISE_BEZIER_KNOTS.);
#3354 = CARTESIAN_POINT('',(45.08,-2.));
#3355 = CARTESIAN_POINT('',(45.08,0.));
#3356 = ( GEOMETRIC_REPRESENTATION_CONTEXT(2) 
PARAMETRIC_REPRESENTATION_CONTEXT() REPRESENTATION_CONTEXT('2D SPACE',''
  ) );
#3357 = ORIENTED_EDGE('',*,*,#3358,.T.);
#3358 = EDGE_CURVE('',#3338,#2620,#3359,.T.);
#3359 = SURFACE_CURVE('',#3360,(#3364,#3370),.PCURVE_S1.);
#3360 = LINE('',#3361,#3362);
#3361 = CARTESIAN_POINT('',(47.08,0.25,25.));
#3362 = VECTOR('',#3363,1.);
#3363 = DIRECTION('',(0.,-1.,0.));
#3364 = PCURVE('',#1431,#3365);
#3365 = DEFINITIONAL_REPRESENTATION('',(#3366),#3369);
#3366 = B_SPLINE_CURVE_WITH_KNOTS('',1,(#3367,#3368),.UNSPECIFIED.,.F.,
  .F.,(2,2),(-2.231012658228,0.582631578947),.PIECEWISE_BEZIER_KNOTS.);
#3367 = CARTESIAN_POINT('',(-1.,-1.981012658228));
#3368 = CARTESIAN_POINT('',(-1.,0.832631578947));
#3369 = ( GEOMETRIC_REPRESENTATION_CONTEXT(2) 
PARAMETRIC_REPRESENTATION_CONTEXT() REPRESENTATION_CONTEXT('2D SPACE',''
  ) );
#3370 = PCURVE('',#2634,#3371);
#3371 = DEFINITIONAL_REPRESENTATION('',(#3372),#3375);
#3372 = B_SPLINE_CURVE_WITH_KNOTS('',1,(#3373,#3374),.UNSPECIFIED.,.F.,
  .F.,(2,2),(-2.231012658228,0.582631578947),.PIECEWISE_BEZIER_KNOTS.);
#3373 = CARTESIAN_POINT('',(32.009997335277,34.612741792667));
#3374 = CARTESIAN_POINT('',(29.846630539133,36.411752075776));
#3375 = ( GEOMETRIC_REPRESENTATION_CONTEXT(2) 
PARAMETRIC_REPRESENTATION_CONTEXT() REPRESENTATION_CONTEXT('2D SPACE',''
  ) );
#3376 = ORIENTED_EDGE('',*,*,#2645,.T.);
#3377 = ADVANCED_FACE('',(#3378),#1368,.T.);
#3378 = FACE_BOUND('',#3379,.T.);
#3379 = EDGE_LOOP('',(#3380,#3381,#3405,#3479,#3498,#3499,#3500,#3521,
    #3540));
#3380 = ORIENTED_EDGE('',*,*,#1348,.T.);
#3381 = ORIENTED_EDGE('',*,*,#3382,.T.);
#3382 = EDGE_CURVE('',#1315,#3383,#3385,.T.);
#3383 = VERTEX_POINT('',#3384);
#3384 = CARTESIAN_POINT('',(31.92,3.567356917396,28.567356917396));
#3385 = SURFACE_CURVE('',#3386,(#3391,#3398),.PCURVE_S1.);
#3386 = CIRCLE('',#3387,4.);
#3387 = AXIS2_PLACEMENT_3D('',#3388,#3389,#3390);
#3388 = CARTESIAN_POINT('',(31.92,0.5,26.));
#3389 = DIRECTION('',(1.,0.,-0.));
#3390 = DIRECTION('',(0.,0.494294507165,0.869294507165));
#3391 = PCURVE('',#1368,#3392);
#3392 = DEFINITIONAL_REPRESENTATION('',(#3393),#3397);
#3393 = CIRCLE('',#3394,4.);
#3394 = AXIS2_PLACEMENT_2D('',#3395,#3396);
#3395 = CARTESIAN_POINT('',(7.105427357601E-15,-1.110223024625E-16));
#3396 = DIRECTION('',(0.869294507165,-0.494294507165));
#3397 = ( GEOMETRIC_REPRESENTATION_CONTEXT(2) 
PARAMETRIC_REPRESENTATION_CONTEXT() REPRESENTATION_CONTEXT('2D SPACE',''
  ) );
#3398 = PCURVE('',#1334,#3399);
#3399 = DEFINITIONAL_REPRESENTATION('',(#3400),#3404);
#3400 = LINE('',#3401,#3402);
#3401 = CARTESIAN_POINT('',(-1.053773252012,-13.56));
#3402 = VECTOR('',#3403,1.);
#3403 = DIRECTION('',(-1.,0.));
#3404 = ( GEOMETRIC_REPRESENTATION_CONTEXT(2) 
PARAMETRIC_REPRESENTATION_CONTEXT() REPRESENTATION_CONTEXT('2D SPACE',''
  ) );
#3405 = ORIENTED_EDGE('',*,*,#3406,.F.);
#3406 = EDGE_CURVE('',#3407,#3383,#3409,.T.);
#3407 = VERTEX_POINT('',#3408);
#3408 = CARTESIAN_POINT('',(31.92,2.,27.));
#3409 = SURFACE_CURVE('',#3410,(#3431,#3455),.PCURVE_S1.);
#3410 = B_SPLINE_CURVE_WITH_KNOTS('',4,(#3411,#3412,#3413,#3414,#3415,
    #3416,#3417,#3418,#3419,#3420,#3421,#3422,#3423,#3424,#3425,#3426,
    #3427,#3428,#3429,#3430),.UNSPECIFIED.,.F.,.F.,(5,3,3,3,3,3,5),(0.,
    0.501340844209,0.75213777819,0.875369622418,0.936994109206,
    0.967807803845,1.),.UNSPECIFIED.);
#3411 = CARTESIAN_POINT('',(31.92,2.,27.));
#3412 = CARTESIAN_POINT('',(31.92,2.313546053971,27.313546053971));
#3413 = CARTESIAN_POINT('',(31.92,2.627028136532,27.627028136532));
#3414 = CARTESIAN_POINT('',(31.92,2.940442223657,27.940442223657));
#3415 = CARTESIAN_POINT('',(31.92,3.410533409694,28.410533409694));
#3416 = CARTESIAN_POINT('',(31.92,3.567264997243,28.567264997243));
#3417 = CARTESIAN_POINT('',(31.92,3.723977809318,28.723977809318));
#3418 = CARTESIAN_POINT('',(31.92,3.957664246323,28.957664246323));
#3419 = CARTESIAN_POINT('',(31.92,4.034652594591,29.034652594591));
#3420 = CARTESIAN_POINT('',(31.92,4.111636181429,29.111636181429));
#3421 = CARTESIAN_POINT('',(31.92,4.227109652342,29.227109652342));
#3422 = CARTESIAN_POINT('',(31.92,4.265603165783,29.265603165783));
#3423 = CARTESIAN_POINT('',(31.92,4.304095459209,29.304095459209));
#3424 = CARTESIAN_POINT('',(31.92,4.361832960835,29.361832960835));
#3425 = CARTESIAN_POINT('',(31.92,4.38107939532,29.38107939532));
#3426 = CARTESIAN_POINT('',(31.92,4.400325826106,29.400325826106));
#3427 = CARTESIAN_POINT('',(31.92,4.439679700967,29.439679700967));
#3428 = CARTESIAN_POINT('',(31.92,4.459786820753,29.459786820753));
#3429 = CARTESIAN_POINT('',(31.92,4.479893571722,29.479893571722));
#3430 = CARTESIAN_POINT('',(31.92,4.5,29.5));
#3431 = PCURVE('',#1368,#3432);
#3432 = DEFINITIONAL_REPRESENTATION('',(#3433),#3454);
#3433 = B_SPLINE_CURVE_WITH_KNOTS('',4,(#3434,#3435,#3436,#3437,#3438,
    #3439,#3440,#3441,#3442,#3443,#3444,#3445,#3446,#3447,#3448,#3449,
    #3450,#3451,#3452,#3453),.UNSPECIFIED.,.F.,.F.,(5,3,3,3,3,3,5),(0.,
    0.501340844209,0.75213777819,0.875369622418,0.936994109206,
    0.967807803845,1.),.UNSPECIFIED.);
#3434 = CARTESIAN_POINT('',(1.,-1.5));
#3435 = CARTESIAN_POINT('',(1.313546053971,-1.813546053971));
#3436 = CARTESIAN_POINT('',(1.627028136532,-2.127028136532));
#3437 = CARTESIAN_POINT('',(1.940442223657,-2.440442223657));
#3438 = CARTESIAN_POINT('',(2.410533409694,-2.910533409694));
#3439 = CARTESIAN_POINT('',(2.567264997243,-3.067264997243));
#3440 = CARTESIAN_POINT('',(2.723977809318,-3.223977809318));
#3441 = CARTESIAN_POINT('',(2.957664246323,-3.457664246323));
#3442 = CARTESIAN_POINT('',(3.034652594591,-3.534652594591));
#3443 = CARTESIAN_POINT('',(3.111636181429,-3.611636181429));
#3444 = CARTESIAN_POINT('',(3.227109652342,-3.727109652342));
#3445 = CARTESIAN_POINT('',(3.265603165783,-3.765603165783));
#3446 = CARTESIAN_POINT('',(3.304095459209,-3.804095459209));
#3447 = CARTESIAN_POINT('',(3.361832960835,-3.861832960835));
#3448 = CARTESIAN_POINT('',(3.38107939532,-3.88107939532));
#3449 = CARTESIAN_POINT('',(3.400325826106,-3.900325826106));
#3450 = CARTESIAN_POINT('',(3.439679700967,-3.939679700967));
#3451 = CARTESIAN_POINT('',(3.459786820753,-3.959786820753));
#3452 = CARTESIAN_POINT('',(3.479893571722,-3.979893571722));
#3453 = CARTESIAN_POINT('',(3.5,-4.));
#3454 = ( GEOMETRIC_REPRESENTATION_CONTEXT(2) 
PARAMETRIC_REPRESENTATION_CONTEXT() REPRESENTATION_CONTEXT('2D SPACE',''
  ) );
#3455 = PCURVE('',#3090,#3456);
#3456 = DEFINITIONAL_REPRESENTATION('',(#3457),#3478);
#3457 = B_SPLINE_CURVE_WITH_KNOTS('',4,(#3458,#3459,#3460,#3461,#3462,
    #3463,#3464,#3465,#3466,#3467,#3468,#3469,#3470,#3471,#3472,#3473,
    #3474,#3475,#3476,#3477),.UNSPECIFIED.,.F.,.F.,(5,3,3,3,3,3,5),(0.,
    0.501340844209,0.75213777819,0.875369622418,0.936994109206,
    0.967807803845,1.),.UNSPECIFIED.);
#3458 = CARTESIAN_POINT('',(29.92,0.));
#3459 = CARTESIAN_POINT('',(29.871247608429,2.85041867246E-02));
#3460 = CARTESIAN_POINT('',(29.821668993453,5.700255786655E-02));
#3461 = CARTESIAN_POINT('',(29.771233318265,8.549474760522E-02));
#3462 = CARTESIAN_POINT('',(29.694230272152,0.128230309972));
#3463 = CARTESIAN_POINT('',(29.668330965192,0.142478636113));
#3464 = CARTESIAN_POINT('',(29.642204409017,0.156725255393));
#3465 = CARTESIAN_POINT('',(29.60289469679,0.177969476938));
#3466 = CARTESIAN_POINT('',(29.589887318185,0.18496841769));
#3467 = CARTESIAN_POINT('',(29.576823462144,0.191966925584));
#3468 = CARTESIAN_POINT('',(29.557141233891,0.202464513849));
#3469 = CARTESIAN_POINT('',(29.550565623856,0.205963924162));
#3470 = CARTESIAN_POINT('',(29.543975686432,0.209463223564));
#3471 = CARTESIAN_POINT('',(29.534069030361,0.214712087349));
#3472 = CARTESIAN_POINT('',(29.530763056446,0.216461763211));
#3473 = CARTESIAN_POINT('',(29.527453421909,0.218211438737));
#3474 = CARTESIAN_POINT('',(29.520678587162,0.221789063724));
#3475 = CARTESIAN_POINT('',(29.517213228075,0.223616983705));
#3476 = CARTESIAN_POINT('',(29.513743577004,0.225444870157));
#3477 = CARTESIAN_POINT('',(29.510270173118,0.227272727273));
#3478 = ( GEOMETRIC_REPRESENTATION_CONTEXT(2) 
PARAMETRIC_REPRESENTATION_CONTEXT() REPRESENTATION_CONTEXT('2D SPACE',''
  ) );
#3479 = ORIENTED_EDGE('',*,*,#3480,.F.);
#3480 = EDGE_CURVE('',#1843,#3407,#3481,.T.);
#3481 = SURFACE_CURVE('',#3482,(#3486,#3492),.PCURVE_S1.);
#3482 = LINE('',#3483,#3484);
#3483 = CARTESIAN_POINT('',(31.92,2.,26.5));
#3484 = VECTOR('',#3485,1.);
#3485 = DIRECTION('',(-0.,0.,1.));
#3486 = PCURVE('',#1368,#3487);
#3487 = DEFINITIONAL_REPRESENTATION('',(#3488),#3491);
#3488 = B_SPLINE_CURVE_WITH_KNOTS('',1,(#3489,#3490),.UNSPECIFIED.,.F.,
  .F.,(2,2),(-1.5,0.5),.PIECEWISE_BEZIER_KNOTS.);
#3489 = CARTESIAN_POINT('',(-1.,-1.5));
#3490 = CARTESIAN_POINT('',(1.,-1.5));
#3491 = ( GEOMETRIC_REPRESENTATION_CONTEXT(2) 
PARAMETRIC_REPRESENTATION_CONTEXT() REPRESENTATION_CONTEXT('2D SPACE',''
  ) );
#3492 = PCURVE('',#1885,#3493);
#3493 = DEFINITIONAL_REPRESENTATION('',(#3494),#3497);
#3494 = B_SPLINE_CURVE_WITH_KNOTS('',1,(#3495,#3496),.UNSPECIFIED.,.F.,
  .F.,(2,2),(-1.5,0.5),.PIECEWISE_BEZIER_KNOTS.);
#3495 = CARTESIAN_POINT('',(29.92,-2.));
#3496 = CARTESIAN_POINT('',(29.92,0.));
#3497 = ( GEOMETRIC_REPRESENTATION_CONTEXT(2) 
PARAMETRIC_REPRESENTATION_CONTEXT() REPRESENTATION_CONTEXT('2D SPACE',''
  ) );
#3498 = ORIENTED_EDGE('',*,*,#1842,.T.);
#3499 = ORIENTED_EDGE('',*,*,#2785,.T.);
#3500 = ORIENTED_EDGE('',*,*,#3501,.F.);
#3501 = EDGE_CURVE('',#3502,#2760,#3504,.T.);
#3502 = VERTEX_POINT('',#3503);
#3503 = CARTESIAN_POINT('',(31.92,2.,25.));
#3504 = SURFACE_CURVE('',#3505,(#3509,#3515),.PCURVE_S1.);
#3505 = LINE('',#3506,#3507);
#3506 = CARTESIAN_POINT('',(31.92,2.,26.5));
#3507 = VECTOR('',#3508,1.);
#3508 = DIRECTION('',(-0.,0.,1.));
#3509 = PCURVE('',#1368,#3510);
#3510 = DEFINITIONAL_REPRESENTATION('',(#3511),#3514);
#3511 = B_SPLINE_CURVE_WITH_KNOTS('',1,(#3512,#3513),.UNSPECIFIED.,.F.,
  .F.,(2,2),(-1.5,0.5),.PIECEWISE_BEZIER_KNOTS.);
#3512 = CARTESIAN_POINT('',(-1.,-1.5));
#3513 = CARTESIAN_POINT('',(1.,-1.5));
#3514 = ( GEOMETRIC_REPRESENTATION_CONTEXT(2) 
PARAMETRIC_REPRESENTATION_CONTEXT() REPRESENTATION_CONTEXT('2D SPACE',''
  ) );
#3515 = PCURVE('',#2774,#3516);
#3516 = DEFINITIONAL_REPRESENTATION('',(#3517),#3520);
#3517 = B_SPLINE_CURVE_WITH_KNOTS('',1,(#3518,#3519),.UNSPECIFIED.,.F.,
  .F.,(2,2),(-1.5,0.5),.PIECEWISE_BEZIER_KNOTS.);
#3518 = CARTESIAN_POINT('',(29.92,-2.));
#3519 = CARTESIAN_POINT('',(29.92,0.));
#3520 = ( GEOMETRIC_REPRESENTATION_CONTEXT(2) 
PARAMETRIC_REPRESENTATION_CONTEXT() REPRESENTATION_CONTEXT('2D SPACE',''
  ) );
#3521 = ORIENTED_EDGE('',*,*,#3522,.T.);
#3522 = EDGE_CURVE('',#3502,#2673,#3523,.T.);
#3523 = SURFACE_CURVE('',#3524,(#3528,#3534),.PCURVE_S1.);
#3524 = LINE('',#3525,#3526);
#3525 = CARTESIAN_POINT('',(31.92,0.25,25.));
#3526 = VECTOR('',#3527,1.);
#3527 = DIRECTION('',(0.,-1.,0.));
#3528 = PCURVE('',#1368,#3529);
#3529 = DEFINITIONAL_REPRESENTATION('',(#3530),#3533);
#3530 = B_SPLINE_CURVE_WITH_KNOTS('',1,(#3531,#3532),.UNSPECIFIED.,.F.,
  .F.,(2,2),(-2.082631578947,0.731012658228),.PIECEWISE_BEZIER_KNOTS.);
#3531 = CARTESIAN_POINT('',(-1.,-1.832631578947));
#3532 = CARTESIAN_POINT('',(-1.,0.981012658228));
#3533 = ( GEOMETRIC_REPRESENTATION_CONTEXT(2) 
PARAMETRIC_REPRESENTATION_CONTEXT() REPRESENTATION_CONTEXT('2D SPACE',''
  ) );
#3534 = PCURVE('',#2715,#3535);
#3535 = DEFINITIONAL_REPRESENTATION('',(#3536),#3539);
#3536 = B_SPLINE_CURVE_WITH_KNOTS('',1,(#3537,#3538),.UNSPECIFIED.,.F.,
  .F.,(2,2),(-2.082631578947,0.731012658228),.PIECEWISE_BEZIER_KNOTS.);
#3537 = CARTESIAN_POINT('',(22.202787799885,23.051329332522));
#3538 = CARTESIAN_POINT('',(20.039421003741,24.850339615631));
#3539 = ( GEOMETRIC_REPRESENTATION_CONTEXT(2) 
PARAMETRIC_REPRESENTATION_CONTEXT() REPRESENTATION_CONTEXT('2D SPACE',''
  ) );
#3540 = ORIENTED_EDGE('',*,*,#2672,.T.);
#3541 = ADVANCED_FACE('',(#3542),#1334,.T.);
#3542 = FACE_BOUND('',#3543,.F.);
#3543 = EDGE_LOOP('',(#3544,#3545,#3574,#3596));
#3544 = ORIENTED_EDGE('',*,*,#3382,.T.);
#3545 = ORIENTED_EDGE('',*,*,#3546,.T.);
#3546 = EDGE_CURVE('',#3383,#3547,#3549,.T.);
#3547 = VERTEX_POINT('',#3548);
#3548 = CARTESIAN_POINT('',(18.36,3.567356917396,28.567356917396));
#3549 = SURFACE_CURVE('',#3550,(#3556,#3565),.PCURVE_S1.);
#3550 = B_SPLINE_CURVE_WITH_KNOTS('',4,(#3551,#3552,#3553,#3554,#3555),
  .UNSPECIFIED.,.F.,.F.,(5,5),(0.,1.),.PIECEWISE_BEZIER_KNOTS.);
#3551 = CARTESIAN_POINT('',(31.9200006,3.567356917396,28.567356917396));
#3552 = CARTESIAN_POINT('',(28.5300003,3.567356917396,28.567356917396));
#3553 = CARTESIAN_POINT('',(25.14,3.567356917396,28.567356917396));
#3554 = CARTESIAN_POINT('',(21.7499997,3.567356917396,28.567356917396));
#3555 = CARTESIAN_POINT('',(18.3599994,3.567356917396,28.567356917396));
#3556 = PCURVE('',#1334,#3557);
#3557 = DEFINITIONAL_REPRESENTATION('',(#3558),#3564);
#3558 = B_SPLINE_CURVE_WITH_KNOTS('',4,(#3559,#3560,#3561,#3562,#3563),
  .UNSPECIFIED.,.F.,.F.,(5,5),(4.424778394997E-08,0.999999955752),
  .PIECEWISE_BEZIER_KNOTS.);
#3559 = CARTESIAN_POINT('',(-6.980079627433,-13.56));
#3560 = CARTESIAN_POINT('',(-6.980079627433,-10.17));
#3561 = CARTESIAN_POINT('',(-6.980079627433,-6.78));
#3562 = CARTESIAN_POINT('',(-6.980079627433,-3.39));
#3563 = CARTESIAN_POINT('',(-6.980079627433,3.887636117738E-16));
#3564 = ( GEOMETRIC_REPRESENTATION_CONTEXT(2) 
PARAMETRIC_REPRESENTATION_CONTEXT() REPRESENTATION_CONTEXT('2D SPACE',''
  ) );
#3565 = PCURVE('',#3090,#3566);
#3566 = DEFINITIONAL_REPRESENTATION('',(#3567),#3573);
#3567 = B_SPLINE_CURVE_WITH_KNOTS('',4,(#3568,#3569,#3570,#3571,#3572),
  .UNSPECIFIED.,.F.,.F.,(5,5),(0.,1.),.PIECEWISE_BEZIER_KNOTS.);
#3568 = CARTESIAN_POINT('',(29.668201130592,0.142486992491));
#3569 = CARTESIAN_POINT('',(26.165588647954,0.142486992491));
#3570 = CARTESIAN_POINT('',(22.662976165316,0.142486992491));
#3571 = CARTESIAN_POINT('',(19.160363682677,0.142486992491));
#3572 = CARTESIAN_POINT('',(15.657751200039,0.142486992491));
#3573 = ( GEOMETRIC_REPRESENTATION_CONTEXT(2) 
PARAMETRIC_REPRESENTATION_CONTEXT() REPRESENTATION_CONTEXT('2D SPACE',''
  ) );
#3574 = ORIENTED_EDGE('',*,*,#3575,.F.);
#3575 = EDGE_CURVE('',#1236,#3547,#3576,.T.);
#3576 = SURFACE_CURVE('',#3577,(#3582,#3589),.PCURVE_S1.);
#3577 = CIRCLE('',#3578,4.);
#3578 = AXIS2_PLACEMENT_3D('',#3579,#3580,#3581);
#3579 = CARTESIAN_POINT('',(18.36,0.5,26.));
#3580 = DIRECTION('',(1.,0.,-0.));
#3581 = DIRECTION('',(0.,0.494294507165,0.869294507165));
#3582 = PCURVE('',#1334,#3583);
#3583 = DEFINITIONAL_REPRESENTATION('',(#3584),#3588);
#3584 = LINE('',#3585,#3586);
#3585 = CARTESIAN_POINT('',(-1.053773252012,0.));
#3586 = VECTOR('',#3587,1.);
#3587 = DIRECTION('',(-1.,0.));
#3588 = ( GEOMETRIC_REPRESENTATION_CONTEXT(2) 
PARAMETRIC_REPRESENTATION_CONTEXT() REPRESENTATION_CONTEXT('2D SPACE',''
  ) );
#3589 = PCURVE('',#1285,#3590);
#3590 = DEFINITIONAL_REPRESENTATION('',(#3591),#3595);
#3591 = CIRCLE('',#3592,4.);
#3592 = AXIS2_PLACEMENT_2D('',#3593,#3594);
#3593 = CARTESIAN_POINT('',(7.105427357601E-15,-1.110223024625E-16));
#3594 = DIRECTION('',(0.869294507165,-0.494294507165));
#3595 = ( GEOMETRIC_REPRESENTATION_CONTEXT(2) 
PARAMETRIC_REPRESENTATION_CONTEXT() REPRESENTATION_CONTEXT('2D SPACE',''
  ) );
#3596 = ORIENTED_EDGE('',*,*,#1314,.F.);
#3597 = ADVANCED_FACE('',(#3598),#1285,.F.);
#3598 = FACE_BOUND('',#3599,.F.);
#3599 = EDGE_LOOP('',(#3600,#3601,#3602,#3676,#3695,#3696,#3697,#3718,
    #3737));
#3600 = ORIENTED_EDGE('',*,*,#1235,.T.);
#3601 = ORIENTED_EDGE('',*,*,#3575,.T.);
#3602 = ORIENTED_EDGE('',*,*,#3603,.F.);
#3603 = EDGE_CURVE('',#3604,#3547,#3606,.T.);
#3604 = VERTEX_POINT('',#3605);
#3605 = CARTESIAN_POINT('',(18.36,2.,27.));
#3606 = SURFACE_CURVE('',#3607,(#3628,#3652),.PCURVE_S1.);
#3607 = B_SPLINE_CURVE_WITH_KNOTS('',4,(#3608,#3609,#3610,#3611,#3612,
    #3613,#3614,#3615,#3616,#3617,#3618,#3619,#3620,#3621,#3622,#3623,
    #3624,#3625,#3626,#3627),.UNSPECIFIED.,.F.,.F.,(5,3,3,3,3,3,5),(0.,
    0.500257834558,0.751301317004,0.874861267855,0.936702866366,
    0.967634100049,1.),.UNSPECIFIED.);
#3608 = CARTESIAN_POINT('',(18.36,2.,27.));
#3609 = CARTESIAN_POINT('',(18.36,2.314151021718,27.314151021718));
#3610 = CARTESIAN_POINT('',(18.36,2.627839826146,27.627839826146));
#3611 = CARTESIAN_POINT('',(18.36,2.941040744477,27.941040744477));
#3612 = CARTESIAN_POINT('',(18.36,3.410638649778,28.410638649778));
#3613 = CARTESIAN_POINT('',(18.36,3.567422246675,28.567422246675));
#3614 = CARTESIAN_POINT('',(18.36,3.724072057965,28.724072057965));
#3615 = CARTESIAN_POINT('',(18.36,3.957617221644,28.957617221644));
#3616 = CARTESIAN_POINT('',(18.36,4.034616882312,29.034616882312));
#3617 = CARTESIAN_POINT('',(18.36,4.111582735097,29.111582735097));
#3618 = CARTESIAN_POINT('',(18.36,4.227018458447,29.227018458447));
#3619 = CARTESIAN_POINT('',(18.36,4.265514023867,29.265514023867));
#3620 = CARTESIAN_POINT('',(18.36,4.304000942,29.304000942));
#3621 = CARTESIAN_POINT('',(18.36,4.361724750071,29.361724750071));
#3622 = CARTESIAN_POINT('',(18.36,4.380970344898,29.380970344898));
#3623 = CARTESIAN_POINT('',(18.36,4.400215936948,29.400215936948));
#3624 = CARTESIAN_POINT('',(18.36,4.439599772987,29.439599772987));
#3625 = CARTESIAN_POINT('',(18.36,4.459735691328,29.459735691328));
#3626 = CARTESIAN_POINT('',(18.36,4.479868989149,29.479868989149));
#3627 = CARTESIAN_POINT('',(18.36,4.5,29.5));
#3628 = PCURVE('',#1285,#3629);
#3629 = DEFINITIONAL_REPRESENTATION('',(#3630),#3651);
#3630 = B_SPLINE_CURVE_WITH_KNOTS('',4,(#3631,#3632,#3633,#3634,#3635,
    #3636,#3637,#3638,#3639,#3640,#3641,#3642,#3643,#3644,#3645,#3646,
    #3647,#3648,#3649,#3650),.UNSPECIFIED.,.F.,.F.,(5,3,3,3,3,3,5),(0.,
    0.500257834558,0.751301317004,0.874861267855,0.936702866366,
    0.967634100049,1.),.UNSPECIFIED.);
#3631 = CARTESIAN_POINT('',(1.,-1.5));
#3632 = CARTESIAN_POINT('',(1.314151021718,-1.814151021718));
#3633 = CARTESIAN_POINT('',(1.627839826146,-2.127839826146));
#3634 = CARTESIAN_POINT('',(1.941040744477,-2.441040744477));
#3635 = CARTESIAN_POINT('',(2.410638649778,-2.910638649778));
#3636 = CARTESIAN_POINT('',(2.567422246675,-3.067422246675));
#3637 = CARTESIAN_POINT('',(2.724072057965,-3.224072057965));
#3638 = CARTESIAN_POINT('',(2.957617221644,-3.457617221644));
#3639 = CARTESIAN_POINT('',(3.034616882312,-3.534616882312));
#3640 = CARTESIAN_POINT('',(3.111582735097,-3.611582735097));
#3641 = CARTESIAN_POINT('',(3.227018458447,-3.727018458447));
#3642 = CARTESIAN_POINT('',(3.265514023867,-3.765514023867));
#3643 = CARTESIAN_POINT('',(3.304000942,-3.804000942));
#3644 = CARTESIAN_POINT('',(3.361724750071,-3.861724750071));
#3645 = CARTESIAN_POINT('',(3.380970344898,-3.880970344898));
#3646 = CARTESIAN_POINT('',(3.400215936948,-3.900215936948));
#3647 = CARTESIAN_POINT('',(3.439599772987,-3.939599772987));
#3648 = CARTESIAN_POINT('',(3.459735691328,-3.959735691328));
#3649 = CARTESIAN_POINT('',(3.479868989149,-3.979868989149));
#3650 = CARTESIAN_POINT('',(3.5,-4.));
#3651 = ( GEOMETRIC_REPRESENTATION_CONTEXT(2) 
PARAMETRIC_REPRESENTATION_CONTEXT() REPRESENTATION_CONTEXT('2D SPACE',''
  ) );
#3652 = PCURVE('',#3090,#3653);
#3653 = DEFINITIONAL_REPRESENTATION('',(#3654),#3675);
#3654 = B_SPLINE_CURVE_WITH_KNOTS('',4,(#3655,#3656,#3657,#3658,#3659,
    #3660,#3661,#3662,#3663,#3664,#3665,#3666,#3667,#3668,#3669,#3670,
    #3671,#3672,#3673,#3674),.UNSPECIFIED.,.F.,.F.,(5,3,3,3,3,3,5),(0.,
    0.500257834558,0.751301317004,0.874861267855,0.936702866366,
    0.967634100049,1.),.UNSPECIFIED.);
#3655 = CARTESIAN_POINT('',(16.36,0.));
#3656 = CARTESIAN_POINT('',(16.223771228736,2.855918379257E-02));
#3657 = CARTESIAN_POINT('',(16.085401893377,5.707634783144E-02));
#3658 = CARTESIAN_POINT('',(15.944828113035,8.554915858878E-02));
#3659 = CARTESIAN_POINT('',(15.730298795288,0.128239877253));
#3660 = CARTESIAN_POINT('',(15.658042847793,0.142492931516));
#3661 = CARTESIAN_POINT('',(15.585206330382,0.156733823451));
#3662 = CARTESIAN_POINT('',(15.475641441947,0.177965201968));
#3663 = CARTESIAN_POINT('',(15.439359590517,0.184965171119));
#3664 = CARTESIAN_POINT('',(15.402933954153,0.191962066827));
#3665 = CARTESIAN_POINT('',(15.348060010519,0.202456223495));
#3666 = CARTESIAN_POINT('',(15.329720256125,0.205955820352));
#3667 = CARTESIAN_POINT('',(15.311344089619,0.209454631091));
#3668 = CARTESIAN_POINT('',(15.283721916672,0.214702250006));
#3669 = CARTESIAN_POINT('',(15.274502271204,0.216451849536));
#3670 = CARTESIAN_POINT('',(15.265272417082,0.218201448813));
#3671 = CARTESIAN_POINT('',(15.24636366263,0.221781797544));
#3672 = CARTESIAN_POINT('',(15.236685250795,0.223612335575));
#3673 = CARTESIAN_POINT('',(15.226995904543,0.225442635377));
#3674 = CARTESIAN_POINT('',(15.217297021614,0.227272727273));
#3675 = ( GEOMETRIC_REPRESENTATION_CONTEXT(2) 
PARAMETRIC_REPRESENTATION_CONTEXT() REPRESENTATION_CONTEXT('2D SPACE',''
  ) );
#3676 = ORIENTED_EDGE('',*,*,#3677,.F.);
#3677 = EDGE_CURVE('',#1766,#3604,#3678,.T.);
#3678 = SURFACE_CURVE('',#3679,(#3683,#3689),.PCURVE_S1.);
#3679 = LINE('',#3680,#3681);
#3680 = CARTESIAN_POINT('',(18.36,2.,26.5));
#3681 = VECTOR('',#3682,1.);
#3682 = DIRECTION('',(-0.,0.,1.));
#3683 = PCURVE('',#1285,#3684);
#3684 = DEFINITIONAL_REPRESENTATION('',(#3685),#3688);
#3685 = B_SPLINE_CURVE_WITH_KNOTS('',1,(#3686,#3687),.UNSPECIFIED.,.F.,
  .F.,(2,2),(-1.5,0.5),.PIECEWISE_BEZIER_KNOTS.);
#3686 = CARTESIAN_POINT('',(-1.,-1.5));
#3687 = CARTESIAN_POINT('',(1.,-1.5));
#3688 = ( GEOMETRIC_REPRESENTATION_CONTEXT(2) 
PARAMETRIC_REPRESENTATION_CONTEXT() REPRESENTATION_CONTEXT('2D SPACE',''
  ) );
#3689 = PCURVE('',#1780,#3690);
#3690 = DEFINITIONAL_REPRESENTATION('',(#3691),#3694);
#3691 = B_SPLINE_CURVE_WITH_KNOTS('',1,(#3692,#3693),.UNSPECIFIED.,.F.,
  .F.,(2,2),(-1.5,0.5),.PIECEWISE_BEZIER_KNOTS.);
#3692 = CARTESIAN_POINT('',(16.36,-2.));
#3693 = CARTESIAN_POINT('',(16.36,0.));
#3694 = ( GEOMETRIC_REPRESENTATION_CONTEXT(2) 
PARAMETRIC_REPRESENTATION_CONTEXT() REPRESENTATION_CONTEXT('2D SPACE',''
  ) );
#3695 = ORIENTED_EDGE('',*,*,#1791,.T.);
#3696 = ORIENTED_EDGE('',*,*,#2812,.T.);
#3697 = ORIENTED_EDGE('',*,*,#3698,.F.);
#3698 = EDGE_CURVE('',#3699,#2813,#3701,.T.);
#3699 = VERTEX_POINT('',#3700);
#3700 = CARTESIAN_POINT('',(18.36,2.,25.));
#3701 = SURFACE_CURVE('',#3702,(#3706,#3712),.PCURVE_S1.);
#3702 = LINE('',#3703,#3704);
#3703 = CARTESIAN_POINT('',(18.36,2.,26.5));
#3704 = VECTOR('',#3705,1.);
#3705 = DIRECTION('',(-0.,0.,1.));
#3706 = PCURVE('',#1285,#3707);
#3707 = DEFINITIONAL_REPRESENTATION('',(#3708),#3711);
#3708 = B_SPLINE_CURVE_WITH_KNOTS('',1,(#3709,#3710),.UNSPECIFIED.,.F.,
  .F.,(2,2),(-1.5,0.5),.PIECEWISE_BEZIER_KNOTS.);
#3709 = CARTESIAN_POINT('',(-1.,-1.5));
#3710 = CARTESIAN_POINT('',(1.,-1.5));
#3711 = ( GEOMETRIC_REPRESENTATION_CONTEXT(2) 
PARAMETRIC_REPRESENTATION_CONTEXT() REPRESENTATION_CONTEXT('2D SPACE',''
  ) );
#3712 = PCURVE('',#2855,#3713);
#3713 = DEFINITIONAL_REPRESENTATION('',(#3714),#3717);
#3714 = B_SPLINE_CURVE_WITH_KNOTS('',1,(#3715,#3716),.UNSPECIFIED.,.F.,
  .F.,(2,2),(-1.5,0.5),.PIECEWISE_BEZIER_KNOTS.);
#3715 = CARTESIAN_POINT('',(16.36,-2.));
#3716 = CARTESIAN_POINT('',(16.36,0.));
#3717 = ( GEOMETRIC_REPRESENTATION_CONTEXT(2) 
PARAMETRIC_REPRESENTATION_CONTEXT() REPRESENTATION_CONTEXT('2D SPACE',''
  ) );
#3718 = ORIENTED_EDGE('',*,*,#3719,.T.);
#3719 = EDGE_CURVE('',#3699,#2900,#3720,.T.);
#3720 = SURFACE_CURVE('',#3721,(#3725,#3731),.PCURVE_S1.);
#3721 = LINE('',#3722,#3723);
#3722 = CARTESIAN_POINT('',(18.36,0.25,25.));
#3723 = VECTOR('',#3724,1.);
#3724 = DIRECTION('',(0.,-1.,0.));
#3725 = PCURVE('',#1285,#3726);
#3726 = DEFINITIONAL_REPRESENTATION('',(#3727),#3730);
#3727 = B_SPLINE_CURVE_WITH_KNOTS('',1,(#3728,#3729),.UNSPECIFIED.,.F.,
  .F.,(2,2),(-2.231012658228,0.582631578947),.PIECEWISE_BEZIER_KNOTS.);
#3728 = CARTESIAN_POINT('',(-1.,-1.981012658228));
#3729 = CARTESIAN_POINT('',(-1.,0.832631578947));
#3730 = ( GEOMETRIC_REPRESENTATION_CONTEXT(2) 
PARAMETRIC_REPRESENTATION_CONTEXT() REPRESENTATION_CONTEXT('2D SPACE',''
  ) );
#3731 = PCURVE('',#2914,#3732);
#3732 = DEFINITIONAL_REPRESENTATION('',(#3733),#3736);
#3733 = B_SPLINE_CURVE_WITH_KNOTS('',1,(#3734,#3735),.UNSPECIFIED.,.F.,
  .F.,(2,2),(-2.231012658228,0.582631578947),.PIECEWISE_BEZIER_KNOTS.);
#3734 = CARTESIAN_POINT('',(13.646774775639,12.530385550065));
#3735 = CARTESIAN_POINT('',(11.483407979495,14.329395833174));
#3736 = ( GEOMETRIC_REPRESENTATION_CONTEXT(2) 
PARAMETRIC_REPRESENTATION_CONTEXT() REPRESENTATION_CONTEXT('2D SPACE',''
  ) );
#3737 = ORIENTED_EDGE('',*,*,#2925,.T.);
#3738 = ADVANCED_FACE('',(#3739,#3995),#714,.T.);
#3739 = FACE_BOUND('',#3740,.T.);
#3740 = EDGE_LOOP('',(#3741,#3764,#3765,#3766,#3876,#3894,#3895,#3919,
    #3970));
#3741 = ORIENTED_EDGE('',*,*,#3742,.T.);
#3742 = EDGE_CURVE('',#3743,#1560,#3745,.T.);
#3743 = VERTEX_POINT('',#3744);
#3744 = CARTESIAN_POINT('',(0.,95.,27.));
#3745 = SURFACE_CURVE('',#3746,(#3750,#3757),.PCURVE_S1.);
#3746 = LINE('',#3747,#3748);
#3747 = CARTESIAN_POINT('',(0.,95.,27.));
#3748 = VECTOR('',#3749,1.);
#3749 = DIRECTION('',(0.,-1.,0.));
#3750 = PCURVE('',#714,#3751);
#3751 = DEFINITIONAL_REPRESENTATION('',(#3752),#3756);
#3752 = LINE('',#3753,#3754);
#3753 = CARTESIAN_POINT('',(0.,0.));
#3754 = VECTOR('',#3755,1.);
#3755 = DIRECTION('',(1.,0.));
#3756 = ( GEOMETRIC_REPRESENTATION_CONTEXT(2) 
PARAMETRIC_REPRESENTATION_CONTEXT() REPRESENTATION_CONTEXT('2D SPACE',''
  ) );
#3757 = PCURVE('',#1578,#3758);
#3758 = DEFINITIONAL_REPRESENTATION('',(#3759),#3763);
#3759 = LINE('',#3760,#3761);
#3760 = CARTESIAN_POINT('',(0.,0.));
#3761 = VECTOR('',#3762,1.);
#3762 = DIRECTION('',(1.,0.));
#3763 = ( GEOMETRIC_REPRESENTATION_CONTEXT(2) 
PARAMETRIC_REPRESENTATION_CONTEXT() REPRESENTATION_CONTEXT('2D SPACE',''
  ) );
#3764 = ORIENTED_EDGE('',*,*,#2952,.T.);
#3765 = ORIENTED_EDGE('',*,*,#1184,.T.);
#3766 = ORIENTED_EDGE('',*,*,#3767,.T.);
#3767 = EDGE_CURVE('',#980,#3768,#3770,.T.);
#3768 = VERTEX_POINT('',#3769);
#3769 = CARTESIAN_POINT('',(9.230769230769,14.886409698353,39.));
#3770 = SURFACE_CURVE('',#3771,(#3804,#3840),.PCURVE_S1.);
#3771 = B_SPLINE_CURVE_WITH_KNOTS('',7,(#3772,#3773,#3774,#3775,#3776,
    #3777,#3778,#3779,#3780,#3781,#3782,#3783,#3784,#3785,#3786,#3787,
    #3788,#3789,#3790,#3791,#3792,#3793,#3794,#3795,#3796,#3797,#3798,
    #3799,#3800,#3801,#3802,#3803),.UNSPECIFIED.,.F.,.F.,(8,6,6,6,6,8),(
    0.,0.328098655048,0.605148422814,0.699564888818,0.822775838442,1.),
  .UNSPECIFIED.);
#3772 = CARTESIAN_POINT('',(8.221366661591,10.687776660068,
    37.687776660068));
#3773 = CARTESIAN_POINT('',(8.166968797806,10.844418883522,
    37.617059437148));
#3774 = CARTESIAN_POINT('',(8.118319821942,11.0089523511,37.553815768524
    ));
#3775 = CARTESIAN_POINT('',(8.076167628577,11.182182001866,
    37.49901791715));
#3776 = CARTESIAN_POINT('',(8.041634508509,11.364733417127,
    37.454124861061));
#3777 = CARTESIAN_POINT('',(8.016199631851,11.557010675827,
    37.421059521406));
#3778 = CARTESIAN_POINT('',(8.001643381133,11.759126969436,
    37.402136395473));
#3779 = CARTESIAN_POINT('',(7.99880674813,12.14983335348,37.398448772568
    ));
#3780 = CARTESIAN_POINT('',(8.006789611893,12.335797813519,
    37.408826495461));
#3781 = CARTESIAN_POINT('',(8.025377794996,12.528032298989,
    37.432991133494));
#3782 = CARTESIAN_POINT('',(8.055861092401,12.725060003482,
    37.472619420122));
#3783 = CARTESIAN_POINT('',(8.099185735574,12.924683532203,
    37.528941456246));
#3784 = CARTESIAN_POINT('',(8.155597823619,13.123924340354,
    37.602277170705));
#3785 = CARTESIAN_POINT('',(8.246878275715,13.385290155703,
    37.72094175843));
#3786 = CARTESIAN_POINT('',(8.271440670054,13.451240162316,
    37.75287287107));
#3787 = CARTESIAN_POINT('',(8.297316055785,13.51657113098,37.78651087252
    ));
#3788 = CARTESIAN_POINT('',(8.324445604227,13.581160044082,
    37.821779285495));
#3789 = CARTESIAN_POINT('',(8.352761624287,13.644896977225,
    37.858590111573));
#3790 = CARTESIAN_POINT('',(8.382189097815,13.707684143344,
    37.896845827159));
#3791 = CARTESIAN_POINT('',(8.452394238935,13.850018062087,
    37.988112510616));
#3792 = CARTESIAN_POINT('',(8.493899527526,13.928842666917,
    38.042069385784));
#3793 = CARTESIAN_POINT('',(8.536988655366,14.005725783841,
    38.098085251975));
#3794 = CARTESIAN_POINT('',(8.581484827369,14.080542756985,
    38.15593027558));
#3795 = CARTESIAN_POINT('',(8.627217059012,14.153214797004,
    38.215382176716));
#3796 = CARTESIAN_POINT('',(8.674026160331,14.223699693735,
    38.276234008431));
#3797 = CARTESIAN_POINT('',(8.7904401826,14.39020689067,38.42757223738)
  );
#3798 = CARTESIAN_POINT('',(8.861032705348,14.48386423031,
    38.519342516952));
#3799 = CARTESIAN_POINT('',(8.933146676266,14.572966821044,
    38.613090679146));
#3800 = CARTESIAN_POINT('',(9.0064339327,14.657608388431,38.708364112509
    ));
#3801 = CARTESIAN_POINT('',(9.080605551764,14.73793716371,
    38.804787217293));
#3802 = CARTESIAN_POINT('',(9.155436892346,14.814135633161,
    38.902067960049));
#3803 = CARTESIAN_POINT('',(9.230769692308,14.886410141154,39.0000006));
#3804 = PCURVE('',#714,#3805);
#3805 = DEFINITIONAL_REPRESENTATION('',(#3806),#3839);
#3806 = B_SPLINE_CURVE_WITH_KNOTS('',7,(#3807,#3808,#3809,#3810,#3811,
    #3812,#3813,#3814,#3815,#3816,#3817,#3818,#3819,#3820,#3821,#3822,
    #3823,#3824,#3825,#3826,#3827,#3828,#3829,#3830,#3831,#3832,#3833,
    #3834,#3835,#3836,#3837,#3838),.UNSPECIFIED.,.F.,.F.,(8,6,6,6,6,8),(
    0.,0.328098655048,0.605148422814,0.699564888818,0.822775838442,1.),
  .UNSPECIFIED.);
#3807 = CARTESIAN_POINT('',(95.,0.822136666159));
#3808 = CARTESIAN_POINT('',(94.738724047184,0.816696879781));
#3809 = CARTESIAN_POINT('',(94.477569839602,0.811831982194));
#3810 = CARTESIAN_POINT('',(94.216614691253,0.807616762858));
#3811 = CARTESIAN_POINT('',(93.956676142829,0.804163450851));
#3812 = CARTESIAN_POINT('',(93.699305387243,0.801619963185));
#3813 = CARTESIAN_POINT('',(93.446765085946,0.800164338113));
#3814 = CARTESIAN_POINT('',(92.99544156892,0.799880674813));
#3815 = CARTESIAN_POINT('',(92.794220416802,0.800678961189));
#3816 = CARTESIAN_POINT('',(92.60112310206,0.8025377795));
#3817 = CARTESIAN_POINT('',(92.419549375781,0.80558610924));
#3818 = CARTESIAN_POINT('',(92.253215408869,0.809918573557));
#3819 = CARTESIAN_POINT('',(92.105793880621,0.815559782362));
#3820 = CARTESIAN_POINT('',(91.93679565342,0.824687827572));
#3821 = CARTESIAN_POINT('',(91.896312013505,0.827144067005));
#3822 = CARTESIAN_POINT('',(91.858387121294,0.829731605578));
#3823 = CARTESIAN_POINT('',(91.823078929079,0.832444560423));
#3824 = CARTESIAN_POINT('',(91.790418782268,0.835276162429));
#3825 = CARTESIAN_POINT('',(91.760414561969,0.838218909781));
#3826 = CARTESIAN_POINT('',(91.697348804843,0.845239423894));
#3827 = CARTESIAN_POINT('',(91.66614265683,0.849389952753));
#3828 = CARTESIAN_POINT('',(91.639404131388,0.853698865537));
#3829 = CARTESIAN_POINT('',(91.617033804256,0.858148482737));
#3830 = CARTESIAN_POINT('',(91.598889019568,0.862721705901));
#3831 = CARTESIAN_POINT('',(91.584802314746,0.867402616033));
#3832 = CARTESIAN_POINT('',(91.55990893037,0.87904401826));
#3833 = CARTESIAN_POINT('',(91.553249624043,0.886103270535));
#3834 = CARTESIAN_POINT('',(91.554067969204,0.893314667627));
#3835 = CARTESIAN_POINT('',(91.561791852488,0.90064339327));
#3836 = CARTESIAN_POINT('',(91.575867914247,0.908060555176));
#3837 = CARTESIAN_POINT('',(91.595791401938,0.915543689235));
#3838 = CARTESIAN_POINT('',(91.621122451436,0.923076969231));
#3839 = ( GEOMETRIC_REPRESENTATION_CONTEXT(2) 
PARAMETRIC_REPRESENTATION_CONTEXT() REPRESENTATION_CONTEXT('2D SPACE',''
  ) );
#3840 = PCURVE('',#1113,#3841);
#3841 = DEFINITIONAL_REPRESENTATION('',(#3842),#3875);
#3842 = B_SPLINE_CURVE_WITH_KNOTS('',7,(#3843,#3844,#3845,#3846,#3847,
    #3848,#3849,#3850,#3851,#3852,#3853,#3854,#3855,#3856,#3857,#3858,
    #3859,#3860,#3861,#3862,#3863,#3864,#3865,#3866,#3867,#3868,#3869,
    #3870,#3871,#3872,#3873,#3874),.UNSPECIFIED.,.F.,.F.,(8,6,6,6,6,8),(
    0.,0.328098655048,0.605148422814,0.699564888818,0.822775838442,1.),
  .UNSPECIFIED.);
#3843 = CARTESIAN_POINT('',(-3.475837429729,-6.837776660068));
#3844 = CARTESIAN_POINT('',(-3.434382700089,-6.767059437148));
#3845 = CARTESIAN_POINT('',(-3.391535847207,-6.703815768525));
#3846 = CARTESIAN_POINT('',(-3.347051605883,-6.64901791715));
#3847 = CARTESIAN_POINT('',(-3.300723265423,-6.604124861061));
#3848 = CARTESIAN_POINT('',(-3.252366551028,-6.571059521406));
#3849 = CARTESIAN_POINT('',(-3.201812370744,-6.552136395473));
#3850 = CARTESIAN_POINT('',(-3.104133200428,-6.548448772568));
#3851 = CARTESIAN_POINT('',(-3.057657753066,-6.558826495461));
#3852 = CARTESIAN_POINT('',(-3.009488322349,-6.582991133494));
#3853 = CARTESIAN_POINT('',(-2.959797466444,-6.622619420122));
#3854 = CARTESIAN_POINT('',(-2.908886264049,-6.678941456246));
#3855 = CARTESIAN_POINT('',(-2.857211473772,-6.752277170705));
#3856 = CARTESIAN_POINT('',(-2.787999746818,-6.87094175843));
#3857 = CARTESIAN_POINT('',(-2.770409577195,-6.90287287107));
#3858 = CARTESIAN_POINT('',(-2.752848373914,-6.93651087252));
#3859 = CARTESIAN_POINT('',(-2.735341167337,-6.971779285495));
#3860 = CARTESIAN_POINT('',(-2.717910960537,-7.008590111573));
#3861 = CARTESIAN_POINT('',(-2.700579096512,-7.046845827159));
#3862 = CARTESIAN_POINT('',(-2.660902508434,-7.138112510616));
#3863 = CARTESIAN_POINT('',(-2.638639225213,-7.192069385784));
#3864 = CARTESIAN_POINT('',(-2.616617560527,-7.248085251975));
#3865 = CARTESIAN_POINT('',(-2.59486801956,-7.30593027558));
#3866 = CARTESIAN_POINT('',(-2.573412410765,-7.365382176716));
#3867 = CARTESIAN_POINT('',(-2.552265438757,-7.426234008431));
#3868 = CARTESIAN_POINT('',(-2.501473663332,-7.57757223738));
#3869 = CARTESIAN_POINT('',(-2.472171953154,-7.669342516952));
#3870 = CARTESIAN_POINT('',(-2.443541548382,-7.763090679146));
#3871 = CARTESIAN_POINT('',(-2.4155780135,-7.858364112509));
#3872 = CARTESIAN_POINT('',(-2.388265283498,-7.954787217293));
#3873 = CARTESIAN_POINT('',(-2.361577476993,-8.052067960049));
#3874 = CARTESIAN_POINT('',(-2.335478344757,-8.1500006));
#3875 = ( GEOMETRIC_REPRESENTATION_CONTEXT(2) 
PARAMETRIC_REPRESENTATION_CONTEXT() REPRESENTATION_CONTEXT('2D SPACE',''
  ) );
#3876 = ORIENTED_EDGE('',*,*,#3877,.F.);
#3877 = EDGE_CURVE('',#700,#3768,#3878,.T.);
#3878 = SURFACE_CURVE('',#3879,(#3882,#3888),.PCURVE_S1.);
#3879 = B_SPLINE_CURVE_WITH_KNOTS('',1,(#3880,#3881),.UNSPECIFIED.,.F.,
  .F.,(2,2),(0.,1.),.PIECEWISE_BEZIER_KNOTS.);
#3880 = CARTESIAN_POINT('',(9.230769230769,12.,39.));
#3881 = CARTESIAN_POINT('',(9.230769230769,16.,39.));
#3882 = PCURVE('',#714,#3883);
#3883 = DEFINITIONAL_REPRESENTATION('',(#3884),#3887);
#3884 = B_SPLINE_CURVE_WITH_KNOTS('',1,(#3885,#3886),.UNSPECIFIED.,.F.,
  .F.,(2,2),(0.,1.),.PIECEWISE_BEZIER_KNOTS.);
#3885 = CARTESIAN_POINT('',(95.,0.923076923077));
#3886 = CARTESIAN_POINT('',(90.317535545024,0.923076923077));
#3887 = ( GEOMETRIC_REPRESENTATION_CONTEXT(2) 
PARAMETRIC_REPRESENTATION_CONTEXT() REPRESENTATION_CONTEXT('2D SPACE',''
  ) );
#3888 = PCURVE('',#740,#3889);
#3889 = DEFINITIONAL_REPRESENTATION('',(#3890),#3893);
#3890 = B_SPLINE_CURVE_WITH_KNOTS('',1,(#3891,#3892),.UNSPECIFIED.,.F.,
  .F.,(2,2),(0.,1.),.PIECEWISE_BEZIER_KNOTS.);
#3891 = CARTESIAN_POINT('',(-2.769230769231,5.329070518201E-15));
#3892 = CARTESIAN_POINT('',(-2.769230769231,4.));
#3893 = ( GEOMETRIC_REPRESENTATION_CONTEXT(2) 
PARAMETRIC_REPRESENTATION_CONTEXT() REPRESENTATION_CONTEXT('2D SPACE',''
  ) );
#3894 = ORIENTED_EDGE('',*,*,#699,.T.);
#3895 = ORIENTED_EDGE('',*,*,#3896,.F.);
#3896 = EDGE_CURVE('',#3897,#655,#3899,.T.);
#3897 = VERTEX_POINT('',#3898);
#3898 = CARTESIAN_POINT('',(9.759822006677,92.94776402587,39.68776860868
    ));
#3899 = SURFACE_CURVE('',#3900,(#3906,#3912),.PCURVE_S1.);
#3900 = B_SPLINE_CURVE_WITH_KNOTS('',2,(#3901,#3902,#3903,#3904,#3905),
  .UNSPECIFIED.,.F.,.F.,(3,1,1,3),(-3.964835598665,-4.80355986647E-02,
    80.31223139132,84.22903139132),.UNSPECIFIED.);
#3901 = CARTESIAN_POINT('',(9.759822006677,96.964835598665,
    39.68776860868));
#3902 = CARTESIAN_POINT('',(9.759822006677,95.006435598665,
    39.68776860868));
#3903 = CARTESIAN_POINT('',(9.759822006677,52.867902103672,
    39.68776860868));
#3904 = CARTESIAN_POINT('',(9.759822006677,10.72936860868,39.68776860868
    ));
#3905 = CARTESIAN_POINT('',(9.759822006677,8.77096860868,39.68776860868)
  );
#3906 = PCURVE('',#714,#3907);
#3907 = DEFINITIONAL_REPRESENTATION('',(#3908),#3911);
#3908 = B_SPLINE_CURVE_WITH_KNOTS('',1,(#3909,#3910),.UNSPECIFIED.,.F.,
  .F.,(2,2),(-4.80355986647E-02,80.31223139132),
  .PIECEWISE_BEZIER_KNOTS.);
#3909 = CARTESIAN_POINT('',(1.59872115546E-14,0.975982200668));
#3910 = CARTESIAN_POINT('',(95.,0.975982200668));
#3911 = ( GEOMETRIC_REPRESENTATION_CONTEXT(2) 
PARAMETRIC_REPRESENTATION_CONTEXT() REPRESENTATION_CONTEXT('2D SPACE',''
  ) );
#3912 = PCURVE('',#674,#3913);
#3913 = DEFINITIONAL_REPRESENTATION('',(#3914),#3918);
#3914 = LINE('',#3915,#3916);
#3915 = CARTESIAN_POINT('',(0.,0.));
#3916 = VECTOR('',#3917,1.);
#3917 = DIRECTION('',(0.,1.));
#3918 = ( GEOMETRIC_REPRESENTATION_CONTEXT(2) 
PARAMETRIC_REPRESENTATION_CONTEXT() REPRESENTATION_CONTEXT('2D SPACE',''
  ) );
#3919 = ORIENTED_EDGE('',*,*,#3920,.T.);
#3920 = EDGE_CURVE('',#3897,#3921,#3923,.T.);
#3921 = VERTEX_POINT('',#3922);
#3922 = CARTESIAN_POINT('',(9.478189036464,93.104362192707,
    39.321645747403));
#3923 = SURFACE_CURVE('',#3924,(#3932,#3943),.PCURVE_S1.);
#3924 = B_SPLINE_CURVE_WITH_KNOTS('',6,(#3925,#3926,#3927,#3928,#3929,
    #3930,#3931),.UNSPECIFIED.,.F.,.F.,(7,7),(0.,1.),
  .PIECEWISE_BEZIER_KNOTS.);
#3925 = CARTESIAN_POINT('',(9.759822006677,92.94776402587,39.68776860868
    ));
#3926 = CARTESIAN_POINT('',(9.716903411861,92.990682620686,
    39.63197443542));
#3927 = CARTESIAN_POINT('',(9.670967323838,93.02724259278,39.57225752099
    ));
#3928 = CARTESIAN_POINT('',(9.623041113876,93.056793376475,
    39.509953448038));
#3929 = CARTESIAN_POINT('',(9.574302808379,93.079196278926,
    39.446593650893));
#3930 = CARTESIAN_POINT('',(9.525763454741,93.094847308955,
    39.383492491163));
#3931 = CARTESIAN_POINT('',(9.47818903739,93.104362192522,
    39.321645748607));
#3932 = PCURVE('',#714,#3933);
#3933 = DEFINITIONAL_REPRESENTATION('',(#3934),#3942);
#3934 = B_SPLINE_CURVE_WITH_KNOTS('',6,(#3935,#3936,#3937,#3938,#3939,
    #3940,#3941),.UNSPECIFIED.,.F.,.F.,(7,7),(0.,1.),
  .PIECEWISE_BEZIER_KNOTS.);
#3935 = CARTESIAN_POINT('',(0.118538673056,0.975982200668));
#3936 = CARTESIAN_POINT('',(7.785383466127E-02,0.971690341186));
#3937 = CARTESIAN_POINT('',(4.547094472476E-02,0.967096732384));
#3938 = CARTESIAN_POINT('',(2.189921423726E-02,0.962304111388));
#3939 = CARTESIAN_POINT('',(6.989170139596E-03,0.957430280838));
#3940 = CARTESIAN_POINT('',(1.133750068815E-10,0.952576345474));
#3941 = CARTESIAN_POINT('',(0.,0.947818903739));
#3942 = ( GEOMETRIC_REPRESENTATION_CONTEXT(2) 
PARAMETRIC_REPRESENTATION_CONTEXT() REPRESENTATION_CONTEXT('2D SPACE',''
  ) );
#3943 = PCURVE('',#3944,#3960);
#3944 = ( BOUNDED_SURFACE() B_SPLINE_SURFACE(2,2,(
    (#3945,#3946,#3947,#3948,#3949)
    ,(#3950,#3951,#3952,#3953,#3954)
    ,(#3955,#3956,#3957,#3958,#3959
)),.UNSPECIFIED.,.F.,.F.,.F.) B_SPLINE_SURFACE_WITH_KNOTS((3,3),(3,1,1,3
    ),(0.,60.043621927072),(-3.796010963536,-0.521810963536,
    59.521810963536,62.796010963536),.UNSPECIFIED.) 
GEOMETRIC_REPRESENTATION_ITEM() RATIONAL_B_SPLINE_SURFACE((
    (1.,1.,1.,1.,1.)
    ,(0.758965474924,0.758965474924,0.758965474924,0.758965474924
      ,0.758965474924)
,(1.,1.,1.,1.,1.))) REPRESENTATION_ITEM('') SURFACE() );
#3945 = CARTESIAN_POINT('',(72.796010963536,93.104362192707,
    39.321645747403));
#3946 = CARTESIAN_POINT('',(71.158910963536,93.104362192707,
    39.321645747403));
#3947 = CARTESIAN_POINT('',(39.5,93.104362192707,39.321645747403));
#3948 = CARTESIAN_POINT('',(7.841089036464,93.104362192707,
    39.321645747403));
#3949 = CARTESIAN_POINT('',(6.203989036464,93.104362192707,
    39.321645747403));
#3950 = CARTESIAN_POINT('',(72.796010963536,93.,40.));
#3951 = CARTESIAN_POINT('',(71.158910963536,93.,40.));
#3952 = CARTESIAN_POINT('',(39.5,93.,40.));
#3953 = CARTESIAN_POINT('',(7.841089036464,93.,40.));
#3954 = CARTESIAN_POINT('',(6.203989036464,93.,40.));
#3955 = CARTESIAN_POINT('',(72.796010963536,92.313664834587,40.));
#3956 = CARTESIAN_POINT('',(71.158910963536,92.313664834587,40.));
#3957 = CARTESIAN_POINT('',(39.5,92.313664834587,40.));
#3958 = CARTESIAN_POINT('',(7.841089036464,92.313664834587,40.));
#3959 = CARTESIAN_POINT('',(6.203989036464,92.313664834587,40.));
#3960 = DEFINITIONAL_REPRESENTATION('',(#3961),#3969);
#3961 = B_SPLINE_CURVE_WITH_KNOTS('',6,(#3962,#3963,#3964,#3965,#3966,
    #3967,#3968),.UNSPECIFIED.,.F.,.F.,(7,7),(0.,1.),
  .PIECEWISE_BEZIER_KNOTS.);
#3962 = CARTESIAN_POINT('',(21.637632482036,59.240177993323));
#3963 = CARTESIAN_POINT('',(18.03147748327,59.283096588139));
#3964 = CARTESIAN_POINT('',(14.425284651806,59.329032676162));
#3965 = CARTESIAN_POINT('',(10.819050090713,59.376958886124));
#3966 = CARTESIAN_POINT('',(7.212760511882,59.425697191621));
#3967 = CARTESIAN_POINT('',(3.606410446908,59.474236545259));
#3968 = CARTESIAN_POINT('',(7.021005428246E-08,59.52181096261));
#3969 = ( GEOMETRIC_REPRESENTATION_CONTEXT(2) 
PARAMETRIC_REPRESENTATION_CONTEXT() REPRESENTATION_CONTEXT('2D SPACE',''
  ) );
#3970 = ORIENTED_EDGE('',*,*,#3971,.F.);
#3971 = EDGE_CURVE('',#3743,#3921,#3972,.T.);
#3972 = SURFACE_CURVE('',#3973,(#3976,#3983),.PCURVE_S1.);
#3973 = B_SPLINE_CURVE_WITH_KNOTS('',1,(#3974,#3975),.UNSPECIFIED.,.F.,
  .F.,(2,2),(0.,1.),.PIECEWISE_BEZIER_KNOTS.);
#3974 = CARTESIAN_POINT('',(0.,95.,27.));
#3975 = CARTESIAN_POINT('',(10.,93.,40.));
#3976 = PCURVE('',#714,#3977);
#3977 = DEFINITIONAL_REPRESENTATION('',(#3978),#3982);
#3978 = LINE('',#3979,#3980);
#3979 = CARTESIAN_POINT('',(0.,0.));
#3980 = VECTOR('',#3981,1.);
#3981 = DIRECTION('',(0.,1.));
#3982 = ( GEOMETRIC_REPRESENTATION_CONTEXT(2) 
PARAMETRIC_REPRESENTATION_CONTEXT() REPRESENTATION_CONTEXT('2D SPACE',''
  ) );
#3983 = PCURVE('',#3984,#3989);
#3984 = B_SPLINE_SURFACE_WITH_KNOTS('',1,1,(
    (#3985,#3986)
    ,(#3987,#3988
    )),.UNSPECIFIED.,.F.,.F.,.F.,(2,2),(2,2),(0.,79.),(0.,1.),
  .PIECEWISE_BEZIER_KNOTS.);
#3985 = CARTESIAN_POINT('',(79.,95.,27.));
#3986 = CARTESIAN_POINT('',(69.,93.,40.));
#3987 = CARTESIAN_POINT('',(0.,95.,27.));
#3988 = CARTESIAN_POINT('',(10.,93.,40.));
#3989 = DEFINITIONAL_REPRESENTATION('',(#3990),#3994);
#3990 = LINE('',#3991,#3992);
#3991 = CARTESIAN_POINT('',(79.,0.));
#3992 = VECTOR('',#3993,1.);
#3993 = DIRECTION('',(0.,1.));
#3994 = ( GEOMETRIC_REPRESENTATION_CONTEXT(2) 
PARAMETRIC_REPRESENTATION_CONTEXT() REPRESENTATION_CONTEXT('2D SPACE',''
  ) );
#3995 = FACE_BOUND('',#3996,.T.);
#3996 = EDGE_LOOP('',(#3997,#4024));
#3997 = ORIENTED_EDGE('',*,*,#3998,.F.);
#3998 = EDGE_CURVE('',#3999,#4001,#4003,.T.);
#3999 = VERTEX_POINT('',#4000);
#4000 = CARTESIAN_POINT('',(9.230769230769,80.113590301647,39.));
#4001 = VERTEX_POINT('',#4002);
#4002 = CARTESIAN_POINT('',(9.230769230769,85.886409698353,39.));
#4003 = SURFACE_CURVE('',#4004,(#4007,#4013),.PCURVE_S1.);
#4004 = B_SPLINE_CURVE_WITH_KNOTS('',1,(#4005,#4006),.UNSPECIFIED.,.F.,
  .F.,(2,2),(0.,1.),.PIECEWISE_BEZIER_KNOTS.);
#4005 = CARTESIAN_POINT('',(9.230769230769,79.,39.));
#4006 = CARTESIAN_POINT('',(9.230769230769,87.,39.));
#4007 = PCURVE('',#714,#4008);
#4008 = DEFINITIONAL_REPRESENTATION('',(#4009),#4012);
#4009 = B_SPLINE_CURVE_WITH_KNOTS('',1,(#4010,#4011),.UNSPECIFIED.,.F.,
  .F.,(2,2),(0.,1.),.PIECEWISE_BEZIER_KNOTS.);
#4010 = CARTESIAN_POINT('',(16.568720379147,0.923076923077));
#4011 = CARTESIAN_POINT('',(7.203791469194,0.923076923077));
#4012 = ( GEOMETRIC_REPRESENTATION_CONTEXT(2) 
PARAMETRIC_REPRESENTATION_CONTEXT() REPRESENTATION_CONTEXT('2D SPACE',''
  ) );
#4013 = PCURVE('',#4014,#4019);
#4014 = PLANE('',#4015);
#4015 = AXIS2_PLACEMENT_3D('',#4016,#4017,#4018);
#4016 = CARTESIAN_POINT('',(12.,83.,39.));
#4017 = DIRECTION('',(0.,0.,1.));
#4018 = DIRECTION('',(1.,0.,-0.));
#4019 = DEFINITIONAL_REPRESENTATION('',(#4020),#4023);
#4020 = B_SPLINE_CURVE_WITH_KNOTS('',1,(#4021,#4022),.UNSPECIFIED.,.F.,
  .F.,(2,2),(0.,1.),.PIECEWISE_BEZIER_KNOTS.);
#4021 = CARTESIAN_POINT('',(-2.769230769231,-4.));
#4022 = CARTESIAN_POINT('',(-2.769230769231,4.));
#4023 = ( GEOMETRIC_REPRESENTATION_CONTEXT(2) 
PARAMETRIC_REPRESENTATION_CONTEXT() REPRESENTATION_CONTEXT('2D SPACE',''
  ) );
#4024 = ORIENTED_EDGE('',*,*,#4025,.T.);
#4025 = EDGE_CURVE('',#3999,#4001,#4026,.T.);
#4026 = SURFACE_CURVE('',#4027,(#4060,#4096),.PCURVE_S1.);
#4027 = B_SPLINE_CURVE_WITH_KNOTS('',6,(#4028,#4029,#4030,#4031,#4032,
    #4033,#4034,#4035,#4036,#4037,#4038,#4039,#4040,#4041,#4042,#4043,
    #4044,#4045,#4046,#4047,#4048,#4049,#4050,#4051,#4052,#4053,#4054,
    #4055,#4056,#4057,#4058,#4059),.UNSPECIFIED.,.F.,.F.,(7,5,5,5,5,5,7)
  ,(0.,0.234446254282,0.326799508806,0.494998575246,0.662939916398,
    0.759943568382,1.),.UNSPECIFIED.);
#4028 = CARTESIAN_POINT('',(9.230769692308,80.113589858846,39.0000006));
#4029 = CARTESIAN_POINT('',(9.069085267201,80.268710367849,
    38.789810847361));
#4030 = CARTESIAN_POINT('',(8.91453895497,80.437853997214,
    38.588900641461));
#4031 = CARTESIAN_POINT('',(8.768320815157,80.621474586622,
    38.398817059703));
#4032 = CARTESIAN_POINT('',(8.632126387848,80.819830508815,
    38.221764304202));
#4033 = CARTESIAN_POINT('',(8.508061929771,81.03280952369,
    38.060480508702));
#4034 = CARTESIAN_POINT('',(8.355270356404,81.34900191682,
    37.861851463325));
#4035 = CARTESIAN_POINT('',(8.314342006141,81.44049156917,
    37.808644607983));
#4036 = CARTESIAN_POINT('',(8.27581017748,81.534054035679,
    37.758553230724));
#4037 = CARTESIAN_POINT('',(8.239827645925,81.62960335883,
    37.711775939702));
#4038 = CARTESIAN_POINT('',(8.206546936221,81.727023630681,
    37.668511017087));
#4039 = CARTESIAN_POINT('',(8.120686100418,82.006723740885,
    37.556891930544));
#4040 = CARTESIAN_POINT('',(8.074682628387,82.193053459185,
    37.497087416903));
#4041 = CARTESIAN_POINT('',(8.0390308269,82.38412410828,37.45074007497)
  );
#4042 = CARTESIAN_POINT('',(8.014477237322,82.578650949602,
    37.418820408519));
#4043 = CARTESIAN_POINT('',(8.001500295316,82.775071486319,
    37.40195038391));
#4044 = CARTESIAN_POINT('',(7.998704673648,83.167661140707,
    37.398316075742));
#4045 = CARTESIAN_POINT('',(8.008849625476,83.36395595006,
    37.411504513119));
#4046 = CARTESIAN_POINT('',(8.030563816424,83.558543658751,
    37.439732961351));
#4047 = CARTESIAN_POINT('',(8.063397162065,83.749856839941,
    37.482416310684));
#4048 = CARTESIAN_POINT('',(8.106624992647,83.936596688899,
    37.538612490441));
#4049 = CARTESIAN_POINT('',(8.189779620025,84.222330506415,
    37.646713506033));
#4050 = CARTESIAN_POINT('',(8.22339492872,84.325093133784,
    37.690413407336));
#4051 = CARTESIAN_POINT('',(8.260014031782,84.425824915364,
    37.738018241317));
#4052 = CARTESIAN_POINT('',(8.299461187719,84.524390152353,
    37.789299544035));
#4053 = CARTESIAN_POINT('',(8.341560102845,84.620689467518,
    37.844028133699));
#4054 = CARTESIAN_POINT('',(8.496472298913,84.947187269367,
    38.045413988586));
#4055 = CARTESIAN_POINT('',(8.621957205732,85.165300802807,
    38.208544367452));
#4056 = CARTESIAN_POINT('',(8.760126315204,85.368205278838,
    38.388164209765));
#4057 = CARTESIAN_POINT('',(8.908749665678,85.555798864087,
    38.581374565382));
#4058 = CARTESIAN_POINT('',(9.06604277714,85.728370658313,
    38.785855610282));
#4059 = CARTESIAN_POINT('',(9.230769692308,85.886410141154,39.0000006));
#4060 = PCURVE('',#714,#4061);
#4061 = DEFINITIONAL_REPRESENTATION('',(#4062),#4095);
#4062 = B_SPLINE_CURVE_WITH_KNOTS('',6,(#4063,#4064,#4065,#4066,#4067,
    #4068,#4069,#4070,#4071,#4072,#4073,#4074,#4075,#4076,#4077,#4078,
    #4079,#4080,#4081,#4082,#4083,#4084,#4085,#4086,#4087,#4088,#4089,
    #4090,#4091,#4092,#4093,#4094),.UNSPECIFIED.,.F.,.F.,(7,5,5,5,5,5,7)
  ,(0.,0.234446254282,0.326799508806,0.494998575246,0.662939916398,
    0.759943568382,1.),.UNSPECIFIED.);
#4063 = CARTESIAN_POINT('',(15.265134168447,0.923076969231));
#4064 = CARTESIAN_POINT('',(15.075782131533,0.90690852672));
#4065 = CARTESIAN_POINT('',(14.871715403278,0.891453895497));
#4066 = CARTESIAN_POINT('',(14.652544878834,0.876832081516));
#4067 = CARTESIAN_POINT('',(14.418083382933,0.863212638785));
#4068 = CARTESIAN_POINT('',(14.168484526506,0.850806192977));
#4069 = CARTESIAN_POINT('',(13.800509807116,0.83552703564));
#4070 = CARTESIAN_POINT('',(13.69430713682,0.831434200614));
#4071 = CARTESIAN_POINT('',(13.585953627059,0.827581017748));
#4072 = CARTESIAN_POINT('',(13.475536410685,0.823982764592));
#4073 = CARTESIAN_POINT('',(13.363172717506,0.820654693622));
#4074 = CARTESIAN_POINT('',(13.041105338494,0.812068610042));
#4075 = CARTESIAN_POINT('',(12.827171172554,0.807468262839));
#4076 = CARTESIAN_POINT('',(12.608271307626,0.80390308269));
#4077 = CARTESIAN_POINT('',(12.385704775083,0.801447723732));
#4078 = CARTESIAN_POINT('',(12.161043363364,0.800150029532));
#4079 = CARTESIAN_POINT('',(11.71172984031,0.799870467365));
#4080 = CARTESIAN_POINT('',(11.486934337379,0.800884962548));
#4081 = CARTESIAN_POINT('',(11.263742867151,0.803056381642));
#4082 = CARTESIAN_POINT('',(11.043742803622,0.806339716206));
#4083 = CARTESIAN_POINT('',(10.828263583017,0.810662499265));
#4084 = CARTESIAN_POINT('',(10.497187387144,0.818977962003));
#4085 = CARTESIAN_POINT('',(10.377819406437,0.822339492872));
#4086 = CARTESIAN_POINT('',(10.26048373943,0.826001403178));
#4087 = CARTESIAN_POINT('',(10.145321424842,0.829946118772));
#4088 = CARTESIAN_POINT('',(10.03243699595,0.834156010285));
#4089 = CARTESIAN_POINT('',(9.6483702047,0.849647229891));
#4090 = CARTESIAN_POINT('',(9.389381389206,0.862195720573));
#4091 = CARTESIAN_POINT('',(9.145762472177,0.87601263152));
#4092 = CARTESIAN_POINT('',(8.917708274137,0.890874966568));
#4093 = CARTESIAN_POINT('',(8.705045085148,0.906604277714));
#4094 = CARTESIAN_POINT('',(8.507377666579,0.923076969231));
#4095 = ( GEOMETRIC_REPRESENTATION_CONTEXT(2) 
PARAMETRIC_REPRESENTATION_CONTEXT() REPRESENTATION_CONTEXT('2D SPACE',''
  ) );
#4096 = PCURVE('',#4097,#4102);
#4097 = CYLINDRICAL_SURFACE('',#4098,4.);
#4098 = AXIS2_PLACEMENT_3D('',#4099,#4100,#4101);
#4099 = CARTESIAN_POINT('',(12.,83.,30.85));
#4100 = DIRECTION('',(-0.,-0.,-1.));
#4101 = DIRECTION('',(1.,0.,0.));
#4102 = DEFINITIONAL_REPRESENTATION('',(#4103),#4136);
#4103 = B_SPLINE_CURVE_WITH_KNOTS('',6,(#4104,#4105,#4106,#4107,#4108,
    #4109,#4110,#4111,#4112,#4113,#4114,#4115,#4116,#4117,#4118,#4119,
    #4120,#4121,#4122,#4123,#4124,#4125,#4126,#4127,#4128,#4129,#4130,
    #4131,#4132,#4133,#4134,#4135),.UNSPECIFIED.,.F.,.F.,(7,5,5,5,5,5,7)
  ,(0.,0.234446254282,0.326799508806,0.494998575246,0.662939916398,
    0.759943568382,1.),.UNSPECIFIED.);
#4104 = CARTESIAN_POINT('',(-3.947706962423,-8.1500006));
#4105 = CARTESIAN_POINT('',(-3.891691213724,-7.939810847361));
#4106 = CARTESIAN_POINT('',(-3.8345361557,-7.738900641461));
#4107 = CARTESIAN_POINT('',(-3.776061232827,-7.548817059703));
#4108 = CARTESIAN_POINT('',(-3.71614785979,-7.371764304202));
#4109 = CARTESIAN_POINT('',(-3.654712218269,-7.210480508702));
#4110 = CARTESIAN_POINT('',(-3.566918819327,-7.011851463325));
#4111 = CARTESIAN_POINT('',(-3.541872902488,-6.958644607983));
#4112 = CARTESIAN_POINT('',(-3.516593638866,-6.908553230724));
#4113 = CARTESIAN_POINT('',(-3.491086769827,-6.861775939702));
#4114 = CARTESIAN_POINT('',(-3.46536239773,-6.818511017087));
#4115 = CARTESIAN_POINT('',(-3.392216894291,-6.706891930544));
#4116 = CARTESIAN_POINT('',(-3.344310410401,-6.647087416903));
#4117 = CARTESIAN_POINT('',(-3.295840628561,-6.60074007497));
#4118 = CARTESIAN_POINT('',(-3.246953043698,-6.568820408519));
#4119 = CARTESIAN_POINT('',(-3.197826087349,-6.55195038391));
#4120 = CARTESIAN_POINT('',(-3.09967618534,-6.548316075742));
#4121 = CARTESIAN_POINT('',(-3.050621816077,-6.561504513119));
#4122 = CARTESIAN_POINT('',(-3.001802376236,-6.589732961351));
#4123 = CARTESIAN_POINT('',(-2.953396673218,-6.632416310684));
#4124 = CARTESIAN_POINT('',(-2.90555159794,-6.688612490441));
#4125 = CARTESIAN_POINT('',(-2.831154644656,-6.796713506033));
#4126 = CARTESIAN_POINT('',(-2.804139085566,-6.840413407336));
#4127 = CARTESIAN_POINT('',(-2.777364729527,-6.888018241317));
#4128 = CARTESIAN_POINT('',(-2.750843209649,-6.939299544035));
#4129 = CARTESIAN_POINT('',(-2.724580877403,-6.994028133699));
#4130 = CARTESIAN_POINT('',(-2.634234805579,-7.195413988586));
#4131 = CARTESIAN_POINT('',(-2.571522694776,-7.358544367452));
#4132 = CARTESIAN_POINT('',(-2.510406738351,-7.538164209765));
#4133 = CARTESIAN_POINT('',(-2.450792086729,-7.731374565382));
#4134 = CARTESIAN_POINT('',(-2.392548167517,-7.935855610282));
#4135 = CARTESIAN_POINT('',(-2.335478344757,-8.1500006));
#4136 = ( GEOMETRIC_REPRESENTATION_CONTEXT(2) 
PARAMETRIC_REPRESENTATION_CONTEXT() REPRESENTATION_CONTEXT('2D SPACE',''
  ) );
#4137 = ADVANCED_FACE('',(#4138),#1113,.T.);
#4138 = FACE_BOUND('',#4139,.F.);
#4139 = EDGE_LOOP('',(#4140,#4162,#4163));
#4140 = ORIENTED_EDGE('',*,*,#4141,.T.);
#4141 = EDGE_CURVE('',#3768,#960,#4142,.T.);
#4142 = SURFACE_CURVE('',#4143,(#4148,#4155),.PCURVE_S1.);
#4143 = CIRCLE('',#4144,4.);
#4144 = AXIS2_PLACEMENT_3D('',#4145,#4146,#4147);
#4145 = CARTESIAN_POINT('',(12.,12.,39.));
#4146 = DIRECTION('',(0.,0.,1.));
#4147 = DIRECTION('',(1.,0.,0.));
#4148 = PCURVE('',#1113,#4149);
#4149 = DEFINITIONAL_REPRESENTATION('',(#4150),#4154);
#4150 = LINE('',#4151,#4152);
#4151 = CARTESIAN_POINT('',(-0.,-8.15));
#4152 = VECTOR('',#4153,1.);
#4153 = DIRECTION('',(-1.,0.));
#4154 = ( GEOMETRIC_REPRESENTATION_CONTEXT(2) 
PARAMETRIC_REPRESENTATION_CONTEXT() REPRESENTATION_CONTEXT('2D SPACE',''
  ) );
#4155 = PCURVE('',#740,#4156);
#4156 = DEFINITIONAL_REPRESENTATION('',(#4157),#4161);
#4157 = CIRCLE('',#4158,4.);
#4158 = AXIS2_PLACEMENT_2D('',#4159,#4160);
#4159 = CARTESIAN_POINT('',(0.,-1.7763568394E-15));
#4160 = DIRECTION('',(1.,0.));
#4161 = ( GEOMETRIC_REPRESENTATION_CONTEXT(2) 
PARAMETRIC_REPRESENTATION_CONTEXT() REPRESENTATION_CONTEXT('2D SPACE',''
  ) );
#4162 = ORIENTED_EDGE('',*,*,#979,.T.);
#4163 = ORIENTED_EDGE('',*,*,#3767,.T.);
#4164 = ADVANCED_FACE('',(#4165),#740,.T.);
#4165 = FACE_BOUND('',#4166,.T.);
#4166 = EDGE_LOOP('',(#4167,#4168,#4169,#4170,#4196));
#4167 = ORIENTED_EDGE('',*,*,#3877,.T.);
#4168 = ORIENTED_EDGE('',*,*,#4141,.T.);
#4169 = ORIENTED_EDGE('',*,*,#959,.T.);
#4170 = ORIENTED_EDGE('',*,*,#4171,.T.);
#4171 = EDGE_CURVE('',#928,#727,#4172,.T.);
#4172 = SURFACE_CURVE('',#4173,(#4178,#4189),.PCURVE_S1.);
#4173 = CIRCLE('',#4174,1.);
#4174 = AXIS2_PLACEMENT_3D('',#4175,#4176,#4177);
#4175 = CARTESIAN_POINT('',(12.,12.,39.));
#4176 = DIRECTION('',(0.,0.,-1.));
#4177 = DIRECTION('',(1.,0.,0.));
#4178 = PCURVE('',#740,#4179);
#4179 = DEFINITIONAL_REPRESENTATION('',(#4180),#4188);
#4180 = ( BOUNDED_CURVE() B_SPLINE_CURVE(2,(#4181,#4182,#4183,#4184,
#4185,#4186,#4187),.UNSPECIFIED.,.T.,.F.) B_SPLINE_CURVE_WITH_KNOTS((1,2
    ,2,2,2,1),(-2.094395102393,0.,2.094395102393,4.188790204786,
6.28318530718,8.377580409573),.UNSPECIFIED.) CURVE() 
GEOMETRIC_REPRESENTATION_ITEM() RATIONAL_B_SPLINE_CURVE((1.,0.5,1.,0.5,
1.,0.5,1.)) REPRESENTATION_ITEM('') );
#4181 = CARTESIAN_POINT('',(1.,-1.7763568394E-15));
#4182 = CARTESIAN_POINT('',(1.,-1.732050807569));
#4183 = CARTESIAN_POINT('',(-0.5,-0.866025403784));
#4184 = CARTESIAN_POINT('',(-2.,-2.02128619923E-15));
#4185 = CARTESIAN_POINT('',(-0.5,0.866025403784));
#4186 = CARTESIAN_POINT('',(1.,1.732050807569));
#4187 = CARTESIAN_POINT('',(1.,-1.7763568394E-15));
#4188 = ( GEOMETRIC_REPRESENTATION_CONTEXT(2) 
PARAMETRIC_REPRESENTATION_CONTEXT() REPRESENTATION_CONTEXT('2D SPACE',''
  ) );
#4189 = PCURVE('',#849,#4190);
#4190 = DEFINITIONAL_REPRESENTATION('',(#4191),#4195);
#4191 = LINE('',#4192,#4193);
#4192 = CARTESIAN_POINT('',(-6.28318530718,-8.3));
#4193 = VECTOR('',#4194,1.);
#4194 = DIRECTION('',(1.,-0.));
#4195 = ( GEOMETRIC_REPRESENTATION_CONTEXT(2) 
PARAMETRIC_REPRESENTATION_CONTEXT() REPRESENTATION_CONTEXT('2D SPACE',''
  ) );
#4196 = ORIENTED_EDGE('',*,*,#726,.T.);
#4197 = ADVANCED_FACE('',(#4198),#849,.F.);
#4198 = FACE_BOUND('',#4199,.T.);
#4199 = EDGE_LOOP('',(#4200,#4201,#4224,#4255,#4256,#4257,#4279));
#4200 = ORIENTED_EDGE('',*,*,#4171,.F.);
#4201 = ORIENTED_EDGE('',*,*,#4202,.F.);
#4202 = EDGE_CURVE('',#4203,#928,#4205,.T.);
#4203 = VERTEX_POINT('',#4204);
#4204 = CARTESIAN_POINT('',(13.,12.,30.85));
#4205 = SEAM_CURVE('',#4206,(#4210,#4217),.PCURVE_S1.);
#4206 = LINE('',#4207,#4208);
#4207 = CARTESIAN_POINT('',(13.,12.,30.7));
#4208 = VECTOR('',#4209,1.);
#4209 = DIRECTION('',(0.,0.,1.));
#4210 = PCURVE('',#849,#4211);
#4211 = DEFINITIONAL_REPRESENTATION('',(#4212),#4216);
#4212 = LINE('',#4213,#4214);
#4213 = CARTESIAN_POINT('',(-0.,0.));
#4214 = VECTOR('',#4215,1.);
#4215 = DIRECTION('',(-0.,-1.));
#4216 = ( GEOMETRIC_REPRESENTATION_CONTEXT(2) 
PARAMETRIC_REPRESENTATION_CONTEXT() REPRESENTATION_CONTEXT('2D SPACE',''
  ) );
#4217 = PCURVE('',#849,#4218);
#4218 = DEFINITIONAL_REPRESENTATION('',(#4219),#4223);
#4219 = LINE('',#4220,#4221);
#4220 = CARTESIAN_POINT('',(-6.28318530718,0.));
#4221 = VECTOR('',#4222,1.);
#4222 = DIRECTION('',(-0.,-1.));
#4223 = ( GEOMETRIC_REPRESENTATION_CONTEXT(2) 
PARAMETRIC_REPRESENTATION_CONTEXT() REPRESENTATION_CONTEXT('2D SPACE',''
  ) );
#4224 = ORIENTED_EDGE('',*,*,#4225,.T.);
#4225 = EDGE_CURVE('',#4203,#4203,#4226,.T.);
#4226 = SURFACE_CURVE('',#4227,(#4232,#4239),.PCURVE_S1.);
#4227 = CIRCLE('',#4228,1.);
#4228 = AXIS2_PLACEMENT_3D('',#4229,#4230,#4231);
#4229 = CARTESIAN_POINT('',(12.,12.,30.85));
#4230 = DIRECTION('',(0.,0.,-1.));
#4231 = DIRECTION('',(1.,0.,0.));
#4232 = PCURVE('',#849,#4233);
#4233 = DEFINITIONAL_REPRESENTATION('',(#4234),#4238);
#4234 = LINE('',#4235,#4236);
#4235 = CARTESIAN_POINT('',(-6.28318530718,-0.15));
#4236 = VECTOR('',#4237,1.);
#4237 = DIRECTION('',(1.,-0.));
#4238 = ( GEOMETRIC_REPRESENTATION_CONTEXT(2) 
PARAMETRIC_REPRESENTATION_CONTEXT() REPRESENTATION_CONTEXT('2D SPACE',''
  ) );
#4239 = PCURVE('',#4240,#4245);
#4240 = PLANE('',#4241);
#4241 = AXIS2_PLACEMENT_3D('',#4242,#4243,#4244);
#4242 = CARTESIAN_POINT('',(12.,12.,30.85));
#4243 = DIRECTION('',(0.,0.,1.));
#4244 = DIRECTION('',(1.,0.,-0.));
#4245 = DEFINITIONAL_REPRESENTATION('',(#4246),#4254);
#4246 = ( BOUNDED_CURVE() B_SPLINE_CURVE(2,(#4247,#4248,#4249,#4250,
#4251,#4252,#4253),.UNSPECIFIED.,.T.,.F.) B_SPLINE_CURVE_WITH_KNOTS((1,2
    ,2,2,2,1),(-2.094395102393,0.,2.094395102393,4.188790204786,
6.28318530718,8.377580409573),.UNSPECIFIED.) CURVE() 
GEOMETRIC_REPRESENTATION_ITEM() RATIONAL_B_SPLINE_CURVE((1.,0.5,1.,0.5,
1.,0.5,1.)) REPRESENTATION_ITEM('') );
#4247 = CARTESIAN_POINT('',(1.,-1.7763568394E-15));
#4248 = CARTESIAN_POINT('',(1.,-1.732050807569));
#4249 = CARTESIAN_POINT('',(-0.5,-0.866025403784));
#4250 = CARTESIAN_POINT('',(-2.,-2.02128619923E-15));
#4251 = CARTESIAN_POINT('',(-0.5,0.866025403784));
#4252 = CARTESIAN_POINT('',(1.,1.732050807569));
#4253 = CARTESIAN_POINT('',(1.,-1.7763568394E-15));
#4254 = ( GEOMETRIC_REPRESENTATION_CONTEXT(2) 
PARAMETRIC_REPRESENTATION_CONTEXT() REPRESENTATION_CONTEXT('2D SPACE',''
  ) );
#4255 = ORIENTED_EDGE('',*,*,#4202,.T.);
#4256 = ORIENTED_EDGE('',*,*,#927,.F.);
#4257 = ORIENTED_EDGE('',*,*,#4258,.T.);
#4258 = EDGE_CURVE('',#903,#752,#4259,.T.);
#4259 = SURFACE_CURVE('',#4260,(#4265,#4272),.PCURVE_S1.);
#4260 = CIRCLE('',#4261,1.);
#4261 = AXIS2_PLACEMENT_3D('',#4262,#4263,#4264);
#4262 = CARTESIAN_POINT('',(12.,12.,39.3));
#4263 = DIRECTION('',(0.,0.,1.));
#4264 = DIRECTION('',(1.,0.,0.));
#4265 = PCURVE('',#849,#4266);
#4266 = DEFINITIONAL_REPRESENTATION('',(#4267),#4271);
#4267 = LINE('',#4268,#4269);
#4268 = CARTESIAN_POINT('',(-0.,-8.6));
#4269 = VECTOR('',#4270,1.);
#4270 = DIRECTION('',(-1.,0.));
#4271 = ( GEOMETRIC_REPRESENTATION_CONTEXT(2) 
PARAMETRIC_REPRESENTATION_CONTEXT() REPRESENTATION_CONTEXT('2D SPACE',''
  ) );
#4272 = PCURVE('',#916,#4273);
#4273 = DEFINITIONAL_REPRESENTATION('',(#4274),#4278);
#4274 = CIRCLE('',#4275,1.);
#4275 = AXIS2_PLACEMENT_2D('',#4276,#4277);
#4276 = CARTESIAN_POINT('',(0.,-1.7763568394E-15));
#4277 = DIRECTION('',(1.,0.));
#4278 = ( GEOMETRIC_REPRESENTATION_CONTEXT(2) 
PARAMETRIC_REPRESENTATION_CONTEXT() REPRESENTATION_CONTEXT('2D SPACE',''
  ) );
#4279 = ORIENTED_EDGE('',*,*,#751,.F.);
#4280 = ADVANCED_FACE('',(#4281),#916,.F.);
#4281 = FACE_BOUND('',#4282,.F.);
#4282 = EDGE_LOOP('',(#4283,#4284));
#4283 = ORIENTED_EDGE('',*,*,#902,.F.);
#4284 = ORIENTED_EDGE('',*,*,#4258,.T.);
#4285 = ADVANCED_FACE('',(#4286),#674,.F.);
#4286 = FACE_BOUND('',#4287,.F.);
#4287 = EDGE_LOOP('',(#4288,#4338,#4339,#4340,#4390));
#4288 = ORIENTED_EDGE('',*,*,#4289,.T.);
#4289 = EDGE_CURVE('',#4290,#615,#4292,.T.);
#4290 = VERTEX_POINT('',#4291);
#4291 = CARTESIAN_POINT('',(10.39392119796,13.331370849898,40.));
#4292 = SURFACE_CURVE('',#4293,(#4306,#4322),.PCURVE_S1.);
#4293 = B_SPLINE_CURVE_WITH_KNOTS('',6,(#4294,#4295,#4296,#4297,#4298,
    #4299,#4300,#4301,#4302,#4303,#4304,#4305),.UNSPECIFIED.,.F.,.F.,(7,
    5,7),(0.,0.499921388784,1.),.UNSPECIFIED.);
#4294 = CARTESIAN_POINT('',(10.39392119796,13.331370849898,40.));
#4295 = CARTESIAN_POINT('',(10.343282432601,13.28073208454,
    40.000000023192));
#4296 = CARTESIAN_POINT('',(10.291803388118,13.229253040054,
    39.996153466294));
#4297 = CARTESIAN_POINT('',(10.240004812874,13.177454464814,
    39.988221625955));
#4298 = CARTESIAN_POINT('',(10.188500711383,13.12595036332,
    39.976081991013));
#4299 = CARTESIAN_POINT('',(10.137939005954,13.075388657892,
    39.959793264878));
#4300 = CARTESIAN_POINT('',(10.039865853879,12.977315505817,
    39.919346419142));
#4301 = CARTESIAN_POINT('',(9.992355518796,12.929805170734,
    39.895185894584));
#4302 = CARTESIAN_POINT('',(9.946970252264,12.884419904202,39.8673083183
    ));
#4303 = CARTESIAN_POINT('',(9.904248795518,12.841698447456,
    39.836091640288));
#4304 = CARTESIAN_POINT('',(9.864588533041,12.802038184979,
    39.802038184977));
#4305 = CARTESIAN_POINT('',(9.828235773011,12.765685424949,
    39.765685424949));
#4306 = PCURVE('',#674,#4307);
#4307 = DEFINITIONAL_REPRESENTATION('',(#4308),#4321);
#4308 = B_SPLINE_CURVE_WITH_KNOTS('',6,(#4309,#4310,#4311,#4312,#4313,
    #4314,#4315,#4316,#4317,#4318,#4319,#4320),.UNSPECIFIED.,.F.,.F.,(7,
    5,7),(0.,0.499921388784,1.),.UNSPECIFIED.);
#4309 = CARTESIAN_POINT('',(80.360266989954,79.668629150102));
#4310 = CARTESIAN_POINT('',(74.602874036872,79.719267915459));
#4311 = CARTESIAN_POINT('',(68.851746957659,79.770746959947));
#4312 = CARTESIAN_POINT('',(63.106893238219,79.822545535186));
#4313 = CARTESIAN_POINT('',(57.368318684017,79.87404963668));
#4314 = CARTESIAN_POINT('',(51.636028636563,79.924611342108));
#4315 = CARTESIAN_POINT('',(40.18223027846,80.022684494183));
#4316 = CARTESIAN_POINT('',(34.46072600668,80.070194829291));
#4317 = CARTESIAN_POINT('',(28.745524589305,80.115580095735));
#4318 = CARTESIAN_POINT('',(23.036635481509,80.158301552604));
#4319 = CARTESIAN_POINT('',(17.334071788817,80.197961815006));
#4320 = CARTESIAN_POINT('',(11.637850573628,80.234314575036));
#4321 = ( GEOMETRIC_REPRESENTATION_CONTEXT(2) 
PARAMETRIC_REPRESENTATION_CONTEXT() REPRESENTATION_CONTEXT('2D SPACE',''
  ) );
#4322 = PCURVE('',#631,#4323);
#4323 = DEFINITIONAL_REPRESENTATION('',(#4324),#4337);
#4324 = B_SPLINE_CURVE_WITH_KNOTS('',6,(#4325,#4326,#4327,#4328,#4329,
    #4330,#4331,#4332,#4333,#4334,#4335,#4336),.UNSPECIFIED.,.F.,.F.,(7,
    5,7),(0.,0.499921388784,1.),.UNSPECIFIED.);
#4325 = CARTESIAN_POINT('',(59.360483961617,0.39392119796));
#4326 = CARTESIAN_POINT('',(54.451172745666,0.343282432601));
#4327 = CARTESIAN_POINT('',(49.534548357327,0.291803388118));
#4328 = CARTESIAN_POINT('',(44.610607656448,0.240004812874));
#4329 = CARTESIAN_POINT('',(39.679346226084,0.188500711383));
#4330 = CARTESIAN_POINT('',(34.740759363555,0.137939005954));
#4331 = CARTESIAN_POINT('',(24.847372652849,3.986585387925E-02));
#4332 = CARTESIAN_POINT('',(19.89256826769,-7.644481204011E-03));
#4333 = CARTESIAN_POINT('',(14.930427912447,-5.302974773567E-02));
#4334 = CARTESIAN_POINT('',(9.960950784547,-9.575120448193E-02));
#4335 = CARTESIAN_POINT('',(4.984139362876,-0.135411466959));
#4336 = CARTESIAN_POINT('',(0.,-0.171764226989));
#4337 = ( GEOMETRIC_REPRESENTATION_CONTEXT(2) 
PARAMETRIC_REPRESENTATION_CONTEXT() REPRESENTATION_CONTEXT('2D SPACE',''
  ) );
#4338 = ORIENTED_EDGE('',*,*,#654,.T.);
#4339 = ORIENTED_EDGE('',*,*,#3896,.F.);
#4340 = ORIENTED_EDGE('',*,*,#4341,.F.);
#4341 = EDGE_CURVE('',#4342,#3897,#4344,.T.);
#4342 = VERTEX_POINT('',#4343);
#4343 = CARTESIAN_POINT('',(10.39392119796,92.313664834587,40.));
#4344 = SURFACE_CURVE('',#4345,(#4358,#4374),.PCURVE_S1.);
#4345 = B_SPLINE_CURVE_WITH_KNOTS('',6,(#4346,#4347,#4348,#4349,#4350,
    #4351,#4352,#4353,#4354,#4355,#4356,#4357),.UNSPECIFIED.,.F.,.F.,(7,
    5,7),(0.,0.516298761618,1.),.UNSPECIFIED.);
#4346 = CARTESIAN_POINT('',(10.39392119796,92.313664834613,40.));
#4347 = CARTESIAN_POINT('',(10.333791038086,92.373794994391,
    40.000000100992));
#4348 = CARTESIAN_POINT('',(10.272247058726,92.435338973919,
    39.994576089121));
#4349 = CARTESIAN_POINT('',(10.210144656765,92.49744137571,
    39.983252499992));
#4350 = CARTESIAN_POINT('',(10.148563821443,92.559022211127,
    39.965764549622));
#4351 = CARTESIAN_POINT('',(10.088673273922,92.618912758625,
    39.942252586324));
#4352 = CARTESIAN_POINT('',(9.977906536981,92.729679495566,
    39.885961924088));
#4353 = CARTESIAN_POINT('',(9.926700314155,92.780885718392,
    39.853862175432));
#4354 = CARTESIAN_POINT('',(9.878698617555,92.828887414992,
    39.81727706758));
#4355 = CARTESIAN_POINT('',(9.834625363412,92.872960669135,
    39.776854535983));
#4356 = CARTESIAN_POINT('',(9.794932614336,92.912653418211,
    39.733412398636));
#4357 = CARTESIAN_POINT('',(9.759822006677,92.94776402587,39.68776860868
    ));
#4358 = PCURVE('',#674,#4359);
#4359 = DEFINITIONAL_REPRESENTATION('',(#4360),#4373);
#4360 = B_SPLINE_CURVE_WITH_KNOTS('',6,(#4361,#4362,#4363,#4364,#4365,
    #4366,#4367,#4368,#4369,#4370,#4371,#4372),.UNSPECIFIED.,.F.,.F.,(7,
    5,7),(0.,0.516298761618,1.),.UNSPECIFIED.);
#4361 = CARTESIAN_POINT('',(80.360266989985,0.686335165386));
#4362 = CARTESIAN_POINT('',(73.523757709985,0.626205005609));
#4363 = CARTESIAN_POINT('',(66.669978023172,0.564661026081));
#4364 = CARTESIAN_POINT('',(59.799358741574,0.50255862429));
#4365 = CARTESIAN_POINT('',(52.912314194714,0.440977788872));
#4366 = CARTESIAN_POINT('',(46.00924501323,0.381087241375));
#4367 = CARTESIAN_POINT('',(32.608670445818,0.270320504434));
#4368 = CARTESIAN_POINT('',(26.113076773358,0.219114281608));
#4369 = CARTESIAN_POINT('',(19.604090542802,0.171112585007));
#4370 = CARTESIAN_POINT('',(13.082034132507,0.127039330865));
#4371 = CARTESIAN_POINT('',(6.54722978421,8.734658178845E-02));
#4372 = CARTESIAN_POINT('',(0.,5.223597412954E-02));
#4373 = ( GEOMETRIC_REPRESENTATION_CONTEXT(2) 
PARAMETRIC_REPRESENTATION_CONTEXT() REPRESENTATION_CONTEXT('2D SPACE',''
  ) );
#4374 = PCURVE('',#3944,#4375);
#4375 = DEFINITIONAL_REPRESENTATION('',(#4376),#4389);
#4376 = B_SPLINE_CURVE_WITH_KNOTS('',6,(#4377,#4378,#4379,#4380,#4381,
    #4382,#4383,#4384,#4385,#4386,#4387,#4388),.UNSPECIFIED.,.F.,.F.,(7,
    5,7),(0.,0.516298761618,1.),.UNSPECIFIED.);
#4377 = CARTESIAN_POINT('',(60.043621925533,58.606078802066));
#4378 = CARTESIAN_POINT('',(56.578089842241,58.666208961844));
#4379 = CARTESIAN_POINT('',(53.146727781108,58.72775294137));
#4380 = CARTESIAN_POINT('',(49.749163918496,58.789855343164));
#4381 = CARTESIAN_POINT('',(46.385017640267,58.85143617858));
#4382 = CARTESIAN_POINT('',(43.053903269032,58.911326726078));
#4383 = CARTESIAN_POINT('',(36.665220537174,59.022093463019));
#4384 = CARTESIAN_POINT('',(33.603660171248,59.073299685851));
#4385 = CARTESIAN_POINT('',(30.570436693331,59.121301382431));
#4386 = CARTESIAN_POINT('',(27.565233396342,59.165374636602));
#4387 = CARTESIAN_POINT('',(24.587735901666,59.205067385661));
#4388 = CARTESIAN_POINT('',(21.637632482332,59.24017799332));
#4389 = ( GEOMETRIC_REPRESENTATION_CONTEXT(2) 
PARAMETRIC_REPRESENTATION_CONTEXT() REPRESENTATION_CONTEXT('2D SPACE',''
  ) );
#4390 = ORIENTED_EDGE('',*,*,#4391,.T.);
#4391 = EDGE_CURVE('',#4342,#4290,#4392,.T.);
#4392 = SURFACE_CURVE('',#4393,(#4399,#4406),.PCURVE_S1.);
#4393 = B_SPLINE_CURVE_WITH_KNOTS('',2,(#4394,#4395,#4396,#4397,#4398),
  .UNSPECIFIED.,.F.,.F.,(3,1,1,3),(-3.964835598665,-4.80355986647E-02,
    80.31223139132,84.22903139132),.UNSPECIFIED.);
#4394 = CARTESIAN_POINT('',(10.39392119796,96.964835598665,40.));
#4395 = CARTESIAN_POINT('',(10.39392119796,95.006435598665,40.));
#4396 = CARTESIAN_POINT('',(10.39392119796,52.867902103672,40.));
#4397 = CARTESIAN_POINT('',(10.39392119796,10.72936860868,40.));
#4398 = CARTESIAN_POINT('',(10.39392119796,8.77096860868,40.));
#4399 = PCURVE('',#674,#4400);
#4400 = DEFINITIONAL_REPRESENTATION('',(#4401),#4405);
#4401 = LINE('',#4402,#4403);
#4402 = CARTESIAN_POINT('',(80.360266989985,0.));
#4403 = VECTOR('',#4404,1.);
#4404 = DIRECTION('',(0.,1.));
#4405 = ( GEOMETRIC_REPRESENTATION_CONTEXT(2) 
PARAMETRIC_REPRESENTATION_CONTEXT() REPRESENTATION_CONTEXT('2D SPACE',''
  ) );
#4406 = PCURVE('',#4407,#4412);
#4407 = PLANE('',#4408);
#4408 = AXIS2_PLACEMENT_3D('',#4409,#4410,#4411);
#4409 = CARTESIAN_POINT('',(10.,13.,40.));
#4410 = DIRECTION('',(0.,0.,-1.));
#4411 = DIRECTION('',(0.593542145184,0.804802908724,0.));
#4412 = DEFINITIONAL_REPRESENTATION('',(#4413),#4416);
#4413 = B_SPLINE_CURVE_WITH_KNOTS('',1,(#4414,#4415),.UNSPECIFIED.,.F.,
  .F.,(2,2),(-4.80355986647E-02,80.31223139132),
  .PIECEWISE_BEZIER_KNOTS.);
#4414 = CARTESIAN_POINT('',(64.656700720313,-47.19485384106));
#4415 = CARTESIAN_POINT('',(-1.747589905861E-02,0.502351415725));
#4416 = ( GEOMETRIC_REPRESENTATION_CONTEXT(2) 
PARAMETRIC_REPRESENTATION_CONTEXT() REPRESENTATION_CONTEXT('2D SPACE',''
  ) );
#4417 = ADVANCED_FACE('',(#4418),#631,.F.);
#4418 = FACE_BOUND('',#4419,.F.);
#4419 = EDGE_LOOP('',(#4420,#4421,#4445,#4493));
#4420 = ORIENTED_EDGE('',*,*,#4289,.F.);
#4421 = ORIENTED_EDGE('',*,*,#4422,.T.);
#4422 = EDGE_CURVE('',#4290,#4423,#4425,.T.);
#4423 = VERTEX_POINT('',#4424);
#4424 = CARTESIAN_POINT('',(68.60607880204,13.331370849898,40.));
#4425 = SURFACE_CURVE('',#4426,(#4432,#4439),.PCURVE_S1.);
#4426 = B_SPLINE_CURVE_WITH_KNOTS('',2,(#4427,#4428,#4429,#4430,#4431),
  .UNSPECIFIED.,.F.,.F.,(3,1,1,3),(-3.454441980808,-0.180241980808,
    59.180241980808,62.454441980808),.UNSPECIFIED.);
#4427 = CARTESIAN_POINT('',(6.545558019192,13.331370849898,40.));
#4428 = CARTESIAN_POINT('',(8.182658019192,13.331370849898,40.));
#4429 = CARTESIAN_POINT('',(39.5,13.331370849898,40.));
#4430 = CARTESIAN_POINT('',(70.817341980808,13.331370849898,40.));
#4431 = CARTESIAN_POINT('',(72.454441980808,13.331370849898,40.));
#4432 = PCURVE('',#631,#4433);
#4433 = DEFINITIONAL_REPRESENTATION('',(#4434),#4438);
#4434 = LINE('',#4435,#4436);
#4435 = CARTESIAN_POINT('',(59.360483961617,0.));
#4436 = VECTOR('',#4437,1.);
#4437 = DIRECTION('',(0.,1.));
#4438 = ( GEOMETRIC_REPRESENTATION_CONTEXT(2) 
PARAMETRIC_REPRESENTATION_CONTEXT() REPRESENTATION_CONTEXT('2D SPACE',''
  ) );
#4439 = PCURVE('',#4407,#4440);
#4440 = DEFINITIONAL_REPRESENTATION('',(#4441),#4444);
#4441 = B_SPLINE_CURVE_WITH_KNOTS('',1,(#4442,#4443),.UNSPECIFIED.,.F.,
  .F.,(2,2),(-0.180241980808,59.180241980808),.PIECEWISE_BEZIER_KNOTS.);
#4442 = CARTESIAN_POINT('',(0.159707011923,-0.341741835529));
#4443 = CARTESIAN_POINT('',(35.392656001656,47.43174832004));
#4444 = ( GEOMETRIC_REPRESENTATION_CONTEXT(2) 
PARAMETRIC_REPRESENTATION_CONTEXT() REPRESENTATION_CONTEXT('2D SPACE',''
  ) );
#4445 = ORIENTED_EDGE('',*,*,#4446,.T.);
#4446 = EDGE_CURVE('',#4423,#570,#4447,.T.);
#4447 = SURFACE_CURVE('',#4448,(#4461,#4477),.PCURVE_S1.);
#4448 = B_SPLINE_CURVE_WITH_KNOTS('',6,(#4449,#4450,#4451,#4452,#4453,
    #4454,#4455,#4456,#4457,#4458,#4459,#4460),.UNSPECIFIED.,.F.,.F.,(7,
    5,7),(0.,0.502548697618,1.),.UNSPECIFIED.);
#4449 = CARTESIAN_POINT('',(68.606078802376,13.331370849898,40.));
#4450 = CARTESIAN_POINT('',(68.656983697758,13.280465953282,
    40.000000023886));
#4451 = CARTESIAN_POINT('',(68.708737721407,13.22871193179,
    39.996112927216));
#4452 = CARTESIAN_POINT('',(68.760811894475,13.176637756518,
    39.988096234649));
#4453 = CARTESIAN_POINT('',(68.812581941174,13.124867711079,
    39.97582609428));
#4454 = CARTESIAN_POINT('',(68.863389356238,13.074060295701,
    39.959364097432));
#4455 = CARTESIAN_POINT('',(68.961381607466,12.976068044472,
    39.918710719368));
#4456 = CARTESIAN_POINT('',(69.008597814594,12.928851837344,
    39.894599496424));
#4457 = CARTESIAN_POINT('',(69.053702847334,12.883746804604,
    39.866816059134));
#4458 = CARTESIAN_POINT('',(69.096167845073,12.841281806866,
    39.835733759885));
#4459 = CARTESIAN_POINT('',(69.135602456793,12.801847195145,
    39.801847195145));
#4460 = CARTESIAN_POINT('',(69.171764226989,12.765685424949,
    39.765685424949));
#4461 = PCURVE('',#631,#4462);
#4462 = DEFINITIONAL_REPRESENTATION('',(#4463),#4476);
#4463 = B_SPLINE_CURVE_WITH_KNOTS('',6,(#4464,#4465,#4466,#4467,#4468,
    #4469,#4470,#4471,#4472,#4473,#4474,#4475),.UNSPECIFIED.,.F.,.F.,(7,
    5,7),(0.,0.502548697618,1.),.UNSPECIFIED.);
#4464 = CARTESIAN_POINT('',(59.360483961617,58.606078802376));
#4465 = CARTESIAN_POINT('',(54.425372066763,58.656983697758));
#4466 = CARTESIAN_POINT('',(49.482870123414,58.708737721407));
#4467 = CARTESIAN_POINT('',(44.532974500978,58.760811894475));
#4468 = CARTESIAN_POINT('',(39.575681145054,58.812581941174));
#4469 = CARTESIAN_POINT('',(34.610984994223,58.863389356237));
#4470 = CARTESIAN_POINT('',(24.717213074306,58.961381607466));
#4471 = CARTESIAN_POINT('',(19.788286841585,59.008597814594));
#4472 = CARTESIAN_POINT('',(14.85210151129,59.053702847334));
#4473 = CARTESIAN_POINT('',(9.908656315757,59.096167845072));
#4474 = CARTESIAN_POINT('',(4.95795373236,59.135602456793));
#4475 = CARTESIAN_POINT('',(0.,59.171764226989));
#4476 = ( GEOMETRIC_REPRESENTATION_CONTEXT(2) 
PARAMETRIC_REPRESENTATION_CONTEXT() REPRESENTATION_CONTEXT('2D SPACE',''
  ) );
#4477 = PCURVE('',#589,#4478);
#4478 = DEFINITIONAL_REPRESENTATION('',(#4479),#4492);
#4479 = B_SPLINE_CURVE_WITH_KNOTS('',6,(#4480,#4481,#4482,#4483,#4484,
    #4485,#4486,#4487,#4488,#4489,#4490,#4491),.UNSPECIFIED.,.F.,.F.,(7,
    5,7),(0.,0.502548697618,1.),.UNSPECIFIED.);
#4480 = CARTESIAN_POINT('',(80.360266951771,0.331370849897));
#4481 = CARTESIAN_POINT('',(74.57261640226,0.280465953288));
#4482 = CARTESIAN_POINT('',(68.791297600947,0.228711931783));
#4483 = CARTESIAN_POINT('',(63.016318518037,0.176637756524));
#4484 = CARTESIAN_POINT('',(57.247684666217,0.124867711078));
#4485 = CARTESIAN_POINT('',(51.485401711061,7.406029570073E-02));
#4486 = CARTESIAN_POINT('',(40.031934056717,-2.393195552743E-02));
#4487 = CARTESIAN_POINT('',(34.340621138588,-7.114816266636E-02));
#4488 = CARTESIAN_POINT('',(28.655545164298,-0.116253195369));
#4489 = CARTESIAN_POINT('',(22.976715491963,-0.158718193161));
#4490 = CARTESIAN_POINT('',(17.304145027161,-0.198152804848));
#4491 = CARTESIAN_POINT('',(11.637850572288,-0.234314575044));
#4492 = ( GEOMETRIC_REPRESENTATION_CONTEXT(2) 
PARAMETRIC_REPRESENTATION_CONTEXT() REPRESENTATION_CONTEXT('2D SPACE',''
  ) );
#4493 = ORIENTED_EDGE('',*,*,#614,.F.);
#4494 = ADVANCED_FACE('',(#4495),#589,.F.);
#4495 = FACE_BOUND('',#4496,.F.);
#4496 = EDGE_LOOP('',(#4497,#4498,#4522,#4587,#4609));
#4497 = ORIENTED_EDGE('',*,*,#4446,.F.);
#4498 = ORIENTED_EDGE('',*,*,#4499,.T.);
#4499 = EDGE_CURVE('',#4423,#4500,#4502,.T.);
#4500 = VERTEX_POINT('',#4501);
#4501 = CARTESIAN_POINT('',(68.60607880204,92.313664834587,40.));
#4502 = SURFACE_CURVE('',#4503,(#4509,#4516),.PCURVE_S1.);
#4503 = B_SPLINE_CURVE_WITH_KNOTS('',2,(#4504,#4505,#4506,#4507,#4508),
  .UNSPECIFIED.,.F.,.F.,(3,1,1,3),(-4.22903139132,-0.31223139132,
    80.048035598665,83.964835598665),.UNSPECIFIED.);
#4504 = CARTESIAN_POINT('',(68.60607880204,8.77096860868,40.));
#4505 = CARTESIAN_POINT('',(68.60607880204,10.72936860868,40.));
#4506 = CARTESIAN_POINT('',(68.60607880204,52.867902103672,40.));
#4507 = CARTESIAN_POINT('',(68.60607880204,95.006435598665,40.));
#4508 = CARTESIAN_POINT('',(68.60607880204,96.964835598665,40.));
#4509 = PCURVE('',#589,#4510);
#4510 = DEFINITIONAL_REPRESENTATION('',(#4511),#4515);
#4511 = LINE('',#4512,#4513);
#4512 = CARTESIAN_POINT('',(80.360266989985,0.));
#4513 = VECTOR('',#4514,1.);
#4514 = DIRECTION('',(0.,1.));
#4515 = ( GEOMETRIC_REPRESENTATION_CONTEXT(2) 
PARAMETRIC_REPRESENTATION_CONTEXT() REPRESENTATION_CONTEXT('2D SPACE',''
  ) );
#4516 = PCURVE('',#4407,#4517);
#4517 = DEFINITIONAL_REPRESENTATION('',(#4518),#4521);
#4518 = B_SPLINE_CURVE_WITH_KNOTS('',1,(#4519,#4520),.UNSPECIFIED.,.F.,
  .F.,(2,2),(-0.31223139132,80.048035598665),.PIECEWISE_BEZIER_KNOTS.);
#4519 = CARTESIAN_POINT('',(34.53389300105,47.351665178583));
#4520 = CARTESIAN_POINT('',(99.208069620421,-0.345540078203));
#4521 = ( GEOMETRIC_REPRESENTATION_CONTEXT(2) 
PARAMETRIC_REPRESENTATION_CONTEXT() REPRESENTATION_CONTEXT('2D SPACE',''
  ) );
#4522 = ORIENTED_EDGE('',*,*,#4523,.T.);
#4523 = EDGE_CURVE('',#4500,#4524,#4526,.T.);
#4524 = VERTEX_POINT('',#4525);
#4525 = CARTESIAN_POINT('',(69.240177993323,92.94776402587,
    39.68776860868));
#4526 = SURFACE_CURVE('',#4527,(#4545,#4566),.PCURVE_S1.);
#4527 = B_SPLINE_CURVE_WITH_KNOTS('',6,(#4528,#4529,#4530,#4531,#4532,
    #4533,#4534,#4535,#4536,#4537,#4538,#4539,#4540,#4541,#4542,#4543,
    #4544),.UNSPECIFIED.,.F.,.F.,(7,5,5,7),(0.,9.990652717958E-03,
    0.513416205764,1.),.UNSPECIFIED.);
#4528 = CARTESIAN_POINT('',(68.60607880204,92.313664834587,40.));
#4529 = CARTESIAN_POINT('',(68.607242349471,92.314828381919,40.));
#4530 = CARTESIAN_POINT('',(68.608406426596,92.315992459237,
    39.999997969236));
#4531 = CARTESIAN_POINT('',(68.609571027292,92.317157059887,
    39.999993904241));
#4532 = CARTESIAN_POINT('',(68.610736145267,92.318322177744,
    39.999987801579));
#4533 = CARTESIAN_POINT('',(68.611901774182,92.319487806729,
    39.999979657846));
#4534 = CARTESIAN_POINT('',(68.671828978631,92.37941501118,
    39.999456090904));
#4535 = CARTESIAN_POINT('',(68.731871155194,92.439457187738,
    39.993751401654));
#4536 = CARTESIAN_POINT('',(68.792388517033,92.499974549583,
    39.982425512973));
#4537 = CARTESIAN_POINT('',(68.852379186587,92.559965219133,
    39.965247183825));
#4538 = CARTESIAN_POINT('',(68.910762399488,92.618348432035,
    39.942347676049));
#4539 = CARTESIAN_POINT('',(69.020566538061,92.728152570608,
    39.886916810174));
#4540 = CARTESIAN_POINT('',(69.072154617688,92.779740650235,
    39.854733433247));
#4541 = CARTESIAN_POINT('',(69.120512960487,92.828098993034,
    39.817999445304));
#4542 = CARTESIAN_POINT('',(69.164901389322,92.87248742187,
    39.777372225433));
#4543 = CARTESIAN_POINT('',(69.204858148469,92.912444181016,
    39.733684406989));
#4544 = CARTESIAN_POINT('',(69.240177993323,92.94776402587,
    39.68776860868));
#4545 = PCURVE('',#589,#4546);
#4546 = DEFINITIONAL_REPRESENTATION('',(#4547),#4565);
#4547 = B_SPLINE_CURVE_WITH_KNOTS('',6,(#4548,#4549,#4550,#4551,#4552,
    #4553,#4554,#4555,#4556,#4557,#4558,#4559,#4560,#4561,#4562,#4563,
    #4564),.UNSPECIFIED.,.F.,.F.,(7,5,5,7),(0.,9.990652717958E-03,
    0.513416205764,1.),.UNSPECIFIED.);
#4548 = CARTESIAN_POINT('',(80.360266989985,79.313664834587));
#4549 = CARTESIAN_POINT('',(80.227976937372,79.314828381919));
#4550 = CARTESIAN_POINT('',(80.095680423751,79.315992459237));
#4551 = CARTESIAN_POINT('',(79.963377440597,79.317157059887));
#4552 = CARTESIAN_POINT('',(79.831067995192,79.318322177744));
#4553 = CARTESIAN_POINT('',(79.698752096552,79.319487806729));
#4554 = CARTESIAN_POINT('',(72.898751790245,79.37941501118));
#4555 = CARTESIAN_POINT('',(66.214685617474,79.439457187738));
#4556 = CARTESIAN_POINT('',(59.514629702817,79.499974549583));
#4557 = CARTESIAN_POINT('',(52.798967788631,79.559965219133));
#4558 = CARTESIAN_POINT('',(46.068071209181,79.618348432035));
#4559 = CARTESIAN_POINT('',(32.802214008349,79.728152570609));
#4560 = CARTESIAN_POINT('',(26.268231891887,79.779740650235));
#4561 = CARTESIAN_POINT('',(19.720691288038,79.828098993034));
#4562 = CARTESIAN_POINT('',(13.159920368454,79.87248742187));
#4563 = CARTESIAN_POINT('',(6.586247166258,79.912444181017));
#4564 = CARTESIAN_POINT('',(0.,79.947764025871));
#4565 = ( GEOMETRIC_REPRESENTATION_CONTEXT(2) 
PARAMETRIC_REPRESENTATION_CONTEXT() REPRESENTATION_CONTEXT('2D SPACE',''
  ) );
#4566 = PCURVE('',#3944,#4567);
#4567 = DEFINITIONAL_REPRESENTATION('',(#4568),#4586);
#4568 = B_SPLINE_CURVE_WITH_KNOTS('',6,(#4569,#4570,#4571,#4572,#4573,
    #4574,#4575,#4576,#4577,#4578,#4579,#4580,#4581,#4582,#4583,#4584,
    #4585),.UNSPECIFIED.,.F.,.F.,(7,5,5,7),(0.,9.990652717958E-03,
    0.513416205764,1.),.UNSPECIFIED.);
#4569 = CARTESIAN_POINT('',(60.043621927069,0.39392119796));
#4570 = CARTESIAN_POINT('',(59.976562062956,0.392757650529));
#4571 = CARTESIAN_POINT('',(59.909514979681,0.391593573404));
#4572 = CARTESIAN_POINT('',(59.842480699184,0.390428972708));
#4573 = CARTESIAN_POINT('',(59.775459211291,0.389263854734));
#4574 = CARTESIAN_POINT('',(59.708450501429,0.388098225818));
#4575 = CARTESIAN_POINT('',(56.265553064826,0.328171021369));
#4576 = CARTESIAN_POINT('',(52.922111494949,0.268128844806));
#4577 = CARTESIAN_POINT('',(49.610784659825,0.207611482967));
#4578 = CARTESIAN_POINT('',(46.331219629213,0.147620813413));
#4579 = CARTESIAN_POINT('',(43.083058833827,8.923760051204E-02));
#4580 = CARTESIAN_POINT('',(36.756455498375,-2.05665380614E-02));
#4581 = CARTESIAN_POINT('',(33.675970580628,-7.215461769901E-02));
#4582 = CARTESIAN_POINT('',(30.624167029903,-0.120512960459));
#4583 = CARTESIAN_POINT('',(27.600722406298,-0.164901389349));
#4584 = CARTESIAN_POINT('',(24.605316667541,-0.204858148463));
#4585 = CARTESIAN_POINT('',(21.6376324826,-0.240177993317));
#4586 = ( GEOMETRIC_REPRESENTATION_CONTEXT(2) 
PARAMETRIC_REPRESENTATION_CONTEXT() REPRESENTATION_CONTEXT('2D SPACE',''
  ) );
#4587 = ORIENTED_EDGE('',*,*,#4588,.F.);
#4588 = EDGE_CURVE('',#548,#4524,#4589,.T.);
#4589 = SURFACE_CURVE('',#4590,(#4596,#4603),.PCURVE_S1.);
#4590 = B_SPLINE_CURVE_WITH_KNOTS('',2,(#4591,#4592,#4593,#4594,#4595),
  .UNSPECIFIED.,.F.,.F.,(3,1,1,3),(-4.22903139132,-0.31223139132,
    80.048035598665,83.964835598665),.UNSPECIFIED.);
#4591 = CARTESIAN_POINT('',(69.240177993323,8.77096860868,39.68776860868
    ));
#4592 = CARTESIAN_POINT('',(69.240177993323,10.72936860868,
    39.68776860868));
#4593 = CARTESIAN_POINT('',(69.240177993323,52.867902103672,
    39.68776860868));
#4594 = CARTESIAN_POINT('',(69.240177993323,95.006435598665,
    39.68776860868));
#4595 = CARTESIAN_POINT('',(69.240177993323,96.964835598665,
    39.68776860868));
#4596 = PCURVE('',#589,#4597);
#4597 = DEFINITIONAL_REPRESENTATION('',(#4598),#4602);
#4598 = LINE('',#4599,#4600);
#4599 = CARTESIAN_POINT('',(0.,0.));
#4600 = VECTOR('',#4601,1.);
#4601 = DIRECTION('',(0.,1.));
#4602 = ( GEOMETRIC_REPRESENTATION_CONTEXT(2) 
PARAMETRIC_REPRESENTATION_CONTEXT() REPRESENTATION_CONTEXT('2D SPACE',''
  ) );
#4603 = PCURVE('',#77,#4604);
#4604 = DEFINITIONAL_REPRESENTATION('',(#4605),#4608);
#4605 = B_SPLINE_CURVE_WITH_KNOTS('',1,(#4606,#4607),.UNSPECIFIED.,.F.,
  .F.,(2,2),(-0.31223139132,80.048035598665),.PIECEWISE_BEZIER_KNOTS.);
#4606 = CARTESIAN_POINT('',(0.,0.975982200668));
#4607 = CARTESIAN_POINT('',(95.,0.975982200668));
#4608 = ( GEOMETRIC_REPRESENTATION_CONTEXT(2) 
PARAMETRIC_REPRESENTATION_CONTEXT() REPRESENTATION_CONTEXT('2D SPACE',''
  ) );
#4609 = ORIENTED_EDGE('',*,*,#569,.F.);
#4610 = ADVANCED_FACE('',(#4611,#4853),#77,.T.);
#4611 = FACE_BOUND('',#4612,.T.);
#4612 = EDGE_LOOP('',(#4613,#4637,#4670,#4671,#4672,#4692,#4830,#4831,
    #4832));
#4613 = ORIENTED_EDGE('',*,*,#4614,.T.);
#4614 = EDGE_CURVE('',#4615,#4617,#4619,.T.);
#4615 = VERTEX_POINT('',#4616);
#4616 = CARTESIAN_POINT('',(79.,95.,27.));
#4617 = VERTEX_POINT('',#4618);
#4618 = CARTESIAN_POINT('',(69.521810963536,93.104362192707,
    39.321645747403));
#4619 = SURFACE_CURVE('',#4620,(#4623,#4630),.PCURVE_S1.);
#4620 = B_SPLINE_CURVE_WITH_KNOTS('',1,(#4621,#4622),.UNSPECIFIED.,.F.,
  .F.,(2,2),(0.,1.),.PIECEWISE_BEZIER_KNOTS.);
#4621 = CARTESIAN_POINT('',(79.,95.,27.));
#4622 = CARTESIAN_POINT('',(69.,93.,40.));
#4623 = PCURVE('',#77,#4624);
#4624 = DEFINITIONAL_REPRESENTATION('',(#4625),#4629);
#4625 = LINE('',#4626,#4627);
#4626 = CARTESIAN_POINT('',(95.,0.));
#4627 = VECTOR('',#4628,1.);
#4628 = DIRECTION('',(0.,1.));
#4629 = ( GEOMETRIC_REPRESENTATION_CONTEXT(2) 
PARAMETRIC_REPRESENTATION_CONTEXT() REPRESENTATION_CONTEXT('2D SPACE',''
  ) );
#4630 = PCURVE('',#3984,#4631);
#4631 = DEFINITIONAL_REPRESENTATION('',(#4632),#4636);
#4632 = LINE('',#4633,#4634);
#4633 = CARTESIAN_POINT('',(0.,0.));
#4634 = VECTOR('',#4635,1.);
#4635 = DIRECTION('',(0.,1.));
#4636 = ( GEOMETRIC_REPRESENTATION_CONTEXT(2) 
PARAMETRIC_REPRESENTATION_CONTEXT() REPRESENTATION_CONTEXT('2D SPACE',''
  ) );
#4637 = ORIENTED_EDGE('',*,*,#4638,.F.);
#4638 = EDGE_CURVE('',#4524,#4617,#4639,.T.);
#4639 = SURFACE_CURVE('',#4640,(#4648,#4659),.PCURVE_S1.);
#4640 = B_SPLINE_CURVE_WITH_KNOTS('',6,(#4641,#4642,#4643,#4644,#4645,
    #4646,#4647),.UNSPECIFIED.,.F.,.F.,(7,7),(0.,1.),
  .PIECEWISE_BEZIER_KNOTS.);
#4641 = CARTESIAN_POINT('',(69.240177993323,92.94776402587,
    39.68776860868));
#4642 = CARTESIAN_POINT('',(69.283096567714,92.990682600261,
    39.631974461972));
#4643 = CARTESIAN_POINT('',(69.329032648986,93.027242514768,
    39.572257556318));
#4644 = CARTESIAN_POINT('',(69.376958769721,93.056793423231,
    39.509953599363));
#4645 = CARTESIAN_POINT('',(69.425697125035,93.079196166477,
    39.446593737454));
#4646 = CARTESIAN_POINT('',(69.474236425305,93.094847271181,
    39.383492647104));
#4647 = CARTESIAN_POINT('',(69.521810830191,93.104362166038,
    39.321645920752));
#4648 = PCURVE('',#77,#4649);
#4649 = DEFINITIONAL_REPRESENTATION('',(#4650),#4658);
#4650 = B_SPLINE_CURVE_WITH_KNOTS('',6,(#4651,#4652,#4653,#4654,#4655,
    #4656,#4657),.UNSPECIFIED.,.F.,.F.,(7,7),(0.,1.),
  .PIECEWISE_BEZIER_KNOTS.);
#4651 = CARTESIAN_POINT('',(94.881461326944,0.975982200668));
#4652 = CARTESIAN_POINT('',(94.922146145977,0.971690343229));
#4653 = CARTESIAN_POINT('',(94.95452896651,0.967096735101));
#4654 = CARTESIAN_POINT('',(94.978100875239,0.962304123028));
#4655 = CARTESIAN_POINT('',(94.993010707897,0.957430287496));
#4656 = CARTESIAN_POINT('',(94.999999983677,0.95257635747));
#4657 = CARTESIAN_POINT('',(95.,0.947818916981));
#4658 = ( GEOMETRIC_REPRESENTATION_CONTEXT(2) 
PARAMETRIC_REPRESENTATION_CONTEXT() REPRESENTATION_CONTEXT('2D SPACE',''
  ) );
#4659 = PCURVE('',#3944,#4660);
#4660 = DEFINITIONAL_REPRESENTATION('',(#4661),#4669);
#4661 = B_SPLINE_CURVE_WITH_KNOTS('',6,(#4662,#4663,#4664,#4665,#4666,
    #4667,#4668),.UNSPECIFIED.,.F.,.F.,(7,7),(0.,1.),
  .PIECEWISE_BEZIER_KNOTS.);
#4662 = CARTESIAN_POINT('',(21.637632482036,-0.240177993323));
#4663 = CARTESIAN_POINT('',(18.031479199405,-0.283096567714));
#4664 = CARTESIAN_POINT('',(14.425288285156,-0.329032648986));
#4665 = CARTESIAN_POINT('',(10.819055627901,-0.376958769721));
#4666 = CARTESIAN_POINT('',(7.212767758553,-0.425697125036));
#4667 = CARTESIAN_POINT('',(3.606419370299,-0.474236425305));
#4668 = CARTESIAN_POINT('',(1.010830027023E-05,-0.521810830191));
#4669 = ( GEOMETRIC_REPRESENTATION_CONTEXT(2) 
PARAMETRIC_REPRESENTATION_CONTEXT() REPRESENTATION_CONTEXT('2D SPACE',''
  ) );
#4670 = ORIENTED_EDGE('',*,*,#4588,.F.);
#4671 = ORIENTED_EDGE('',*,*,#547,.F.);
#4672 = ORIENTED_EDGE('',*,*,#4673,.F.);
#4673 = EDGE_CURVE('',#4674,#528,#4676,.T.);
#4674 = VERTEX_POINT('',#4675);
#4675 = CARTESIAN_POINT('',(69.769230769231,14.886409698353,39.));
#4676 = SURFACE_CURVE('',#4677,(#4680,#4686),.PCURVE_S1.);
#4677 = B_SPLINE_CURVE_WITH_KNOTS('',1,(#4678,#4679),.UNSPECIFIED.,.F.,
  .F.,(2,2),(0.,1.),.PIECEWISE_BEZIER_KNOTS.);
#4678 = CARTESIAN_POINT('',(69.769230769231,16.,39.));
#4679 = CARTESIAN_POINT('',(69.769230769231,12.,39.));
#4680 = PCURVE('',#77,#4681);
#4681 = DEFINITIONAL_REPRESENTATION('',(#4682),#4685);
#4682 = B_SPLINE_CURVE_WITH_KNOTS('',1,(#4683,#4684),.UNSPECIFIED.,.F.,
  .F.,(2,2),(0.,1.),.PIECEWISE_BEZIER_KNOTS.);
#4683 = CARTESIAN_POINT('',(4.682464454976,0.923076923077));
#4684 = CARTESIAN_POINT('',(0.,0.923076923077));
#4685 = ( GEOMETRIC_REPRESENTATION_CONTEXT(2) 
PARAMETRIC_REPRESENTATION_CONTEXT() REPRESENTATION_CONTEXT('2D SPACE',''
  ) );
#4686 = PCURVE('',#308,#4687);
#4687 = DEFINITIONAL_REPRESENTATION('',(#4688),#4691);
#4688 = B_SPLINE_CURVE_WITH_KNOTS('',1,(#4689,#4690),.UNSPECIFIED.,.F.,
  .F.,(2,2),(0.,1.),.PIECEWISE_BEZIER_KNOTS.);
#4689 = CARTESIAN_POINT('',(2.769230769231,4.));
#4690 = CARTESIAN_POINT('',(2.769230769231,5.329070518201E-15));
#4691 = ( GEOMETRIC_REPRESENTATION_CONTEXT(2) 
PARAMETRIC_REPRESENTATION_CONTEXT() REPRESENTATION_CONTEXT('2D SPACE',''
  ) );
#4692 = ORIENTED_EDGE('',*,*,#4693,.T.);
#4693 = EDGE_CURVE('',#4674,#63,#4694,.T.);
#4694 = SURFACE_CURVE('',#4695,(#4728,#4779),.PCURVE_S1.);
#4695 = B_SPLINE_CURVE_WITH_KNOTS('',7,(#4696,#4697,#4698,#4699,#4700,
    #4701,#4702,#4703,#4704,#4705,#4706,#4707,#4708,#4709,#4710,#4711,
    #4712,#4713,#4714,#4715,#4716,#4717,#4718,#4719,#4720,#4721,#4722,
    #4723,#4724,#4725,#4726,#4727),.UNSPECIFIED.,.F.,.F.,(8,6,6,6,6,8),(
    2.330794818707E-07,0.268615151006,0.384881153508,0.596479130866,1.,
    1.502745912512),.UNSPECIFIED.);
#4696 = CARTESIAN_POINT('',(69.769230769231,14.886409698353,39.));
#4697 = CARTESIAN_POINT('',(69.845217181053,14.813508089901,
    38.901217664631));
#4698 = CARTESIAN_POINT('',(69.920693209647,14.736614314303,
    38.803098827459));
#4699 = CARTESIAN_POINT('',(69.995496753032,14.655516320103,
    38.705854221058));
#4700 = CARTESIAN_POINT('',(70.069396747517,14.570026954157,
    38.609784228229));
#4701 = CARTESIAN_POINT('',(70.142095383795,14.479994785869,
    38.515276001067));
#4702 = CARTESIAN_POINT('',(70.213233471478,14.38532543002,
    38.422796487078));
#4703 = CARTESIAN_POINT('',(70.312336209442,14.243027608072,
    38.293962927725));
#4704 = CARTESIAN_POINT('',(70.341901082868,14.199176104632,
    38.255528592272));
#4705 = CARTESIAN_POINT('',(70.371058396508,14.154461579307,
    38.21762408454));
#4706 = CARTESIAN_POINT('',(70.399770309798,14.108891485556,
    38.180298597262));
#4707 = CARTESIAN_POINT('',(70.427996822974,14.062478908446,
    38.143604130133));
#4708 = CARTESIAN_POINT('',(70.455696282623,14.015243464216,
    38.10759483259));
#4709 = CARTESIAN_POINT('',(70.532200333217,13.879797838215,
    38.008139566818));
#4710 = CARTESIAN_POINT('',(70.579700754537,13.789723863945,
    37.946389019102));
#4711 = CARTESIAN_POINT('',(70.625047712281,13.697186095483,
    37.887437974035));
#4712 = CARTESIAN_POINT('',(70.667973206926,13.60243654125,
    37.831634830996));
#4713 = CARTESIAN_POINT('',(70.708230174198,13.505791391882,
    37.779300773543));
#4714 = CARTESIAN_POINT('',(70.745605545332,13.407641264181,
    37.730712791068));
#4715 = CARTESIAN_POINT('',(70.845407283292,13.119330422921,
    37.600970531721));
#4716 = CARTESIAN_POINT('',(70.899859606104,12.926309596524,
    37.530182512064));
#4717 = CARTESIAN_POINT('',(70.942066329347,12.73290450846,
    37.475313771849));
#4718 = CARTESIAN_POINT('',(70.972218427908,12.541830264046,
    37.43611604372));
#4719 = CARTESIAN_POINT('',(70.991144033043,12.355138171596,
    37.411512757044));
#4720 = CARTESIAN_POINT('',(71.,12.174249119076,37.4));
#4721 = CARTESIAN_POINT('',(71.,11.782903341375,37.4));
#4722 = CARTESIAN_POINT('',(70.9862536723,11.575847971941,37.41787022601
    ));
#4723 = CARTESIAN_POINT('',(70.961048419502,11.379023917808,
    37.450637054648));
#4724 = CARTESIAN_POINT('',(70.926294743238,11.192342053545,
    37.495816833791));
#4725 = CARTESIAN_POINT('',(70.883578391339,11.015384782014,
    37.551348091259));
#4726 = CARTESIAN_POINT('',(70.834096051538,10.847485187182,
    37.615675133001));
#4727 = CARTESIAN_POINT('',(70.778633338409,10.687776660068,
    37.687776660068));
#4728 = PCURVE('',#77,#4729);
#4729 = DEFINITIONAL_REPRESENTATION('',(#4730),#4778);
#4730 = B_SPLINE_CURVE_WITH_KNOTS('',3,(#4731,#4732,#4733,#4734,#4735,
    #4736,#4737,#4738,#4739,#4740,#4741,#4742,#4743,#4744,#4745,#4746,
    #4747,#4748,#4749,#4750,#4751,#4752,#4753,#4754,#4755,#4756,#4757,
    #4758,#4759,#4760,#4761,#4762,#4763,#4764,#4765,#4766,#4767,#4768,
    #4769,#4770,#4771,#4772,#4773,#4774,#4775,#4776,#4777),
  .UNSPECIFIED.,.F.,.F.,(4,1,1,1,1,1,1,1,1,1,1,1,1,1,1,1,1,1,1,1,1,1,1,1
    ,1,1,1,1,1,1,1,1,1,1,1,1,1,1,1,1,1,1,1,1,4),(2.330794818707E-07,
    3.415354397567E-02,6.830685487185E-02,0.102460165768,0.136613476664,
    0.17076678756,0.204920098457,0.239073409353,0.273226720249,
    0.307380031145,0.341533342041,0.375686652938,0.409839963834,
    0.44399327473,0.478146585626,0.512299896522,0.546453207418,
    0.580606518315,0.614759829211,0.648913140107,0.683066451003,
    0.717219761899,0.751373072796,0.785526383692,0.819679694588,
    0.853833005484,0.88798631638,0.922139627277,0.956292938173,
    0.990446249069,1.024599559965,1.058752870861,1.092906181757,
    1.127059492654,1.16121280355,1.195366114446,1.229519425342,
    1.263672736238,1.297826047135,1.331979358031,1.366132668927,
    1.400285979823,1.434439290719,1.468592601615,1.502745912512),
  .QUASI_UNIFORM_KNOTS.);
#4731 = CARTESIAN_POINT('',(3.378877703759,0.923076923077));
#4732 = CARTESIAN_POINT('',(3.386456895233,0.920822727736));
#4733 = CARTESIAN_POINT('',(3.400374165067,0.916325417415));
#4734 = CARTESIAN_POINT('',(3.417310635687,0.909622076701));
#4735 = CARTESIAN_POINT('',(3.430096171352,0.902970168453));
#4736 = CARTESIAN_POINT('',(3.438503192358,0.896380516341));
#4737 = CARTESIAN_POINT('',(3.44229629507,0.889865229719));
#4738 = CARTESIAN_POINT('',(3.441233071964,0.883437820911));
#4739 = CARTESIAN_POINT('',(3.435067615636,0.877113214238));
#4740 = CARTESIAN_POINT('',(3.42355256994,0.870907300257));
#4741 = CARTESIAN_POINT('',(3.406446274225,0.864838435528));
#4742 = CARTESIAN_POINT('',(3.383521724595,0.858926741406));
#4743 = CARTESIAN_POINT('',(3.354572240567,0.853193290977));
#4744 = CARTESIAN_POINT('',(3.319419237724,0.847659922604));
#4745 = CARTESIAN_POINT('',(3.277921545192,0.842349174867));
#4746 = CARTESIAN_POINT('',(3.230000746274,0.837285162518));
#4747 = CARTESIAN_POINT('',(3.175631359583,0.832490290942));
#4748 = CARTESIAN_POINT('',(3.114852307615,0.827985632996));
#4749 = CARTESIAN_POINT('',(3.047773035825,0.823790350373));
#4750 = CARTESIAN_POINT('',(2.974586200052,0.81992144269));
#4751 = CARTESIAN_POINT('',(2.895538978532,0.816391733602));
#4752 = CARTESIAN_POINT('',(2.810965990895,0.813211299635));
#4753 = CARTESIAN_POINT('',(2.721224999958,0.810384851349));
#4754 = CARTESIAN_POINT('',(2.626697798855,0.807913014442));
#4755 = CARTESIAN_POINT('',(2.527780369006,0.805792792792));
#4756 = CARTESIAN_POINT('',(2.424876968029,0.804018168398));
#4757 = CARTESIAN_POINT('',(2.31839407698,0.802580591249));
#4758 = CARTESIAN_POINT('',(2.208735216742,0.801469433069));
#4759 = CARTESIAN_POINT('',(2.096296075148,0.800672397195));
#4760 = CARTESIAN_POINT('',(1.981460600421,0.800175882643));
#4761 = CARTESIAN_POINT('',(1.864595447676,0.799965358993));
#4762 = CARTESIAN_POINT('',(1.746052042365,0.800025568526));
#4763 = CARTESIAN_POINT('',(1.62600810383,0.800341466468));
#4764 = CARTESIAN_POINT('',(1.504668567396,0.800898837452));
#4765 = CARTESIAN_POINT('',(1.382215679645,0.801684073408));
#4766 = CARTESIAN_POINT('',(1.258819450103,0.802684219736));
#4767 = CARTESIAN_POINT('',(1.134634927415,0.803886957679));
#4768 = CARTESIAN_POINT('',(1.009802976529,0.805280608744));
#4769 = CARTESIAN_POINT('',(0.884450093189,0.806854137436));
#4770 = CARTESIAN_POINT('',(0.758688451645,0.808597158172));
#4771 = CARTESIAN_POINT('',(0.63261588296,0.81049994343));
#4772 = CARTESIAN_POINT('',(0.506315815592,0.812553435865));
#4773 = CARTESIAN_POINT('',(0.379857371174,0.814749253169));
#4774 = CARTESIAN_POINT('',(0.253294828939,0.817079724678));
#4775 = CARTESIAN_POINT('',(0.12666942889,0.819537811667));
#4776 = CARTESIAN_POINT('',(4.222476737102E-02,0.821257578178));
#4777 = CARTESIAN_POINT('',(0.,0.822136666159));
#4778 = ( GEOMETRIC_REPRESENTATION_CONTEXT(2) 
PARAMETRIC_REPRESENTATION_CONTEXT() REPRESENTATION_CONTEXT('2D SPACE',''
  ) );
#4779 = PCURVE('',#223,#4780);
#4780 = DEFINITIONAL_REPRESENTATION('',(#4781),#4829);
#4781 = B_SPLINE_CURVE_WITH_KNOTS('',3,(#4782,#4783,#4784,#4785,#4786,
    #4787,#4788,#4789,#4790,#4791,#4792,#4793,#4794,#4795,#4796,#4797,
    #4798,#4799,#4800,#4801,#4802,#4803,#4804,#4805,#4806,#4807,#4808,
    #4809,#4810,#4811,#4812,#4813,#4814,#4815,#4816,#4817,#4818,#4819,
    #4820,#4821,#4822,#4823,#4824,#4825,#4826,#4827,#4828),
  .UNSPECIFIED.,.F.,.F.,(4,1,1,1,1,1,1,1,1,1,1,1,1,1,1,1,1,1,1,1,1,1,1,1
    ,1,1,1,1,1,1,1,1,1,1,1,1,1,1,1,1,1,1,1,1,4),(2.330794818707E-07,
    3.415354397567E-02,6.830685487185E-02,0.102460165768,0.136613476664,
    0.17076678756,0.204920098457,0.239073409353,0.273226720249,
    0.307380031145,0.341533342041,0.375686652938,0.409839963834,
    0.44399327473,0.478146585626,0.512299896522,0.546453207418,
    0.580606518315,0.614759829211,0.648913140107,0.683066451003,
    0.717219761899,0.751373072796,0.785526383692,0.819679694588,
    0.853833005484,0.88798631638,0.922139627277,0.956292938173,
    0.990446249069,1.024599559965,1.058752870861,1.092906181757,
    1.127059492654,1.16121280355,1.195366114446,1.229519425342,
    1.263672736238,1.297826047135,1.331979358031,1.366132668927,
    1.400285979823,1.434439290719,1.468592601615,1.502745912512),
  .QUASI_UNIFORM_KNOTS.);
#4782 = CARTESIAN_POINT('',(-7.089299456112,-8.15));
#4783 = CARTESIAN_POINT('',(-7.081489537,-8.120695460574));
#4784 = CARTESIAN_POINT('',(-7.06573341393,-8.062230426395));
#4785 = CARTESIAN_POINT('',(-7.041678040806,-7.975086997116));
#4786 = CARTESIAN_POINT('',(-7.017188215457,-7.888612189891));
#4787 = CARTESIAN_POINT('',(-6.992253928202,-7.802946712429));
#4788 = CARTESIAN_POINT('',(-6.966867430792,-7.718247986347));
#4789 = CARTESIAN_POINT('',(-6.94102354059,-7.634691671837));
#4790 = CARTESIAN_POINT('',(-6.914720225072,-7.552471785088));
#4791 = CARTESIAN_POINT('',(-6.887957094185,-7.471794903347));
#4792 = CARTESIAN_POINT('',(-6.860742594345,-7.392899661866));
#4793 = CARTESIAN_POINT('',(-6.833092830135,-7.316047638282));
#4794 = CARTESIAN_POINT('',(-6.805029465125,-7.241512782703));
#4795 = CARTESIAN_POINT('',(-6.776580591458,-7.169578993847));
#4796 = CARTESIAN_POINT('',(-6.747782462526,-7.100539273268));
#4797 = CARTESIAN_POINT('',(-6.718688128396,-7.034707112731));
#4798 = CARTESIAN_POINT('',(-6.689353164447,-6.972373782242));
#4799 = CARTESIAN_POINT('',(-6.65983994673,-6.913813228944));
#4800 = CARTESIAN_POINT('',(-6.630217239058,-6.859274554855));
#4801 = CARTESIAN_POINT('',(-6.600562478939,-6.808978754975));
#4802 = CARTESIAN_POINT('',(-6.570948962074,-6.763092536824));
#4803 = CARTESIAN_POINT('',(-6.541458717101,-6.721746895254));
#4804 = CARTESIAN_POINT('',(-6.512160002365,-6.685003067542));
#4805 = CARTESIAN_POINT('',(-6.483112747961,-6.652869187745));
#4806 = CARTESIAN_POINT('',(-6.454368567353,-6.625306306292));
#4807 = CARTESIAN_POINT('',(-6.425971972511,-6.602236189169));
#4808 = CARTESIAN_POINT('',(-6.397961043721,-6.583547686241));
#4809 = CARTESIAN_POINT('',(-6.370368058822,-6.569102629898));
#4810 = CARTESIAN_POINT('',(-6.343219948263,-6.558741163539));
#4811 = CARTESIAN_POINT('',(-6.316538732478,-6.552286474365));
#4812 = CARTESIAN_POINT('',(-6.29034156371,-6.549549666908));
#4813 = CARTESIAN_POINT('',(-6.264641827191,-6.55033239084));
#4814 = CARTESIAN_POINT('',(-6.239417459289,-6.554439064083));
#4815 = CARTESIAN_POINT('',(-6.214656614614,-6.561684886873));
#4816 = CARTESIAN_POINT('',(-6.190345888968,-6.571892954307));
#4817 = CARTESIAN_POINT('',(-6.166472596521,-6.584894856569));
#4818 = CARTESIAN_POINT('',(-6.143023977484,-6.600530449827));
#4819 = CARTESIAN_POINT('',(-6.119987251491,-6.618647913674));
#4820 = CARTESIAN_POINT('',(-6.097349464389,-6.639103786667));
#4821 = CARTESIAN_POINT('',(-6.075097407112,-6.661763056239));
#4822 = CARTESIAN_POINT('',(-6.053217529752,-6.686499264585));
#4823 = CARTESIAN_POINT('',(-6.031695866242,-6.713194666247));
#4824 = CARTESIAN_POINT('',(-6.010517972707,-6.741740291191));
#4825 = CARTESIAN_POINT('',(-5.989668841017,-6.772036420812));
#4826 = CARTESIAN_POINT('',(-5.969132928974,-6.803991551667));
#4827 = CARTESIAN_POINT('',(-5.955640157676,-6.826348516311));
#4828 = CARTESIAN_POINT('',(-5.94894053104,-6.837776660068));
#4829 = ( GEOMETRIC_REPRESENTATION_CONTEXT(2) 
PARAMETRIC_REPRESENTATION_CONTEXT() REPRESENTATION_CONTEXT('2D SPACE',''
  ) );
#4830 = ORIENTED_EDGE('',*,*,#62,.F.);
#4831 = ORIENTED_EDGE('',*,*,#2331,.F.);
#4832 = ORIENTED_EDGE('',*,*,#4833,.T.);
#4833 = EDGE_CURVE('',#2299,#4615,#4834,.T.);
#4834 = SURFACE_CURVE('',#4835,(#4839,#4846),.PCURVE_S1.);
#4835 = LINE('',#4836,#4837);
#4836 = CARTESIAN_POINT('',(79.,0.,27.));
#4837 = VECTOR('',#4838,1.);
#4838 = DIRECTION('',(0.,1.,0.));
#4839 = PCURVE('',#77,#4840);
#4840 = DEFINITIONAL_REPRESENTATION('',(#4841),#4845);
#4841 = LINE('',#4842,#4843);
#4842 = CARTESIAN_POINT('',(0.,0.));
#4843 = VECTOR('',#4844,1.);
#4844 = DIRECTION('',(1.,0.));
#4845 = ( GEOMETRIC_REPRESENTATION_CONTEXT(2) 
PARAMETRIC_REPRESENTATION_CONTEXT() REPRESENTATION_CONTEXT('2D SPACE',''
  ) );
#4846 = PCURVE('',#2315,#4847);
#4847 = DEFINITIONAL_REPRESENTATION('',(#4848),#4852);
#4848 = LINE('',#4849,#4850);
#4849 = CARTESIAN_POINT('',(0.,0.));
#4850 = VECTOR('',#4851,1.);
#4851 = DIRECTION('',(1.,0.));
#4852 = ( GEOMETRIC_REPRESENTATION_CONTEXT(2) 
PARAMETRIC_REPRESENTATION_CONTEXT() REPRESENTATION_CONTEXT('2D SPACE',''
  ) );
#4853 = FACE_BOUND('',#4854,.T.);
#4854 = EDGE_LOOP('',(#4855,#4882));
#4855 = ORIENTED_EDGE('',*,*,#4856,.F.);
#4856 = EDGE_CURVE('',#4857,#4859,#4861,.T.);
#4857 = VERTEX_POINT('',#4858);
#4858 = CARTESIAN_POINT('',(69.769230769231,85.886409698353,39.));
#4859 = VERTEX_POINT('',#4860);
#4860 = CARTESIAN_POINT('',(69.769230769231,80.113590301647,39.));
#4861 = SURFACE_CURVE('',#4862,(#4865,#4871),.PCURVE_S1.);
#4862 = B_SPLINE_CURVE_WITH_KNOTS('',1,(#4863,#4864),.UNSPECIFIED.,.F.,
  .F.,(2,2),(0.,1.),.PIECEWISE_BEZIER_KNOTS.);
#4863 = CARTESIAN_POINT('',(69.769230769231,87.,39.));
#4864 = CARTESIAN_POINT('',(69.769230769231,79.,39.));
#4865 = PCURVE('',#77,#4866);
#4866 = DEFINITIONAL_REPRESENTATION('',(#4867),#4870);
#4867 = B_SPLINE_CURVE_WITH_KNOTS('',1,(#4868,#4869),.UNSPECIFIED.,.F.,
  .F.,(2,2),(0.,1.),.PIECEWISE_BEZIER_KNOTS.);
#4868 = CARTESIAN_POINT('',(87.796208530806,0.923076923077));
#4869 = CARTESIAN_POINT('',(78.431279620853,0.923076923077));
#4870 = ( GEOMETRIC_REPRESENTATION_CONTEXT(2) 
PARAMETRIC_REPRESENTATION_CONTEXT() REPRESENTATION_CONTEXT('2D SPACE',''
  ) );
#4871 = PCURVE('',#4872,#4877);
#4872 = PLANE('',#4873);
#4873 = AXIS2_PLACEMENT_3D('',#4874,#4875,#4876);
#4874 = CARTESIAN_POINT('',(67.,83.,39.));
#4875 = DIRECTION('',(0.,0.,1.));
#4876 = DIRECTION('',(1.,0.,-0.));
#4877 = DEFINITIONAL_REPRESENTATION('',(#4878),#4881);
#4878 = B_SPLINE_CURVE_WITH_KNOTS('',1,(#4879,#4880),.UNSPECIFIED.,.F.,
  .F.,(2,2),(0.,1.),.PIECEWISE_BEZIER_KNOTS.);
#4879 = CARTESIAN_POINT('',(2.769230769231,4.));
#4880 = CARTESIAN_POINT('',(2.769230769231,-4.));
#4881 = ( GEOMETRIC_REPRESENTATION_CONTEXT(2) 
PARAMETRIC_REPRESENTATION_CONTEXT() REPRESENTATION_CONTEXT('2D SPACE',''
  ) );
#4882 = ORIENTED_EDGE('',*,*,#4883,.T.);
#4883 = EDGE_CURVE('',#4857,#4859,#4884,.T.);
#4884 = SURFACE_CURVE('',#4885,(#4912,#4963),.PCURVE_S1.);
#4885 = B_SPLINE_CURVE_WITH_KNOTS('',7,(#4886,#4887,#4888,#4889,#4890,
    #4891,#4892,#4893,#4894,#4895,#4896,#4897,#4898,#4899,#4900,#4901,
    #4902,#4903,#4904,#4905,#4906,#4907,#4908,#4909,#4910,#4911),
  .UNSPECIFIED.,.F.,.F.,(8,6,6,6,8),(2.238377437729E-07,0.477523369572,
    1.,1.534032382122,1.996209739492),.UNSPECIFIED.);
#4886 = CARTESIAN_POINT('',(69.769230769231,85.886409698353,39.));
#4887 = CARTESIAN_POINT('',(69.909890878657,85.751459935938,
    38.817141857746));
#4888 = CARTESIAN_POINT('',(70.045281455702,85.606208159468,
    38.641134107587));
#4889 = CARTESIAN_POINT('',(70.174703860893,85.45037813938,
    38.472884980839));
#4890 = CARTESIAN_POINT('',(70.297228202467,85.283778058348,
    38.313603336793));
#4891 = CARTESIAN_POINT('',(70.41172222768,85.106353902092,
    38.164761104016));
#4892 = CARTESIAN_POINT('',(70.516894165931,84.918257421554,
    38.02803758429));
#4893 = CARTESIAN_POINT('',(70.714696801177,84.50292946842,
    37.770894158471));
#4894 = CARTESIAN_POINT('',(70.805304568754,84.273492942925,
    37.65310406062));
#4895 = CARTESIAN_POINT('',(70.881062894821,84.032676495079,
    37.554618236733));
#4896 = CARTESIAN_POINT('',(70.939887466065,83.782131479549,
    37.478146294116));
#4897 = CARTESIAN_POINT('',(70.979963503299,83.524214625268,
    37.426047445712));
#4898 = CARTESIAN_POINT('',(71.,83.262098752341,37.4));
#4899 = CARTESIAN_POINT('',(71.,82.7321043413,37.4));
#4900 = CARTESIAN_POINT('',(70.979067415765,82.463873446561,
    37.427212359505));
#4901 = CARTESIAN_POINT('',(70.937109587466,82.19986854793,
    37.481757536295));
#4902 = CARTESIAN_POINT('',(70.875474545555,81.943534975222,
    37.561883090778));
#4903 = CARTESIAN_POINT('',(70.796102261554,81.69742931462,
    37.66506705998));
#4904 = CARTESIAN_POINT('',(70.701238015314,81.463336171117,
    37.788390580092));
#4905 = CARTESIAN_POINT('',(70.499624981602,81.051169979047,
    38.050487523918));
#4906 = CARTESIAN_POINT('',(70.396110933211,80.869630566903,
    38.185055786826));
#4907 = CARTESIAN_POINT('',(70.283890139817,80.698174285761,
    38.330942818238));
#4908 = CARTESIAN_POINT('',(70.164143991247,80.536944030681,
    38.486612811378));
#4909 = CARTESIAN_POINT('',(70.037912521553,80.385896151258,
    38.650713721981));
#4910 = CARTESIAN_POINT('',(69.906056244415,80.244861103608,
    38.822126882261));
#4911 = CARTESIAN_POINT('',(69.769230769231,80.113590301647,39.));
#4912 = PCURVE('',#77,#4913);
#4913 = DEFINITIONAL_REPRESENTATION('',(#4914),#4962);
#4914 = B_SPLINE_CURVE_WITH_KNOTS('',3,(#4915,#4916,#4917,#4918,#4919,
    #4920,#4921,#4922,#4923,#4924,#4925,#4926,#4927,#4928,#4929,#4930,
    #4931,#4932,#4933,#4934,#4935,#4936,#4937,#4938,#4939,#4940,#4941,
    #4942,#4943,#4944,#4945,#4946,#4947,#4948,#4949,#4950,#4951,#4952,
    #4953,#4954,#4955,#4956,#4957,#4958,#4959,#4960,#4961),
  .UNSPECIFIED.,.F.,.F.,(4,1,1,1,1,1,1,1,1,1,1,1,1,1,1,1,1,1,1,1,1,1,1,1
    ,1,1,1,1,1,1,1,1,1,1,1,1,1,1,1,1,1,1,1,1,4),(2.238377437729E-07,
    4.53686219208E-02,9.073702000386E-02,0.136105418087,0.18147381617,
    0.226842214253,0.272210612336,0.317579010419,0.362947408502,
    0.408315806585,0.453684204668,0.499052602751,0.544421000834,
    0.589789398917,0.635157797001,0.680526195084,0.725894593167,
    0.77126299125,0.816631389333,0.861999787416,0.907368185499,
    0.952736583582,0.998104981665,1.043473379748,1.088841777831,
    1.134210175914,1.179578573997,1.22494697208,1.270315370163,
    1.315683768246,1.361052166329,1.406420564413,1.451788962496,
    1.497157360579,1.542525758662,1.587894156745,1.633262554828,
    1.678630952911,1.723999350994,1.769367749077,1.81473614716,
    1.860104545243,1.905472943326,1.950841341409,1.996209739492),
  .QUASI_UNIFORM_KNOTS.);
#4915 = CARTESIAN_POINT('',(86.492621779588,0.923076923077));
#4916 = CARTESIAN_POINT('',(86.455204667031,0.919958828963));
#4917 = CARTESIAN_POINT('',(86.379024729401,0.913788752406));
#4918 = CARTESIAN_POINT('',(86.260688942099,0.904746998803));
#4919 = CARTESIAN_POINT('',(86.138255427729,0.895933054706));
#4920 = CARTESIAN_POINT('',(86.01170320021,0.887363391191));
#4921 = CARTESIAN_POINT('',(85.881019596996,0.879055718802));
#4922 = CARTESIAN_POINT('',(85.746202220317,0.871029104397));
#4923 = CARTESIAN_POINT('',(85.607259761286,0.863303840357));
#4924 = CARTESIAN_POINT('',(85.464213129955,0.85590137312));
#4925 = CARTESIAN_POINT('',(85.317096817647,0.848844211022));
#4926 = CARTESIAN_POINT('',(85.165959390105,0.842155824544));
#4927 = CARTESIAN_POINT('',(85.01086762123,0.835860566635));
#4928 = CARTESIAN_POINT('',(84.851858590835,0.82998197511));
#4929 = CARTESIAN_POINT('',(84.689135216038,0.824549493013));
#4930 = CARTESIAN_POINT('',(84.522910655088,0.819591118631));
#4931 = CARTESIAN_POINT('',(84.353433259035,0.815134178686));
#4932 = CARTESIAN_POINT('',(84.180981916211,0.811204681174));
#4933 = CARTESIAN_POINT('',(84.005869544196,0.807827006679));
#4934 = CARTESIAN_POINT('',(83.82844486524,0.805023454989));
#4935 = CARTESIAN_POINT('',(83.649094406069,0.802813763923));
#4936 = CARTESIAN_POINT('',(83.468247073762,0.801214559008));
#4937 = CARTESIAN_POINT('',(83.286370221601,0.800238725606));
#4938 = CARTESIAN_POINT('',(83.103999466599,0.799894721513));
#4939 = CARTESIAN_POINT('',(82.921644570336,0.800185709466));
#4940 = CARTESIAN_POINT('',(82.739806611749,0.801110052706));
#4941 = CARTESIAN_POINT('',(82.55903885591,0.802660672073));
#4942 = CARTESIAN_POINT('',(82.379818084349,0.804825844452));
#4943 = CARTESIAN_POINT('',(82.202583540391,0.807589915198));
#4944 = CARTESIAN_POINT('',(82.02773060662,0.810933928626));
#4945 = CARTESIAN_POINT('',(81.855616068085,0.814836189675));
#4946 = CARTESIAN_POINT('',(81.686560045012,0.819272753063));
#4947 = CARTESIAN_POINT('',(81.52084766286,0.824217894394));
#4948 = CARTESIAN_POINT('',(81.358733355775,0.82964440191));
#4949 = CARTESIAN_POINT('',(81.200433394313,0.835524332558));
#4950 = CARTESIAN_POINT('',(81.046161610432,0.841827871837));
#4951 = CARTESIAN_POINT('',(80.895994289543,0.848529523792));
#4952 = CARTESIAN_POINT('',(80.749969599452,0.855605733914));
#4953 = CARTESIAN_POINT('',(80.608144582065,0.863032265372));
#4954 = CARTESIAN_POINT('',(80.470551354938,0.870786236722));
#4955 = CARTESIAN_POINT('',(80.337210610975,0.878845705253));
#4956 = CARTESIAN_POINT('',(80.208129644605,0.887189905039));
#4957 = CARTESIAN_POINT('',(80.083304511576,0.895799285956));
#4958 = CARTESIAN_POINT('',(79.962720698119,0.90465565956));
#4959 = CARTESIAN_POINT('',(79.846355218184,0.913742081973));
#4960 = CARTESIAN_POINT('',(79.77156781502,0.919943125518));
#4961 = CARTESIAN_POINT('',(79.73486637207,0.923076923077));
#4962 = ( GEOMETRIC_REPRESENTATION_CONTEXT(2) 
PARAMETRIC_REPRESENTATION_CONTEXT() REPRESENTATION_CONTEXT('2D SPACE',''
  ) );
#4963 = PCURVE('',#4964,#4969);
#4964 = CYLINDRICAL_SURFACE('',#4965,4.);
#4965 = AXIS2_PLACEMENT_3D('',#4966,#4967,#4968);
#4966 = CARTESIAN_POINT('',(67.,83.,30.85));
#4967 = DIRECTION('',(-0.,-0.,-1.));
#4968 = DIRECTION('',(1.,0.,0.));
#4969 = DEFINITIONAL_REPRESENTATION('',(#4970),#5018);
#4970 = B_SPLINE_CURVE_WITH_KNOTS('',3,(#4971,#4972,#4973,#4974,#4975,
    #4976,#4977,#4978,#4979,#4980,#4981,#4982,#4983,#4984,#4985,#4986,
    #4987,#4988,#4989,#4990,#4991,#4992,#4993,#4994,#4995,#4996,#4997,
    #4998,#4999,#5000,#5001,#5002,#5003,#5004,#5005,#5006,#5007,#5008,
    #5009,#5010,#5011,#5012,#5013,#5014,#5015,#5016,#5017),
  .UNSPECIFIED.,.F.,.F.,(4,1,1,1,1,1,1,1,1,1,1,1,1,1,1,1,1,1,1,1,1,1,1,1
    ,1,1,1,1,1,1,1,1,1,1,1,1,1,1,1,1,1,1,1,1,4),(2.238377437729E-07,
    4.53686219208E-02,9.073702000386E-02,0.136105418087,0.18147381617,
    0.226842214253,0.272210612336,0.317579010419,0.362947408502,
    0.408315806585,0.453684204668,0.499052602751,0.544421000834,
    0.589789398917,0.635157797001,0.680526195084,0.725894593167,
    0.77126299125,0.816631389333,0.861999787416,0.907368185499,
    0.952736583582,0.998104981665,1.043473379748,1.088841777831,
    1.134210175914,1.179578573997,1.22494697208,1.270315370163,
    1.315683768246,1.361052166329,1.406420564413,1.451788962496,
    1.497157360579,1.542525758662,1.587894156745,1.633262554828,
    1.678630952911,1.723999350994,1.769367749077,1.81473614716,
    1.860104545243,1.905472943326,1.950841341409,1.996209739492),
  .QUASI_UNIFORM_KNOTS.);
#4971 = CARTESIAN_POINT('',(-7.089299456112,-8.15));
#4972 = CARTESIAN_POINT('',(-7.078496489232,-8.109464776516));
#4973 = CARTESIAN_POINT('',(-7.056784817901,-8.029253781276));
#4974 = CARTESIAN_POINT('',(-7.023882941471,-7.911710984434));
#4975 = CARTESIAN_POINT('',(-6.990628892935,-7.797129711183));
#4976 = CARTESIAN_POINT('',(-6.95700713046,-7.685724085482));
#4977 = CARTESIAN_POINT('',(-6.923003472877,-7.577724344424));
#4978 = CARTESIAN_POINT('',(-6.888605244752,-7.473378357162));
#4979 = CARTESIAN_POINT('',(-6.853801175059,-7.372949924647));
#4980 = CARTESIAN_POINT('',(-6.818581382109,-7.276717850554));
#4981 = CARTESIAN_POINT('',(-6.782937421481,-7.184974743284));
#4982 = CARTESIAN_POINT('',(-6.746862169733,-7.098025719076));
#4983 = CARTESIAN_POINT('',(-6.71035048449,-7.016187366252));
#4984 = CARTESIAN_POINT('',(-6.673388028977,-6.939765676424));
#4985 = CARTESIAN_POINT('',(-6.635996230094,-6.869143409169));
#4986 = CARTESIAN_POINT('',(-6.598194972278,-6.804684542208));
#4987 = CARTESIAN_POINT('',(-6.560008556202,-6.746744322918));
#4988 = CARTESIAN_POINT('',(-6.521464578866,-6.695660855263));
#4989 = CARTESIAN_POINT('',(-6.48259482783,-6.651751086826));
#4990 = CARTESIAN_POINT('',(-6.443435816136,-6.615304914857));
#4991 = CARTESIAN_POINT('',(-6.404029454665,-6.586578931004));
#4992 = CARTESIAN_POINT('',(-6.364424375378,-6.565789267098));
#4993 = CARTESIAN_POINT('',(-6.324675510475,-6.553103432872));
#4994 = CARTESIAN_POINT('',(-6.284851173816,-6.548631379673));
#4995 = CARTESIAN_POINT('',(-6.245013253123,-6.55241422306));
#4996 = CARTESIAN_POINT('',(-6.205221750961,-6.564430685183));
#4997 = CARTESIAN_POINT('',(-6.165548920854,-6.584588736943));
#4998 = CARTESIAN_POINT('',(-6.126051907185,-6.612735977878));
#4999 = CARTESIAN_POINT('',(-6.086781819377,-6.648668897574));
#5000 = CARTESIAN_POINT('',(-6.047782791323,-6.692141072136));
#5001 = CARTESIAN_POINT('',(-6.009093458109,-6.742870465777));
#5002 = CARTESIAN_POINT('',(-5.97074761928,-6.800545789815));
#5003 = CARTESIAN_POINT('',(-5.932774751544,-6.864832627118));
#5004 = CARTESIAN_POINT('',(-5.895201100469,-6.935377224832));
#5005 = CARTESIAN_POINT('',(-5.85804789472,-7.011816323254));
#5006 = CARTESIAN_POINT('',(-5.821339875216,-7.093762333876));
#5007 = CARTESIAN_POINT('',(-5.78507278972,-7.18088380929));
#5008 = CARTESIAN_POINT('',(-5.749235532541,-7.272874540878));
#5009 = CARTESIAN_POINT('',(-5.713823868826,-7.369419449837));
#5010 = CARTESIAN_POINT('',(-5.678829695653,-7.470221077387));
#5011 = CARTESIAN_POINT('',(-5.644244009284,-7.574994168285));
#5012 = CARTESIAN_POINT('',(-5.610056151368,-7.683468765502));
#5013 = CARTESIAN_POINT('',(-5.576254029308,-7.795390717428));
#5014 = CARTESIAN_POINT('',(-5.542823966668,-7.910523574281));
#5015 = CARTESIAN_POINT('',(-5.509750878967,-8.028647065652));
#5016 = CARTESIAN_POINT('',(-5.487928529844,-8.109260631732));
#5017 = CARTESIAN_POINT('',(-5.477071158247,-8.15));
#5018 = ( GEOMETRIC_REPRESENTATION_CONTEXT(2) 
PARAMETRIC_REPRESENTATION_CONTEXT() REPRESENTATION_CONTEXT('2D SPACE',''
  ) );
#5019 = ADVANCED_FACE('',(#5020),#308,.T.);
#5020 = FACE_BOUND('',#5021,.T.);
#5021 = EDGE_LOOP('',(#5022,#5023,#5045,#5046,#5047));
#5022 = ORIENTED_EDGE('',*,*,#294,.T.);
#5023 = ORIENTED_EDGE('',*,*,#5024,.T.);
#5024 = EDGE_CURVE('',#90,#4674,#5025,.T.);
#5025 = SURFACE_CURVE('',#5026,(#5031,#5038),.PCURVE_S1.);
#5026 = CIRCLE('',#5027,4.);
#5027 = AXIS2_PLACEMENT_3D('',#5028,#5029,#5030);
#5028 = CARTESIAN_POINT('',(67.,12.,39.));
#5029 = DIRECTION('',(0.,0.,1.));
#5030 = DIRECTION('',(-1.,0.,0.));
#5031 = PCURVE('',#308,#5032);
#5032 = DEFINITIONAL_REPRESENTATION('',(#5033),#5037);
#5033 = CIRCLE('',#5034,4.);
#5034 = AXIS2_PLACEMENT_2D('',#5035,#5036);
#5035 = CARTESIAN_POINT('',(0.,-1.7763568394E-15));
#5036 = DIRECTION('',(-1.,0.));
#5037 = ( GEOMETRIC_REPRESENTATION_CONTEXT(2) 
PARAMETRIC_REPRESENTATION_CONTEXT() REPRESENTATION_CONTEXT('2D SPACE',''
  ) );
#5038 = PCURVE('',#223,#5039);
#5039 = DEFINITIONAL_REPRESENTATION('',(#5040),#5044);
#5040 = LINE('',#5041,#5042);
#5041 = CARTESIAN_POINT('',(-3.14159265359,-8.15));
#5042 = VECTOR('',#5043,1.);
#5043 = DIRECTION('',(-1.,0.));
#5044 = ( GEOMETRIC_REPRESENTATION_CONTEXT(2) 
PARAMETRIC_REPRESENTATION_CONTEXT() REPRESENTATION_CONTEXT('2D SPACE',''
  ) );
#5045 = ORIENTED_EDGE('',*,*,#4673,.T.);
#5046 = ORIENTED_EDGE('',*,*,#527,.T.);
#5047 = ORIENTED_EDGE('',*,*,#5048,.T.);
#5048 = EDGE_CURVE('',#496,#295,#5049,.T.);
#5049 = SURFACE_CURVE('',#5050,(#5055,#5066),.PCURVE_S1.);
#5050 = CIRCLE('',#5051,1.);
#5051 = AXIS2_PLACEMENT_3D('',#5052,#5053,#5054);
#5052 = CARTESIAN_POINT('',(67.,12.,39.));
#5053 = DIRECTION('',(0.,0.,-1.));
#5054 = DIRECTION('',(1.,0.,0.));
#5055 = PCURVE('',#308,#5056);
#5056 = DEFINITIONAL_REPRESENTATION('',(#5057),#5065);
#5057 = ( BOUNDED_CURVE() B_SPLINE_CURVE(2,(#5058,#5059,#5060,#5061,
#5062,#5063,#5064),.UNSPECIFIED.,.T.,.F.) B_SPLINE_CURVE_WITH_KNOTS((1,2
    ,2,2,2,1),(-2.094395102393,0.,2.094395102393,4.188790204786,
6.28318530718,8.377580409573),.UNSPECIFIED.) CURVE() 
GEOMETRIC_REPRESENTATION_ITEM() RATIONAL_B_SPLINE_CURVE((1.,0.5,1.,0.5,
1.,0.5,1.)) REPRESENTATION_ITEM('') );
#5058 = CARTESIAN_POINT('',(1.,-1.7763568394E-15));
#5059 = CARTESIAN_POINT('',(1.,-1.732050807569));
#5060 = CARTESIAN_POINT('',(-0.5,-0.866025403784));
#5061 = CARTESIAN_POINT('',(-2.,-2.02128619923E-15));
#5062 = CARTESIAN_POINT('',(-0.5,0.866025403784));
#5063 = CARTESIAN_POINT('',(1.,1.732050807569));
#5064 = CARTESIAN_POINT('',(1.,-1.7763568394E-15));
#5065 = ( GEOMETRIC_REPRESENTATION_CONTEXT(2) 
PARAMETRIC_REPRESENTATION_CONTEXT() REPRESENTATION_CONTEXT('2D SPACE',''
  ) );
#5066 = PCURVE('',#417,#5067);
#5067 = DEFINITIONAL_REPRESENTATION('',(#5068),#5072);
#5068 = LINE('',#5069,#5070);
#5069 = CARTESIAN_POINT('',(-6.28318530718,-8.3));
#5070 = VECTOR('',#5071,1.);
#5071 = DIRECTION('',(1.,-0.));
#5072 = ( GEOMETRIC_REPRESENTATION_CONTEXT(2) 
PARAMETRIC_REPRESENTATION_CONTEXT() REPRESENTATION_CONTEXT('2D SPACE',''
  ) );
#5073 = ADVANCED_FACE('',(#5074),#417,.F.);
#5074 = FACE_BOUND('',#5075,.T.);
#5075 = EDGE_LOOP('',(#5076,#5077,#5100,#5131,#5132,#5133,#5155));
#5076 = ORIENTED_EDGE('',*,*,#5048,.F.);
#5077 = ORIENTED_EDGE('',*,*,#5078,.F.);
#5078 = EDGE_CURVE('',#5079,#496,#5081,.T.);
#5079 = VERTEX_POINT('',#5080);
#5080 = CARTESIAN_POINT('',(68.,12.,30.85));
#5081 = SEAM_CURVE('',#5082,(#5086,#5093),.PCURVE_S1.);
#5082 = LINE('',#5083,#5084);
#5083 = CARTESIAN_POINT('',(68.,12.,30.7));
#5084 = VECTOR('',#5085,1.);
#5085 = DIRECTION('',(0.,0.,1.));
#5086 = PCURVE('',#417,#5087);
#5087 = DEFINITIONAL_REPRESENTATION('',(#5088),#5092);
#5088 = LINE('',#5089,#5090);
#5089 = CARTESIAN_POINT('',(-0.,0.));
#5090 = VECTOR('',#5091,1.);
#5091 = DIRECTION('',(-0.,-1.));
#5092 = ( GEOMETRIC_REPRESENTATION_CONTEXT(2) 
PARAMETRIC_REPRESENTATION_CONTEXT() REPRESENTATION_CONTEXT('2D SPACE',''
  ) );
#5093 = PCURVE('',#417,#5094);
#5094 = DEFINITIONAL_REPRESENTATION('',(#5095),#5099);
#5095 = LINE('',#5096,#5097);
#5096 = CARTESIAN_POINT('',(-6.28318530718,0.));
#5097 = VECTOR('',#5098,1.);
#5098 = DIRECTION('',(-0.,-1.));
#5099 = ( GEOMETRIC_REPRESENTATION_CONTEXT(2) 
PARAMETRIC_REPRESENTATION_CONTEXT() REPRESENTATION_CONTEXT('2D SPACE',''
  ) );
#5100 = ORIENTED_EDGE('',*,*,#5101,.T.);
#5101 = EDGE_CURVE('',#5079,#5079,#5102,.T.);
#5102 = SURFACE_CURVE('',#5103,(#5108,#5115),.PCURVE_S1.);
#5103 = CIRCLE('',#5104,1.);
#5104 = AXIS2_PLACEMENT_3D('',#5105,#5106,#5107);
#5105 = CARTESIAN_POINT('',(67.,12.,30.85));
#5106 = DIRECTION('',(0.,0.,-1.));
#5107 = DIRECTION('',(1.,0.,0.));
#5108 = PCURVE('',#417,#5109);
#5109 = DEFINITIONAL_REPRESENTATION('',(#5110),#5114);
#5110 = LINE('',#5111,#5112);
#5111 = CARTESIAN_POINT('',(-6.28318530718,-0.15));
#5112 = VECTOR('',#5113,1.);
#5113 = DIRECTION('',(1.,-0.));
#5114 = ( GEOMETRIC_REPRESENTATION_CONTEXT(2) 
PARAMETRIC_REPRESENTATION_CONTEXT() REPRESENTATION_CONTEXT('2D SPACE',''
  ) );
#5115 = PCURVE('',#5116,#5121);
#5116 = PLANE('',#5117);
#5117 = AXIS2_PLACEMENT_3D('',#5118,#5119,#5120);
#5118 = CARTESIAN_POINT('',(67.,12.,30.85));
#5119 = DIRECTION('',(0.,0.,1.));
#5120 = DIRECTION('',(1.,0.,-0.));
#5121 = DEFINITIONAL_REPRESENTATION('',(#5122),#5130);
#5122 = ( BOUNDED_CURVE() B_SPLINE_CURVE(2,(#5123,#5124,#5125,#5126,
#5127,#5128,#5129),.UNSPECIFIED.,.T.,.F.) B_SPLINE_CURVE_WITH_KNOTS((1,2
    ,2,2,2,1),(-2.094395102393,0.,2.094395102393,4.188790204786,
6.28318530718,8.377580409573),.UNSPECIFIED.) CURVE() 
GEOMETRIC_REPRESENTATION_ITEM() RATIONAL_B_SPLINE_CURVE((1.,0.5,1.,0.5,
1.,0.5,1.)) REPRESENTATION_ITEM('') );
#5123 = CARTESIAN_POINT('',(1.,-1.7763568394E-15));
#5124 = CARTESIAN_POINT('',(1.,-1.732050807569));
#5125 = CARTESIAN_POINT('',(-0.5,-0.866025403784));
#5126 = CARTESIAN_POINT('',(-2.,-2.02128619923E-15));
#5127 = CARTESIAN_POINT('',(-0.5,0.866025403784));
#5128 = CARTESIAN_POINT('',(1.,1.732050807569));
#5129 = CARTESIAN_POINT('',(1.,-1.7763568394E-15));
#5130 = ( GEOMETRIC_REPRESENTATION_CONTEXT(2) 
PARAMETRIC_REPRESENTATION_CONTEXT() REPRESENTATION_CONTEXT('2D SPACE',''
  ) );
#5131 = ORIENTED_EDGE('',*,*,#5078,.T.);
#5132 = ORIENTED_EDGE('',*,*,#495,.F.);
#5133 = ORIENTED_EDGE('',*,*,#5134,.T.);
#5134 = EDGE_CURVE('',#471,#320,#5135,.T.);
#5135 = SURFACE_CURVE('',#5136,(#5141,#5148),.PCURVE_S1.);
#5136 = CIRCLE('',#5137,1.);
#5137 = AXIS2_PLACEMENT_3D('',#5138,#5139,#5140);
#5138 = CARTESIAN_POINT('',(67.,12.,39.3));
#5139 = DIRECTION('',(0.,0.,1.));
#5140 = DIRECTION('',(1.,0.,0.));
#5141 = PCURVE('',#417,#5142);
#5142 = DEFINITIONAL_REPRESENTATION('',(#5143),#5147);
#5143 = LINE('',#5144,#5145);
#5144 = CARTESIAN_POINT('',(-0.,-8.6));
#5145 = VECTOR('',#5146,1.);
#5146 = DIRECTION('',(-1.,0.));
#5147 = ( GEOMETRIC_REPRESENTATION_CONTEXT(2) 
PARAMETRIC_REPRESENTATION_CONTEXT() REPRESENTATION_CONTEXT('2D SPACE',''
  ) );
#5148 = PCURVE('',#484,#5149);
#5149 = DEFINITIONAL_REPRESENTATION('',(#5150),#5154);
#5150 = CIRCLE('',#5151,1.);
#5151 = AXIS2_PLACEMENT_2D('',#5152,#5153);
#5152 = CARTESIAN_POINT('',(0.,-1.7763568394E-15));
#5153 = DIRECTION('',(1.,0.));
#5154 = ( GEOMETRIC_REPRESENTATION_CONTEXT(2) 
PARAMETRIC_REPRESENTATION_CONTEXT() REPRESENTATION_CONTEXT('2D SPACE',''
  ) );
#5155 = ORIENTED_EDGE('',*,*,#319,.F.);
#5156 = ADVANCED_FACE('',(#5157),#484,.F.);
#5157 = FACE_BOUND('',#5158,.F.);
#5158 = EDGE_LOOP('',(#5159,#5160));
#5159 = ORIENTED_EDGE('',*,*,#470,.F.);
#5160 = ORIENTED_EDGE('',*,*,#5134,.T.);
#5161 = ADVANCED_FACE('',(#5162),#223,.T.);
#5162 = FACE_BOUND('',#5163,.F.);
#5163 = EDGE_LOOP('',(#5164,#5165,#5166));
#5164 = ORIENTED_EDGE('',*,*,#5024,.T.);
#5165 = ORIENTED_EDGE('',*,*,#4693,.T.);
#5166 = ORIENTED_EDGE('',*,*,#89,.T.);
#5167 = ADVANCED_FACE('',(#5168),#1578,.T.);
#5168 = FACE_BOUND('',#5169,.T.);
#5169 = EDGE_LOOP('',(#5170,#5195,#5223,#5245,#5246));
#5170 = ORIENTED_EDGE('',*,*,#5171,.F.);
#5171 = EDGE_CURVE('',#5172,#3743,#5174,.T.);
#5172 = VERTEX_POINT('',#5173);
#5173 = CARTESIAN_POINT('',(0.,95.,25.));
#5174 = SURFACE_CURVE('',#5175,(#5178,#5184),.PCURVE_S1.);
#5175 = B_SPLINE_CURVE_WITH_KNOTS('',1,(#5176,#5177),.UNSPECIFIED.,.F.,
  .F.,(2,2),(0.,1.),.PIECEWISE_BEZIER_KNOTS.);
#5176 = CARTESIAN_POINT('',(0.,95.,25.));
#5177 = CARTESIAN_POINT('',(0.,95.,27.));
#5178 = PCURVE('',#1578,#5179);
#5179 = DEFINITIONAL_REPRESENTATION('',(#5180),#5183);
#5180 = B_SPLINE_CURVE_WITH_KNOTS('',1,(#5181,#5182),.UNSPECIFIED.,.F.,
  .F.,(2,2),(0.,1.),.PIECEWISE_BEZIER_KNOTS.);
#5181 = CARTESIAN_POINT('',(0.,-2.));
#5182 = CARTESIAN_POINT('',(0.,0.));
#5183 = ( GEOMETRIC_REPRESENTATION_CONTEXT(2) 
PARAMETRIC_REPRESENTATION_CONTEXT() REPRESENTATION_CONTEXT('2D SPACE',''
  ) );
#5184 = PCURVE('',#5185,#5190);
#5185 = PLANE('',#5186);
#5186 = AXIS2_PLACEMENT_3D('',#5187,#5188,#5189);
#5187 = CARTESIAN_POINT('',(79.,95.,27.));
#5188 = DIRECTION('',(0.,1.,-0.));
#5189 = DIRECTION('',(-1.,0.,0.));
#5190 = DEFINITIONAL_REPRESENTATION('',(#5191),#5194);
#5191 = B_SPLINE_CURVE_WITH_KNOTS('',1,(#5192,#5193),.UNSPECIFIED.,.F.,
  .F.,(2,2),(0.,1.),.PIECEWISE_BEZIER_KNOTS.);
#5192 = CARTESIAN_POINT('',(79.,-2.));
#5193 = CARTESIAN_POINT('',(79.,0.));
#5194 = ( GEOMETRIC_REPRESENTATION_CONTEXT(2) 
PARAMETRIC_REPRESENTATION_CONTEXT() REPRESENTATION_CONTEXT('2D SPACE',''
  ) );
#5195 = ORIENTED_EDGE('',*,*,#5196,.T.);
#5196 = EDGE_CURVE('',#5172,#5197,#5199,.T.);
#5197 = VERTEX_POINT('',#5198);
#5198 = CARTESIAN_POINT('',(0.,1.748999599679,25.));
#5199 = SURFACE_CURVE('',#5200,(#5204,#5211),.PCURVE_S1.);
#5200 = LINE('',#5201,#5202);
#5201 = CARTESIAN_POINT('',(0.,95.,25.));
#5202 = VECTOR('',#5203,1.);
#5203 = DIRECTION('',(0.,-1.,0.));
#5204 = PCURVE('',#1578,#5205);
#5205 = DEFINITIONAL_REPRESENTATION('',(#5206),#5210);
#5206 = LINE('',#5207,#5208);
#5207 = CARTESIAN_POINT('',(0.,-2.));
#5208 = VECTOR('',#5209,1.);
#5209 = DIRECTION('',(1.,0.));
#5210 = ( GEOMETRIC_REPRESENTATION_CONTEXT(2) 
PARAMETRIC_REPRESENTATION_CONTEXT() REPRESENTATION_CONTEXT('2D SPACE',''
  ) );
#5211 = PCURVE('',#5212,#5217);
#5212 = PLANE('',#5213);
#5213 = AXIS2_PLACEMENT_3D('',#5214,#5215,#5216);
#5214 = CARTESIAN_POINT('',(0.,0.,25.));
#5215 = DIRECTION('',(0.,0.,-1.));
#5216 = DIRECTION('',(0.639387972132,0.768884270286,0.));
#5217 = DEFINITIONAL_REPRESENTATION('',(#5218),#5222);
#5218 = LINE('',#5219,#5220);
#5219 = CARTESIAN_POINT('',(73.044005677132,-60.74185735256));
#5220 = VECTOR('',#5221,1.);
#5221 = DIRECTION('',(-0.768884270286,0.639387972132));
#5222 = ( GEOMETRIC_REPRESENTATION_CONTEXT(2) 
PARAMETRIC_REPRESENTATION_CONTEXT() REPRESENTATION_CONTEXT('2D SPACE',''
  ) );
#5223 = ORIENTED_EDGE('',*,*,#5224,.F.);
#5224 = EDGE_CURVE('',#1562,#5197,#5225,.T.);
#5225 = SURFACE_CURVE('',#5226,(#5231,#5238),.PCURVE_S1.);
#5226 = CIRCLE('',#5227,1.6);
#5227 = AXIS2_PLACEMENT_3D('',#5228,#5229,#5230);
#5228 = CARTESIAN_POINT('',(0.,0.5,26.));
#5229 = DIRECTION('',(-1.,0.,0.));
#5230 = DIRECTION('',(0.,1.,0.));
#5231 = PCURVE('',#1578,#5232);
#5232 = DEFINITIONAL_REPRESENTATION('',(#5233),#5237);
#5233 = CIRCLE('',#5234,1.6);
#5234 = AXIS2_PLACEMENT_2D('',#5235,#5236);
#5235 = CARTESIAN_POINT('',(94.5,-1.));
#5236 = DIRECTION('',(-1.,0.));
#5237 = ( GEOMETRIC_REPRESENTATION_CONTEXT(2) 
PARAMETRIC_REPRESENTATION_CONTEXT() REPRESENTATION_CONTEXT('2D SPACE',''
  ) );
#5238 = PCURVE('',#1606,#5239);
#5239 = DEFINITIONAL_REPRESENTATION('',(#5240),#5244);
#5240 = LINE('',#5241,#5242);
#5241 = CARTESIAN_POINT('',(-6.28318530718,-1.));
#5242 = VECTOR('',#5243,1.);
#5243 = DIRECTION('',(1.,-0.));
#5244 = ( GEOMETRIC_REPRESENTATION_CONTEXT(2) 
PARAMETRIC_REPRESENTATION_CONTEXT() REPRESENTATION_CONTEXT('2D SPACE',''
  ) );
#5245 = ORIENTED_EDGE('',*,*,#1559,.F.);
#5246 = ORIENTED_EDGE('',*,*,#3742,.F.);
#5247 = ADVANCED_FACE('',(#5248),#1606,.F.);
#5248 = FACE_BOUND('',#5249,.T.);
#5249 = EDGE_LOOP('',(#5250,#5251,#5272,#5305,#5331,#5353));
#5250 = ORIENTED_EDGE('',*,*,#5224,.T.);
#5251 = ORIENTED_EDGE('',*,*,#5252,.F.);
#5252 = EDGE_CURVE('',#5253,#5197,#5255,.T.);
#5253 = VERTEX_POINT('',#5254);
#5254 = CARTESIAN_POINT('',(3.6,1.74899959968,25.));
#5255 = SURFACE_CURVE('',#5256,(#5260,#5266),.PCURVE_S1.);
#5256 = LINE('',#5257,#5258);
#5257 = CARTESIAN_POINT('',(-1.,1.74899959968,25.));
#5258 = VECTOR('',#5259,1.);
#5259 = DIRECTION('',(-1.,-0.,-0.));
#5260 = PCURVE('',#1606,#5261);
#5261 = DEFINITIONAL_REPRESENTATION('',(#5262),#5265);
#5262 = B_SPLINE_CURVE_WITH_KNOTS('',1,(#5263,#5264),.UNSPECIFIED.,.F.,
  .F.,(2,2),(-81.0000006,5.999999999062E-07),.PIECEWISE_BEZIER_KNOTS.);
#5263 = CARTESIAN_POINT('',(-5.608053774243,-81.0000006));
#5264 = CARTESIAN_POINT('',(-5.608053774243,5.999999999062E-07));
#5265 = ( GEOMETRIC_REPRESENTATION_CONTEXT(2) 
PARAMETRIC_REPRESENTATION_CONTEXT() REPRESENTATION_CONTEXT('2D SPACE',''
  ) );
#5266 = PCURVE('',#5212,#5267);
#5267 = DEFINITIONAL_REPRESENTATION('',(#5268),#5271);
#5268 = B_SPLINE_CURVE_WITH_KNOTS('',1,(#5269,#5270),.UNSPECIFIED.,.F.,
  .F.,(2,2),(-81.0000006,5.999999999062E-07),.PIECEWISE_BEZIER_KNOTS.);
#5269 = CARTESIAN_POINT('',(52.495816435141,60.39245277688));
#5270 = CARTESIAN_POINT('',(0.705389925165,-1.887174038915));
#5271 = ( GEOMETRIC_REPRESENTATION_CONTEXT(2) 
PARAMETRIC_REPRESENTATION_CONTEXT() REPRESENTATION_CONTEXT('2D SPACE',''
  ) );
#5272 = ORIENTED_EDGE('',*,*,#5273,.F.);
#5273 = EDGE_CURVE('',#5274,#5253,#5276,.T.);
#5274 = VERTEX_POINT('',#5275);
#5275 = CARTESIAN_POINT('',(3.6,2.,25.443223563717));
#5276 = SURFACE_CURVE('',#5277,(#5282,#5289),.PCURVE_S1.);
#5277 = CIRCLE('',#5278,1.6);
#5278 = AXIS2_PLACEMENT_3D('',#5279,#5280,#5281);
#5279 = CARTESIAN_POINT('',(3.6,0.5,26.));
#5280 = DIRECTION('',(-1.,0.,0.));
#5281 = DIRECTION('',(0.,1.,0.));
#5282 = PCURVE('',#1606,#5283);
#5283 = DEFINITIONAL_REPRESENTATION('',(#5284),#5288);
#5284 = LINE('',#5285,#5286);
#5285 = CARTESIAN_POINT('',(-6.28318530718,-4.6));
#5286 = VECTOR('',#5287,1.);
#5287 = DIRECTION('',(1.,-0.));
#5288 = ( GEOMETRIC_REPRESENTATION_CONTEXT(2) 
PARAMETRIC_REPRESENTATION_CONTEXT() REPRESENTATION_CONTEXT('2D SPACE',''
  ) );
#5289 = PCURVE('',#5290,#5295);
#5290 = PLANE('',#5291);
#5291 = AXIS2_PLACEMENT_3D('',#5292,#5293,#5294);
#5292 = CARTESIAN_POINT('',(3.6,-0.15,24.85));
#5293 = DIRECTION('',(1.,0.,0.));
#5294 = DIRECTION('',(0.,0.,1.));
#5295 = DEFINITIONAL_REPRESENTATION('',(#5296),#5304);
#5296 = ( BOUNDED_CURVE() B_SPLINE_CURVE(2,(#5297,#5298,#5299,#5300,
#5301,#5302,#5303),.UNSPECIFIED.,.T.,.F.) B_SPLINE_CURVE_WITH_KNOTS((1,2
    ,2,2,2,1),(-2.094395102393,0.,2.094395102393,4.188790204786,
6.28318530718,8.377580409573),.UNSPECIFIED.) CURVE() 
GEOMETRIC_REPRESENTATION_ITEM() RATIONAL_B_SPLINE_CURVE((1.,0.5,1.,0.5,
1.,0.5,1.)) REPRESENTATION_ITEM('') );
#5297 = CARTESIAN_POINT('',(1.15,-2.25));
#5298 = CARTESIAN_POINT('',(-1.62128129211,-2.25));
#5299 = CARTESIAN_POINT('',(-0.235640646055,0.15));
#5300 = CARTESIAN_POINT('',(1.15,2.55));
#5301 = CARTESIAN_POINT('',(2.535640646055,0.15));
#5302 = CARTESIAN_POINT('',(3.92128129211,-2.25));
#5303 = CARTESIAN_POINT('',(1.15,-2.25));
#5304 = ( GEOMETRIC_REPRESENTATION_CONTEXT(2) 
PARAMETRIC_REPRESENTATION_CONTEXT() REPRESENTATION_CONTEXT('2D SPACE',''
  ) );
#5305 = ORIENTED_EDGE('',*,*,#5306,.T.);
#5306 = EDGE_CURVE('',#5274,#5307,#5309,.T.);
#5307 = VERTEX_POINT('',#5308);
#5308 = CARTESIAN_POINT('',(2.,2.,25.443223563717));
#5309 = SURFACE_CURVE('',#5310,(#5314,#5320),.PCURVE_S1.);
#5310 = LINE('',#5311,#5312);
#5311 = CARTESIAN_POINT('',(-1.,2.,25.443223563717));
#5312 = VECTOR('',#5313,1.);
#5313 = DIRECTION('',(-1.,-0.,-0.));
#5314 = PCURVE('',#1606,#5315);
#5315 = DEFINITIONAL_REPRESENTATION('',(#5316),#5319);
#5316 = B_SPLINE_CURVE_WITH_KNOTS('',1,(#5317,#5318),.UNSPECIFIED.,.F.,
  .F.,(2,2),(-4.76,-2.84),.PIECEWISE_BEZIER_KNOTS.);
#5317 = CARTESIAN_POINT('',(-5.927764105489,-4.76));
#5318 = CARTESIAN_POINT('',(-5.927764105489,-2.84));
#5319 = ( GEOMETRIC_REPRESENTATION_CONTEXT(2) 
PARAMETRIC_REPRESENTATION_CONTEXT() REPRESENTATION_CONTEXT('2D SPACE',''
  ) );
#5320 = PCURVE('',#5321,#5326);
#5321 = PLANE('',#5322);
#5322 = AXIS2_PLACEMENT_3D('',#5323,#5324,#5325);
#5323 = CARTESIAN_POINT('',(2.,2.,27.));
#5324 = DIRECTION('',(0.,-1.,0.));
#5325 = DIRECTION('',(1.,0.,0.));
#5326 = DEFINITIONAL_REPRESENTATION('',(#5327),#5330);
#5327 = B_SPLINE_CURVE_WITH_KNOTS('',1,(#5328,#5329),.UNSPECIFIED.,.F.,
  .F.,(2,2),(-4.76,-2.84),.PIECEWISE_BEZIER_KNOTS.);
#5328 = CARTESIAN_POINT('',(1.76,-1.556776436283));
#5329 = CARTESIAN_POINT('',(-0.16,-1.556776436283));
#5330 = ( GEOMETRIC_REPRESENTATION_CONTEXT(2) 
PARAMETRIC_REPRESENTATION_CONTEXT() REPRESENTATION_CONTEXT('2D SPACE',''
  ) );
#5331 = ORIENTED_EDGE('',*,*,#5332,.F.);
#5332 = EDGE_CURVE('',#1591,#5307,#5333,.T.);
#5333 = SURFACE_CURVE('',#5334,(#5339,#5346),.PCURVE_S1.);
#5334 = CIRCLE('',#5335,1.6);
#5335 = AXIS2_PLACEMENT_3D('',#5336,#5337,#5338);
#5336 = CARTESIAN_POINT('',(2.,0.5,26.));
#5337 = DIRECTION('',(-1.,0.,0.));
#5338 = DIRECTION('',(0.,1.,0.));
#5339 = PCURVE('',#1606,#5340);
#5340 = DEFINITIONAL_REPRESENTATION('',(#5341),#5345);
#5341 = LINE('',#5342,#5343);
#5342 = CARTESIAN_POINT('',(-6.28318530718,-3.));
#5343 = VECTOR('',#5344,1.);
#5344 = DIRECTION('',(1.,-0.));
#5345 = ( GEOMETRIC_REPRESENTATION_CONTEXT(2) 
PARAMETRIC_REPRESENTATION_CONTEXT() REPRESENTATION_CONTEXT('2D SPACE',''
  ) );
#5346 = PCURVE('',#1635,#5347);
#5347 = DEFINITIONAL_REPRESENTATION('',(#5348),#5352);
#5348 = CIRCLE('',#5349,1.6);
#5349 = AXIS2_PLACEMENT_2D('',#5350,#5351);
#5350 = CARTESIAN_POINT('',(92.5,-1.));
#5351 = DIRECTION('',(-1.,0.));
#5352 = ( GEOMETRIC_REPRESENTATION_CONTEXT(2) 
PARAMETRIC_REPRESENTATION_CONTEXT() REPRESENTATION_CONTEXT('2D SPACE',''
  ) );
#5353 = ORIENTED_EDGE('',*,*,#1590,.F.);
#5354 = ADVANCED_FACE('',(#5355),#1635,.F.);
#5355 = FACE_BOUND('',#5356,.F.);
#5356 = EDGE_LOOP('',(#5357,#5384,#5405,#5423,#5424,#5425,#5445));
#5357 = ORIENTED_EDGE('',*,*,#5358,.F.);
#5358 = EDGE_CURVE('',#5359,#5361,#5363,.T.);
#5359 = VERTEX_POINT('',#5360);
#5360 = CARTESIAN_POINT('',(2.,93.,25.));
#5361 = VERTEX_POINT('',#5362);
#5362 = CARTESIAN_POINT('',(2.,93.,27.));
#5363 = SURFACE_CURVE('',#5364,(#5367,#5373),.PCURVE_S1.);
#5364 = B_SPLINE_CURVE_WITH_KNOTS('',1,(#5365,#5366),.UNSPECIFIED.,.F.,
  .F.,(2,2),(0.,1.),.PIECEWISE_BEZIER_KNOTS.);
#5365 = CARTESIAN_POINT('',(2.,93.,24.85));
#5366 = CARTESIAN_POINT('',(2.,93.,27.));
#5367 = PCURVE('',#1635,#5368);
#5368 = DEFINITIONAL_REPRESENTATION('',(#5369),#5372);
#5369 = B_SPLINE_CURVE_WITH_KNOTS('',1,(#5370,#5371),.UNSPECIFIED.,.F.,
  .F.,(2,2),(0.,1.),.PIECEWISE_BEZIER_KNOTS.);
#5370 = CARTESIAN_POINT('',(0.,-2.15));
#5371 = CARTESIAN_POINT('',(0.,0.));
#5372 = ( GEOMETRIC_REPRESENTATION_CONTEXT(2) 
PARAMETRIC_REPRESENTATION_CONTEXT() REPRESENTATION_CONTEXT('2D SPACE',''
  ) );
#5373 = PCURVE('',#5374,#5379);
#5374 = PLANE('',#5375);
#5375 = AXIS2_PLACEMENT_3D('',#5376,#5377,#5378);
#5376 = CARTESIAN_POINT('',(77.,93.,27.));
#5377 = DIRECTION('',(0.,1.,-0.));
#5378 = DIRECTION('',(-1.,0.,0.));
#5379 = DEFINITIONAL_REPRESENTATION('',(#5380),#5383);
#5380 = B_SPLINE_CURVE_WITH_KNOTS('',1,(#5381,#5382),.UNSPECIFIED.,.F.,
  .F.,(2,2),(0.,1.),.PIECEWISE_BEZIER_KNOTS.);
#5381 = CARTESIAN_POINT('',(75.,-2.15));
#5382 = CARTESIAN_POINT('',(75.,0.));
#5383 = ( GEOMETRIC_REPRESENTATION_CONTEXT(2) 
PARAMETRIC_REPRESENTATION_CONTEXT() REPRESENTATION_CONTEXT('2D SPACE',''
  ) );
#5384 = ORIENTED_EDGE('',*,*,#5385,.F.);
#5385 = EDGE_CURVE('',#5386,#5359,#5388,.T.);
#5386 = VERTEX_POINT('',#5387);
#5387 = CARTESIAN_POINT('',(2.,2.,25.));
#5388 = SURFACE_CURVE('',#5389,(#5393,#5399),.PCURVE_S1.);
#5389 = LINE('',#5390,#5391);
#5390 = CARTESIAN_POINT('',(2.,46.5,25.));
#5391 = VECTOR('',#5392,1.);
#5392 = DIRECTION('',(0.,1.,0.));
#5393 = PCURVE('',#1635,#5394);
#5394 = DEFINITIONAL_REPRESENTATION('',(#5395),#5398);
#5395 = B_SPLINE_CURVE_WITH_KNOTS('',1,(#5396,#5397),.UNSPECIFIED.,.F.,
  .F.,(2,2),(-44.5,46.5),.PIECEWISE_BEZIER_KNOTS.);
#5396 = CARTESIAN_POINT('',(91.,-2.));
#5397 = CARTESIAN_POINT('',(0.,-2.));
#5398 = ( GEOMETRIC_REPRESENTATION_CONTEXT(2) 
PARAMETRIC_REPRESENTATION_CONTEXT() REPRESENTATION_CONTEXT('2D SPACE',''
  ) );
#5399 = PCURVE('',#5212,#5400);
#5400 = DEFINITIONAL_REPRESENTATION('',(#5401),#5404);
#5401 = B_SPLINE_CURVE_WITH_KNOTS('',1,(#5402,#5403),.UNSPECIFIED.,.F.,
  .F.,(2,2),(-44.5,46.5),.PIECEWISE_BEZIER_KNOTS.);
#5402 = CARTESIAN_POINT('',(2.816544484836,0.258992596307));
#5403 = CARTESIAN_POINT('',(72.785013080826,-57.92531286772));
#5404 = ( GEOMETRIC_REPRESENTATION_CONTEXT(2) 
PARAMETRIC_REPRESENTATION_CONTEXT() REPRESENTATION_CONTEXT('2D SPACE',''
  ) );
#5405 = ORIENTED_EDGE('',*,*,#5406,.T.);
#5406 = EDGE_CURVE('',#5386,#5307,#5407,.T.);
#5407 = SURFACE_CURVE('',#5408,(#5411,#5417),.PCURVE_S1.);
#5408 = B_SPLINE_CURVE_WITH_KNOTS('',1,(#5409,#5410),.UNSPECIFIED.,.F.,
  .F.,(2,2),(0.,1.),.PIECEWISE_BEZIER_KNOTS.);
#5409 = CARTESIAN_POINT('',(2.,2.,24.85));
#5410 = CARTESIAN_POINT('',(2.,2.,27.));
#5411 = PCURVE('',#1635,#5412);
#5412 = DEFINITIONAL_REPRESENTATION('',(#5413),#5416);
#5413 = B_SPLINE_CURVE_WITH_KNOTS('',1,(#5414,#5415),.UNSPECIFIED.,.F.,
  .F.,(2,2),(0.,1.),.PIECEWISE_BEZIER_KNOTS.);
#5414 = CARTESIAN_POINT('',(91.,-2.15));
#5415 = CARTESIAN_POINT('',(91.,0.));
#5416 = ( GEOMETRIC_REPRESENTATION_CONTEXT(2) 
PARAMETRIC_REPRESENTATION_CONTEXT() REPRESENTATION_CONTEXT('2D SPACE',''
  ) );
#5417 = PCURVE('',#5321,#5418);
#5418 = DEFINITIONAL_REPRESENTATION('',(#5419),#5422);
#5419 = B_SPLINE_CURVE_WITH_KNOTS('',1,(#5420,#5421),.UNSPECIFIED.,.F.,
  .F.,(2,2),(0.,1.),.PIECEWISE_BEZIER_KNOTS.);
#5420 = CARTESIAN_POINT('',(0.,-2.15));
#5421 = CARTESIAN_POINT('',(0.,0.));
#5422 = ( GEOMETRIC_REPRESENTATION_CONTEXT(2) 
PARAMETRIC_REPRESENTATION_CONTEXT() REPRESENTATION_CONTEXT('2D SPACE',''
  ) );
#5423 = ORIENTED_EDGE('',*,*,#5332,.F.);
#5424 = ORIENTED_EDGE('',*,*,#1618,.F.);
#5425 = ORIENTED_EDGE('',*,*,#5426,.T.);
#5426 = EDGE_CURVE('',#1619,#5427,#5429,.T.);
#5427 = VERTEX_POINT('',#5428);
#5428 = CARTESIAN_POINT('',(2.,2.,27.));
#5429 = SURFACE_CURVE('',#5430,(#5433,#5439),.PCURVE_S1.);
#5430 = B_SPLINE_CURVE_WITH_KNOTS('',1,(#5431,#5432),.UNSPECIFIED.,.F.,
  .F.,(2,2),(0.,1.),.PIECEWISE_BEZIER_KNOTS.);
#5431 = CARTESIAN_POINT('',(2.,2.,24.85));
#5432 = CARTESIAN_POINT('',(2.,2.,27.));
#5433 = PCURVE('',#1635,#5434);
#5434 = DEFINITIONAL_REPRESENTATION('',(#5435),#5438);
#5435 = B_SPLINE_CURVE_WITH_KNOTS('',1,(#5436,#5437),.UNSPECIFIED.,.F.,
  .F.,(2,2),(0.,1.),.PIECEWISE_BEZIER_KNOTS.);
#5436 = CARTESIAN_POINT('',(91.,-2.15));
#5437 = CARTESIAN_POINT('',(91.,0.));
#5438 = ( GEOMETRIC_REPRESENTATION_CONTEXT(2) 
PARAMETRIC_REPRESENTATION_CONTEXT() REPRESENTATION_CONTEXT('2D SPACE',''
  ) );
#5439 = PCURVE('',#1662,#5440);
#5440 = DEFINITIONAL_REPRESENTATION('',(#5441),#5444);
#5441 = B_SPLINE_CURVE_WITH_KNOTS('',1,(#5442,#5443),.UNSPECIFIED.,.F.,
  .F.,(2,2),(0.,1.),.PIECEWISE_BEZIER_KNOTS.);
#5442 = CARTESIAN_POINT('',(0.,-2.15));
#5443 = CARTESIAN_POINT('',(0.,0.));
#5444 = ( GEOMETRIC_REPRESENTATION_CONTEXT(2) 
PARAMETRIC_REPRESENTATION_CONTEXT() REPRESENTATION_CONTEXT('2D SPACE',''
  ) );
#5445 = ORIENTED_EDGE('',*,*,#5446,.F.);
#5446 = EDGE_CURVE('',#5361,#5427,#5447,.T.);
#5447 = SURFACE_CURVE('',#5448,(#5452,#5459),.PCURVE_S1.);
#5448 = LINE('',#5449,#5450);
#5449 = CARTESIAN_POINT('',(2.,93.,27.));
#5450 = VECTOR('',#5451,1.);
#5451 = DIRECTION('',(0.,-1.,0.));
#5452 = PCURVE('',#1635,#5453);
#5453 = DEFINITIONAL_REPRESENTATION('',(#5454),#5458);
#5454 = LINE('',#5455,#5456);
#5455 = CARTESIAN_POINT('',(0.,0.));
#5456 = VECTOR('',#5457,1.);
#5457 = DIRECTION('',(1.,0.));
#5458 = ( GEOMETRIC_REPRESENTATION_CONTEXT(2) 
PARAMETRIC_REPRESENTATION_CONTEXT() REPRESENTATION_CONTEXT('2D SPACE',''
  ) );
#5459 = PCURVE('',#5460,#5465);
#5460 = B_SPLINE_SURFACE_WITH_KNOTS('',1,1,(
    (#5461,#5462)
    ,(#5463,#5464
    )),.UNSPECIFIED.,.F.,.F.,.F.,(2,2),(2,2),(0.,91.),(0.,1.),
  .PIECEWISE_BEZIER_KNOTS.);
#5461 = CARTESIAN_POINT('',(2.,93.,27.));
#5462 = CARTESIAN_POINT('',(10.461538461538,91.307692307692,38.));
#5463 = CARTESIAN_POINT('',(2.,2.,27.));
#5464 = CARTESIAN_POINT('',(10.461538461538,13.,38.));
#5465 = DEFINITIONAL_REPRESENTATION('',(#5466),#5470);
#5466 = LINE('',#5467,#5468);
#5467 = CARTESIAN_POINT('',(0.,0.));
#5468 = VECTOR('',#5469,1.);
#5469 = DIRECTION('',(1.,0.));
#5470 = ( GEOMETRIC_REPRESENTATION_CONTEXT(2) 
PARAMETRIC_REPRESENTATION_CONTEXT() REPRESENTATION_CONTEXT('2D SPACE',''
  ) );
#5471 = ADVANCED_FACE('',(#5472),#1662,.F.);
#5472 = FACE_BOUND('',#5473,.F.);
#5473 = EDGE_LOOP('',(#5474,#5475,#5476,#5497));
#5474 = ORIENTED_EDGE('',*,*,#5426,.F.);
#5475 = ORIENTED_EDGE('',*,*,#1647,.F.);
#5476 = ORIENTED_EDGE('',*,*,#5477,.T.);
#5477 = EDGE_CURVE('',#1648,#5478,#5480,.T.);
#5478 = VERTEX_POINT('',#5479);
#5479 = CARTESIAN_POINT('',(3.6,2.,27.));
#5480 = SURFACE_CURVE('',#5481,(#5485,#5491),.PCURVE_S1.);
#5481 = LINE('',#5482,#5483);
#5482 = CARTESIAN_POINT('',(3.6,2.,25.925));
#5483 = VECTOR('',#5484,1.);
#5484 = DIRECTION('',(-0.,0.,1.));
#5485 = PCURVE('',#1662,#5486);
#5486 = DEFINITIONAL_REPRESENTATION('',(#5487),#5490);
#5487 = B_SPLINE_CURVE_WITH_KNOTS('',1,(#5488,#5489),.UNSPECIFIED.,.F.,
  .F.,(2,2),(-0.925,1.075),.PIECEWISE_BEZIER_KNOTS.);
#5488 = CARTESIAN_POINT('',(1.6,-2.));
#5489 = CARTESIAN_POINT('',(1.6,0.));
#5490 = ( GEOMETRIC_REPRESENTATION_CONTEXT(2) 
PARAMETRIC_REPRESENTATION_CONTEXT() REPRESENTATION_CONTEXT('2D SPACE',''
  ) );
#5491 = PCURVE('',#1690,#5492);
#5492 = DEFINITIONAL_REPRESENTATION('',(#5493),#5496);
#5493 = B_SPLINE_CURVE_WITH_KNOTS('',1,(#5494,#5495),.UNSPECIFIED.,.F.,
  .F.,(2,2),(-0.925,1.075),.PIECEWISE_BEZIER_KNOTS.);
#5494 = CARTESIAN_POINT('',(0.15,-2.15));
#5495 = CARTESIAN_POINT('',(2.15,-2.15));
#5496 = ( GEOMETRIC_REPRESENTATION_CONTEXT(2) 
PARAMETRIC_REPRESENTATION_CONTEXT() REPRESENTATION_CONTEXT('2D SPACE',''
  ) );
#5497 = ORIENTED_EDGE('',*,*,#5498,.F.);
#5498 = EDGE_CURVE('',#5427,#5478,#5499,.T.);
#5499 = SURFACE_CURVE('',#5500,(#5504,#5511),.PCURVE_S1.);
#5500 = LINE('',#5501,#5502);
#5501 = CARTESIAN_POINT('',(2.,2.,27.));
#5502 = VECTOR('',#5503,1.);
#5503 = DIRECTION('',(1.,0.,0.));
#5504 = PCURVE('',#1662,#5505);
#5505 = DEFINITIONAL_REPRESENTATION('',(#5506),#5510);
#5506 = LINE('',#5507,#5508);
#5507 = CARTESIAN_POINT('',(0.,0.));
#5508 = VECTOR('',#5509,1.);
#5509 = DIRECTION('',(1.,0.));
#5510 = ( GEOMETRIC_REPRESENTATION_CONTEXT(2) 
PARAMETRIC_REPRESENTATION_CONTEXT() REPRESENTATION_CONTEXT('2D SPACE',''
  ) );
#5511 = PCURVE('',#3090,#5512);
#5512 = DEFINITIONAL_REPRESENTATION('',(#5513),#5517);
#5513 = LINE('',#5514,#5515);
#5514 = CARTESIAN_POINT('',(0.,0.));
#5515 = VECTOR('',#5516,1.);
#5516 = DIRECTION('',(1.,0.));
#5517 = ( GEOMETRIC_REPRESENTATION_CONTEXT(2) 
PARAMETRIC_REPRESENTATION_CONTEXT() REPRESENTATION_CONTEXT('2D SPACE',''
  ) );
#5518 = ADVANCED_FACE('',(#5519),#1690,.T.);
#5519 = FACE_BOUND('',#5520,.T.);
#5520 = EDGE_LOOP('',(#5521,#5544,#5545,#5546));
#5521 = ORIENTED_EDGE('',*,*,#5522,.F.);
#5522 = EDGE_CURVE('',#1674,#5523,#5525,.T.);
#5523 = VERTEX_POINT('',#5524);
#5524 = CARTESIAN_POINT('',(3.6,2.15,27.15));
#5525 = SURFACE_CURVE('',#5526,(#5530,#5537),.PCURVE_S1.);
#5526 = LINE('',#5527,#5528);
#5527 = CARTESIAN_POINT('',(3.6,-0.15,27.15));
#5528 = VECTOR('',#5529,1.);
#5529 = DIRECTION('',(0.,1.,0.));
#5530 = PCURVE('',#1690,#5531);
#5531 = DEFINITIONAL_REPRESENTATION('',(#5532),#5536);
#5532 = LINE('',#5533,#5534);
#5533 = CARTESIAN_POINT('',(2.3,0.));
#5534 = VECTOR('',#5535,1.);
#5535 = DIRECTION('',(0.,-1.));
#5536 = ( GEOMETRIC_REPRESENTATION_CONTEXT(2) 
PARAMETRIC_REPRESENTATION_CONTEXT() REPRESENTATION_CONTEXT('2D SPACE',''
  ) );
#5537 = PCURVE('',#1721,#5538);
#5538 = DEFINITIONAL_REPRESENTATION('',(#5539),#5543);
#5539 = LINE('',#5540,#5541);
#5540 = CARTESIAN_POINT('',(0.,0.));
#5541 = VECTOR('',#5542,1.);
#5542 = DIRECTION('',(0.,1.));
#5543 = ( GEOMETRIC_REPRESENTATION_CONTEXT(2) 
PARAMETRIC_REPRESENTATION_CONTEXT() REPRESENTATION_CONTEXT('2D SPACE',''
  ) );
#5544 = ORIENTED_EDGE('',*,*,#1673,.T.);
#5545 = ORIENTED_EDGE('',*,*,#5477,.T.);
#5546 = ORIENTED_EDGE('',*,*,#5547,.T.);
#5547 = EDGE_CURVE('',#5478,#5523,#5548,.T.);
#5548 = SURFACE_CURVE('',#5549,(#5555,#5564),.PCURVE_S1.);
#5549 = B_SPLINE_CURVE_WITH_KNOTS('',4,(#5550,#5551,#5552,#5553,#5554),
  .UNSPECIFIED.,.F.,.F.,(5,5),(0.,1.),.PIECEWISE_BEZIER_KNOTS.);
#5550 = CARTESIAN_POINT('',(3.6,2.,27.));
#5551 = CARTESIAN_POINT('',(3.6,2.037524648618,27.037524648618));
#5552 = CARTESIAN_POINT('',(3.6,2.075032920356,27.075032920356));
#5553 = CARTESIAN_POINT('',(3.6,2.112524732091,27.112524732091));
#5554 = CARTESIAN_POINT('',(3.6,2.15,27.15));
#5555 = PCURVE('',#1690,#5556);
#5556 = DEFINITIONAL_REPRESENTATION('',(#5557),#5563);
#5557 = B_SPLINE_CURVE_WITH_KNOTS('',4,(#5558,#5559,#5560,#5561,#5562),
  .UNSPECIFIED.,.F.,.F.,(5,5),(0.,1.),.PIECEWISE_BEZIER_KNOTS.);
#5558 = CARTESIAN_POINT('',(2.15,-2.15));
#5559 = CARTESIAN_POINT('',(2.187524648618,-2.187524648618));
#5560 = CARTESIAN_POINT('',(2.225032920356,-2.225032920356));
#5561 = CARTESIAN_POINT('',(2.262524732091,-2.262524732091));
#5562 = CARTESIAN_POINT('',(2.3,-2.3));
#5563 = ( GEOMETRIC_REPRESENTATION_CONTEXT(2) 
PARAMETRIC_REPRESENTATION_CONTEXT() REPRESENTATION_CONTEXT('2D SPACE',''
  ) );
#5564 = PCURVE('',#3090,#5565);
#5565 = DEFINITIONAL_REPRESENTATION('',(#5566),#5572);
#5566 = B_SPLINE_CURVE_WITH_KNOTS('',4,(#5567,#5568,#5569,#5570,#5571),
  .UNSPECIFIED.,.F.,.F.,(5,5),(0.,1.),.PIECEWISE_BEZIER_KNOTS.);
#5567 = CARTESIAN_POINT('',(1.6,0.));
#5568 = CARTESIAN_POINT('',(1.572366463889,3.411331692564E-03));
#5569 = CARTESIAN_POINT('',(1.544688266447,6.821174577788E-03));
#5570 = CARTESIAN_POINT('',(1.516965318316,1.022952109914E-02));
#5571 = CARTESIAN_POINT('',(1.489197530864,1.363636363636E-02));
#5572 = ( GEOMETRIC_REPRESENTATION_CONTEXT(2) 
PARAMETRIC_REPRESENTATION_CONTEXT() REPRESENTATION_CONTEXT('2D SPACE',''
  ) );
#5573 = ADVANCED_FACE('',(#5574),#1721,.F.);
#5574 = FACE_BOUND('',#5575,.F.);
#5575 = EDGE_LOOP('',(#5576,#5577,#5578,#5601));
#5576 = ORIENTED_EDGE('',*,*,#5522,.F.);
#5577 = ORIENTED_EDGE('',*,*,#1706,.F.);
#5578 = ORIENTED_EDGE('',*,*,#5579,.T.);
#5579 = EDGE_CURVE('',#1707,#5580,#5582,.T.);
#5580 = VERTEX_POINT('',#5581);
#5581 = CARTESIAN_POINT('',(17.96,2.15,27.15));
#5582 = SURFACE_CURVE('',#5583,(#5587,#5594),.PCURVE_S1.);
#5583 = LINE('',#5584,#5585);
#5584 = CARTESIAN_POINT('',(17.96,-0.15,27.15));
#5585 = VECTOR('',#5586,1.);
#5586 = DIRECTION('',(0.,1.,0.));
#5587 = PCURVE('',#1721,#5588);
#5588 = DEFINITIONAL_REPRESENTATION('',(#5589),#5593);
#5589 = LINE('',#5590,#5591);
#5590 = CARTESIAN_POINT('',(14.36,0.));
#5591 = VECTOR('',#5592,1.);
#5592 = DIRECTION('',(0.,1.));
#5593 = ( GEOMETRIC_REPRESENTATION_CONTEXT(2) 
PARAMETRIC_REPRESENTATION_CONTEXT() REPRESENTATION_CONTEXT('2D SPACE',''
  ) );
#5594 = PCURVE('',#1749,#5595);
#5595 = DEFINITIONAL_REPRESENTATION('',(#5596),#5600);
#5596 = LINE('',#5597,#5598);
#5597 = CARTESIAN_POINT('',(2.3,0.));
#5598 = VECTOR('',#5599,1.);
#5599 = DIRECTION('',(0.,-1.));
#5600 = ( GEOMETRIC_REPRESENTATION_CONTEXT(2) 
PARAMETRIC_REPRESENTATION_CONTEXT() REPRESENTATION_CONTEXT('2D SPACE',''
  ) );
#5601 = ORIENTED_EDGE('',*,*,#5602,.F.);
#5602 = EDGE_CURVE('',#5523,#5580,#5603,.T.);
#5603 = SURFACE_CURVE('',#5604,(#5608,#5615),.PCURVE_S1.);
#5604 = LINE('',#5605,#5606);
#5605 = CARTESIAN_POINT('',(3.6,2.15,27.15));
#5606 = VECTOR('',#5607,1.);
#5607 = DIRECTION('',(1.,0.,0.));
#5608 = PCURVE('',#1721,#5609);
#5609 = DEFINITIONAL_REPRESENTATION('',(#5610),#5614);
#5610 = LINE('',#5611,#5612);
#5611 = CARTESIAN_POINT('',(0.,2.3));
#5612 = VECTOR('',#5613,1.);
#5613 = DIRECTION('',(1.,0.));
#5614 = ( GEOMETRIC_REPRESENTATION_CONTEXT(2) 
PARAMETRIC_REPRESENTATION_CONTEXT() REPRESENTATION_CONTEXT('2D SPACE',''
  ) );
#5615 = PCURVE('',#3090,#5616);
#5616 = DEFINITIONAL_REPRESENTATION('',(#5617),#5621);
#5617 = B_SPLINE_CURVE_WITH_KNOTS('',2,(#5618,#5619,#5620),
  .UNSPECIFIED.,.F.,.F.,(3,3),(0.,14.36),.PIECEWISE_BEZIER_KNOTS.);
#5618 = CARTESIAN_POINT('',(1.489197530864,1.363636363636E-02));
#5619 = CARTESIAN_POINT('',(8.691358024691,1.363636363636E-02));
#5620 = CARTESIAN_POINT('',(15.893518518519,1.363636363636E-02));
#5621 = ( GEOMETRIC_REPRESENTATION_CONTEXT(2) 
PARAMETRIC_REPRESENTATION_CONTEXT() REPRESENTATION_CONTEXT('2D SPACE',''
  ) );
#5622 = ADVANCED_FACE('',(#5623),#1749,.F.);
#5623 = FACE_BOUND('',#5624,.F.);
#5624 = EDGE_LOOP('',(#5625,#5626,#5627,#5648));
#5625 = ORIENTED_EDGE('',*,*,#5579,.F.);
#5626 = ORIENTED_EDGE('',*,*,#1732,.T.);
#5627 = ORIENTED_EDGE('',*,*,#5628,.T.);
#5628 = EDGE_CURVE('',#1733,#5629,#5631,.T.);
#5629 = VERTEX_POINT('',#5630);
#5630 = CARTESIAN_POINT('',(17.96,2.,27.));
#5631 = SURFACE_CURVE('',#5632,(#5636,#5642),.PCURVE_S1.);
#5632 = LINE('',#5633,#5634);
#5633 = CARTESIAN_POINT('',(17.96,2.,25.925));
#5634 = VECTOR('',#5635,1.);
#5635 = DIRECTION('',(-0.,0.,1.));
#5636 = PCURVE('',#1749,#5637);
#5637 = DEFINITIONAL_REPRESENTATION('',(#5638),#5641);
#5638 = B_SPLINE_CURVE_WITH_KNOTS('',1,(#5639,#5640),.UNSPECIFIED.,.F.,
  .F.,(2,2),(-0.925,1.075),.PIECEWISE_BEZIER_KNOTS.);
#5639 = CARTESIAN_POINT('',(0.15,-2.15));
#5640 = CARTESIAN_POINT('',(2.15,-2.15));
#5641 = ( GEOMETRIC_REPRESENTATION_CONTEXT(2) 
PARAMETRIC_REPRESENTATION_CONTEXT() REPRESENTATION_CONTEXT('2D SPACE',''
  ) );
#5642 = PCURVE('',#1780,#5643);
#5643 = DEFINITIONAL_REPRESENTATION('',(#5644),#5647);
#5644 = B_SPLINE_CURVE_WITH_KNOTS('',1,(#5645,#5646),.UNSPECIFIED.,.F.,
  .F.,(2,2),(-0.925,1.075),.PIECEWISE_BEZIER_KNOTS.);
#5645 = CARTESIAN_POINT('',(15.96,-2.));
#5646 = CARTESIAN_POINT('',(15.96,0.));
#5647 = ( GEOMETRIC_REPRESENTATION_CONTEXT(2) 
PARAMETRIC_REPRESENTATION_CONTEXT() REPRESENTATION_CONTEXT('2D SPACE',''
  ) );
#5648 = ORIENTED_EDGE('',*,*,#5649,.T.);
#5649 = EDGE_CURVE('',#5629,#5580,#5650,.T.);
#5650 = SURFACE_CURVE('',#5651,(#5660,#5672),.PCURVE_S1.);
#5651 = B_SPLINE_CURVE_WITH_KNOTS('',4,(#5652,#5653,#5654,#5655,#5656,
    #5657,#5658,#5659),.UNSPECIFIED.,.F.,.F.,(5,3,5),(0.,0.513188444712,
    1.),.UNSPECIFIED.);
#5652 = CARTESIAN_POINT('',(17.96,2.,27.));
#5653 = CARTESIAN_POINT('',(17.96,2.01924583415,27.01924583415));
#5654 = CARTESIAN_POINT('',(17.96,2.038491665753,27.038491665753));
#5655 = CARTESIAN_POINT('',(17.96,2.057737494804,27.057737494804));
#5656 = CARTESIAN_POINT('',(17.96,2.09523994969,27.09523994969));
#5657 = CARTESIAN_POINT('',(17.96,2.113495016163,27.113495016163));
#5658 = CARTESIAN_POINT('',(17.96,2.131748268701,27.131748268701));
#5659 = CARTESIAN_POINT('',(17.96,2.15,27.15));
#5660 = PCURVE('',#1749,#5661);
#5661 = DEFINITIONAL_REPRESENTATION('',(#5662),#5671);
#5662 = B_SPLINE_CURVE_WITH_KNOTS('',4,(#5663,#5664,#5665,#5666,#5667,
    #5668,#5669,#5670),.UNSPECIFIED.,.F.,.F.,(5,3,5),(0.,0.513188444712,
    1.),.UNSPECIFIED.);
#5663 = CARTESIAN_POINT('',(2.15,-2.15));
#5664 = CARTESIAN_POINT('',(2.16924583415,-2.16924583415));
#5665 = CARTESIAN_POINT('',(2.188491665753,-2.188491665753));
#5666 = CARTESIAN_POINT('',(2.207737494804,-2.207737494804));
#5667 = CARTESIAN_POINT('',(2.24523994969,-2.24523994969));
#5668 = CARTESIAN_POINT('',(2.263495016163,-2.263495016163));
#5669 = CARTESIAN_POINT('',(2.281748268701,-2.281748268701));
#5670 = CARTESIAN_POINT('',(2.3,-2.3));
#5671 = ( GEOMETRIC_REPRESENTATION_CONTEXT(2) 
PARAMETRIC_REPRESENTATION_CONTEXT() REPRESENTATION_CONTEXT('2D SPACE',''
  ) );
#5672 = PCURVE('',#3090,#5673);
#5673 = DEFINITIONAL_REPRESENTATION('',(#5674),#5683);
#5674 = B_SPLINE_CURVE_WITH_KNOTS('',4,(#5675,#5676,#5677,#5678,#5679,
    #5680,#5681,#5682),.UNSPECIFIED.,.F.,.F.,(5,3,5),(0.,0.513188444712,
    1.),.UNSPECIFIED.);
#5675 = CARTESIAN_POINT('',(15.96,0.));
#5676 = CARTESIAN_POINT('',(15.951496302203,1.749621286408E-03));
#5677 = CARTESIAN_POINT('',(15.942983653149,3.499242341164E-03));
#5678 = CARTESIAN_POINT('',(15.934462031638,5.248863163962E-03));
#5679 = CARTESIAN_POINT('',(15.917839258098,8.658177244546E-03));
#5680 = CARTESIAN_POINT('',(15.909740018047,1.031772874211E-02));
#5681 = CARTESIAN_POINT('',(15.901632578206,1.197711533646E-02));
#5682 = CARTESIAN_POINT('',(15.893518263412,1.363636363636E-02));
#5683 = ( GEOMETRIC_REPRESENTATION_CONTEXT(2) 
PARAMETRIC_REPRESENTATION_CONTEXT() REPRESENTATION_CONTEXT('2D SPACE',''
  ) );
#5684 = ADVANCED_FACE('',(#5685),#1780,.F.);
#5685 = FACE_BOUND('',#5686,.F.);
#5686 = EDGE_LOOP('',(#5687,#5688,#5689,#5690));
#5687 = ORIENTED_EDGE('',*,*,#5628,.F.);
#5688 = ORIENTED_EDGE('',*,*,#1765,.F.);
#5689 = ORIENTED_EDGE('',*,*,#3677,.T.);
#5690 = ORIENTED_EDGE('',*,*,#5691,.F.);
#5691 = EDGE_CURVE('',#5629,#3604,#5692,.T.);
#5692 = SURFACE_CURVE('',#5693,(#5697,#5704),.PCURVE_S1.);
#5693 = LINE('',#5694,#5695);
#5694 = CARTESIAN_POINT('',(2.,2.,27.));
#5695 = VECTOR('',#5696,1.);
#5696 = DIRECTION('',(1.,0.,0.));
#5697 = PCURVE('',#1780,#5698);
#5698 = DEFINITIONAL_REPRESENTATION('',(#5699),#5703);
#5699 = LINE('',#5700,#5701);
#5700 = CARTESIAN_POINT('',(0.,0.));
#5701 = VECTOR('',#5702,1.);
#5702 = DIRECTION('',(1.,0.));
#5703 = ( GEOMETRIC_REPRESENTATION_CONTEXT(2) 
PARAMETRIC_REPRESENTATION_CONTEXT() REPRESENTATION_CONTEXT('2D SPACE',''
  ) );
#5704 = PCURVE('',#3090,#5705);
#5705 = DEFINITIONAL_REPRESENTATION('',(#5706),#5710);
#5706 = LINE('',#5707,#5708);
#5707 = CARTESIAN_POINT('',(0.,0.));
#5708 = VECTOR('',#5709,1.);
#5709 = DIRECTION('',(1.,0.));
#5710 = ( GEOMETRIC_REPRESENTATION_CONTEXT(2) 
PARAMETRIC_REPRESENTATION_CONTEXT() REPRESENTATION_CONTEXT('2D SPACE',''
  ) );
#5711 = ADVANCED_FACE('',(#5712),#1885,.F.);
#5712 = FACE_BOUND('',#5713,.F.);
#5713 = EDGE_LOOP('',(#5714,#5715,#5716,#5737));
#5714 = ORIENTED_EDGE('',*,*,#3480,.F.);
#5715 = ORIENTED_EDGE('',*,*,#1870,.F.);
#5716 = ORIENTED_EDGE('',*,*,#5717,.T.);
#5717 = EDGE_CURVE('',#1871,#5718,#5720,.T.);
#5718 = VERTEX_POINT('',#5719);
#5719 = CARTESIAN_POINT('',(32.32,2.,27.));
#5720 = SURFACE_CURVE('',#5721,(#5725,#5731),.PCURVE_S1.);
#5721 = LINE('',#5722,#5723);
#5722 = CARTESIAN_POINT('',(32.32,2.,25.925));
#5723 = VECTOR('',#5724,1.);
#5724 = DIRECTION('',(-0.,0.,1.));
#5725 = PCURVE('',#1885,#5726);
#5726 = DEFINITIONAL_REPRESENTATION('',(#5727),#5730);
#5727 = B_SPLINE_CURVE_WITH_KNOTS('',1,(#5728,#5729),.UNSPECIFIED.,.F.,
  .F.,(2,2),(-0.925,1.075),.PIECEWISE_BEZIER_KNOTS.);
#5728 = CARTESIAN_POINT('',(30.32,-2.));
#5729 = CARTESIAN_POINT('',(30.32,0.));
#5730 = ( GEOMETRIC_REPRESENTATION_CONTEXT(2) 
PARAMETRIC_REPRESENTATION_CONTEXT() REPRESENTATION_CONTEXT('2D SPACE',''
  ) );
#5731 = PCURVE('',#1913,#5732);
#5732 = DEFINITIONAL_REPRESENTATION('',(#5733),#5736);
#5733 = B_SPLINE_CURVE_WITH_KNOTS('',1,(#5734,#5735),.UNSPECIFIED.,.F.,
  .F.,(2,2),(-0.925,1.075),.PIECEWISE_BEZIER_KNOTS.);
#5734 = CARTESIAN_POINT('',(0.15,-2.15));
#5735 = CARTESIAN_POINT('',(2.15,-2.15));
#5736 = ( GEOMETRIC_REPRESENTATION_CONTEXT(2) 
PARAMETRIC_REPRESENTATION_CONTEXT() REPRESENTATION_CONTEXT('2D SPACE',''
  ) );
#5737 = ORIENTED_EDGE('',*,*,#5738,.F.);
#5738 = EDGE_CURVE('',#3407,#5718,#5739,.T.);
#5739 = SURFACE_CURVE('',#5740,(#5744,#5751),.PCURVE_S1.);
#5740 = LINE('',#5741,#5742);
#5741 = CARTESIAN_POINT('',(2.,2.,27.));
#5742 = VECTOR('',#5743,1.);
#5743 = DIRECTION('',(1.,0.,0.));
#5744 = PCURVE('',#1885,#5745);
#5745 = DEFINITIONAL_REPRESENTATION('',(#5746),#5750);
#5746 = LINE('',#5747,#5748);
#5747 = CARTESIAN_POINT('',(0.,0.));
#5748 = VECTOR('',#5749,1.);
#5749 = DIRECTION('',(1.,0.));
#5750 = ( GEOMETRIC_REPRESENTATION_CONTEXT(2) 
PARAMETRIC_REPRESENTATION_CONTEXT() REPRESENTATION_CONTEXT('2D SPACE',''
  ) );
#5751 = PCURVE('',#3090,#5752);
#5752 = DEFINITIONAL_REPRESENTATION('',(#5753),#5757);
#5753 = LINE('',#5754,#5755);
#5754 = CARTESIAN_POINT('',(0.,0.));
#5755 = VECTOR('',#5756,1.);
#5756 = DIRECTION('',(1.,0.));
#5757 = ( GEOMETRIC_REPRESENTATION_CONTEXT(2) 
PARAMETRIC_REPRESENTATION_CONTEXT() REPRESENTATION_CONTEXT('2D SPACE',''
  ) );
#5758 = ADVANCED_FACE('',(#5759),#1913,.T.);
#5759 = FACE_BOUND('',#5760,.T.);
#5760 = EDGE_LOOP('',(#5761,#5784,#5785,#5786));
#5761 = ORIENTED_EDGE('',*,*,#5762,.F.);
#5762 = EDGE_CURVE('',#1897,#5763,#5765,.T.);
#5763 = VERTEX_POINT('',#5764);
#5764 = CARTESIAN_POINT('',(32.32,2.15,27.15));
#5765 = SURFACE_CURVE('',#5766,(#5770,#5777),.PCURVE_S1.);
#5766 = LINE('',#5767,#5768);
#5767 = CARTESIAN_POINT('',(32.32,-0.15,27.15));
#5768 = VECTOR('',#5769,1.);
#5769 = DIRECTION('',(0.,1.,0.));
#5770 = PCURVE('',#1913,#5771);
#5771 = DEFINITIONAL_REPRESENTATION('',(#5772),#5776);
#5772 = LINE('',#5773,#5774);
#5773 = CARTESIAN_POINT('',(2.3,0.));
#5774 = VECTOR('',#5775,1.);
#5775 = DIRECTION('',(0.,-1.));
#5776 = ( GEOMETRIC_REPRESENTATION_CONTEXT(2) 
PARAMETRIC_REPRESENTATION_CONTEXT() REPRESENTATION_CONTEXT('2D SPACE',''
  ) );
#5777 = PCURVE('',#1944,#5778);
#5778 = DEFINITIONAL_REPRESENTATION('',(#5779),#5783);
#5779 = LINE('',#5780,#5781);
#5780 = CARTESIAN_POINT('',(0.,0.));
#5781 = VECTOR('',#5782,1.);
#5782 = DIRECTION('',(0.,1.));
#5783 = ( GEOMETRIC_REPRESENTATION_CONTEXT(2) 
PARAMETRIC_REPRESENTATION_CONTEXT() REPRESENTATION_CONTEXT('2D SPACE',''
  ) );
#5784 = ORIENTED_EDGE('',*,*,#1896,.T.);
#5785 = ORIENTED_EDGE('',*,*,#5717,.T.);
#5786 = ORIENTED_EDGE('',*,*,#5787,.T.);
#5787 = EDGE_CURVE('',#5718,#5763,#5788,.T.);
#5788 = SURFACE_CURVE('',#5789,(#5798,#5810),.PCURVE_S1.);
#5789 = B_SPLINE_CURVE_WITH_KNOTS('',7,(#5790,#5791,#5792,#5793,#5794,
    #5795,#5796,#5797),.UNSPECIFIED.,.F.,.F.,(8,8),(0.,1.),
  .PIECEWISE_BEZIER_KNOTS.);
#5790 = CARTESIAN_POINT('',(32.32,2.,27.));
#5791 = CARTESIAN_POINT('',(32.32,2.021429280551,27.021429280551));
#5792 = CARTESIAN_POINT('',(32.32,2.042858314393,27.042858314393));
#5793 = CARTESIAN_POINT('',(32.32,2.064287173575,27.064287173575));
#5794 = CARTESIAN_POINT('',(32.32,2.085715657991,27.085715657991));
#5795 = CARTESIAN_POINT('',(32.32,2.107144081663,27.107144081664));
#5796 = CARTESIAN_POINT('',(32.32,2.128572139321,27.128572139321));
#5797 = CARTESIAN_POINT('',(32.32,2.15,27.15));
#5798 = PCURVE('',#1913,#5799);
#5799 = DEFINITIONAL_REPRESENTATION('',(#5800),#5809);
#5800 = B_SPLINE_CURVE_WITH_KNOTS('',7,(#5801,#5802,#5803,#5804,#5805,
    #5806,#5807,#5808),.UNSPECIFIED.,.F.,.F.,(8,8),(0.,1.),
  .PIECEWISE_BEZIER_KNOTS.);
#5801 = CARTESIAN_POINT('',(2.15,-2.15));
#5802 = CARTESIAN_POINT('',(2.171429280551,-2.171429280551));
#5803 = CARTESIAN_POINT('',(2.192858314393,-2.192858314393));
#5804 = CARTESIAN_POINT('',(2.214287173575,-2.214287173575));
#5805 = CARTESIAN_POINT('',(2.235715657991,-2.235715657991));
#5806 = CARTESIAN_POINT('',(2.257144081664,-2.257144081663));
#5807 = CARTESIAN_POINT('',(2.278572139321,-2.278572139321));
#5808 = CARTESIAN_POINT('',(2.3,-2.3));
#5809 = ( GEOMETRIC_REPRESENTATION_CONTEXT(2) 
PARAMETRIC_REPRESENTATION_CONTEXT() REPRESENTATION_CONTEXT('2D SPACE',''
  ) );
#5810 = PCURVE('',#3090,#5811);
#5811 = DEFINITIONAL_REPRESENTATION('',(#5812),#5821);
#5812 = B_SPLINE_CURVE_WITH_KNOTS('',7,(#5813,#5814,#5815,#5816,#5817,
    #5818,#5819,#5820),.UNSPECIFIED.,.F.,.F.,(8,8),(0.,1.),
  .PIECEWISE_BEZIER_KNOTS.);
#5813 = CARTESIAN_POINT('',(30.32,0.));
#5814 = CARTESIAN_POINT('',(30.316843851603,1.948116413769E-03));
#5815 = CARTESIAN_POINT('',(30.313684344964,3.896210399394E-03));
#5816 = CARTESIAN_POINT('',(30.310522442801,5.844288506842E-03));
#5817 = CARTESIAN_POINT('',(30.307355469326,7.792332544681E-03));
#5818 = CARTESIAN_POINT('',(30.30418764519,9.740371060318E-03));
#5819 = CARTESIAN_POINT('',(30.301014871537,1.168837630193E-02));
#5820 = CARTESIAN_POINT('',(30.297839421054,1.363636363636E-02));
#5821 = ( GEOMETRIC_REPRESENTATION_CONTEXT(2) 
PARAMETRIC_REPRESENTATION_CONTEXT() REPRESENTATION_CONTEXT('2D SPACE',''
  ) );
#5822 = ADVANCED_FACE('',(#5823),#1944,.F.);
#5823 = FACE_BOUND('',#5824,.F.);
#5824 = EDGE_LOOP('',(#5825,#5826,#5827,#5850));
#5825 = ORIENTED_EDGE('',*,*,#5762,.F.);
#5826 = ORIENTED_EDGE('',*,*,#1929,.F.);
#5827 = ORIENTED_EDGE('',*,*,#5828,.T.);
#5828 = EDGE_CURVE('',#1930,#5829,#5831,.T.);
#5829 = VERTEX_POINT('',#5830);
#5830 = CARTESIAN_POINT('',(46.68,2.15,27.15));
#5831 = SURFACE_CURVE('',#5832,(#5836,#5843),.PCURVE_S1.);
#5832 = LINE('',#5833,#5834);
#5833 = CARTESIAN_POINT('',(46.68,-0.15,27.15));
#5834 = VECTOR('',#5835,1.);
#5835 = DIRECTION('',(0.,1.,0.));
#5836 = PCURVE('',#1944,#5837);
#5837 = DEFINITIONAL_REPRESENTATION('',(#5838),#5842);
#5838 = LINE('',#5839,#5840);
#5839 = CARTESIAN_POINT('',(14.36,0.));
#5840 = VECTOR('',#5841,1.);
#5841 = DIRECTION('',(0.,1.));
#5842 = ( GEOMETRIC_REPRESENTATION_CONTEXT(2) 
PARAMETRIC_REPRESENTATION_CONTEXT() REPRESENTATION_CONTEXT('2D SPACE',''
  ) );
#5843 = PCURVE('',#1972,#5844);
#5844 = DEFINITIONAL_REPRESENTATION('',(#5845),#5849);
#5845 = LINE('',#5846,#5847);
#5846 = CARTESIAN_POINT('',(2.3,0.));
#5847 = VECTOR('',#5848,1.);
#5848 = DIRECTION('',(0.,-1.));
#5849 = ( GEOMETRIC_REPRESENTATION_CONTEXT(2) 
PARAMETRIC_REPRESENTATION_CONTEXT() REPRESENTATION_CONTEXT('2D SPACE',''
  ) );
#5850 = ORIENTED_EDGE('',*,*,#5851,.F.);
#5851 = EDGE_CURVE('',#5763,#5829,#5852,.T.);
#5852 = SURFACE_CURVE('',#5853,(#5857,#5864),.PCURVE_S1.);
#5853 = LINE('',#5854,#5855);
#5854 = CARTESIAN_POINT('',(32.32,2.15,27.15));
#5855 = VECTOR('',#5856,1.);
#5856 = DIRECTION('',(1.,0.,0.));
#5857 = PCURVE('',#1944,#5858);
#5858 = DEFINITIONAL_REPRESENTATION('',(#5859),#5863);
#5859 = LINE('',#5860,#5861);
#5860 = CARTESIAN_POINT('',(0.,2.3));
#5861 = VECTOR('',#5862,1.);
#5862 = DIRECTION('',(1.,0.));
#5863 = ( GEOMETRIC_REPRESENTATION_CONTEXT(2) 
PARAMETRIC_REPRESENTATION_CONTEXT() REPRESENTATION_CONTEXT('2D SPACE',''
  ) );
#5864 = PCURVE('',#3090,#5865);
#5865 = DEFINITIONAL_REPRESENTATION('',(#5866),#5870);
#5866 = B_SPLINE_CURVE_WITH_KNOTS('',2,(#5867,#5868,#5869),
  .UNSPECIFIED.,.F.,.F.,(3,3),(0.,14.36),.PIECEWISE_BEZIER_KNOTS.);
#5867 = CARTESIAN_POINT('',(30.297839506173,1.363636363636E-02));
#5868 = CARTESIAN_POINT('',(37.5,1.363636363636E-02));
#5869 = CARTESIAN_POINT('',(44.702160493827,1.363636363636E-02));
#5870 = ( GEOMETRIC_REPRESENTATION_CONTEXT(2) 
PARAMETRIC_REPRESENTATION_CONTEXT() REPRESENTATION_CONTEXT('2D SPACE',''
  ) );
#5871 = ADVANCED_FACE('',(#5872),#1972,.F.);
#5872 = FACE_BOUND('',#5873,.F.);
#5873 = EDGE_LOOP('',(#5874,#5875,#5876,#5897));
#5874 = ORIENTED_EDGE('',*,*,#5828,.F.);
#5875 = ORIENTED_EDGE('',*,*,#1955,.T.);
#5876 = ORIENTED_EDGE('',*,*,#5877,.T.);
#5877 = EDGE_CURVE('',#1956,#5878,#5880,.T.);
#5878 = VERTEX_POINT('',#5879);
#5879 = CARTESIAN_POINT('',(46.68,2.,27.));
#5880 = SURFACE_CURVE('',#5881,(#5885,#5891),.PCURVE_S1.);
#5881 = LINE('',#5882,#5883);
#5882 = CARTESIAN_POINT('',(46.68,2.,25.925));
#5883 = VECTOR('',#5884,1.);
#5884 = DIRECTION('',(-0.,0.,1.));
#5885 = PCURVE('',#1972,#5886);
#5886 = DEFINITIONAL_REPRESENTATION('',(#5887),#5890);
#5887 = B_SPLINE_CURVE_WITH_KNOTS('',1,(#5888,#5889),.UNSPECIFIED.,.F.,
  .F.,(2,2),(-0.925,1.075),.PIECEWISE_BEZIER_KNOTS.);
#5888 = CARTESIAN_POINT('',(0.15,-2.15));
#5889 = CARTESIAN_POINT('',(2.15,-2.15));
#5890 = ( GEOMETRIC_REPRESENTATION_CONTEXT(2) 
PARAMETRIC_REPRESENTATION_CONTEXT() REPRESENTATION_CONTEXT('2D SPACE',''
  ) );
#5891 = PCURVE('',#2003,#5892);
#5892 = DEFINITIONAL_REPRESENTATION('',(#5893),#5896);
#5893 = B_SPLINE_CURVE_WITH_KNOTS('',1,(#5894,#5895),.UNSPECIFIED.,.F.,
  .F.,(2,2),(-0.925,1.075),.PIECEWISE_BEZIER_KNOTS.);
#5894 = CARTESIAN_POINT('',(44.68,-2.));
#5895 = CARTESIAN_POINT('',(44.68,0.));
#5896 = ( GEOMETRIC_REPRESENTATION_CONTEXT(2) 
PARAMETRIC_REPRESENTATION_CONTEXT() REPRESENTATION_CONTEXT('2D SPACE',''
  ) );
#5897 = ORIENTED_EDGE('',*,*,#5898,.T.);
#5898 = EDGE_CURVE('',#5878,#5829,#5899,.T.);
#5899 = SURFACE_CURVE('',#5900,(#5909,#5921),.PCURVE_S1.);
#5900 = B_SPLINE_CURVE_WITH_KNOTS('',7,(#5901,#5902,#5903,#5904,#5905,
    #5906,#5907,#5908),.UNSPECIFIED.,.F.,.F.,(8,8),(0.,1.),
  .PIECEWISE_BEZIER_KNOTS.);
#5901 = CARTESIAN_POINT('',(46.68,2.,27.));
#5902 = CARTESIAN_POINT('',(46.68,2.021429280551,27.021429280551));
#5903 = CARTESIAN_POINT('',(46.68,2.042858314393,27.042858314393));
#5904 = CARTESIAN_POINT('',(46.68,2.064287173575,27.064287173575));
#5905 = CARTESIAN_POINT('',(46.68,2.085715657991,27.085715657991));
#5906 = CARTESIAN_POINT('',(46.68,2.107144081664,27.107144081664));
#5907 = CARTESIAN_POINT('',(46.68,2.128572139321,27.128572139321));
#5908 = CARTESIAN_POINT('',(46.68,2.15,27.15));
#5909 = PCURVE('',#1972,#5910);
#5910 = DEFINITIONAL_REPRESENTATION('',(#5911),#5920);
#5911 = B_SPLINE_CURVE_WITH_KNOTS('',7,(#5912,#5913,#5914,#5915,#5916,
    #5917,#5918,#5919),.UNSPECIFIED.,.F.,.F.,(8,8),(0.,1.),
  .PIECEWISE_BEZIER_KNOTS.);
#5912 = CARTESIAN_POINT('',(2.15,-2.15));
#5913 = CARTESIAN_POINT('',(2.171429280551,-2.171429280551));
#5914 = CARTESIAN_POINT('',(2.192858314393,-2.192858314393));
#5915 = CARTESIAN_POINT('',(2.214287173575,-2.214287173575));
#5916 = CARTESIAN_POINT('',(2.235715657991,-2.235715657991));
#5917 = CARTESIAN_POINT('',(2.257144081664,-2.257144081664));
#5918 = CARTESIAN_POINT('',(2.278572139321,-2.278572139321));
#5919 = CARTESIAN_POINT('',(2.3,-2.3));
#5920 = ( GEOMETRIC_REPRESENTATION_CONTEXT(2) 
PARAMETRIC_REPRESENTATION_CONTEXT() REPRESENTATION_CONTEXT('2D SPACE',''
  ) );
#5921 = PCURVE('',#3090,#5922);
#5922 = DEFINITIONAL_REPRESENTATION('',(#5923),#5932);
#5923 = B_SPLINE_CURVE_WITH_KNOTS('',7,(#5924,#5925,#5926,#5927,#5928,
    #5929,#5930,#5931),.UNSPECIFIED.,.F.,.F.,(8,8),(0.,1.),
  .PIECEWISE_BEZIER_KNOTS.);
#5924 = CARTESIAN_POINT('',(44.68,0.));
#5925 = CARTESIAN_POINT('',(44.683156148397,1.948116413769E-03));
#5926 = CARTESIAN_POINT('',(44.686315655036,3.896210399394E-03));
#5927 = CARTESIAN_POINT('',(44.689477557199,5.844288506843E-03));
#5928 = CARTESIAN_POINT('',(44.692644530674,7.79233254468E-03));
#5929 = CARTESIAN_POINT('',(44.69581235481,9.740371060319E-03));
#5930 = CARTESIAN_POINT('',(44.698985128463,1.168837630193E-02));
#5931 = CARTESIAN_POINT('',(44.702160578946,1.363636363636E-02));
#5932 = ( GEOMETRIC_REPRESENTATION_CONTEXT(2) 
PARAMETRIC_REPRESENTATION_CONTEXT() REPRESENTATION_CONTEXT('2D SPACE',''
  ) );
#5933 = ADVANCED_FACE('',(#5934),#2003,.F.);
#5934 = FACE_BOUND('',#5935,.F.);
#5935 = EDGE_LOOP('',(#5936,#5937,#5938,#5939));
#5936 = ORIENTED_EDGE('',*,*,#5877,.F.);
#5937 = ORIENTED_EDGE('',*,*,#1988,.F.);
#5938 = ORIENTED_EDGE('',*,*,#3316,.T.);
#5939 = ORIENTED_EDGE('',*,*,#5940,.F.);
#5940 = EDGE_CURVE('',#5878,#3243,#5941,.T.);
#5941 = SURFACE_CURVE('',#5942,(#5946,#5953),.PCURVE_S1.);
#5942 = LINE('',#5943,#5944);
#5943 = CARTESIAN_POINT('',(2.,2.,27.));
#5944 = VECTOR('',#5945,1.);
#5945 = DIRECTION('',(1.,0.,0.));
#5946 = PCURVE('',#2003,#5947);
#5947 = DEFINITIONAL_REPRESENTATION('',(#5948),#5952);
#5948 = LINE('',#5949,#5950);
#5949 = CARTESIAN_POINT('',(0.,0.));
#5950 = VECTOR('',#5951,1.);
#5951 = DIRECTION('',(1.,0.));
#5952 = ( GEOMETRIC_REPRESENTATION_CONTEXT(2) 
PARAMETRIC_REPRESENTATION_CONTEXT() REPRESENTATION_CONTEXT('2D SPACE',''
  ) );
#5953 = PCURVE('',#3090,#5954);
#5954 = DEFINITIONAL_REPRESENTATION('',(#5955),#5959);
#5955 = LINE('',#5956,#5957);
#5956 = CARTESIAN_POINT('',(0.,0.));
#5957 = VECTOR('',#5958,1.);
#5958 = DIRECTION('',(1.,0.));
#5959 = ( GEOMETRIC_REPRESENTATION_CONTEXT(2) 
PARAMETRIC_REPRESENTATION_CONTEXT() REPRESENTATION_CONTEXT('2D SPACE',''
  ) );
#5960 = ADVANCED_FACE('',(#5961),#2108,.F.);
#5961 = FACE_BOUND('',#5962,.F.);
#5962 = EDGE_LOOP('',(#5963,#5964,#5965,#5986));
#5963 = ORIENTED_EDGE('',*,*,#3119,.F.);
#5964 = ORIENTED_EDGE('',*,*,#2093,.F.);
#5965 = ORIENTED_EDGE('',*,*,#5966,.T.);
#5966 = EDGE_CURVE('',#2094,#5967,#5969,.T.);
#5967 = VERTEX_POINT('',#5968);
#5968 = CARTESIAN_POINT('',(61.04,2.,27.));
#5969 = SURFACE_CURVE('',#5970,(#5974,#5980),.PCURVE_S1.);
#5970 = LINE('',#5971,#5972);
#5971 = CARTESIAN_POINT('',(61.04,2.,25.925));
#5972 = VECTOR('',#5973,1.);
#5973 = DIRECTION('',(-0.,0.,1.));
#5974 = PCURVE('',#2108,#5975);
#5975 = DEFINITIONAL_REPRESENTATION('',(#5976),#5979);
#5976 = B_SPLINE_CURVE_WITH_KNOTS('',1,(#5977,#5978),.UNSPECIFIED.,.F.,
  .F.,(2,2),(-0.925,1.075),.PIECEWISE_BEZIER_KNOTS.);
#5977 = CARTESIAN_POINT('',(59.04,-2.));
#5978 = CARTESIAN_POINT('',(59.04,0.));
#5979 = ( GEOMETRIC_REPRESENTATION_CONTEXT(2) 
PARAMETRIC_REPRESENTATION_CONTEXT() REPRESENTATION_CONTEXT('2D SPACE',''
  ) );
#5980 = PCURVE('',#2136,#5981);
#5981 = DEFINITIONAL_REPRESENTATION('',(#5982),#5985);
#5982 = B_SPLINE_CURVE_WITH_KNOTS('',1,(#5983,#5984),.UNSPECIFIED.,.F.,
  .F.,(2,2),(-0.925,1.075),.PIECEWISE_BEZIER_KNOTS.);
#5983 = CARTESIAN_POINT('',(0.15,-2.15));
#5984 = CARTESIAN_POINT('',(2.15,-2.15));
#5985 = ( GEOMETRIC_REPRESENTATION_CONTEXT(2) 
PARAMETRIC_REPRESENTATION_CONTEXT() REPRESENTATION_CONTEXT('2D SPACE',''
  ) );
#5986 = ORIENTED_EDGE('',*,*,#5987,.F.);
#5987 = EDGE_CURVE('',#3041,#5967,#5988,.T.);
#5988 = SURFACE_CURVE('',#5989,(#5993,#6000),.PCURVE_S1.);
#5989 = LINE('',#5990,#5991);
#5990 = CARTESIAN_POINT('',(2.,2.,27.));
#5991 = VECTOR('',#5992,1.);
#5992 = DIRECTION('',(1.,0.,0.));
#5993 = PCURVE('',#2108,#5994);
#5994 = DEFINITIONAL_REPRESENTATION('',(#5995),#5999);
#5995 = LINE('',#5996,#5997);
#5996 = CARTESIAN_POINT('',(0.,0.));
#5997 = VECTOR('',#5998,1.);
#5998 = DIRECTION('',(1.,0.));
#5999 = ( GEOMETRIC_REPRESENTATION_CONTEXT(2) 
PARAMETRIC_REPRESENTATION_CONTEXT() REPRESENTATION_CONTEXT('2D SPACE',''
  ) );
#6000 = PCURVE('',#3090,#6001);
#6001 = DEFINITIONAL_REPRESENTATION('',(#6002),#6006);
#6002 = LINE('',#6003,#6004);
#6003 = CARTESIAN_POINT('',(0.,0.));
#6004 = VECTOR('',#6005,1.);
#6005 = DIRECTION('',(1.,0.));
#6006 = ( GEOMETRIC_REPRESENTATION_CONTEXT(2) 
PARAMETRIC_REPRESENTATION_CONTEXT() REPRESENTATION_CONTEXT('2D SPACE',''
  ) );
#6007 = ADVANCED_FACE('',(#6008),#2136,.T.);
#6008 = FACE_BOUND('',#6009,.T.);
#6009 = EDGE_LOOP('',(#6010,#6033,#6034,#6035));
#6010 = ORIENTED_EDGE('',*,*,#6011,.F.);
#6011 = EDGE_CURVE('',#2120,#6012,#6014,.T.);
#6012 = VERTEX_POINT('',#6013);
#6013 = CARTESIAN_POINT('',(61.04,2.15,27.15));
#6014 = SURFACE_CURVE('',#6015,(#6019,#6026),.PCURVE_S1.);
#6015 = LINE('',#6016,#6017);
#6016 = CARTESIAN_POINT('',(61.04,-0.15,27.15));
#6017 = VECTOR('',#6018,1.);
#6018 = DIRECTION('',(0.,1.,0.));
#6019 = PCURVE('',#2136,#6020);
#6020 = DEFINITIONAL_REPRESENTATION('',(#6021),#6025);
#6021 = LINE('',#6022,#6023);
#6022 = CARTESIAN_POINT('',(2.3,0.));
#6023 = VECTOR('',#6024,1.);
#6024 = DIRECTION('',(0.,-1.));
#6025 = ( GEOMETRIC_REPRESENTATION_CONTEXT(2) 
PARAMETRIC_REPRESENTATION_CONTEXT() REPRESENTATION_CONTEXT('2D SPACE',''
  ) );
#6026 = PCURVE('',#2167,#6027);
#6027 = DEFINITIONAL_REPRESENTATION('',(#6028),#6032);
#6028 = LINE('',#6029,#6030);
#6029 = CARTESIAN_POINT('',(0.,0.));
#6030 = VECTOR('',#6031,1.);
#6031 = DIRECTION('',(0.,1.));
#6032 = ( GEOMETRIC_REPRESENTATION_CONTEXT(2) 
PARAMETRIC_REPRESENTATION_CONTEXT() REPRESENTATION_CONTEXT('2D SPACE',''
  ) );
#6033 = ORIENTED_EDGE('',*,*,#2119,.T.);
#6034 = ORIENTED_EDGE('',*,*,#5966,.T.);
#6035 = ORIENTED_EDGE('',*,*,#6036,.T.);
#6036 = EDGE_CURVE('',#5967,#6012,#6037,.T.);
#6037 = SURFACE_CURVE('',#6038,(#6047,#6059),.PCURVE_S1.);
#6038 = B_SPLINE_CURVE_WITH_KNOTS('',4,(#6039,#6040,#6041,#6042,#6043,
    #6044,#6045,#6046),.UNSPECIFIED.,.F.,.F.,(5,3,5),(0.,0.513188444712,
    1.),.UNSPECIFIED.);
#6039 = CARTESIAN_POINT('',(61.04,2.,27.));
#6040 = CARTESIAN_POINT('',(61.04,2.019245834151,27.01924583415));
#6041 = CARTESIAN_POINT('',(61.04,2.038491665753,27.038491665753));
#6042 = CARTESIAN_POINT('',(61.04,2.057737494804,27.057737494804));
#6043 = CARTESIAN_POINT('',(61.04,2.09523994969,27.09523994969));
#6044 = CARTESIAN_POINT('',(61.04,2.113495016163,27.113495016163));
#6045 = CARTESIAN_POINT('',(61.04,2.131748268701,27.131748268701));
#6046 = CARTESIAN_POINT('',(61.04,2.15,27.15));
#6047 = PCURVE('',#2136,#6048);
#6048 = DEFINITIONAL_REPRESENTATION('',(#6049),#6058);
#6049 = B_SPLINE_CURVE_WITH_KNOTS('',4,(#6050,#6051,#6052,#6053,#6054,
    #6055,#6056,#6057),.UNSPECIFIED.,.F.,.F.,(5,3,5),(0.,0.513188444712,
    1.),.UNSPECIFIED.);
#6050 = CARTESIAN_POINT('',(2.15,-2.15));
#6051 = CARTESIAN_POINT('',(2.16924583415,-2.169245834151));
#6052 = CARTESIAN_POINT('',(2.188491665753,-2.188491665753));
#6053 = CARTESIAN_POINT('',(2.207737494804,-2.207737494804));
#6054 = CARTESIAN_POINT('',(2.24523994969,-2.24523994969));
#6055 = CARTESIAN_POINT('',(2.263495016163,-2.263495016163));
#6056 = CARTESIAN_POINT('',(2.281748268701,-2.281748268701));
#6057 = CARTESIAN_POINT('',(2.3,-2.3));
#6058 = ( GEOMETRIC_REPRESENTATION_CONTEXT(2) 
PARAMETRIC_REPRESENTATION_CONTEXT() REPRESENTATION_CONTEXT('2D SPACE',''
  ) );
#6059 = PCURVE('',#3090,#6060);
#6060 = DEFINITIONAL_REPRESENTATION('',(#6061),#6070);
#6061 = B_SPLINE_CURVE_WITH_KNOTS('',4,(#6062,#6063,#6064,#6065,#6066,
    #6067,#6068,#6069),.UNSPECIFIED.,.F.,.F.,(5,3,5),(0.,0.513188444712,
    1.),.UNSPECIFIED.);
#6062 = CARTESIAN_POINT('',(59.04,0.));
#6063 = CARTESIAN_POINT('',(59.048503697797,1.749621286409E-03));
#6064 = CARTESIAN_POINT('',(59.057016346851,3.499242341155E-03));
#6065 = CARTESIAN_POINT('',(59.065537968362,5.248863163965E-03));
#6066 = CARTESIAN_POINT('',(59.082160741902,8.658177244545E-03));
#6067 = CARTESIAN_POINT('',(59.090259981953,1.031772874211E-02));
#6068 = CARTESIAN_POINT('',(59.098367421794,1.197711533646E-02));
#6069 = CARTESIAN_POINT('',(59.106481736588,1.363636363636E-02));
#6070 = ( GEOMETRIC_REPRESENTATION_CONTEXT(2) 
PARAMETRIC_REPRESENTATION_CONTEXT() REPRESENTATION_CONTEXT('2D SPACE',''
  ) );
#6071 = ADVANCED_FACE('',(#6072),#2167,.F.);
#6072 = FACE_BOUND('',#6073,.F.);
#6073 = EDGE_LOOP('',(#6074,#6075,#6076,#6099));
#6074 = ORIENTED_EDGE('',*,*,#6011,.F.);
#6075 = ORIENTED_EDGE('',*,*,#2152,.F.);
#6076 = ORIENTED_EDGE('',*,*,#6077,.T.);
#6077 = EDGE_CURVE('',#2153,#6078,#6080,.T.);
#6078 = VERTEX_POINT('',#6079);
#6079 = CARTESIAN_POINT('',(75.4,2.15,27.15));
#6080 = SURFACE_CURVE('',#6081,(#6085,#6092),.PCURVE_S1.);
#6081 = LINE('',#6082,#6083);
#6082 = CARTESIAN_POINT('',(75.4,-0.15,27.15));
#6083 = VECTOR('',#6084,1.);
#6084 = DIRECTION('',(0.,1.,0.));
#6085 = PCURVE('',#2167,#6086);
#6086 = DEFINITIONAL_REPRESENTATION('',(#6087),#6091);
#6087 = LINE('',#6088,#6089);
#6088 = CARTESIAN_POINT('',(14.36,0.));
#6089 = VECTOR('',#6090,1.);
#6090 = DIRECTION('',(0.,1.));
#6091 = ( GEOMETRIC_REPRESENTATION_CONTEXT(2) 
PARAMETRIC_REPRESENTATION_CONTEXT() REPRESENTATION_CONTEXT('2D SPACE',''
  ) );
#6092 = PCURVE('',#2195,#6093);
#6093 = DEFINITIONAL_REPRESENTATION('',(#6094),#6098);
#6094 = LINE('',#6095,#6096);
#6095 = CARTESIAN_POINT('',(2.3,0.));
#6096 = VECTOR('',#6097,1.);
#6097 = DIRECTION('',(0.,-1.));
#6098 = ( GEOMETRIC_REPRESENTATION_CONTEXT(2) 
PARAMETRIC_REPRESENTATION_CONTEXT() REPRESENTATION_CONTEXT('2D SPACE',''
  ) );
#6099 = ORIENTED_EDGE('',*,*,#6100,.F.);
#6100 = EDGE_CURVE('',#6012,#6078,#6101,.T.);
#6101 = SURFACE_CURVE('',#6102,(#6106,#6113),.PCURVE_S1.);
#6102 = LINE('',#6103,#6104);
#6103 = CARTESIAN_POINT('',(61.04,2.15,27.15));
#6104 = VECTOR('',#6105,1.);
#6105 = DIRECTION('',(1.,0.,0.));
#6106 = PCURVE('',#2167,#6107);
#6107 = DEFINITIONAL_REPRESENTATION('',(#6108),#6112);
#6108 = LINE('',#6109,#6110);
#6109 = CARTESIAN_POINT('',(0.,2.3));
#6110 = VECTOR('',#6111,1.);
#6111 = DIRECTION('',(1.,0.));
#6112 = ( GEOMETRIC_REPRESENTATION_CONTEXT(2) 
PARAMETRIC_REPRESENTATION_CONTEXT() REPRESENTATION_CONTEXT('2D SPACE',''
  ) );
#6113 = PCURVE('',#3090,#6114);
#6114 = DEFINITIONAL_REPRESENTATION('',(#6115),#6119);
#6115 = B_SPLINE_CURVE_WITH_KNOTS('',2,(#6116,#6117,#6118),
  .UNSPECIFIED.,.F.,.F.,(3,3),(0.,14.36),.PIECEWISE_BEZIER_KNOTS.);
#6116 = CARTESIAN_POINT('',(59.106481481481,1.363636363636E-02));
#6117 = CARTESIAN_POINT('',(66.308641975309,1.363636363636E-02));
#6118 = CARTESIAN_POINT('',(73.510802469136,1.363636363636E-02));
#6119 = ( GEOMETRIC_REPRESENTATION_CONTEXT(2) 
PARAMETRIC_REPRESENTATION_CONTEXT() REPRESENTATION_CONTEXT('2D SPACE',''
  ) );
#6120 = ADVANCED_FACE('',(#6121),#2195,.F.);
#6121 = FACE_BOUND('',#6122,.F.);
#6122 = EDGE_LOOP('',(#6123,#6124,#6125,#6146));
#6123 = ORIENTED_EDGE('',*,*,#6077,.F.);
#6124 = ORIENTED_EDGE('',*,*,#2178,.T.);
#6125 = ORIENTED_EDGE('',*,*,#6126,.T.);
#6126 = EDGE_CURVE('',#2179,#6127,#6129,.T.);
#6127 = VERTEX_POINT('',#6128);
#6128 = CARTESIAN_POINT('',(75.4,2.,27.));
#6129 = SURFACE_CURVE('',#6130,(#6134,#6140),.PCURVE_S1.);
#6130 = LINE('',#6131,#6132);
#6131 = CARTESIAN_POINT('',(75.4,2.,25.925));
#6132 = VECTOR('',#6133,1.);
#6133 = DIRECTION('',(-0.,0.,1.));
#6134 = PCURVE('',#2195,#6135);
#6135 = DEFINITIONAL_REPRESENTATION('',(#6136),#6139);
#6136 = B_SPLINE_CURVE_WITH_KNOTS('',1,(#6137,#6138),.UNSPECIFIED.,.F.,
  .F.,(2,2),(-0.925,1.075),.PIECEWISE_BEZIER_KNOTS.);
#6137 = CARTESIAN_POINT('',(0.15,-2.15));
#6138 = CARTESIAN_POINT('',(2.15,-2.15));
#6139 = ( GEOMETRIC_REPRESENTATION_CONTEXT(2) 
PARAMETRIC_REPRESENTATION_CONTEXT() REPRESENTATION_CONTEXT('2D SPACE',''
  ) );
#6140 = PCURVE('',#2226,#6141);
#6141 = DEFINITIONAL_REPRESENTATION('',(#6142),#6145);
#6142 = B_SPLINE_CURVE_WITH_KNOTS('',1,(#6143,#6144),.UNSPECIFIED.,.F.,
  .F.,(2,2),(-0.925,1.075),.PIECEWISE_BEZIER_KNOTS.);
#6143 = CARTESIAN_POINT('',(73.4,-2.));
#6144 = CARTESIAN_POINT('',(73.4,0.));
#6145 = ( GEOMETRIC_REPRESENTATION_CONTEXT(2) 
PARAMETRIC_REPRESENTATION_CONTEXT() REPRESENTATION_CONTEXT('2D SPACE',''
  ) );
#6146 = ORIENTED_EDGE('',*,*,#6147,.T.);
#6147 = EDGE_CURVE('',#6127,#6078,#6148,.T.);
#6148 = SURFACE_CURVE('',#6149,(#6155,#6164),.PCURVE_S1.);
#6149 = B_SPLINE_CURVE_WITH_KNOTS('',4,(#6150,#6151,#6152,#6153,#6154),
  .UNSPECIFIED.,.F.,.F.,(5,5),(0.,1.),.PIECEWISE_BEZIER_KNOTS.);
#6150 = CARTESIAN_POINT('',(75.4,2.,27.));
#6151 = CARTESIAN_POINT('',(75.4,2.037524648618,27.037524648618));
#6152 = CARTESIAN_POINT('',(75.4,2.075032920356,27.075032920356));
#6153 = CARTESIAN_POINT('',(75.4,2.112524732091,27.112524732091));
#6154 = CARTESIAN_POINT('',(75.4,2.15,27.15));
#6155 = PCURVE('',#2195,#6156);
#6156 = DEFINITIONAL_REPRESENTATION('',(#6157),#6163);
#6157 = B_SPLINE_CURVE_WITH_KNOTS('',4,(#6158,#6159,#6160,#6161,#6162),
  .UNSPECIFIED.,.F.,.F.,(5,5),(0.,1.),.PIECEWISE_BEZIER_KNOTS.);
#6158 = CARTESIAN_POINT('',(2.15,-2.15));
#6159 = CARTESIAN_POINT('',(2.187524648618,-2.187524648618));
#6160 = CARTESIAN_POINT('',(2.225032920356,-2.225032920356));
#6161 = CARTESIAN_POINT('',(2.262524732091,-2.262524732091));
#6162 = CARTESIAN_POINT('',(2.3,-2.3));
#6163 = ( GEOMETRIC_REPRESENTATION_CONTEXT(2) 
PARAMETRIC_REPRESENTATION_CONTEXT() REPRESENTATION_CONTEXT('2D SPACE',''
  ) );
#6164 = PCURVE('',#3090,#6165);
#6165 = DEFINITIONAL_REPRESENTATION('',(#6166),#6172);
#6166 = B_SPLINE_CURVE_WITH_KNOTS('',4,(#6167,#6168,#6169,#6170,#6171),
  .UNSPECIFIED.,.F.,.F.,(5,5),(0.,1.),.PIECEWISE_BEZIER_KNOTS.);
#6167 = CARTESIAN_POINT('',(73.4,0.));
#6168 = CARTESIAN_POINT('',(73.427633536111,3.411331692564E-03));
#6169 = CARTESIAN_POINT('',(73.455311733553,6.821174577788E-03));
#6170 = CARTESIAN_POINT('',(73.483034681684,1.022952109914E-02));
#6171 = CARTESIAN_POINT('',(73.510802469136,1.363636363636E-02));
#6172 = ( GEOMETRIC_REPRESENTATION_CONTEXT(2) 
PARAMETRIC_REPRESENTATION_CONTEXT() REPRESENTATION_CONTEXT('2D SPACE',''
  ) );
#6173 = ADVANCED_FACE('',(#6174),#2226,.F.);
#6174 = FACE_BOUND('',#6175,.F.);
#6175 = EDGE_LOOP('',(#6176,#6177,#6178,#6198));
#6176 = ORIENTED_EDGE('',*,*,#6126,.F.);
#6177 = ORIENTED_EDGE('',*,*,#2211,.F.);
#6178 = ORIENTED_EDGE('',*,*,#6179,.T.);
#6179 = EDGE_CURVE('',#2212,#6180,#6182,.T.);
#6180 = VERTEX_POINT('',#6181);
#6181 = CARTESIAN_POINT('',(77.,2.,27.));
#6182 = SURFACE_CURVE('',#6183,(#6186,#6192),.PCURVE_S1.);
#6183 = B_SPLINE_CURVE_WITH_KNOTS('',1,(#6184,#6185),.UNSPECIFIED.,.F.,
  .F.,(2,2),(0.,1.),.PIECEWISE_BEZIER_KNOTS.);
#6184 = CARTESIAN_POINT('',(77.,2.,24.85));
#6185 = CARTESIAN_POINT('',(77.,2.,27.));
#6186 = PCURVE('',#2226,#6187);
#6187 = DEFINITIONAL_REPRESENTATION('',(#6188),#6191);
#6188 = B_SPLINE_CURVE_WITH_KNOTS('',1,(#6189,#6190),.UNSPECIFIED.,.F.,
  .F.,(2,2),(0.,1.),.PIECEWISE_BEZIER_KNOTS.);
#6189 = CARTESIAN_POINT('',(75.,-2.15));
#6190 = CARTESIAN_POINT('',(75.,0.));
#6191 = ( GEOMETRIC_REPRESENTATION_CONTEXT(2) 
PARAMETRIC_REPRESENTATION_CONTEXT() REPRESENTATION_CONTEXT('2D SPACE',''
  ) );
#6192 = PCURVE('',#2254,#6193);
#6193 = DEFINITIONAL_REPRESENTATION('',(#6194),#6197);
#6194 = B_SPLINE_CURVE_WITH_KNOTS('',1,(#6195,#6196),.UNSPECIFIED.,.F.,
  .F.,(2,2),(0.,1.),.PIECEWISE_BEZIER_KNOTS.);
#6195 = CARTESIAN_POINT('',(0.,-2.15));
#6196 = CARTESIAN_POINT('',(0.,0.));
#6197 = ( GEOMETRIC_REPRESENTATION_CONTEXT(2) 
PARAMETRIC_REPRESENTATION_CONTEXT() REPRESENTATION_CONTEXT('2D SPACE',''
  ) );
#6198 = ORIENTED_EDGE('',*,*,#6199,.F.);
#6199 = EDGE_CURVE('',#6127,#6180,#6200,.T.);
#6200 = SURFACE_CURVE('',#6201,(#6205,#6212),.PCURVE_S1.);
#6201 = LINE('',#6202,#6203);
#6202 = CARTESIAN_POINT('',(2.,2.,27.));
#6203 = VECTOR('',#6204,1.);
#6204 = DIRECTION('',(1.,0.,0.));
#6205 = PCURVE('',#2226,#6206);
#6206 = DEFINITIONAL_REPRESENTATION('',(#6207),#6211);
#6207 = LINE('',#6208,#6209);
#6208 = CARTESIAN_POINT('',(0.,0.));
#6209 = VECTOR('',#6210,1.);
#6210 = DIRECTION('',(1.,0.));
#6211 = ( GEOMETRIC_REPRESENTATION_CONTEXT(2) 
PARAMETRIC_REPRESENTATION_CONTEXT() REPRESENTATION_CONTEXT('2D SPACE',''
  ) );
#6212 = PCURVE('',#3090,#6213);
#6213 = DEFINITIONAL_REPRESENTATION('',(#6214),#6218);
#6214 = LINE('',#6215,#6216);
#6215 = CARTESIAN_POINT('',(0.,0.));
#6216 = VECTOR('',#6217,1.);
#6217 = DIRECTION('',(1.,0.));
#6218 = ( GEOMETRIC_REPRESENTATION_CONTEXT(2) 
PARAMETRIC_REPRESENTATION_CONTEXT() REPRESENTATION_CONTEXT('2D SPACE',''
  ) );
#6219 = ADVANCED_FACE('',(#6220),#2254,.F.);
#6220 = FACE_BOUND('',#6221,.F.);
#6221 = EDGE_LOOP('',(#6222,#6249,#6270,#6290,#6316,#6317,#6318));
#6222 = ORIENTED_EDGE('',*,*,#6223,.F.);
#6223 = EDGE_CURVE('',#6224,#6226,#6228,.T.);
#6224 = VERTEX_POINT('',#6225);
#6225 = CARTESIAN_POINT('',(77.,2.,25.));
#6226 = VERTEX_POINT('',#6227);
#6227 = CARTESIAN_POINT('',(77.,2.,25.443223563717));
#6228 = SURFACE_CURVE('',#6229,(#6232,#6238),.PCURVE_S1.);
#6229 = B_SPLINE_CURVE_WITH_KNOTS('',1,(#6230,#6231),.UNSPECIFIED.,.F.,
  .F.,(2,2),(0.,1.),.PIECEWISE_BEZIER_KNOTS.);
#6230 = CARTESIAN_POINT('',(77.,2.,24.85));
#6231 = CARTESIAN_POINT('',(77.,2.,27.));
#6232 = PCURVE('',#2254,#6233);
#6233 = DEFINITIONAL_REPRESENTATION('',(#6234),#6237);
#6234 = B_SPLINE_CURVE_WITH_KNOTS('',1,(#6235,#6236),.UNSPECIFIED.,.F.,
  .F.,(2,2),(0.,1.),.PIECEWISE_BEZIER_KNOTS.);
#6235 = CARTESIAN_POINT('',(0.,-2.15));
#6236 = CARTESIAN_POINT('',(0.,0.));
#6237 = ( GEOMETRIC_REPRESENTATION_CONTEXT(2) 
PARAMETRIC_REPRESENTATION_CONTEXT() REPRESENTATION_CONTEXT('2D SPACE',''
  ) );
#6238 = PCURVE('',#6239,#6244);
#6239 = PLANE('',#6240);
#6240 = AXIS2_PLACEMENT_3D('',#6241,#6242,#6243);
#6241 = CARTESIAN_POINT('',(2.,2.,27.));
#6242 = DIRECTION('',(0.,-1.,0.));
#6243 = DIRECTION('',(1.,0.,0.));
#6244 = DEFINITIONAL_REPRESENTATION('',(#6245),#6248);
#6245 = B_SPLINE_CURVE_WITH_KNOTS('',1,(#6246,#6247),.UNSPECIFIED.,.F.,
  .F.,(2,2),(0.,1.),.PIECEWISE_BEZIER_KNOTS.);
#6246 = CARTESIAN_POINT('',(75.,-2.15));
#6247 = CARTESIAN_POINT('',(75.,0.));
#6248 = ( GEOMETRIC_REPRESENTATION_CONTEXT(2) 
PARAMETRIC_REPRESENTATION_CONTEXT() REPRESENTATION_CONTEXT('2D SPACE',''
  ) );
#6249 = ORIENTED_EDGE('',*,*,#6250,.F.);
#6250 = EDGE_CURVE('',#6251,#6224,#6253,.T.);
#6251 = VERTEX_POINT('',#6252);
#6252 = CARTESIAN_POINT('',(77.,93.,25.));
#6253 = SURFACE_CURVE('',#6254,(#6258,#6264),.PCURVE_S1.);
#6254 = LINE('',#6255,#6256);
#6255 = CARTESIAN_POINT('',(77.,1.,25.));
#6256 = VECTOR('',#6257,1.);
#6257 = DIRECTION('',(0.,-1.,0.));
#6258 = PCURVE('',#2254,#6259);
#6259 = DEFINITIONAL_REPRESENTATION('',(#6260),#6263);
#6260 = B_SPLINE_CURVE_WITH_KNOTS('',1,(#6261,#6262),.UNSPECIFIED.,.F.,
  .F.,(2,2),(-92.,-1.),.PIECEWISE_BEZIER_KNOTS.);
#6261 = CARTESIAN_POINT('',(91.,-2.));
#6262 = CARTESIAN_POINT('',(0.,-2.));
#6263 = ( GEOMETRIC_REPRESENTATION_CONTEXT(2) 
PARAMETRIC_REPRESENTATION_CONTEXT() REPRESENTATION_CONTEXT('2D SPACE',''
  ) );
#6264 = PCURVE('',#5212,#6265);
#6265 = DEFINITIONAL_REPRESENTATION('',(#6266),#6269);
#6266 = B_SPLINE_CURVE_WITH_KNOTS('',1,(#6267,#6268),.UNSPECIFIED.,.F.,
  .F.,(2,2),(-92.,-1.),.PIECEWISE_BEZIER_KNOTS.);
#6267 = CARTESIAN_POINT('',(120.73911099074,-0.258992596307));
#6268 = CARTESIAN_POINT('',(50.770642394754,57.925312867727));
#6269 = ( GEOMETRIC_REPRESENTATION_CONTEXT(2) 
PARAMETRIC_REPRESENTATION_CONTEXT() REPRESENTATION_CONTEXT('2D SPACE',''
  ) );
#6270 = ORIENTED_EDGE('',*,*,#6271,.T.);
#6271 = EDGE_CURVE('',#6251,#6272,#6274,.T.);
#6272 = VERTEX_POINT('',#6273);
#6273 = CARTESIAN_POINT('',(77.,93.,27.));
#6274 = SURFACE_CURVE('',#6275,(#6278,#6284),.PCURVE_S1.);
#6275 = B_SPLINE_CURVE_WITH_KNOTS('',1,(#6276,#6277),.UNSPECIFIED.,.F.,
  .F.,(2,2),(0.,1.),.PIECEWISE_BEZIER_KNOTS.);
#6276 = CARTESIAN_POINT('',(77.,93.,24.85));
#6277 = CARTESIAN_POINT('',(77.,93.,27.));
#6278 = PCURVE('',#2254,#6279);
#6279 = DEFINITIONAL_REPRESENTATION('',(#6280),#6283);
#6280 = B_SPLINE_CURVE_WITH_KNOTS('',1,(#6281,#6282),.UNSPECIFIED.,.F.,
  .F.,(2,2),(0.,1.),.PIECEWISE_BEZIER_KNOTS.);
#6281 = CARTESIAN_POINT('',(91.,-2.15));
#6282 = CARTESIAN_POINT('',(91.,0.));
#6283 = ( GEOMETRIC_REPRESENTATION_CONTEXT(2) 
PARAMETRIC_REPRESENTATION_CONTEXT() REPRESENTATION_CONTEXT('2D SPACE',''
  ) );
#6284 = PCURVE('',#5374,#6285);
#6285 = DEFINITIONAL_REPRESENTATION('',(#6286),#6289);
#6286 = B_SPLINE_CURVE_WITH_KNOTS('',1,(#6287,#6288),.UNSPECIFIED.,.F.,
  .F.,(2,2),(0.,1.),.PIECEWISE_BEZIER_KNOTS.);
#6287 = CARTESIAN_POINT('',(0.,-2.15));
#6288 = CARTESIAN_POINT('',(0.,0.));
#6289 = ( GEOMETRIC_REPRESENTATION_CONTEXT(2) 
PARAMETRIC_REPRESENTATION_CONTEXT() REPRESENTATION_CONTEXT('2D SPACE',''
  ) );
#6290 = ORIENTED_EDGE('',*,*,#6291,.F.);
#6291 = EDGE_CURVE('',#6180,#6272,#6292,.T.);
#6292 = SURFACE_CURVE('',#6293,(#6297,#6304),.PCURVE_S1.);
#6293 = LINE('',#6294,#6295);
#6294 = CARTESIAN_POINT('',(77.,2.,27.));
#6295 = VECTOR('',#6296,1.);
#6296 = DIRECTION('',(0.,1.,0.));
#6297 = PCURVE('',#2254,#6298);
#6298 = DEFINITIONAL_REPRESENTATION('',(#6299),#6303);
#6299 = LINE('',#6300,#6301);
#6300 = CARTESIAN_POINT('',(0.,0.));
#6301 = VECTOR('',#6302,1.);
#6302 = DIRECTION('',(1.,0.));
#6303 = ( GEOMETRIC_REPRESENTATION_CONTEXT(2) 
PARAMETRIC_REPRESENTATION_CONTEXT() REPRESENTATION_CONTEXT('2D SPACE',''
  ) );
#6304 = PCURVE('',#6305,#6310);
#6305 = B_SPLINE_SURFACE_WITH_KNOTS('',1,1,(
    (#6306,#6307)
    ,(#6308,#6309
    )),.UNSPECIFIED.,.F.,.F.,.F.,(2,2),(2,2),(0.,91.),(0.,1.),
  .PIECEWISE_BEZIER_KNOTS.);
#6306 = CARTESIAN_POINT('',(77.,2.,27.));
#6307 = CARTESIAN_POINT('',(68.538461538462,13.,38.));
#6308 = CARTESIAN_POINT('',(77.,93.,27.));
#6309 = CARTESIAN_POINT('',(68.538461538462,91.307692307692,38.));
#6310 = DEFINITIONAL_REPRESENTATION('',(#6311),#6315);
#6311 = LINE('',#6312,#6313);
#6312 = CARTESIAN_POINT('',(0.,0.));
#6313 = VECTOR('',#6314,1.);
#6314 = DIRECTION('',(1.,0.));
#6315 = ( GEOMETRIC_REPRESENTATION_CONTEXT(2) 
PARAMETRIC_REPRESENTATION_CONTEXT() REPRESENTATION_CONTEXT('2D SPACE',''
  ) );
#6316 = ORIENTED_EDGE('',*,*,#6179,.F.);
#6317 = ORIENTED_EDGE('',*,*,#2237,.T.);
#6318 = ORIENTED_EDGE('',*,*,#6319,.T.);
#6319 = EDGE_CURVE('',#2238,#6226,#6320,.T.);
#6320 = SURFACE_CURVE('',#6321,(#6326,#6337),.PCURVE_S1.);
#6321 = CIRCLE('',#6322,1.6);
#6322 = AXIS2_PLACEMENT_3D('',#6323,#6324,#6325);
#6323 = CARTESIAN_POINT('',(77.,0.5,26.));
#6324 = DIRECTION('',(-1.,0.,0.));
#6325 = DIRECTION('',(0.,1.,0.));
#6326 = PCURVE('',#2254,#6327);
#6327 = DEFINITIONAL_REPRESENTATION('',(#6328),#6336);
#6328 = ( BOUNDED_CURVE() B_SPLINE_CURVE(2,(#6329,#6330,#6331,#6332,
#6333,#6334,#6335),.UNSPECIFIED.,.T.,.F.) B_SPLINE_CURVE_WITH_KNOTS((1,2
    ,2,2,2,1),(-2.094395102393,0.,2.094395102393,4.188790204786,
6.28318530718,8.377580409573),.UNSPECIFIED.) CURVE() 
GEOMETRIC_REPRESENTATION_ITEM() RATIONAL_B_SPLINE_CURVE((1.,0.5,1.,0.5,
1.,0.5,1.)) REPRESENTATION_ITEM('') );
#6329 = CARTESIAN_POINT('',(0.1,-1.));
#6330 = CARTESIAN_POINT('',(0.1,-3.77128129211));
#6331 = CARTESIAN_POINT('',(-2.3,-2.385640646055));
#6332 = CARTESIAN_POINT('',(-4.7,-1.));
#6333 = CARTESIAN_POINT('',(-2.3,0.385640646055));
#6334 = CARTESIAN_POINT('',(1.E-01,1.77128129211));
#6335 = CARTESIAN_POINT('',(0.1,-1.));
#6336 = ( GEOMETRIC_REPRESENTATION_CONTEXT(2) 
PARAMETRIC_REPRESENTATION_CONTEXT() REPRESENTATION_CONTEXT('2D SPACE',''
  ) );
#6337 = PCURVE('',#2286,#6338);
#6338 = DEFINITIONAL_REPRESENTATION('',(#6339),#6343);
#6339 = LINE('',#6340,#6341);
#6340 = CARTESIAN_POINT('',(-6.28318530718,-78.));
#6341 = VECTOR('',#6342,1.);
#6342 = DIRECTION('',(1.,-0.));
#6343 = ( GEOMETRIC_REPRESENTATION_CONTEXT(2) 
PARAMETRIC_REPRESENTATION_CONTEXT() REPRESENTATION_CONTEXT('2D SPACE',''
  ) );
#6344 = ADVANCED_FACE('',(#6345),#2286,.F.);
#6345 = FACE_BOUND('',#6346,.T.);
#6346 = EDGE_LOOP('',(#6347,#6348,#6369,#6402,#6423,#6449));
#6347 = ORIENTED_EDGE('',*,*,#6319,.T.);
#6348 = ORIENTED_EDGE('',*,*,#6349,.T.);
#6349 = EDGE_CURVE('',#6226,#6350,#6352,.T.);
#6350 = VERTEX_POINT('',#6351);
#6351 = CARTESIAN_POINT('',(75.4,2.,25.443223563717));
#6352 = SURFACE_CURVE('',#6353,(#6357,#6363),.PCURVE_S1.);
#6353 = LINE('',#6354,#6355);
#6354 = CARTESIAN_POINT('',(-1.,2.,25.443223563717));
#6355 = VECTOR('',#6356,1.);
#6356 = DIRECTION('',(-1.,-0.,-0.));
#6357 = PCURVE('',#2286,#6358);
#6358 = DEFINITIONAL_REPRESENTATION('',(#6359),#6362);
#6359 = B_SPLINE_CURVE_WITH_KNOTS('',1,(#6360,#6361),.UNSPECIFIED.,.F.,
  .F.,(2,2),(-78.16,-76.24),.PIECEWISE_BEZIER_KNOTS.);
#6360 = CARTESIAN_POINT('',(-5.927764105489,-78.16));
#6361 = CARTESIAN_POINT('',(-5.927764105489,-76.24));
#6362 = ( GEOMETRIC_REPRESENTATION_CONTEXT(2) 
PARAMETRIC_REPRESENTATION_CONTEXT() REPRESENTATION_CONTEXT('2D SPACE',''
  ) );
#6363 = PCURVE('',#6239,#6364);
#6364 = DEFINITIONAL_REPRESENTATION('',(#6365),#6368);
#6365 = B_SPLINE_CURVE_WITH_KNOTS('',1,(#6366,#6367),.UNSPECIFIED.,.F.,
  .F.,(2,2),(-78.16,-76.24),.PIECEWISE_BEZIER_KNOTS.);
#6366 = CARTESIAN_POINT('',(75.16,-1.556776436283));
#6367 = CARTESIAN_POINT('',(73.24,-1.556776436283));
#6368 = ( GEOMETRIC_REPRESENTATION_CONTEXT(2) 
PARAMETRIC_REPRESENTATION_CONTEXT() REPRESENTATION_CONTEXT('2D SPACE',''
  ) );
#6369 = ORIENTED_EDGE('',*,*,#6370,.T.);
#6370 = EDGE_CURVE('',#6350,#6371,#6373,.T.);
#6371 = VERTEX_POINT('',#6372);
#6372 = CARTESIAN_POINT('',(75.4,1.74899959968,25.));
#6373 = SURFACE_CURVE('',#6374,(#6379,#6386),.PCURVE_S1.);
#6374 = CIRCLE('',#6375,1.6);
#6375 = AXIS2_PLACEMENT_3D('',#6376,#6377,#6378);
#6376 = CARTESIAN_POINT('',(75.4,0.5,26.));
#6377 = DIRECTION('',(-1.,0.,0.));
#6378 = DIRECTION('',(0.,1.,0.));
#6379 = PCURVE('',#2286,#6380);
#6380 = DEFINITIONAL_REPRESENTATION('',(#6381),#6385);
#6381 = LINE('',#6382,#6383);
#6382 = CARTESIAN_POINT('',(-6.28318530718,-76.4));
#6383 = VECTOR('',#6384,1.);
#6384 = DIRECTION('',(1.,-0.));
#6385 = ( GEOMETRIC_REPRESENTATION_CONTEXT(2) 
PARAMETRIC_REPRESENTATION_CONTEXT() REPRESENTATION_CONTEXT('2D SPACE',''
  ) );
#6386 = PCURVE('',#6387,#6392);
#6387 = PLANE('',#6388);
#6388 = AXIS2_PLACEMENT_3D('',#6389,#6390,#6391);
#6389 = CARTESIAN_POINT('',(75.4,-0.15,24.85));
#6390 = DIRECTION('',(1.,0.,0.));
#6391 = DIRECTION('',(0.,0.,1.));
#6392 = DEFINITIONAL_REPRESENTATION('',(#6393),#6401);
#6393 = ( BOUNDED_CURVE() B_SPLINE_CURVE(2,(#6394,#6395,#6396,#6397,
#6398,#6399,#6400),.UNSPECIFIED.,.T.,.F.) B_SPLINE_CURVE_WITH_KNOTS((1,2
    ,2,2,2,1),(-2.094395102393,0.,2.094395102393,4.188790204786,
6.28318530718,8.377580409573),.UNSPECIFIED.) CURVE() 
GEOMETRIC_REPRESENTATION_ITEM() RATIONAL_B_SPLINE_CURVE((1.,0.5,1.,0.5,
1.,0.5,1.)) REPRESENTATION_ITEM('') );
#6394 = CARTESIAN_POINT('',(1.15,-2.25));
#6395 = CARTESIAN_POINT('',(-1.62128129211,-2.25));
#6396 = CARTESIAN_POINT('',(-0.235640646055,0.15));
#6397 = CARTESIAN_POINT('',(1.15,2.55));
#6398 = CARTESIAN_POINT('',(2.535640646055,0.15));
#6399 = CARTESIAN_POINT('',(3.92128129211,-2.25));
#6400 = CARTESIAN_POINT('',(1.15,-2.25));
#6401 = ( GEOMETRIC_REPRESENTATION_CONTEXT(2) 
PARAMETRIC_REPRESENTATION_CONTEXT() REPRESENTATION_CONTEXT('2D SPACE',''
  ) );
#6402 = ORIENTED_EDGE('',*,*,#6403,.F.);
#6403 = EDGE_CURVE('',#6404,#6371,#6406,.T.);
#6404 = VERTEX_POINT('',#6405);
#6405 = CARTESIAN_POINT('',(79.,1.74899959968,25.));
#6406 = SURFACE_CURVE('',#6407,(#6411,#6417),.PCURVE_S1.);
#6407 = LINE('',#6408,#6409);
#6408 = CARTESIAN_POINT('',(-1.,1.74899959968,25.));
#6409 = VECTOR('',#6410,1.);
#6410 = DIRECTION('',(-1.,-0.,-0.));
#6411 = PCURVE('',#2286,#6412);
#6412 = DEFINITIONAL_REPRESENTATION('',(#6413),#6416);
#6413 = B_SPLINE_CURVE_WITH_KNOTS('',1,(#6414,#6415),.UNSPECIFIED.,.F.,
  .F.,(2,2),(-81.0000006,5.999999999062E-07),.PIECEWISE_BEZIER_KNOTS.);
#6414 = CARTESIAN_POINT('',(-5.608053774243,-81.0000006));
#6415 = CARTESIAN_POINT('',(-5.608053774243,5.999999999062E-07));
#6416 = ( GEOMETRIC_REPRESENTATION_CONTEXT(2) 
PARAMETRIC_REPRESENTATION_CONTEXT() REPRESENTATION_CONTEXT('2D SPACE',''
  ) );
#6417 = PCURVE('',#5212,#6418);
#6418 = DEFINITIONAL_REPRESENTATION('',(#6419),#6422);
#6419 = B_SPLINE_CURVE_WITH_KNOTS('',1,(#6420,#6421),.UNSPECIFIED.,.F.,
  .F.,(2,2),(-81.0000006,5.999999999062E-07),.PIECEWISE_BEZIER_KNOTS.);
#6420 = CARTESIAN_POINT('',(52.495816435141,60.39245277688));
#6421 = CARTESIAN_POINT('',(0.705389925165,-1.887174038915));
#6422 = ( GEOMETRIC_REPRESENTATION_CONTEXT(2) 
PARAMETRIC_REPRESENTATION_CONTEXT() REPRESENTATION_CONTEXT('2D SPACE',''
  ) );
#6423 = ORIENTED_EDGE('',*,*,#6424,.F.);
#6424 = EDGE_CURVE('',#2271,#6404,#6425,.T.);
#6425 = SURFACE_CURVE('',#6426,(#6431,#6438),.PCURVE_S1.);
#6426 = CIRCLE('',#6427,1.6);
#6427 = AXIS2_PLACEMENT_3D('',#6428,#6429,#6430);
#6428 = CARTESIAN_POINT('',(79.,0.5,26.));
#6429 = DIRECTION('',(-1.,0.,0.));
#6430 = DIRECTION('',(0.,1.,0.));
#6431 = PCURVE('',#2286,#6432);
#6432 = DEFINITIONAL_REPRESENTATION('',(#6433),#6437);
#6433 = LINE('',#6434,#6435);
#6434 = CARTESIAN_POINT('',(-6.28318530718,-80.));
#6435 = VECTOR('',#6436,1.);
#6436 = DIRECTION('',(1.,-0.));
#6437 = ( GEOMETRIC_REPRESENTATION_CONTEXT(2) 
PARAMETRIC_REPRESENTATION_CONTEXT() REPRESENTATION_CONTEXT('2D SPACE',''
  ) );
#6438 = PCURVE('',#2315,#6439);
#6439 = DEFINITIONAL_REPRESENTATION('',(#6440),#6448);
#6440 = ( BOUNDED_CURVE() B_SPLINE_CURVE(2,(#6441,#6442,#6443,#6444,
#6445,#6446,#6447),.UNSPECIFIED.,.T.,.F.) B_SPLINE_CURVE_WITH_KNOTS((1,2
    ,2,2,2,1),(-2.094395102393,0.,2.094395102393,4.188790204786,
6.28318530718,8.377580409573),.UNSPECIFIED.) CURVE() 
GEOMETRIC_REPRESENTATION_ITEM() RATIONAL_B_SPLINE_CURVE((1.,0.5,1.,0.5,
1.,0.5,1.)) REPRESENTATION_ITEM('') );
#6441 = CARTESIAN_POINT('',(2.1,-1.));
#6442 = CARTESIAN_POINT('',(2.1,-3.77128129211));
#6443 = CARTESIAN_POINT('',(-0.3,-2.385640646055));
#6444 = CARTESIAN_POINT('',(-2.7,-1.));
#6445 = CARTESIAN_POINT('',(-0.3,0.385640646055));
#6446 = CARTESIAN_POINT('',(2.1,1.77128129211));
#6447 = CARTESIAN_POINT('',(2.1,-1.));
#6448 = ( GEOMETRIC_REPRESENTATION_CONTEXT(2) 
PARAMETRIC_REPRESENTATION_CONTEXT() REPRESENTATION_CONTEXT('2D SPACE',''
  ) );
#6449 = ORIENTED_EDGE('',*,*,#2270,.F.);
#6450 = ADVANCED_FACE('',(#6451),#2315,.T.);
#6451 = FACE_BOUND('',#6452,.T.);
#6452 = EDGE_LOOP('',(#6453,#6454,#6477,#6495,#6496));
#6453 = ORIENTED_EDGE('',*,*,#6424,.T.);
#6454 = ORIENTED_EDGE('',*,*,#6455,.T.);
#6455 = EDGE_CURVE('',#6404,#6456,#6458,.T.);
#6456 = VERTEX_POINT('',#6457);
#6457 = CARTESIAN_POINT('',(79.,95.,25.));
#6458 = SURFACE_CURVE('',#6459,(#6463,#6470),.PCURVE_S1.);
#6459 = LINE('',#6460,#6461);
#6460 = CARTESIAN_POINT('',(79.,0.,25.));
#6461 = VECTOR('',#6462,1.);
#6462 = DIRECTION('',(0.,1.,0.));
#6463 = PCURVE('',#2315,#6464);
#6464 = DEFINITIONAL_REPRESENTATION('',(#6465),#6469);
#6465 = LINE('',#6466,#6467);
#6466 = CARTESIAN_POINT('',(0.,-2.));
#6467 = VECTOR('',#6468,1.);
#6468 = DIRECTION('',(1.,0.));
#6469 = ( GEOMETRIC_REPRESENTATION_CONTEXT(2) 
PARAMETRIC_REPRESENTATION_CONTEXT() REPRESENTATION_CONTEXT('2D SPACE',''
  ) );
#6470 = PCURVE('',#5212,#6471);
#6471 = DEFINITIONAL_REPRESENTATION('',(#6472),#6476);
#6472 = LINE('',#6473,#6474);
#6473 = CARTESIAN_POINT('',(50.511649798447,60.741857352563));
#6474 = VECTOR('',#6475,1.);
#6475 = DIRECTION('',(0.768884270286,-0.639387972132));
#6476 = ( GEOMETRIC_REPRESENTATION_CONTEXT(2) 
PARAMETRIC_REPRESENTATION_CONTEXT() REPRESENTATION_CONTEXT('2D SPACE',''
  ) );
#6477 = ORIENTED_EDGE('',*,*,#6478,.T.);
#6478 = EDGE_CURVE('',#6456,#4615,#6479,.T.);
#6479 = SURFACE_CURVE('',#6480,(#6483,#6489),.PCURVE_S1.);
#6480 = B_SPLINE_CURVE_WITH_KNOTS('',1,(#6481,#6482),.UNSPECIFIED.,.F.,
  .F.,(2,2),(0.,1.),.PIECEWISE_BEZIER_KNOTS.);
#6481 = CARTESIAN_POINT('',(79.,95.,25.));
#6482 = CARTESIAN_POINT('',(79.,95.,27.));
#6483 = PCURVE('',#2315,#6484);
#6484 = DEFINITIONAL_REPRESENTATION('',(#6485),#6488);
#6485 = B_SPLINE_CURVE_WITH_KNOTS('',1,(#6486,#6487),.UNSPECIFIED.,.F.,
  .F.,(2,2),(0.,1.),.PIECEWISE_BEZIER_KNOTS.);
#6486 = CARTESIAN_POINT('',(95.,-2.));
#6487 = CARTESIAN_POINT('',(95.,0.));
#6488 = ( GEOMETRIC_REPRESENTATION_CONTEXT(2) 
PARAMETRIC_REPRESENTATION_CONTEXT() REPRESENTATION_CONTEXT('2D SPACE',''
  ) );
#6489 = PCURVE('',#5185,#6490);
#6490 = DEFINITIONAL_REPRESENTATION('',(#6491),#6494);
#6491 = B_SPLINE_CURVE_WITH_KNOTS('',1,(#6492,#6493),.UNSPECIFIED.,.F.,
  .F.,(2,2),(0.,1.),.PIECEWISE_BEZIER_KNOTS.);
#6492 = CARTESIAN_POINT('',(0.,-2.));
#6493 = CARTESIAN_POINT('',(0.,0.));
#6494 = ( GEOMETRIC_REPRESENTATION_CONTEXT(2) 
PARAMETRIC_REPRESENTATION_CONTEXT() REPRESENTATION_CONTEXT('2D SPACE',''
  ) );
#6495 = ORIENTED_EDGE('',*,*,#4833,.F.);
#6496 = ORIENTED_EDGE('',*,*,#2298,.T.);
#6497 = ADVANCED_FACE('',(#6498),#2435,.T.);
#6498 = FACE_BOUND('',#6499,.T.);
#6499 = EDGE_LOOP('',(#6500,#6521,#6540,#6541));
#6500 = ORIENTED_EDGE('',*,*,#6501,.F.);
#6501 = EDGE_CURVE('',#6502,#3141,#6504,.T.);
#6502 = VERTEX_POINT('',#6503);
#6503 = CARTESIAN_POINT('',(61.04,2.,25.));
#6504 = SURFACE_CURVE('',#6505,(#6509,#6515),.PCURVE_S1.);
#6505 = LINE('',#6506,#6507);
#6506 = CARTESIAN_POINT('',(1.,2.,25.));
#6507 = VECTOR('',#6508,1.);
#6508 = DIRECTION('',(-1.,-0.,-0.));
#6509 = PCURVE('',#2435,#6510);
#6510 = DEFINITIONAL_REPRESENTATION('',(#6511),#6514);
#6511 = B_SPLINE_CURVE_WITH_KNOTS('',1,(#6512,#6513),.UNSPECIFIED.,.F.,
  .F.,(2,2),(-76.,-1.),.PIECEWISE_BEZIER_KNOTS.);
#6512 = CARTESIAN_POINT('',(50.770642394754,57.925312867727));
#6513 = CARTESIAN_POINT('',(2.816544484836,0.258992596307));
#6514 = ( GEOMETRIC_REPRESENTATION_CONTEXT(2) 
PARAMETRIC_REPRESENTATION_CONTEXT() REPRESENTATION_CONTEXT('2D SPACE',''
  ) );
#6515 = PCURVE('',#2494,#6516);
#6516 = DEFINITIONAL_REPRESENTATION('',(#6517),#6520);
#6517 = B_SPLINE_CURVE_WITH_KNOTS('',1,(#6518,#6519),.UNSPECIFIED.,.F.,
  .F.,(2,2),(-76.,-1.),.PIECEWISE_BEZIER_KNOTS.);
#6518 = CARTESIAN_POINT('',(75.,-2.));
#6519 = CARTESIAN_POINT('',(0.,-2.));
#6520 = ( GEOMETRIC_REPRESENTATION_CONTEXT(2) 
PARAMETRIC_REPRESENTATION_CONTEXT() REPRESENTATION_CONTEXT('2D SPACE',''
  ) );
#6521 = ORIENTED_EDGE('',*,*,#6522,.T.);
#6522 = EDGE_CURVE('',#6502,#2421,#6523,.T.);
#6523 = SURFACE_CURVE('',#6524,(#6528,#6534),.PCURVE_S1.);
#6524 = LINE('',#6525,#6526);
#6525 = CARTESIAN_POINT('',(61.04,-7.5E-02,25.));
#6526 = VECTOR('',#6527,1.);
#6527 = DIRECTION('',(0.,-1.,0.));
#6528 = PCURVE('',#2435,#6529);
#6529 = DEFINITIONAL_REPRESENTATION('',(#6530),#6533);
#6530 = B_SPLINE_CURVE_WITH_KNOTS('',1,(#6531,#6532),.UNSPECIFIED.,.F.,
  .F.,(2,2),(-2.225,7.5E-02),.PIECEWISE_BEZIER_KNOTS.);
#6531 = CARTESIAN_POINT('',(40.681343000066,45.558011718149));
#6532 = CARTESIAN_POINT('',(38.912909178409,47.028604054053));
#6533 = ( GEOMETRIC_REPRESENTATION_CONTEXT(2) 
PARAMETRIC_REPRESENTATION_CONTEXT() REPRESENTATION_CONTEXT('2D SPACE',''
  ) );
#6534 = PCURVE('',#2463,#6535);
#6535 = DEFINITIONAL_REPRESENTATION('',(#6536),#6539);
#6536 = B_SPLINE_CURVE_WITH_KNOTS('',1,(#6537,#6538),.UNSPECIFIED.,.F.,
  .F.,(2,2),(-2.225,7.5E-02),.PIECEWISE_BEZIER_KNOTS.);
#6537 = CARTESIAN_POINT('',(0.15,-2.3));
#6538 = CARTESIAN_POINT('',(0.15,0.));
#6539 = ( GEOMETRIC_REPRESENTATION_CONTEXT(2) 
PARAMETRIC_REPRESENTATION_CONTEXT() REPRESENTATION_CONTEXT('2D SPACE',''
  ) );
#6540 = ORIENTED_EDGE('',*,*,#2420,.T.);
#6541 = ORIENTED_EDGE('',*,*,#3161,.F.);
#6542 = ADVANCED_FACE('',(#6543),#2463,.T.);
#6543 = FACE_BOUND('',#6544,.T.);
#6544 = EDGE_LOOP('',(#6545,#6564,#6565));
#6545 = ORIENTED_EDGE('',*,*,#6546,.T.);
#6546 = EDGE_CURVE('',#6502,#2447,#6547,.T.);
#6547 = SURFACE_CURVE('',#6548,(#6552,#6558),.PCURVE_S1.);
#6548 = LINE('',#6549,#6550);
#6549 = CARTESIAN_POINT('',(61.04,2.,25.925));
#6550 = VECTOR('',#6551,1.);
#6551 = DIRECTION('',(-0.,0.,1.));
#6552 = PCURVE('',#2463,#6553);
#6553 = DEFINITIONAL_REPRESENTATION('',(#6554),#6557);
#6554 = B_SPLINE_CURVE_WITH_KNOTS('',1,(#6555,#6556),.UNSPECIFIED.,.F.,
  .F.,(2,2),(-0.925,1.075),.PIECEWISE_BEZIER_KNOTS.);
#6555 = CARTESIAN_POINT('',(0.15,-2.15));
#6556 = CARTESIAN_POINT('',(2.15,-2.15));
#6557 = ( GEOMETRIC_REPRESENTATION_CONTEXT(2) 
PARAMETRIC_REPRESENTATION_CONTEXT() REPRESENTATION_CONTEXT('2D SPACE',''
  ) );
#6558 = PCURVE('',#2494,#6559);
#6559 = DEFINITIONAL_REPRESENTATION('',(#6560),#6563);
#6560 = B_SPLINE_CURVE_WITH_KNOTS('',1,(#6561,#6562),.UNSPECIFIED.,.F.,
  .F.,(2,2),(-0.925,1.075),.PIECEWISE_BEZIER_KNOTS.);
#6561 = CARTESIAN_POINT('',(59.04,-2.));
#6562 = CARTESIAN_POINT('',(59.04,0.));
#6563 = ( GEOMETRIC_REPRESENTATION_CONTEXT(2) 
PARAMETRIC_REPRESENTATION_CONTEXT() REPRESENTATION_CONTEXT('2D SPACE',''
  ) );
#6564 = ORIENTED_EDGE('',*,*,#2446,.T.);
#6565 = ORIENTED_EDGE('',*,*,#6522,.F.);
#6566 = ADVANCED_FACE('',(#6567),#2494,.F.);
#6567 = FACE_BOUND('',#6568,.F.);
#6568 = EDGE_LOOP('',(#6569,#6570,#6571,#6572));
#6569 = ORIENTED_EDGE('',*,*,#3140,.F.);
#6570 = ORIENTED_EDGE('',*,*,#6501,.F.);
#6571 = ORIENTED_EDGE('',*,*,#6546,.T.);
#6572 = ORIENTED_EDGE('',*,*,#2479,.T.);
#6573 = ADVANCED_FACE('',(#6574),#2575,.F.);
#6574 = FACE_BOUND('',#6575,.F.);
#6575 = EDGE_LOOP('',(#6576,#6597,#6616,#6617));
#6576 = ORIENTED_EDGE('',*,*,#6577,.F.);
#6577 = EDGE_CURVE('',#6578,#2561,#6580,.T.);
#6578 = VERTEX_POINT('',#6579);
#6579 = CARTESIAN_POINT('',(46.68,2.,25.));
#6580 = SURFACE_CURVE('',#6581,(#6585,#6591),.PCURVE_S1.);
#6581 = LINE('',#6582,#6583);
#6582 = CARTESIAN_POINT('',(46.68,2.,25.925));
#6583 = VECTOR('',#6584,1.);
#6584 = DIRECTION('',(-0.,0.,1.));
#6585 = PCURVE('',#2575,#6586);
#6586 = DEFINITIONAL_REPRESENTATION('',(#6587),#6590);
#6587 = B_SPLINE_CURVE_WITH_KNOTS('',1,(#6588,#6589),.UNSPECIFIED.,.F.,
  .F.,(2,2),(-0.925,1.075),.PIECEWISE_BEZIER_KNOTS.);
#6588 = CARTESIAN_POINT('',(44.68,-2.));
#6589 = CARTESIAN_POINT('',(44.68,0.));
#6590 = ( GEOMETRIC_REPRESENTATION_CONTEXT(2) 
PARAMETRIC_REPRESENTATION_CONTEXT() REPRESENTATION_CONTEXT('2D SPACE',''
  ) );
#6591 = PCURVE('',#2603,#6592);
#6592 = DEFINITIONAL_REPRESENTATION('',(#6593),#6596);
#6593 = B_SPLINE_CURVE_WITH_KNOTS('',1,(#6594,#6595),.UNSPECIFIED.,.F.,
  .F.,(2,2),(-0.925,1.075),.PIECEWISE_BEZIER_KNOTS.);
#6594 = CARTESIAN_POINT('',(0.15,-2.15));
#6595 = CARTESIAN_POINT('',(2.15,-2.15));
#6596 = ( GEOMETRIC_REPRESENTATION_CONTEXT(2) 
PARAMETRIC_REPRESENTATION_CONTEXT() REPRESENTATION_CONTEXT('2D SPACE',''
  ) );
#6597 = ORIENTED_EDGE('',*,*,#6598,.F.);
#6598 = EDGE_CURVE('',#3338,#6578,#6599,.T.);
#6599 = SURFACE_CURVE('',#6600,(#6604,#6610),.PCURVE_S1.);
#6600 = LINE('',#6601,#6602);
#6601 = CARTESIAN_POINT('',(1.,2.,25.));
#6602 = VECTOR('',#6603,1.);
#6603 = DIRECTION('',(-1.,-0.,-0.));
#6604 = PCURVE('',#2575,#6605);
#6605 = DEFINITIONAL_REPRESENTATION('',(#6606),#6609);
#6606 = B_SPLINE_CURVE_WITH_KNOTS('',1,(#6607,#6608),.UNSPECIFIED.,.F.,
  .F.,(2,2),(-76.,-1.),.PIECEWISE_BEZIER_KNOTS.);
#6607 = CARTESIAN_POINT('',(75.,-2.));
#6608 = CARTESIAN_POINT('',(0.,-2.));
#6609 = ( GEOMETRIC_REPRESENTATION_CONTEXT(2) 
PARAMETRIC_REPRESENTATION_CONTEXT() REPRESENTATION_CONTEXT('2D SPACE',''
  ) );
#6610 = PCURVE('',#2634,#6611);
#6611 = DEFINITIONAL_REPRESENTATION('',(#6612),#6615);
#6612 = B_SPLINE_CURVE_WITH_KNOTS('',1,(#6613,#6614),.UNSPECIFIED.,.F.,
  .F.,(2,2),(-76.,-1.),.PIECEWISE_BEZIER_KNOTS.);
#6613 = CARTESIAN_POINT('',(50.770642394754,57.925312867727));
#6614 = CARTESIAN_POINT('',(2.816544484836,0.258992596307));
#6615 = ( GEOMETRIC_REPRESENTATION_CONTEXT(2) 
PARAMETRIC_REPRESENTATION_CONTEXT() REPRESENTATION_CONTEXT('2D SPACE',''
  ) );
#6616 = ORIENTED_EDGE('',*,*,#3337,.T.);
#6617 = ORIENTED_EDGE('',*,*,#2560,.T.);
#6618 = ADVANCED_FACE('',(#6619),#2603,.F.);
#6619 = FACE_BOUND('',#6620,.F.);
#6620 = EDGE_LOOP('',(#6621,#6622,#6623));
#6621 = ORIENTED_EDGE('',*,*,#6577,.T.);
#6622 = ORIENTED_EDGE('',*,*,#2586,.T.);
#6623 = ORIENTED_EDGE('',*,*,#6624,.F.);
#6624 = EDGE_CURVE('',#6578,#2587,#6625,.T.);
#6625 = SURFACE_CURVE('',#6626,(#6630,#6636),.PCURVE_S1.);
#6626 = LINE('',#6627,#6628);
#6627 = CARTESIAN_POINT('',(46.68,-7.5E-02,25.));
#6628 = VECTOR('',#6629,1.);
#6629 = DIRECTION('',(0.,-1.,0.));
#6630 = PCURVE('',#2603,#6631);
#6631 = DEFINITIONAL_REPRESENTATION('',(#6632),#6635);
#6632 = B_SPLINE_CURVE_WITH_KNOTS('',1,(#6633,#6634),.UNSPECIFIED.,.F.,
  .F.,(2,2),(-2.225,7.5E-02),.PIECEWISE_BEZIER_KNOTS.);
#6633 = CARTESIAN_POINT('',(0.15,-2.3));
#6634 = CARTESIAN_POINT('',(0.15,0.));
#6635 = ( GEOMETRIC_REPRESENTATION_CONTEXT(2) 
PARAMETRIC_REPRESENTATION_CONTEXT() REPRESENTATION_CONTEXT('2D SPACE',''
  ) );
#6636 = PCURVE('',#2634,#6637);
#6637 = DEFINITIONAL_REPRESENTATION('',(#6638),#6641);
#6638 = B_SPLINE_CURVE_WITH_KNOTS('',1,(#6639,#6640),.UNSPECIFIED.,.F.,
  .F.,(2,2),(-2.225,7.5E-02),.PIECEWISE_BEZIER_KNOTS.);
#6639 = CARTESIAN_POINT('',(31.499731720247,34.516833596848));
#6640 = CARTESIAN_POINT('',(29.73129789859,35.987425932752));
#6641 = ( GEOMETRIC_REPRESENTATION_CONTEXT(2) 
PARAMETRIC_REPRESENTATION_CONTEXT() REPRESENTATION_CONTEXT('2D SPACE',''
  ) );
#6642 = ADVANCED_FACE('',(#6643),#2634,.T.);
#6643 = FACE_BOUND('',#6644,.T.);
#6644 = EDGE_LOOP('',(#6645,#6646,#6647,#6648));
#6645 = ORIENTED_EDGE('',*,*,#6598,.F.);
#6646 = ORIENTED_EDGE('',*,*,#3358,.T.);
#6647 = ORIENTED_EDGE('',*,*,#2619,.T.);
#6648 = ORIENTED_EDGE('',*,*,#6624,.F.);
#6649 = ADVANCED_FACE('',(#6650),#2715,.T.);
#6650 = FACE_BOUND('',#6651,.T.);
#6651 = EDGE_LOOP('',(#6652,#6673,#6692,#6693));
#6652 = ORIENTED_EDGE('',*,*,#6653,.F.);
#6653 = EDGE_CURVE('',#6654,#3502,#6656,.T.);
#6654 = VERTEX_POINT('',#6655);
#6655 = CARTESIAN_POINT('',(32.32,2.,25.));
#6656 = SURFACE_CURVE('',#6657,(#6661,#6667),.PCURVE_S1.);
#6657 = LINE('',#6658,#6659);
#6658 = CARTESIAN_POINT('',(1.,2.,25.));
#6659 = VECTOR('',#6660,1.);
#6660 = DIRECTION('',(-1.,-0.,-0.));
#6661 = PCURVE('',#2715,#6662);
#6662 = DEFINITIONAL_REPRESENTATION('',(#6663),#6666);
#6663 = B_SPLINE_CURVE_WITH_KNOTS('',1,(#6664,#6665),.UNSPECIFIED.,.F.,
  .F.,(2,2),(-76.,-1.),.PIECEWISE_BEZIER_KNOTS.);
#6664 = CARTESIAN_POINT('',(50.770642394754,57.925312867727));
#6665 = CARTESIAN_POINT('',(2.816544484836,0.258992596307));
#6666 = ( GEOMETRIC_REPRESENTATION_CONTEXT(2) 
PARAMETRIC_REPRESENTATION_CONTEXT() REPRESENTATION_CONTEXT('2D SPACE',''
  ) );
#6667 = PCURVE('',#2774,#6668);
#6668 = DEFINITIONAL_REPRESENTATION('',(#6669),#6672);
#6669 = B_SPLINE_CURVE_WITH_KNOTS('',1,(#6670,#6671),.UNSPECIFIED.,.F.,
  .F.,(2,2),(-76.,-1.),.PIECEWISE_BEZIER_KNOTS.);
#6670 = CARTESIAN_POINT('',(75.,-2.));
#6671 = CARTESIAN_POINT('',(0.,-2.));
#6672 = ( GEOMETRIC_REPRESENTATION_CONTEXT(2) 
PARAMETRIC_REPRESENTATION_CONTEXT() REPRESENTATION_CONTEXT('2D SPACE',''
  ) );
#6673 = ORIENTED_EDGE('',*,*,#6674,.T.);
#6674 = EDGE_CURVE('',#6654,#2701,#6675,.T.);
#6675 = SURFACE_CURVE('',#6676,(#6680,#6686),.PCURVE_S1.);
#6676 = LINE('',#6677,#6678);
#6677 = CARTESIAN_POINT('',(32.32,-7.5E-02,25.));
#6678 = VECTOR('',#6679,1.);
#6679 = DIRECTION('',(0.,-1.,0.));
#6680 = PCURVE('',#2715,#6681);
#6681 = DEFINITIONAL_REPRESENTATION('',(#6682),#6685);
#6682 = B_SPLINE_CURVE_WITH_KNOTS('',1,(#6683,#6684),.UNSPECIFIED.,.F.,
  .F.,(2,2),(-2.225,7.5E-02),.PIECEWISE_BEZIER_KNOTS.);
#6683 = CARTESIAN_POINT('',(22.318120440428,23.475655475546));
#6684 = CARTESIAN_POINT('',(20.549686618771,24.946247811451));
#6685 = ( GEOMETRIC_REPRESENTATION_CONTEXT(2) 
PARAMETRIC_REPRESENTATION_CONTEXT() REPRESENTATION_CONTEXT('2D SPACE',''
  ) );
#6686 = PCURVE('',#2743,#6687);
#6687 = DEFINITIONAL_REPRESENTATION('',(#6688),#6691);
#6688 = B_SPLINE_CURVE_WITH_KNOTS('',1,(#6689,#6690),.UNSPECIFIED.,.F.,
  .F.,(2,2),(-2.225,7.5E-02),.PIECEWISE_BEZIER_KNOTS.);
#6689 = CARTESIAN_POINT('',(0.15,-2.3));
#6690 = CARTESIAN_POINT('',(0.15,0.));
#6691 = ( GEOMETRIC_REPRESENTATION_CONTEXT(2) 
PARAMETRIC_REPRESENTATION_CONTEXT() REPRESENTATION_CONTEXT('2D SPACE',''
  ) );
#6692 = ORIENTED_EDGE('',*,*,#2700,.T.);
#6693 = ORIENTED_EDGE('',*,*,#3522,.F.);
#6694 = ADVANCED_FACE('',(#6695),#2743,.T.);
#6695 = FACE_BOUND('',#6696,.T.);
#6696 = EDGE_LOOP('',(#6697,#6716,#6717));
#6697 = ORIENTED_EDGE('',*,*,#6698,.T.);
#6698 = EDGE_CURVE('',#6654,#2727,#6699,.T.);
#6699 = SURFACE_CURVE('',#6700,(#6704,#6710),.PCURVE_S1.);
#6700 = LINE('',#6701,#6702);
#6701 = CARTESIAN_POINT('',(32.32,2.,25.925));
#6702 = VECTOR('',#6703,1.);
#6703 = DIRECTION('',(-0.,0.,1.));
#6704 = PCURVE('',#2743,#6705);
#6705 = DEFINITIONAL_REPRESENTATION('',(#6706),#6709);
#6706 = B_SPLINE_CURVE_WITH_KNOTS('',1,(#6707,#6708),.UNSPECIFIED.,.F.,
  .F.,(2,2),(-0.925,1.075),.PIECEWISE_BEZIER_KNOTS.);
#6707 = CARTESIAN_POINT('',(0.15,-2.15));
#6708 = CARTESIAN_POINT('',(2.15,-2.15));
#6709 = ( GEOMETRIC_REPRESENTATION_CONTEXT(2) 
PARAMETRIC_REPRESENTATION_CONTEXT() REPRESENTATION_CONTEXT('2D SPACE',''
  ) );
#6710 = PCURVE('',#2774,#6711);
#6711 = DEFINITIONAL_REPRESENTATION('',(#6712),#6715);
#6712 = B_SPLINE_CURVE_WITH_KNOTS('',1,(#6713,#6714),.UNSPECIFIED.,.F.,
  .F.,(2,2),(-0.925,1.075),.PIECEWISE_BEZIER_KNOTS.);
#6713 = CARTESIAN_POINT('',(30.32,-2.));
#6714 = CARTESIAN_POINT('',(30.32,0.));
#6715 = ( GEOMETRIC_REPRESENTATION_CONTEXT(2) 
PARAMETRIC_REPRESENTATION_CONTEXT() REPRESENTATION_CONTEXT('2D SPACE',''
  ) );
#6716 = ORIENTED_EDGE('',*,*,#2726,.T.);
#6717 = ORIENTED_EDGE('',*,*,#6674,.F.);
#6718 = ADVANCED_FACE('',(#6719),#2774,.F.);
#6719 = FACE_BOUND('',#6720,.F.);
#6720 = EDGE_LOOP('',(#6721,#6722,#6723,#6724));
#6721 = ORIENTED_EDGE('',*,*,#3501,.F.);
#6722 = ORIENTED_EDGE('',*,*,#6653,.F.);
#6723 = ORIENTED_EDGE('',*,*,#6698,.T.);
#6724 = ORIENTED_EDGE('',*,*,#2759,.T.);
#6725 = ADVANCED_FACE('',(#6726),#2855,.F.);
#6726 = FACE_BOUND('',#6727,.F.);
#6727 = EDGE_LOOP('',(#6728,#6749,#6768,#6769));
#6728 = ORIENTED_EDGE('',*,*,#6729,.F.);
#6729 = EDGE_CURVE('',#6730,#2841,#6732,.T.);
#6730 = VERTEX_POINT('',#6731);
#6731 = CARTESIAN_POINT('',(17.96,2.,25.));
#6732 = SURFACE_CURVE('',#6733,(#6737,#6743),.PCURVE_S1.);
#6733 = LINE('',#6734,#6735);
#6734 = CARTESIAN_POINT('',(17.96,2.,25.925));
#6735 = VECTOR('',#6736,1.);
#6736 = DIRECTION('',(-0.,0.,1.));
#6737 = PCURVE('',#2855,#6738);
#6738 = DEFINITIONAL_REPRESENTATION('',(#6739),#6742);
#6739 = B_SPLINE_CURVE_WITH_KNOTS('',1,(#6740,#6741),.UNSPECIFIED.,.F.,
  .F.,(2,2),(-0.925,1.075),.PIECEWISE_BEZIER_KNOTS.);
#6740 = CARTESIAN_POINT('',(15.96,-2.));
#6741 = CARTESIAN_POINT('',(15.96,0.));
#6742 = ( GEOMETRIC_REPRESENTATION_CONTEXT(2) 
PARAMETRIC_REPRESENTATION_CONTEXT() REPRESENTATION_CONTEXT('2D SPACE',''
  ) );
#6743 = PCURVE('',#2883,#6744);
#6744 = DEFINITIONAL_REPRESENTATION('',(#6745),#6748);
#6745 = B_SPLINE_CURVE_WITH_KNOTS('',1,(#6746,#6747),.UNSPECIFIED.,.F.,
  .F.,(2,2),(-0.925,1.075),.PIECEWISE_BEZIER_KNOTS.);
#6746 = CARTESIAN_POINT('',(0.15,-2.15));
#6747 = CARTESIAN_POINT('',(2.15,-2.15));
#6748 = ( GEOMETRIC_REPRESENTATION_CONTEXT(2) 
PARAMETRIC_REPRESENTATION_CONTEXT() REPRESENTATION_CONTEXT('2D SPACE',''
  ) );
#6749 = ORIENTED_EDGE('',*,*,#6750,.F.);
#6750 = EDGE_CURVE('',#3699,#6730,#6751,.T.);
#6751 = SURFACE_CURVE('',#6752,(#6756,#6762),.PCURVE_S1.);
#6752 = LINE('',#6753,#6754);
#6753 = CARTESIAN_POINT('',(1.,2.,25.));
#6754 = VECTOR('',#6755,1.);
#6755 = DIRECTION('',(-1.,-0.,-0.));
#6756 = PCURVE('',#2855,#6757);
#6757 = DEFINITIONAL_REPRESENTATION('',(#6758),#6761);
#6758 = B_SPLINE_CURVE_WITH_KNOTS('',1,(#6759,#6760),.UNSPECIFIED.,.F.,
  .F.,(2,2),(-76.,-1.),.PIECEWISE_BEZIER_KNOTS.);
#6759 = CARTESIAN_POINT('',(75.,-2.));
#6760 = CARTESIAN_POINT('',(0.,-2.));
#6761 = ( GEOMETRIC_REPRESENTATION_CONTEXT(2) 
PARAMETRIC_REPRESENTATION_CONTEXT() REPRESENTATION_CONTEXT('2D SPACE',''
  ) );
#6762 = PCURVE('',#2914,#6763);
#6763 = DEFINITIONAL_REPRESENTATION('',(#6764),#6767);
#6764 = B_SPLINE_CURVE_WITH_KNOTS('',1,(#6765,#6766),.UNSPECIFIED.,.F.,
  .F.,(2,2),(-76.,-1.),.PIECEWISE_BEZIER_KNOTS.);
#6765 = CARTESIAN_POINT('',(50.770642394754,57.925312867727));
#6766 = CARTESIAN_POINT('',(2.816544484836,0.258992596307));
#6767 = ( GEOMETRIC_REPRESENTATION_CONTEXT(2) 
PARAMETRIC_REPRESENTATION_CONTEXT() REPRESENTATION_CONTEXT('2D SPACE',''
  ) );
#6768 = ORIENTED_EDGE('',*,*,#3698,.T.);
#6769 = ORIENTED_EDGE('',*,*,#2840,.T.);
#6770 = ADVANCED_FACE('',(#6771),#2883,.F.);
#6771 = FACE_BOUND('',#6772,.F.);
#6772 = EDGE_LOOP('',(#6773,#6774,#6775));
#6773 = ORIENTED_EDGE('',*,*,#6729,.T.);
#6774 = ORIENTED_EDGE('',*,*,#2866,.T.);
#6775 = ORIENTED_EDGE('',*,*,#6776,.F.);
#6776 = EDGE_CURVE('',#6730,#2867,#6777,.T.);
#6777 = SURFACE_CURVE('',#6778,(#6782,#6788),.PCURVE_S1.);
#6778 = LINE('',#6779,#6780);
#6779 = CARTESIAN_POINT('',(17.96,-7.5E-02,25.));
#6780 = VECTOR('',#6781,1.);
#6781 = DIRECTION('',(0.,-1.,0.));
#6782 = PCURVE('',#2883,#6783);
#6783 = DEFINITIONAL_REPRESENTATION('',(#6784),#6787);
#6784 = B_SPLINE_CURVE_WITH_KNOTS('',1,(#6785,#6786),.UNSPECIFIED.,.F.,
  .F.,(2,2),(-2.225,7.5E-02),.PIECEWISE_BEZIER_KNOTS.);
#6785 = CARTESIAN_POINT('',(0.15,-2.3));
#6786 = CARTESIAN_POINT('',(0.15,0.));
#6787 = ( GEOMETRIC_REPRESENTATION_CONTEXT(2) 
PARAMETRIC_REPRESENTATION_CONTEXT() REPRESENTATION_CONTEXT('2D SPACE',''
  ) );
#6788 = PCURVE('',#2914,#6789);
#6789 = DEFINITIONAL_REPRESENTATION('',(#6790),#6793);
#6790 = B_SPLINE_CURVE_WITH_KNOTS('',1,(#6791,#6792),.UNSPECIFIED.,.F.,
  .F.,(2,2),(-2.225,7.5E-02),.PIECEWISE_BEZIER_KNOTS.);
#6791 = CARTESIAN_POINT('',(13.136509160609,12.434477354245));
#6792 = CARTESIAN_POINT('',(11.368075338952,13.905069690149));
#6793 = ( GEOMETRIC_REPRESENTATION_CONTEXT(2) 
PARAMETRIC_REPRESENTATION_CONTEXT() REPRESENTATION_CONTEXT('2D SPACE',''
  ) );
#6794 = ADVANCED_FACE('',(#6795),#2914,.T.);
#6795 = FACE_BOUND('',#6796,.T.);
#6796 = EDGE_LOOP('',(#6797,#6798,#6799,#6800));
#6797 = ORIENTED_EDGE('',*,*,#6750,.F.);
#6798 = ORIENTED_EDGE('',*,*,#3719,.T.);
#6799 = ORIENTED_EDGE('',*,*,#2899,.T.);
#6800 = ORIENTED_EDGE('',*,*,#6776,.F.);
#6801 = ADVANCED_FACE('',(#6802),#3090,.F.);
#6802 = FACE_BOUND('',#6803,.F.);
#6803 = EDGE_LOOP('',(#6804,#6826,#6827,#6828,#6829,#6830,#6831,#6832,
    #6833,#6834,#6835,#6836,#6837,#6838,#6839,#6840,#6841,#6842,#6843,
    #6844,#6845,#6846,#6847,#6869,#7083,#7110,#7147));
#6804 = ORIENTED_EDGE('',*,*,#6805,.F.);
#6805 = EDGE_CURVE('',#5427,#6806,#6808,.T.);
#6806 = VERTEX_POINT('',#6807);
#6807 = CARTESIAN_POINT('',(8.381271056384,10.2956523733,35.2956523733)
  );
#6808 = SURFACE_CURVE('',#6809,(#6812,#6819),.PCURVE_S1.);
#6809 = B_SPLINE_CURVE_WITH_KNOTS('',1,(#6810,#6811),.UNSPECIFIED.,.F.,
  .F.,(2,2),(0.,1.),.PIECEWISE_BEZIER_KNOTS.);
#6810 = CARTESIAN_POINT('',(2.,2.,27.));
#6811 = CARTESIAN_POINT('',(10.461538461538,13.,38.));
#6812 = PCURVE('',#3090,#6813);
#6813 = DEFINITIONAL_REPRESENTATION('',(#6814),#6818);
#6814 = LINE('',#6815,#6816);
#6815 = CARTESIAN_POINT('',(0.,0.));
#6816 = VECTOR('',#6817,1.);
#6817 = DIRECTION('',(0.,1.));
#6818 = ( GEOMETRIC_REPRESENTATION_CONTEXT(2) 
PARAMETRIC_REPRESENTATION_CONTEXT() REPRESENTATION_CONTEXT('2D SPACE',''
  ) );
#6819 = PCURVE('',#5460,#6820);
#6820 = DEFINITIONAL_REPRESENTATION('',(#6821),#6825);
#6821 = LINE('',#6822,#6823);
#6822 = CARTESIAN_POINT('',(91.,0.));
#6823 = VECTOR('',#6824,1.);
#6824 = DIRECTION('',(0.,1.));
#6825 = ( GEOMETRIC_REPRESENTATION_CONTEXT(2) 
PARAMETRIC_REPRESENTATION_CONTEXT() REPRESENTATION_CONTEXT('2D SPACE',''
  ) );
#6826 = ORIENTED_EDGE('',*,*,#5498,.T.);
#6827 = ORIENTED_EDGE('',*,*,#5547,.T.);
#6828 = ORIENTED_EDGE('',*,*,#5602,.T.);
#6829 = ORIENTED_EDGE('',*,*,#5649,.F.);
#6830 = ORIENTED_EDGE('',*,*,#5691,.T.);
#6831 = ORIENTED_EDGE('',*,*,#3603,.T.);
#6832 = ORIENTED_EDGE('',*,*,#3546,.F.);
#6833 = ORIENTED_EDGE('',*,*,#3406,.F.);
#6834 = ORIENTED_EDGE('',*,*,#5738,.T.);
#6835 = ORIENTED_EDGE('',*,*,#5787,.T.);
#6836 = ORIENTED_EDGE('',*,*,#5851,.T.);
#6837 = ORIENTED_EDGE('',*,*,#5898,.F.);
#6838 = ORIENTED_EDGE('',*,*,#5940,.T.);
#6839 = ORIENTED_EDGE('',*,*,#3242,.T.);
#6840 = ORIENTED_EDGE('',*,*,#3185,.F.);
#6841 = ORIENTED_EDGE('',*,*,#3040,.F.);
#6842 = ORIENTED_EDGE('',*,*,#5987,.T.);
#6843 = ORIENTED_EDGE('',*,*,#6036,.T.);
#6844 = ORIENTED_EDGE('',*,*,#6100,.T.);
#6845 = ORIENTED_EDGE('',*,*,#6147,.F.);
#6846 = ORIENTED_EDGE('',*,*,#6199,.T.);
#6847 = ORIENTED_EDGE('',*,*,#6848,.T.);
#6848 = EDGE_CURVE('',#6180,#6849,#6851,.T.);
#6849 = VERTEX_POINT('',#6850);
#6850 = CARTESIAN_POINT('',(70.618728943616,10.2956523733,35.2956523733)
  );
#6851 = SURFACE_CURVE('',#6852,(#6855,#6862),.PCURVE_S1.);
#6852 = B_SPLINE_CURVE_WITH_KNOTS('',1,(#6853,#6854),.UNSPECIFIED.,.F.,
  .F.,(2,2),(0.,1.),.PIECEWISE_BEZIER_KNOTS.);
#6853 = CARTESIAN_POINT('',(77.,2.,27.));
#6854 = CARTESIAN_POINT('',(68.538461538462,13.,38.));
#6855 = PCURVE('',#3090,#6856);
#6856 = DEFINITIONAL_REPRESENTATION('',(#6857),#6861);
#6857 = LINE('',#6858,#6859);
#6858 = CARTESIAN_POINT('',(75.,0.));
#6859 = VECTOR('',#6860,1.);
#6860 = DIRECTION('',(0.,1.));
#6861 = ( GEOMETRIC_REPRESENTATION_CONTEXT(2) 
PARAMETRIC_REPRESENTATION_CONTEXT() REPRESENTATION_CONTEXT('2D SPACE',''
  ) );
#6862 = PCURVE('',#6305,#6863);
#6863 = DEFINITIONAL_REPRESENTATION('',(#6864),#6868);
#6864 = LINE('',#6865,#6866);
#6865 = CARTESIAN_POINT('',(0.,0.));
#6866 = VECTOR('',#6867,1.);
#6867 = DIRECTION('',(0.,1.));
#6868 = ( GEOMETRIC_REPRESENTATION_CONTEXT(2) 
PARAMETRIC_REPRESENTATION_CONTEXT() REPRESENTATION_CONTEXT('2D SPACE',''
  ) );
#6869 = ORIENTED_EDGE('',*,*,#6870,.T.);
#6870 = EDGE_CURVE('',#6849,#6871,#6873,.T.);
#6871 = VERTEX_POINT('',#6872);
#6872 = CARTESIAN_POINT('',(63.127016653793,13.,38.));
#6873 = SURFACE_CURVE('',#6874,(#6940,#7009),.PCURVE_S1.);
#6874 = B_SPLINE_CURVE_WITH_KNOTS('',8,(#6875,#6876,#6877,#6878,#6879,
    #6880,#6881,#6882,#6883,#6884,#6885,#6886,#6887,#6888,#6889,#6890,
    #6891,#6892,#6893,#6894,#6895,#6896,#6897,#6898,#6899,#6900,#6901,
    #6902,#6903,#6904,#6905,#6906,#6907,#6908,#6909,#6910,#6911,#6912,
    #6913,#6914,#6915,#6916,#6917,#6918,#6919,#6920,#6921,#6922,#6923,
    #6924,#6925,#6926,#6927,#6928,#6929,#6930,#6931,#6932,#6933,#6934,
    #6935,#6936,#6937,#6938,#6939),.UNSPECIFIED.,.F.,.F.,(9,7,7,7,7,7,7,
    7,7,9),(0.,0.270391301831,0.36449260607,0.493585325495,
    0.545719045525,0.61618418242,0.65226153118,0.724119787984,
    0.819880399199,1.),.UNSPECIFIED.);
#6875 = CARTESIAN_POINT('',(70.618728943616,10.2956523733,35.2956523733)
  );
#6876 = CARTESIAN_POINT('',(70.481274645556,10.003804724956,
    35.003804724956));
#6877 = CARTESIAN_POINT('',(70.316677595288,9.7241119186,34.7241119186)
  );
#6878 = CARTESIAN_POINT('',(70.12500273057,9.457130955333,
    34.457130955332));
#6879 = CARTESIAN_POINT('',(69.905709426146,9.204446878344,
    34.204446878346));
#6880 = CARTESIAN_POINT('',(69.65815315317,8.968377212098,
    33.968377212096));
#6881 = CARTESIAN_POINT('',(69.381476933327,8.752167616219,
    33.752167616219));
#6882 = CARTESIAN_POINT('',(69.074972243956,8.55974874072,33.55974874072
    ));
#6883 = CARTESIAN_POINT('',(68.619264487692,8.34007643663,33.34007643663
    ));
#6884 = CARTESIAN_POINT('',(68.49788185352,8.286974727654,
    33.286974727654));
#6885 = CARTESIAN_POINT('',(68.372736739482,8.23772994315,33.23772994315
    ));
#6886 = CARTESIAN_POINT('',(68.243824887642,8.192623448691,
    33.192623448691));
#6887 = CARTESIAN_POINT('',(68.111171882818,8.151968313963,
    33.151968313963));
#6888 = CARTESIAN_POINT('',(67.974837025924,8.116105336464,
    33.116105336464));
#6889 = CARTESIAN_POINT('',(67.834917207303,8.085399065198,
    33.085399065198));
#6890 = CARTESIAN_POINT('',(67.494873782712,8.025710930154,
    33.025710930154));
#6891 = CARTESIAN_POINT('',(67.291673712941,8.001609927582,
    33.001609927582));
#6892 = CARTESIAN_POINT('',(67.082385750027,7.988943039573,
    32.988943039573));
#6893 = CARTESIAN_POINT('',(66.867747162796,7.988799631852,
    32.988799631852));
#6894 = CARTESIAN_POINT('',(66.648826551012,8.002235097254,
    33.002235097254));
#6895 = CARTESIAN_POINT('',(66.427043495839,8.030175298054,
    33.030175298054));
#6896 = CARTESIAN_POINT('',(66.204189972188,8.073264732929,
    33.073264732929));
#6897 = CARTESIAN_POINT('',(65.892921839069,8.155139709923,
    33.155139709923));
#6898 = CARTESIAN_POINT('',(65.803568709367,8.181175590887,
    33.181175590887));
#6899 = CARTESIAN_POINT('',(65.714555196586,8.209697560675,
    33.209697560675));
#6900 = CARTESIAN_POINT('',(65.626031463116,8.240696056924,
    33.240696056924));
#6901 = CARTESIAN_POINT('',(65.538147671467,8.274147797537,
    33.274147797537));
#6902 = CARTESIAN_POINT('',(65.451053532005,8.310014945941,
    33.310014945941));
#6903 = CARTESIAN_POINT('',(65.364897850682,8.348244276339,
    33.348244276339));
#6904 = CARTESIAN_POINT('',(65.16484581076,8.44353689226,33.44353689226)
  );
#6905 = CARTESIAN_POINT('',(65.051826495349,8.502505859638,
    33.502505859638));
#6906 = CARTESIAN_POINT('',(64.941144012019,8.565499742094,
    33.565499742094));
#6907 = CARTESIAN_POINT('',(64.833121208633,8.632309917436,
    33.632309917436));
#6908 = CARTESIAN_POINT('',(64.728035440707,8.702700396081,
    33.702700396081));
#6909 = CARTESIAN_POINT('',(64.626123087578,8.77641380721,33.77641380721
    ));
#6910 = CARTESIAN_POINT('',(64.527583043437,8.853175615304,
    33.853175615304));
#6911 = CARTESIAN_POINT('',(64.383938287224,8.973410390043,
    33.973410390043));
#6912 = CARTESIAN_POINT('',(64.336220459284,9.014850740226,
    34.014850740226));
#6913 = CARTESIAN_POINT('',(64.289445608984,9.05698093499,34.05698093499
    ));
#6914 = CARTESIAN_POINT('',(64.243630362785,9.099764495389,
    34.099764495389));
#6915 = CARTESIAN_POINT('',(64.1987883272,9.14316530944,34.14316530944)
  );
#6916 = CARTESIAN_POINT('',(64.154930351944,9.187147795425,
    34.187147795425));
#6917 = CARTESIAN_POINT('',(64.112064793071,9.23167706518,34.23167706518
    ));
#6918 = CARTESIAN_POINT('',(63.986807755543,9.366433030092,
    34.366433030092));
#6919 = CARTESIAN_POINT('',(63.90738165017,9.458178467435,
    34.458178467434));
#6920 = CARTESIAN_POINT('',(63.831963056593,9.551690471456,
    34.551690471456));
#6921 = CARTESIAN_POINT('',(63.760561101252,9.64671815451,34.64671815451
    ));
#6922 = CARTESIAN_POINT('',(63.693157733883,9.743027106511,
    34.743027106511));
#6923 = CARTESIAN_POINT('',(63.6297138015,9.84040137152,34.84040137152)
  );
#6924 = CARTESIAN_POINT('',(63.570173902931,9.938644963692,
    34.938644963692));
#6925 = CARTESIAN_POINT('',(63.440237253177,10.169430810861,
    35.169430810861));
#6926 = CARTESIAN_POINT('',(63.37282477679,10.302498004869,
    35.302498004869));
#6927 = CARTESIAN_POINT('',(63.312062050905,10.436382871638,
    35.436382871638));
#6928 = CARTESIAN_POINT('',(63.257758638719,10.570725253905,
    35.570725253906));
#6929 = CARTESIAN_POINT('',(63.209710269281,10.7052065766,35.7052065766)
  );
#6930 = CARTESIAN_POINT('',(63.167704896321,10.839549953338,
    35.839549953338));
#6931 = CARTESIAN_POINT('',(63.131528757073,10.97352029292,
    35.97352029292));
#6932 = CARTESIAN_POINT('',(63.043497931221,11.357849031887,
    36.357849031887));
#6933 = CARTESIAN_POINT('',(63.005937633563,11.606630525026,
    36.606630525026));
#6934 = CARTESIAN_POINT('',(62.986842333615,11.852068747136,
    36.852068747136));
#6935 = CARTESIAN_POINT('',(62.984933078605,12.093143648643,
    37.093143648643));
#6936 = CARTESIAN_POINT('',(62.999022273536,12.329028517916,
    37.329028517916));
#6937 = CARTESIAN_POINT('',(63.028015196795,12.559084808585,
    37.559084808585));
#6938 = CARTESIAN_POINT('',(63.070947798377,12.782846256733,
    37.782846256733));
#6939 = CARTESIAN_POINT('',(63.127016653793,13.,38.));
#6940 = PCURVE('',#3090,#6941);
#6941 = DEFINITIONAL_REPRESENTATION('',(#6942),#7008);
#6942 = B_SPLINE_CURVE_WITH_KNOTS('',8,(#6943,#6944,#6945,#6946,#6947,
    #6948,#6949,#6950,#6951,#6952,#6953,#6954,#6955,#6956,#6957,#6958,
    #6959,#6960,#6961,#6962,#6963,#6964,#6965,#6966,#6967,#6968,#6969,
    #6970,#6971,#6972,#6973,#6974,#6975,#6976,#6977,#6978,#6979,#6980,
    #6981,#6982,#6983,#6984,#6985,#6986,#6987,#6988,#6989,#6990,#6991,
    #6992,#6993,#6994,#6995,#6996,#6997,#6998,#6999,#7000,#7001,#7002,
    #7003,#7004,#7005,#7006,#7007),.UNSPECIFIED.,.F.,.F.,(9,7,7,7,7,7,7,
    7,7,9),(0.,0.270391301831,0.36449260607,0.493585325495,
    0.545719045525,0.61618418242,0.65226153118,0.724119787984,
    0.819880399199,1.),.UNSPECIFIED.);
#6943 = CARTESIAN_POINT('',(75.,0.754150215755));
#6944 = CARTESIAN_POINT('',(74.563824783281,0.72761861136));
#6945 = CARTESIAN_POINT('',(74.113400337342,0.7021919926));
#6946 = CARTESIAN_POINT('',(73.649209114438,0.677920995939));
#6947 = CARTESIAN_POINT('',(73.171843800173,0.654949716213));
#6948 = CARTESIAN_POINT('',(72.682234210745,0.633488837463));
#6949 = CARTESIAN_POINT('',(72.181540935086,0.613833419656));
#6950 = CARTESIAN_POINT('',(71.671291787992,0.596340794611));
#6951 = CARTESIAN_POINT('',(70.972210955005,0.576370585148));
#6952 = CARTESIAN_POINT('',(70.790854450887,0.571543157059));
#6953 = CARTESIAN_POINT('',(70.608727706271,0.567066358468));
#6954 = CARTESIAN_POINT('',(70.425983681896,0.562965768063));
#6955 = CARTESIAN_POINT('',(70.242824482754,0.559269846724));
#6956 = CARTESIAN_POINT('',(70.059501630676,0.556009576042));
#6957 = CARTESIAN_POINT('',(69.876316336906,0.553218096836));
#6958 = CARTESIAN_POINT('',(69.442987796353,0.547791902741));
#6959 = CARTESIAN_POINT('',(69.19322947745,0.545600902507));
#6960 = CARTESIAN_POINT('',(68.945357492578,0.544449367234));
#6961 = CARTESIAN_POINT('',(68.700746942881,0.544436330168));
#6962 = CARTESIAN_POINT('',(68.461084728032,0.545657736114));
#6963 = CARTESIAN_POINT('',(68.228339625366,0.548197754369));
#6964 = CARTESIAN_POINT('',(68.004714739558,0.552114975721));
#6965 = CARTESIAN_POINT('',(67.706859443373,0.559558155448));
#6966 = CARTESIAN_POINT('',(67.623048625437,0.561925053717));
#6967 = CARTESIAN_POINT('',(67.541269260844,0.564517960061));
#6968 = CARTESIAN_POINT('',(67.461672271824,0.567336005175));
#6969 = CARTESIAN_POINT('',(67.384401045256,0.570377072503));
#6970 = CARTESIAN_POINT('',(67.309590703509,0.573637722358));
#6971 = CARTESIAN_POINT('',(67.237367375267,0.577113116031));
#6972 = CARTESIAN_POINT('',(67.073882756103,0.585776081115));
#6973 = CARTESIAN_POINT('',(66.984839732642,0.591136896331));
#6974 = CARTESIAN_POINT('',(66.901015313074,0.596863612918));
#6975 = CARTESIAN_POINT('',(66.822633587828,0.602937265221));
#6976 = CARTESIAN_POINT('',(66.749857485809,0.609336399644));
#6977 = CARTESIAN_POINT('',(66.682797438251,0.616037618837));
#6978 = CARTESIAN_POINT('',(66.621517041299,0.623015965028));
#6979 = CARTESIAN_POINT('',(66.537629910367,0.633946399095));
#6980 = CARTESIAN_POINT('',(66.510741976397,0.637713703657));
#6981 = CARTESIAN_POINT('',(66.485373568044,0.641543721363));
#6982 = CARTESIAN_POINT('',(66.461523113698,0.645433135944));
#6983 = CARTESIAN_POINT('',(66.439186171718,0.649378664495));
#6984 = CARTESIAN_POINT('',(66.418355784661,0.653377072311));
#6985 = CARTESIAN_POINT('',(66.399022833501,0.657425187744));
#6986 = CARTESIAN_POINT('',(66.345630149385,0.669675730008));
#6987 = CARTESIAN_POINT('',(66.315982251973,0.678016224312));
#6988 = CARTESIAN_POINT('',(66.292143523197,0.686517315587));
#6989 = CARTESIAN_POINT('',(66.273997512202,0.695156195865));
#6990 = CARTESIAN_POINT('',(66.261408845719,0.703911555137));
#6991 = CARTESIAN_POINT('',(66.254230261866,0.712763761047));
#6992 = CARTESIAN_POINT('',(66.252308325725,0.721694996699));
#6993 = CARTESIAN_POINT('',(66.259724931395,0.74267552826));
#6994 = CARTESIAN_POINT('',(66.273021105064,0.754772545897));
#6995 = CARTESIAN_POINT('',(66.295007221179,0.766943897422));
#6996 = CARTESIAN_POINT('',(66.325313122292,0.779156841264));
#6997 = CARTESIAN_POINT('',(66.363574087441,0.791382416055));
#6998 = CARTESIAN_POINT('',(66.409437299548,0.803595450303));
#6999 = CARTESIAN_POINT('',(66.462568312823,0.815774572084));
#7000 = CARTESIAN_POINT('',(66.635681485881,0.850713548353));
#7001 = CARTESIAN_POINT('',(66.773260636777,0.87333004773));
#7002 = CARTESIAN_POINT('',(66.933331310164,0.895642613376));
#7003 = CARTESIAN_POINT('',(67.11405137165,0.917558513513));
#7004 = CARTESIAN_POINT('',(67.313712331237,0.939002592538));
#7005 = CARTESIAN_POINT('',(67.530747611503,0.95991680078));
#7006 = CARTESIAN_POINT('',(67.763787366277,0.980258750612));
#7007 = CARTESIAN_POINT('',(68.011710248275,1.));
#7008 = ( GEOMETRIC_REPRESENTATION_CONTEXT(2) 
PARAMETRIC_REPRESENTATION_CONTEXT() REPRESENTATION_CONTEXT('2D SPACE',''
  ) );
#7009 = PCURVE('',#7010,#7015);
#7010 = CYLINDRICAL_SURFACE('',#7011,4.);
#7011 = AXIS2_PLACEMENT_3D('',#7012,#7013,#7014);
#7012 = CARTESIAN_POINT('',(67.,12.,30.85));
#7013 = DIRECTION('',(-0.,-0.,-1.));
#7014 = DIRECTION('',(1.,0.,0.));
#7015 = DEFINITIONAL_REPRESENTATION('',(#7016),#7082);
#7016 = B_SPLINE_CURVE_WITH_KNOTS('',8,(#7017,#7018,#7019,#7020,#7021,
    #7022,#7023,#7024,#7025,#7026,#7027,#7028,#7029,#7030,#7031,#7032,
    #7033,#7034,#7035,#7036,#7037,#7038,#7039,#7040,#7041,#7042,#7043,
    #7044,#7045,#7046,#7047,#7048,#7049,#7050,#7051,#7052,#7053,#7054,
    #7055,#7056,#7057,#7058,#7059,#7060,#7061,#7062,#7063,#7064,#7065,
    #7066,#7067,#7068,#7069,#7070,#7071,#7072,#7073,#7074,#7075,#7076,
    #7077,#7078,#7079,#7080,#7081),.UNSPECIFIED.,.F.,.F.,(9,7,7,7,7,7,7,
    7,7,9),(0.,0.270391301831,0.36449260607,0.493585325495,
    0.545719045525,0.61618418242,0.65226153118,0.724119787984,
    0.819880399199,1.),.UNSPECIFIED.);
#7017 = CARTESIAN_POINT('',(-5.843022337304,-4.4456523733));
#7018 = CARTESIAN_POINT('',(-5.762373122375,-4.153804724956));
#7019 = CARTESIAN_POINT('',(-5.681581394531,-3.8741119186));
#7020 = CARTESIAN_POINT('',(-5.599982958107,-3.607130955334));
#7021 = CARTESIAN_POINT('',(-5.517059013678,-3.354446878343));
#7022 = CARTESIAN_POINT('',(-5.432341351327,-3.118377212098));
#7023 = CARTESIAN_POINT('',(-5.345305788629,-2.902167616219));
#7024 = CARTESIAN_POINT('',(-5.255392016207,-2.70974874072));
#7025 = CARTESIAN_POINT('',(-5.128919321451,-2.49007643663));
#7026 = CARTESIAN_POINT('',(-5.095819280661,-2.436974727654));
#7027 = CARTESIAN_POINT('',(-5.062237625663,-2.38772994315));
#7028 = CARTESIAN_POINT('',(-5.028144715274,-2.342623448691));
#7029 = CARTESIAN_POINT('',(-4.993513676175,-2.301968313963));
#7030 = CARTESIAN_POINT('',(-4.958319696831,-2.266105336464));
#7031 = CARTESIAN_POINT('',(-4.922539321419,-2.235399065198));
#7032 = CARTESIAN_POINT('',(-4.836228761494,-2.175710930154));
#7033 = CARTESIAN_POINT('',(-4.785151958745,-2.151609927582));
#7034 = CARTESIAN_POINT('',(-4.732881046699,-2.138943039573));
#7035 = CARTESIAN_POINT('',(-4.679417233658,-2.138799631852));
#7036 = CARTESIAN_POINT('',(-4.624801986916,-2.152235097254));
#7037 = CARTESIAN_POINT('',(-4.569116180127,-2.180175298054));
#7038 = CARTESIAN_POINT('',(-4.512495315561,-2.223264732929));
#7039 = CARTESIAN_POINT('',(-4.432031285339,-2.305139709923));
#7040 = CARTESIAN_POINT('',(-4.40877206932,-2.331175590887));
#7041 = CARTESIAN_POINT('',(-4.385417985183,-2.359697560675));
#7042 = CARTESIAN_POINT('',(-4.361986255511,-2.390696056924));
#7043 = CARTESIAN_POINT('',(-4.338494520076,-2.424147797537));
#7044 = CARTESIAN_POINT('',(-4.314961153044,-2.460014945941));
#7045 = CARTESIAN_POINT('',(-4.291405580188,-2.498244276339));
#7046 = CARTESIAN_POINT('',(-4.236008433756,-2.59353689226));
#7047 = CARTESIAN_POINT('',(-4.204159945747,-2.652505859638));
#7048 = CARTESIAN_POINT('',(-4.172356951551,-2.715499742094));
#7049 = CARTESIAN_POINT('',(-4.14064550644,-2.782309917436));
#7050 = CARTESIAN_POINT('',(-4.109066051165,-2.852700396081));
#7051 = CARTESIAN_POINT('',(-4.077655164151,-2.92641380721));
#7052 = CARTESIAN_POINT('',(-4.046446916231,-3.003175615304));
#7053 = CARTESIAN_POINT('',(-3.999615958892,-3.123410390043));
#7054 = CARTESIAN_POINT('',(-3.983818468741,-3.164850740226));
#7055 = CARTESIAN_POINT('',(-3.968084977162,-3.20698093499));
#7056 = CARTESIAN_POINT('',(-3.952418648235,-3.249764495389));
#7057 = CARTESIAN_POINT('',(-3.936822230649,-3.29316530944));
#7058 = CARTESIAN_POINT('',(-3.921298097953,-3.337147795425));
#7059 = CARTESIAN_POINT('',(-3.905848288811,-3.38167706518));
#7060 = CARTESIAN_POINT('',(-3.859853387239,-3.516433030092));
#7061 = CARTESIAN_POINT('',(-3.829534917343,-3.608178467434));
#7062 = CARTESIAN_POINT('',(-3.79953129857,-3.701690471456));
#7063 = CARTESIAN_POINT('',(-3.769849941492,-3.79671815451));
#7064 = CARTESIAN_POINT('',(-3.74049452337,-3.893027106511));
#7065 = CARTESIAN_POINT('',(-3.71146563729,-3.99040137152));
#7066 = CARTESIAN_POINT('',(-3.682761073335,-4.088644963692));
#7067 = CARTESIAN_POINT('',(-3.616548517783,-4.319430810861));
#7068 = CARTESIAN_POINT('',(-3.579292234768,-4.452498004869));
#7069 = CARTESIAN_POINT('',(-3.542590869707,-4.586382871638));
#7070 = CARTESIAN_POINT('',(-3.50642758296,-4.720725253905));
#7071 = CARTESIAN_POINT('',(-3.470784170795,-4.8552065766));
#7072 = CARTESIAN_POINT('',(-3.435640527904,-4.989549953338));
#7073 = CARTESIAN_POINT('',(-3.400974109933,-5.12352029292));
#7074 = CARTESIAN_POINT('',(-3.302403701754,-5.507849031887));
#7075 = CARTESIAN_POINT('',(-3.239681784266,-5.756630525026));
#7076 = CARTESIAN_POINT('',(-3.178399305996,-6.002068747136));
#7077 = CARTESIAN_POINT('',(-3.118413137528,-6.243143648643));
#7078 = CARTESIAN_POINT('',(-3.059597124298,-6.479028517917));
#7079 = CARTESIAN_POINT('',(-3.001828512876,-6.709084808585));
#7080 = CARTESIAN_POINT('',(-2.944981253864,-6.932846256733));
#7081 = CARTESIAN_POINT('',(-2.888912398448,-7.15));
#7082 = ( GEOMETRIC_REPRESENTATION_CONTEXT(2) 
PARAMETRIC_REPRESENTATION_CONTEXT() REPRESENTATION_CONTEXT('2D SPACE',''
  ) );
#7083 = ORIENTED_EDGE('',*,*,#7084,.F.);
#7084 = EDGE_CURVE('',#7085,#6871,#7087,.T.);
#7085 = VERTEX_POINT('',#7086);
#7086 = CARTESIAN_POINT('',(15.872983346207,13.,38.));
#7087 = SURFACE_CURVE('',#7088,(#7092,#7098),.PCURVE_S1.);
#7088 = LINE('',#7089,#7090);
#7089 = CARTESIAN_POINT('',(10.461538461538,13.,38.));
#7090 = VECTOR('',#7091,1.);
#7091 = DIRECTION('',(1.,0.,0.));
#7092 = PCURVE('',#3090,#7093);
#7093 = DEFINITIONAL_REPRESENTATION('',(#7094),#7097);
#7094 = B_SPLINE_CURVE_WITH_KNOTS('',1,(#7095,#7096),.UNSPECIFIED.,.F.,
  .F.,(2,2),(0.,58.076923076923),.PIECEWISE_BEZIER_KNOTS.);
#7095 = CARTESIAN_POINT('',(0.,1.));
#7096 = CARTESIAN_POINT('',(75.,1.));
#7097 = ( GEOMETRIC_REPRESENTATION_CONTEXT(2) 
PARAMETRIC_REPRESENTATION_CONTEXT() REPRESENTATION_CONTEXT('2D SPACE',''
  ) );
#7098 = PCURVE('',#7099,#7104);
#7099 = PLANE('',#7100);
#7100 = AXIS2_PLACEMENT_3D('',#7101,#7102,#7103);
#7101 = CARTESIAN_POINT('',(10.461538461538,13.,38.));
#7102 = DIRECTION('',(0.,0.,-1.));
#7103 = DIRECTION('',(0.59569917413,0.803207628164,0.));
#7104 = DEFINITIONAL_REPRESENTATION('',(#7105),#7109);
#7105 = LINE('',#7106,#7107);
#7106 = CARTESIAN_POINT('',(0.,0.));
#7107 = VECTOR('',#7108,1.);
#7108 = DIRECTION('',(0.59569917413,0.803207628164));
#7109 = ( GEOMETRIC_REPRESENTATION_CONTEXT(2) 
PARAMETRIC_REPRESENTATION_CONTEXT() REPRESENTATION_CONTEXT('2D SPACE',''
  ) );
#7110 = ORIENTED_EDGE('',*,*,#7111,.T.);
#7111 = EDGE_CURVE('',#7085,#7112,#7114,.T.);
#7112 = VERTEX_POINT('',#7113);
#7113 = CARTESIAN_POINT('',(16.,12.,37.));
#7114 = SURFACE_CURVE('',#7115,(#7122,#7132),.PCURVE_S1.);
#7115 = B_SPLINE_CURVE_WITH_KNOTS('',5,(#7116,#7117,#7118,#7119,#7120,
    #7121),.UNSPECIFIED.,.F.,.F.,(6,6),(0.,1.),
  .PIECEWISE_BEZIER_KNOTS.);
#7116 = CARTESIAN_POINT('',(15.872983346207,13.,38.));
#7117 = CARTESIAN_POINT('',(15.921967698809,12.81028441815,
    37.81028441815));
#7118 = CARTESIAN_POINT('',(15.959998887038,12.615002862612,
    37.615002862612));
#7119 = CARTESIAN_POINT('',(15.986313735607,12.414501894879,
    37.414501894879));
#7120 = CARTESIAN_POINT('',(16.,12.209279007406,37.209279007406));
#7121 = CARTESIAN_POINT('',(16.,12.,37.));
#7122 = PCURVE('',#3090,#7123);
#7123 = DEFINITIONAL_REPRESENTATION('',(#7124),#7131);
#7124 = B_SPLINE_CURVE_WITH_KNOTS('',5,(#7125,#7126,#7127,#7128,#7129,
    #7130),.UNSPECIFIED.,.F.,.F.,(6,6),(0.,1.),
  .PIECEWISE_BEZIER_KNOTS.);
#7125 = CARTESIAN_POINT('',(6.988289751725,1.));
#7126 = CARTESIAN_POINT('',(7.204886680262,0.982753128923));
#7127 = CARTESIAN_POINT('',(7.409116305929,0.965000260237));
#7128 = CARTESIAN_POINT('',(7.599863510797,0.946772899534));
#7129 = CARTESIAN_POINT('',(7.775813352518,0.928116273401));
#7130 = CARTESIAN_POINT('',(7.935483870968,0.909090909091));
#7131 = ( GEOMETRIC_REPRESENTATION_CONTEXT(2) 
PARAMETRIC_REPRESENTATION_CONTEXT() REPRESENTATION_CONTEXT('2D SPACE',''
  ) );
#7132 = PCURVE('',#7133,#7138);
#7133 = CYLINDRICAL_SURFACE('',#7134,4.);
#7134 = AXIS2_PLACEMENT_3D('',#7135,#7136,#7137);
#7135 = CARTESIAN_POINT('',(12.,12.,30.85));
#7136 = DIRECTION('',(-0.,-0.,-1.));
#7137 = DIRECTION('',(1.,0.,0.));
#7138 = DEFINITIONAL_REPRESENTATION('',(#7139),#7146);
#7139 = B_SPLINE_CURVE_WITH_KNOTS('',5,(#7140,#7141,#7142,#7143,#7144,
    #7145),.UNSPECIFIED.,.F.,.F.,(6,6),(0.,1.),
  .PIECEWISE_BEZIER_KNOTS.);
#7140 = CARTESIAN_POINT('',(-0.252680255142,-7.15));
#7141 = CARTESIAN_POINT('',(-0.203695902541,-6.96028441815));
#7142 = CARTESIAN_POINT('',(-0.154048878698,-6.765002862612));
#7143 = CARTESIAN_POINT('',(-0.103625525656,-6.564501894879));
#7144 = CARTESIAN_POINT('',(-5.231975185142E-02,-6.359279007406));
#7145 = CARTESIAN_POINT('',(0.,-6.15));
#7146 = ( GEOMETRIC_REPRESENTATION_CONTEXT(2) 
PARAMETRIC_REPRESENTATION_CONTEXT() REPRESENTATION_CONTEXT('2D SPACE',''
  ) );
#7147 = ORIENTED_EDGE('',*,*,#7148,.T.);
#7148 = EDGE_CURVE('',#7112,#6806,#7149,.T.);
#7149 = SURFACE_CURVE('',#7150,(#7209,#7271),.PCURVE_S1.);
#7150 = B_SPLINE_CURVE_WITH_KNOTS('',8,(#7151,#7152,#7153,#7154,#7155,
    #7156,#7157,#7158,#7159,#7160,#7161,#7162,#7163,#7164,#7165,#7166,
    #7167,#7168,#7169,#7170,#7171,#7172,#7173,#7174,#7175,#7176,#7177,
    #7178,#7179,#7180,#7181,#7182,#7183,#7184,#7185,#7186,#7187,#7188,
    #7189,#7190,#7191,#7192,#7193,#7194,#7195,#7196,#7197,#7198,#7199,
    #7200,#7201,#7202,#7203,#7204,#7205,#7206,#7207,#7208),
  .UNSPECIFIED.,.F.,.F.,(9,7,7,7,7,7,7,7,9),(0.,0.216024481612,
    0.285513259174,0.321668465429,0.394443390765,0.452821887252,
    0.595675207536,0.699482399574,1.),.UNSPECIFIED.);
#7151 = CARTESIAN_POINT('',(16.,12.,37.));
#7152 = CARTESIAN_POINT('',(16.,11.741004663699,36.741004663699));
#7153 = CARTESIAN_POINT('',(15.980835069148,11.476543861856,
    36.476543861856));
#7154 = CARTESIAN_POINT('',(15.941087420392,11.207277344519,
    36.207277344519));
#7155 = CARTESIAN_POINT('',(15.879064662682,10.934384342375,
    35.934384342375));
#7156 = CARTESIAN_POINT('',(15.792949630056,10.659592489813,
    35.659592489813));
#7157 = CARTESIAN_POINT('',(15.680950109852,10.38519184973,
    35.38519184973));
#7158 = CARTESIAN_POINT('',(15.54140283948,10.114041765222,
    35.114041765222));
#7159 = CARTESIAN_POINT('',(15.318547065352,9.764508065099,
    34.764508065099));
#7160 = CARTESIAN_POINT('',(15.261325885274,9.680170515807,
    34.680170515807));
#7161 = CARTESIAN_POINT('',(15.20108882547,9.596696745485,
    34.596696745485));
#7162 = CARTESIAN_POINT('',(15.137811284164,9.514230474471,
    34.514230474471));
#7163 = CARTESIAN_POINT('',(15.071480984681,9.4329267817,34.4329267817)
  );
#7164 = CARTESIAN_POINT('',(15.002101126841,9.352950873046,
    34.352950873046));
#7165 = CARTESIAN_POINT('',(14.929693538358,9.274476849668,
    34.274476849668));
#7166 = CARTESIAN_POINT('',(14.815075306526,9.157732229312,
    34.157732229312));
#7167 = CARTESIAN_POINT('',(14.775041242275,9.118234024002,
    34.118234024002));
#7168 = CARTESIAN_POINT('',(14.734206154483,9.079217687171,
    34.079217687171));
#7169 = CARTESIAN_POINT('',(14.692578172133,9.04070950079,34.04070950079
    ));
#7170 = CARTESIAN_POINT('',(14.650167191651,9.002736095874,
    34.002736095874));
#7171 = CARTESIAN_POINT('',(14.60698503638,8.965324346294,
    33.965324346294));
#7172 = CARTESIAN_POINT('',(14.563045616053,8.928501262591,
    33.928501262591));
#7173 = CARTESIAN_POINT('',(14.428429982684,8.819413949092,
    33.819413949092));
#7174 = CARTESIAN_POINT('',(14.335481435003,8.749019792085,
    33.749019792085));
#7175 = CARTESIAN_POINT('',(14.239662529908,8.681343076437,
    33.681343076437));
#7176 = CARTESIAN_POINT('',(14.141142902315,8.616603044342,
    33.616603044342));
#7177 = CARTESIAN_POINT('',(14.040120441558,8.555004734836,
    33.555004734836));
#7178 = CARTESIAN_POINT('',(13.936823644619,8.496736044679,
    33.496736044679));
#7179 = CARTESIAN_POINT('',(13.831514616382,8.441963633802,
    33.441963633802));
#7180 = CARTESIAN_POINT('',(13.638642026582,8.349807497578,
    33.349807497578));
#7181 = CARTESIAN_POINT('',(13.551678533119,8.311122341078,
    33.311122341078));
#7182 = CARTESIAN_POINT('',(13.463753932359,8.274844199382,
    33.274844199382));
#7183 = CARTESIAN_POINT('',(13.375021362059,8.241028195419,
    33.241028195419));
#7184 = CARTESIAN_POINT('',(13.285634927579,8.209713453468,
    33.209713453468));
#7185 = CARTESIAN_POINT('',(13.195749227536,8.18092397114,33.18092397114
    ));
#7186 = CARTESIAN_POINT('',(13.105518879462,8.154669491363,
    33.154669491363));
#7187 = CARTESIAN_POINT('',(12.793836499912,8.072895444038,
    33.072895444038));
#7188 = CARTESIAN_POINT('',(12.571470209265,8.03001136793,33.03001136793
    ));
#7189 = CARTESIAN_POINT('',(12.350179833019,8.002207077465,
    33.002207077465));
#7190 = CARTESIAN_POINT('',(12.131743481765,7.988841310387,
    32.988841310387));
#7191 = CARTESIAN_POINT('',(11.917570833634,7.988994382469,
    32.988994382469));
#7192 = CARTESIAN_POINT('',(11.708724204894,8.001618107762,
    33.001618107762));
#7193 = CARTESIAN_POINT('',(11.505938068517,8.025630201426,
    33.025630201426));
#7194 = CARTESIAN_POINT('',(11.167010825785,8.085016069706,
    33.085016069706));
#7195 = CARTESIAN_POINT('',(11.027782457417,8.115493992196,
    33.115493992196));
#7196 = CARTESIAN_POINT('',(10.892100086664,8.151078853764,
    33.151078853764));
#7197 = CARTESIAN_POINT('',(10.760059634454,8.191411561791,
    33.191411561791));
#7198 = CARTESIAN_POINT('',(10.631720056712,8.236156249206,
    33.236156249206));
#7199 = CARTESIAN_POINT('',(10.5071071357,8.285004179712,33.285004179712
    ));
#7200 = CARTESIAN_POINT('',(10.386217271364,8.337677653003,
    33.337677653003));
#7201 = CARTESIAN_POINT('',(9.929743621357,8.556793486718,
    33.556793486718));
#7202 = CARTESIAN_POINT('',(9.622170627789,8.749319858326,
    33.749319858326));
#7203 = CARTESIAN_POINT('',(9.344564307136,8.965787063423,
    33.965787063422));
#7204 = CARTESIAN_POINT('',(9.096215139517,9.20223036821,34.20223036821)
  );
#7205 = CARTESIAN_POINT('',(8.87625887182,9.455374687136,34.455374687136
    ));
#7206 = CARTESIAN_POINT('',(8.684045504265,9.722884187334,
    34.722884187335));
#7207 = CARTESIAN_POINT('',(8.519027910026,10.003162328637,
    35.003162328637));
#7208 = CARTESIAN_POINT('',(8.381271056384,10.2956523733,35.2956523733)
  );
#7209 = PCURVE('',#3090,#7210);
#7210 = DEFINITIONAL_REPRESENTATION('',(#7211),#7270);
#7211 = B_SPLINE_CURVE_WITH_KNOTS('',8,(#7212,#7213,#7214,#7215,#7216,
    #7217,#7218,#7219,#7220,#7221,#7222,#7223,#7224,#7225,#7226,#7227,
    #7228,#7229,#7230,#7231,#7232,#7233,#7234,#7235,#7236,#7237,#7238,
    #7239,#7240,#7241,#7242,#7243,#7244,#7245,#7246,#7247,#7248,#7249,
    #7250,#7251,#7252,#7253,#7254,#7255,#7256,#7257,#7258,#7259,#7260,
    #7261,#7262,#7263,#7264,#7265,#7266,#7267,#7268,#7269),
  .UNSPECIFIED.,.F.,.F.,(9,7,7,7,7,7,7,7,9),(0.,0.216024481612,
    0.285513259174,0.321668465429,0.394443390765,0.452821887252,
    0.595675207536,0.699482399574,1.),.UNSPECIFIED.);
#7212 = CARTESIAN_POINT('',(7.935483870968,0.909090909091));
#7213 = CARTESIAN_POINT('',(8.133085723805,0.885545878518));
#7214 = CARTESIAN_POINT('',(8.30772791535,0.861503987441));
#7215 = CARTESIAN_POINT('',(8.457626100039,0.837025213138));
#7216 = CARTESIAN_POINT('',(8.580387007346,0.812216758398));
#7217 = CARTESIAN_POINT('',(8.673241674582,0.787235680892));
#7218 = CARTESIAN_POINT('',(8.733240177893,0.762290168157));
#7219 = CARTESIAN_POINT('',(8.757338647537,0.737640160475));
#7220 = CARTESIAN_POINT('',(8.737474867762,0.705864369554));
#7221 = CARTESIAN_POINT('',(8.728593849153,0.698197319619));
#7222 = CARTESIAN_POINT('',(8.715567007636,0.690608795044));
#7223 = CARTESIAN_POINT('',(8.698297822399,0.683111861316));
#7224 = CARTESIAN_POINT('',(8.676696344789,0.675720616518));
#7225 = CARTESIAN_POINT('',(8.650683001269,0.668450079368));
#7226 = CARTESIAN_POINT('',(8.620192396369,0.661316077243));
#7227 = CARTESIAN_POINT('',(8.566958566675,0.650702929937));
#7228 = CARTESIAN_POINT('',(8.547515287883,0.647112184));
#7229 = CARTESIAN_POINT('',(8.52684086743,0.643565244288));
#7230 = CARTESIAN_POINT('',(8.504930281937,0.640064500072));
#7231 = CARTESIAN_POINT('',(8.48178011573,0.636612372352));
#7232 = CARTESIAN_POINT('',(8.457388780089,0.633211304209));
#7233 = CARTESIAN_POINT('',(8.431756732488,0.629863751145));
#7234 = CARTESIAN_POINT('',(8.35080140323,0.619946722645));
#7235 = CARTESIAN_POINT('',(8.291693867758,0.613547253826));
#7236 = CARTESIAN_POINT('',(8.227591817621,0.607394825131));
#7237 = CARTESIAN_POINT('',(8.158557026507,0.601509367667));
#7238 = CARTESIAN_POINT('',(8.084687265991,0.595909521349));
#7239 = CARTESIAN_POINT('',(8.00612020894,0.590612367698));
#7240 = CARTESIAN_POINT('',(7.923039283947,0.585633057618));
#7241 = CARTESIAN_POINT('',(7.765604910037,0.577255227053));
#7242 = CARTESIAN_POINT('',(7.69276751017,0.573738394643));
#7243 = CARTESIAN_POINT('',(7.617288757595,0.570440381762));
#7244 = CARTESIAN_POINT('',(7.539298267778,0.567366199584));
#7245 = CARTESIAN_POINT('',(7.458935032572,0.564519404861));
#7246 = CARTESIAN_POINT('',(7.376346657535,0.561902179195));
#7247 = CARTESIAN_POINT('',(7.291688599256,0.559515408306));
#7248 = CARTESIAN_POINT('',(6.993296677131,0.552081404003));
#7249 = CARTESIAN_POINT('',(6.770084704277,0.54818285163));
#7250 = CARTESIAN_POINT('',(6.537804389671,0.54565518886));
#7251 = CARTESIAN_POINT('',(6.298642653768,0.544440119126));
#7252 = CARTESIAN_POINT('',(6.054554689825,0.54445403477));
#7253 = CARTESIAN_POINT('',(5.807216940009,0.54560164616));
#7254 = CARTESIAN_POINT('',(5.557997714263,0.547784563766));
#7255 = CARTESIAN_POINT('',(5.126176010269,0.553183279064));
#7256 = CARTESIAN_POINT('',(4.943957493296,0.555953999291));
#7257 = CARTESIAN_POINT('',(4.761599089412,0.559188986706));
#7258 = CARTESIAN_POINT('',(4.579397989816,0.562855596526));
#7259 = CARTESIAN_POINT('',(4.39760257959,0.566923295382));
#7260 = CARTESIAN_POINT('',(4.216412704256,0.571364016337));
#7261 = CARTESIAN_POINT('',(4.035979936321,0.576152513909));
#7262 = CARTESIAN_POINT('',(3.336553929199,0.596072135156));
#7263 = CARTESIAN_POINT('',(2.825057326237,0.613574532575));
#7264 = CARTESIAN_POINT('',(2.323139050763,0.633253369402));
#7265 = CARTESIAN_POINT('',(1.832344584829,0.654748215292));
#7266 = CARTESIAN_POINT('',(1.35384514726,0.677761335194));
#7267 = CARTESIAN_POINT('',(0.888577418455,0.702080380667));
#7268 = CARTESIAN_POINT('',(0.437135297621,0.727560211694));
#7269 = CARTESIAN_POINT('',(0.,0.754150215755));
#7270 = ( GEOMETRIC_REPRESENTATION_CONTEXT(2) 
PARAMETRIC_REPRESENTATION_CONTEXT() REPRESENTATION_CONTEXT('2D SPACE',''
  ) );
#7271 = PCURVE('',#7133,#7272);
#7272 = DEFINITIONAL_REPRESENTATION('',(#7273),#7332);
#7273 = B_SPLINE_CURVE_WITH_KNOTS('',8,(#7274,#7275,#7276,#7277,#7278,
    #7279,#7280,#7281,#7282,#7283,#7284,#7285,#7286,#7287,#7288,#7289,
    #7290,#7291,#7292,#7293,#7294,#7295,#7296,#7297,#7298,#7299,#7300,
    #7301,#7302,#7303,#7304,#7305,#7306,#7307,#7308,#7309,#7310,#7311,
    #7312,#7313,#7314,#7315,#7316,#7317,#7318,#7319,#7320,#7321,#7322,
    #7323,#7324,#7325,#7326,#7327,#7328,#7329,#7330,#7331),
  .UNSPECIFIED.,.F.,.F.,(9,7,7,7,7,7,7,7,9),(0.,0.216024481612,
    0.285513259174,0.321668465429,0.394443390765,0.452821887252,
    0.595675207536,0.699482399574,1.),.UNSPECIFIED.);
#7274 = CARTESIAN_POINT('',(-6.28318530718,-6.15));
#7275 = CARTESIAN_POINT('',(-6.218436473104,-5.891004663699));
#7276 = CARTESIAN_POINT('',(-6.152321350335,-5.626543861856));
#7277 = CARTESIAN_POINT('',(-6.084590782315,-5.357277344519));
#7278 = CARTESIAN_POINT('',(-6.015053696667,-5.084384342375));
#7279 = CARTESIAN_POINT('',(-5.943545899745,-4.809592489813));
#7280 = CARTESIAN_POINT('',(-5.869915233174,-4.53519184973));
#7281 = CARTESIAN_POINT('',(-5.794001634499,-4.264041765222));
#7282 = CARTESIAN_POINT('',(-5.690368114469,-3.914508065099));
#7283 = CARTESIAN_POINT('',(-5.664899191457,-3.830170515807));
#7284 = CARTESIAN_POINT('',(-5.639182640368,-3.746696745485));
#7285 = CARTESIAN_POINT('',(-5.61321891343,-3.664230474471));
#7286 = CARTESIAN_POINT('',(-5.587010457973,-3.5829267817));
#7287 = CARTESIAN_POINT('',(-5.560562024677,-3.502950873046));
#7288 = CARTESIAN_POINT('',(-5.533880975812,-3.424476849668));
#7289 = CARTESIAN_POINT('',(-5.49297968805,-3.307732229312));
#7290 = CARTESIAN_POINT('',(-5.47892169938,-3.268234024002));
#7291 = CARTESIAN_POINT('',(-5.46480520133,-3.229217687171));
#7292 = CARTESIAN_POINT('',(-5.450631973196,-3.19070950079));
#7293 = CARTESIAN_POINT('',(-5.436404025785,-3.152736095874));
#7294 = CARTESIAN_POINT('',(-5.422123627477,-3.115324346294));
#7295 = CARTESIAN_POINT('',(-5.407793330296,-3.078501262591));
#7296 = CARTESIAN_POINT('',(-5.364476611011,-2.969413949092));
#7297 = CARTESIAN_POINT('',(-5.335343180412,-2.899019792085));
#7298 = CARTESIAN_POINT('',(-5.306043008123,-2.831343076437));
#7299 = CARTESIAN_POINT('',(-5.276604571431,-2.766603044342));
#7300 = CARTESIAN_POINT('',(-5.247058242286,-2.705004734836));
#7301 = CARTESIAN_POINT('',(-5.217437258824,-2.646736044679));
#7302 = CARTESIAN_POINT('',(-5.187778947096,-2.591963633802));
#7303 = CARTESIAN_POINT('',(-5.134339384657,-2.499807497578));
#7304 = CARTESIAN_POINT('',(-5.110553238133,-2.461122341078));
#7305 = CARTESIAN_POINT('',(-5.086789189346,-2.424844199382));
#7306 = CARTESIAN_POINT('',(-5.063067248475,-2.391028195419));
#7307 = CARTESIAN_POINT('',(-5.039406332838,-2.359713453468));
#7308 = CARTESIAN_POINT('',(-5.01582459976,-2.33092397114));
#7309 = CARTESIAN_POINT('',(-4.992339779448,-2.304669491363));
#7310 = CARTESIAN_POINT('',(-4.911781997182,-2.222895444038));
#7311 = CARTESIAN_POINT('',(-4.855289626301,-2.18001136793));
#7312 = CARTESIAN_POINT('',(-4.799728904429,-2.152207077465));
#7313 = CARTESIAN_POINT('',(-4.745234105386,-2.138841310387));
#7314 = CARTESIAN_POINT('',(-4.691885527368,-2.138994382469));
#7315 = CARTESIAN_POINT('',(-4.639724496395,-2.151618107762));
#7316 = CARTESIAN_POINT('',(-4.58875259734,-2.175630201426));
#7317 = CARTESIAN_POINT('',(-4.502729941451,-2.235016069706));
#7318 = CARTESIAN_POINT('',(-4.467130149475,-2.265493992196));
#7319 = CARTESIAN_POINT('',(-4.432110865311,-2.301078853764));
#7320 = CARTESIAN_POINT('',(-4.397649047133,-2.341411561791));
#7321 = CARTESIAN_POINT('',(-4.363720301454,-2.386156249206));
#7322 = CARTESIAN_POINT('',(-4.330298198082,-2.435004179712));
#7323 = CARTESIAN_POINT('',(-4.297353585093,-2.487677653003));
#7324 = CARTESIAN_POINT('',(-4.170768647764,-2.706793486718));
#7325 = CARTESIAN_POINT('',(-4.080619154184,-2.899319858326));
#7326 = CARTESIAN_POINT('',(-3.993366315564,-3.115787063422));
#7327 = CARTESIAN_POINT('',(-3.908446524988,-3.352230368211));
#7328 = CARTESIAN_POINT('',(-3.825331866668,-3.605374687136));
#7329 = CARTESIAN_POINT('',(-3.743551274929,-3.872884187335));
#7330 = CARTESIAN_POINT('',(-3.662582358272,-4.153162328637));
#7331 = CARTESIAN_POINT('',(-3.581755623465,-4.4456523733));
#7332 = ( GEOMETRIC_REPRESENTATION_CONTEXT(2) 
PARAMETRIC_REPRESENTATION_CONTEXT() REPRESENTATION_CONTEXT('2D SPACE',''
  ) );
#7333 = ADVANCED_FACE('',(#7334),#3984,.T.);
#7334 = FACE_BOUND('',#7335,.T.);
#7335 = EDGE_LOOP('',(#7336,#7337,#7359,#7360));
#7336 = ORIENTED_EDGE('',*,*,#3971,.T.);
#7337 = ORIENTED_EDGE('',*,*,#7338,.F.);
#7338 = EDGE_CURVE('',#4617,#3921,#7339,.T.);
#7339 = SURFACE_CURVE('',#7340,(#7346,#7352),.PCURVE_S1.);
#7340 = B_SPLINE_CURVE_WITH_KNOTS('',2,(#7341,#7342,#7343,#7344,#7345),
  .UNSPECIFIED.,.F.,.F.,(3,1,1,3),(-3.796010963536,-0.521810963536,
    59.521810963536,62.796010963536),.UNSPECIFIED.);
#7341 = CARTESIAN_POINT('',(72.796010963536,93.104362192707,
    39.321645747403));
#7342 = CARTESIAN_POINT('',(71.158910963536,93.104362192707,
    39.321645747403));
#7343 = CARTESIAN_POINT('',(39.5,93.104362192707,39.321645747403));
#7344 = CARTESIAN_POINT('',(7.841089036464,93.104362192707,
    39.321645747403));
#7345 = CARTESIAN_POINT('',(6.203989036464,93.104362192707,
    39.321645747403));
#7346 = PCURVE('',#3984,#7347);
#7347 = DEFINITIONAL_REPRESENTATION('',(#7348),#7351);
#7348 = B_SPLINE_CURVE_WITH_KNOTS('',1,(#7349,#7350),.UNSPECIFIED.,.F.,
  .F.,(2,2),(-0.521810963536,59.521810963536),.PIECEWISE_BEZIER_KNOTS.);
#7349 = CARTESIAN_POINT('',(5.551115123126E-15,0.947818903646));
#7350 = CARTESIAN_POINT('',(79.,0.947818903646));
#7351 = ( GEOMETRIC_REPRESENTATION_CONTEXT(2) 
PARAMETRIC_REPRESENTATION_CONTEXT() REPRESENTATION_CONTEXT('2D SPACE',''
  ) );
#7352 = PCURVE('',#3944,#7353);
#7353 = DEFINITIONAL_REPRESENTATION('',(#7354),#7358);
#7354 = LINE('',#7355,#7356);
#7355 = CARTESIAN_POINT('',(0.,0.));
#7356 = VECTOR('',#7357,1.);
#7357 = DIRECTION('',(0.,1.));
#7358 = ( GEOMETRIC_REPRESENTATION_CONTEXT(2) 
PARAMETRIC_REPRESENTATION_CONTEXT() REPRESENTATION_CONTEXT('2D SPACE',''
  ) );
#7359 = ORIENTED_EDGE('',*,*,#4614,.F.);
#7360 = ORIENTED_EDGE('',*,*,#7361,.T.);
#7361 = EDGE_CURVE('',#4615,#3743,#7362,.T.);
#7362 = SURFACE_CURVE('',#7363,(#7367,#7374),.PCURVE_S1.);
#7363 = LINE('',#7364,#7365);
#7364 = CARTESIAN_POINT('',(79.,95.,27.));
#7365 = VECTOR('',#7366,1.);
#7366 = DIRECTION('',(-1.,0.,0.));
#7367 = PCURVE('',#3984,#7368);
#7368 = DEFINITIONAL_REPRESENTATION('',(#7369),#7373);
#7369 = LINE('',#7370,#7371);
#7370 = CARTESIAN_POINT('',(0.,0.));
#7371 = VECTOR('',#7372,1.);
#7372 = DIRECTION('',(1.,0.));
#7373 = ( GEOMETRIC_REPRESENTATION_CONTEXT(2) 
PARAMETRIC_REPRESENTATION_CONTEXT() REPRESENTATION_CONTEXT('2D SPACE',''
  ) );
#7374 = PCURVE('',#5185,#7375);
#7375 = DEFINITIONAL_REPRESENTATION('',(#7376),#7380);
#7376 = LINE('',#7377,#7378);
#7377 = CARTESIAN_POINT('',(0.,0.));
#7378 = VECTOR('',#7379,1.);
#7379 = DIRECTION('',(1.,0.));
#7380 = ( GEOMETRIC_REPRESENTATION_CONTEXT(2) 
PARAMETRIC_REPRESENTATION_CONTEXT() REPRESENTATION_CONTEXT('2D SPACE',''
  ) );
#7381 = ADVANCED_FACE('',(#7382),#3944,.F.);
#7382 = FACE_BOUND('',#7383,.F.);
#7383 = EDGE_LOOP('',(#7384,#7385,#7407,#7408,#7409,#7410));
#7384 = ORIENTED_EDGE('',*,*,#4523,.F.);
#7385 = ORIENTED_EDGE('',*,*,#7386,.T.);
#7386 = EDGE_CURVE('',#4500,#4342,#7387,.T.);
#7387 = SURFACE_CURVE('',#7388,(#7394,#7401),.PCURVE_S1.);
#7388 = B_SPLINE_CURVE_WITH_KNOTS('',2,(#7389,#7390,#7391,#7392,#7393),
  .UNSPECIFIED.,.F.,.F.,(3,1,1,3),(-3.796010963536,-0.521810963536,
    59.521810963536,62.796010963536),.UNSPECIFIED.);
#7389 = CARTESIAN_POINT('',(72.796010963536,92.313664834587,40.));
#7390 = CARTESIAN_POINT('',(71.158910963536,92.313664834587,40.));
#7391 = CARTESIAN_POINT('',(39.5,92.313664834587,40.));
#7392 = CARTESIAN_POINT('',(7.841089036464,92.313664834587,40.));
#7393 = CARTESIAN_POINT('',(6.203989036464,92.313664834587,40.));
#7394 = PCURVE('',#3944,#7395);
#7395 = DEFINITIONAL_REPRESENTATION('',(#7396),#7400);
#7396 = LINE('',#7397,#7398);
#7397 = CARTESIAN_POINT('',(60.043621927072,0.));
#7398 = VECTOR('',#7399,1.);
#7399 = DIRECTION('',(0.,1.));
#7400 = ( GEOMETRIC_REPRESENTATION_CONTEXT(2) 
PARAMETRIC_REPRESENTATION_CONTEXT() REPRESENTATION_CONTEXT('2D SPACE',''
  ) );
#7401 = PCURVE('',#4407,#7402);
#7402 = DEFINITIONAL_REPRESENTATION('',(#7403),#7406);
#7403 = B_SPLINE_CURVE_WITH_KNOTS('',1,(#7404,#7405),.UNSPECIFIED.,.F.,
  .F.,(2,2),(-0.521810963536,59.521810963536),.PIECEWISE_BEZIER_KNOTS.);
#7404 = CARTESIAN_POINT('',(99.160571524958,0.827323827652));
#7405 = CARTESIAN_POINT('',(63.522151361753,-47.49595774957));
#7406 = ( GEOMETRIC_REPRESENTATION_CONTEXT(2) 
PARAMETRIC_REPRESENTATION_CONTEXT() REPRESENTATION_CONTEXT('2D SPACE',''
  ) );
#7407 = ORIENTED_EDGE('',*,*,#4341,.T.);
#7408 = ORIENTED_EDGE('',*,*,#3920,.T.);
#7409 = ORIENTED_EDGE('',*,*,#7338,.F.);
#7410 = ORIENTED_EDGE('',*,*,#4638,.F.);
#7411 = ADVANCED_FACE('',(#7412),#4014,.T.);
#7412 = FACE_BOUND('',#7413,.T.);
#7413 = EDGE_LOOP('',(#7414,#7415));
#7414 = ORIENTED_EDGE('',*,*,#3998,.T.);
#7415 = ORIENTED_EDGE('',*,*,#7416,.T.);
#7416 = EDGE_CURVE('',#4001,#3999,#7417,.T.);
#7417 = SURFACE_CURVE('',#7418,(#7423,#7430),.PCURVE_S1.);
#7418 = CIRCLE('',#7419,4.);
#7419 = AXIS2_PLACEMENT_3D('',#7420,#7421,#7422);
#7420 = CARTESIAN_POINT('',(12.,83.,39.));
#7421 = DIRECTION('',(0.,0.,1.));
#7422 = DIRECTION('',(1.,0.,0.));
#7423 = PCURVE('',#4014,#7424);
#7424 = DEFINITIONAL_REPRESENTATION('',(#7425),#7429);
#7425 = CIRCLE('',#7426,4.);
#7426 = AXIS2_PLACEMENT_2D('',#7427,#7428);
#7427 = CARTESIAN_POINT('',(0.,-1.42108547152E-14));
#7428 = DIRECTION('',(1.,0.));
#7429 = ( GEOMETRIC_REPRESENTATION_CONTEXT(2) 
PARAMETRIC_REPRESENTATION_CONTEXT() REPRESENTATION_CONTEXT('2D SPACE',''
  ) );
#7430 = PCURVE('',#4097,#7431);
#7431 = DEFINITIONAL_REPRESENTATION('',(#7432),#7436);
#7432 = LINE('',#7433,#7434);
#7433 = CARTESIAN_POINT('',(-0.,-8.15));
#7434 = VECTOR('',#7435,1.);
#7435 = DIRECTION('',(-1.,0.));
#7436 = ( GEOMETRIC_REPRESENTATION_CONTEXT(2) 
PARAMETRIC_REPRESENTATION_CONTEXT() REPRESENTATION_CONTEXT('2D SPACE',''
  ) );
#7437 = ADVANCED_FACE('',(#7438),#4097,.T.);
#7438 = FACE_BOUND('',#7439,.F.);
#7439 = EDGE_LOOP('',(#7440,#7441));
#7440 = ORIENTED_EDGE('',*,*,#4025,.T.);
#7441 = ORIENTED_EDGE('',*,*,#7416,.T.);
#7442 = ADVANCED_FACE('',(#7443,#7469),#4240,.F.);
#7443 = FACE_BOUND('',#7444,.F.);
#7444 = EDGE_LOOP('',(#7445));
#7445 = ORIENTED_EDGE('',*,*,#7446,.T.);
#7446 = EDGE_CURVE('',#7447,#7447,#7449,.T.);
#7447 = VERTEX_POINT('',#7448);
#7448 = CARTESIAN_POINT('',(16.,12.,30.85));
#7449 = SURFACE_CURVE('',#7450,(#7455,#7462),.PCURVE_S1.);
#7450 = CIRCLE('',#7451,4.);
#7451 = AXIS2_PLACEMENT_3D('',#7452,#7453,#7454);
#7452 = CARTESIAN_POINT('',(12.,12.,30.85));
#7453 = DIRECTION('',(0.,0.,1.));
#7454 = DIRECTION('',(1.,0.,0.));
#7455 = PCURVE('',#4240,#7456);
#7456 = DEFINITIONAL_REPRESENTATION('',(#7457),#7461);
#7457 = CIRCLE('',#7458,4.);
#7458 = AXIS2_PLACEMENT_2D('',#7459,#7460);
#7459 = CARTESIAN_POINT('',(0.,-1.7763568394E-15));
#7460 = DIRECTION('',(1.,0.));
#7461 = ( GEOMETRIC_REPRESENTATION_CONTEXT(2) 
PARAMETRIC_REPRESENTATION_CONTEXT() REPRESENTATION_CONTEXT('2D SPACE',''
  ) );
#7462 = PCURVE('',#7133,#7463);
#7463 = DEFINITIONAL_REPRESENTATION('',(#7464),#7468);
#7464 = LINE('',#7465,#7466);
#7465 = CARTESIAN_POINT('',(-0.,0.));
#7466 = VECTOR('',#7467,1.);
#7467 = DIRECTION('',(-1.,0.));
#7468 = ( GEOMETRIC_REPRESENTATION_CONTEXT(2) 
PARAMETRIC_REPRESENTATION_CONTEXT() REPRESENTATION_CONTEXT('2D SPACE',''
  ) );
#7469 = FACE_BOUND('',#7470,.F.);
#7470 = EDGE_LOOP('',(#7471));
#7471 = ORIENTED_EDGE('',*,*,#4225,.T.);
#7472 = ADVANCED_FACE('',(#7473),#4407,.F.);
#7473 = FACE_BOUND('',#7474,.F.);
#7474 = EDGE_LOOP('',(#7475,#7476,#7477,#7478));
#7475 = ORIENTED_EDGE('',*,*,#4422,.F.);
#7476 = ORIENTED_EDGE('',*,*,#4391,.F.);
#7477 = ORIENTED_EDGE('',*,*,#7386,.F.);
#7478 = ORIENTED_EDGE('',*,*,#4499,.F.);
#7479 = ADVANCED_FACE('',(#7480),#4872,.T.);
#7480 = FACE_BOUND('',#7481,.T.);
#7481 = EDGE_LOOP('',(#7482,#7504));
#7482 = ORIENTED_EDGE('',*,*,#7483,.T.);
#7483 = EDGE_CURVE('',#4859,#4857,#7484,.T.);
#7484 = SURFACE_CURVE('',#7485,(#7490,#7497),.PCURVE_S1.);
#7485 = CIRCLE('',#7486,4.);
#7486 = AXIS2_PLACEMENT_3D('',#7487,#7488,#7489);
#7487 = CARTESIAN_POINT('',(67.,83.,39.));
#7488 = DIRECTION('',(-0.,0.,1.));
#7489 = DIRECTION('',(0.692307692308,-0.721602424588,0.));
#7490 = PCURVE('',#4872,#7491);
#7491 = DEFINITIONAL_REPRESENTATION('',(#7492),#7496);
#7492 = CIRCLE('',#7493,4.);
#7493 = AXIS2_PLACEMENT_2D('',#7494,#7495);
#7494 = CARTESIAN_POINT('',(0.,0.));
#7495 = DIRECTION('',(0.692307692308,-0.721602424588));
#7496 = ( GEOMETRIC_REPRESENTATION_CONTEXT(2) 
PARAMETRIC_REPRESENTATION_CONTEXT() REPRESENTATION_CONTEXT('2D SPACE',''
  ) );
#7497 = PCURVE('',#4964,#7498);
#7498 = DEFINITIONAL_REPRESENTATION('',(#7499),#7503);
#7499 = LINE('',#7500,#7501);
#7500 = CARTESIAN_POINT('',(-5.477071158247,-8.15));
#7501 = VECTOR('',#7502,1.);
#7502 = DIRECTION('',(-1.,0.));
#7503 = ( GEOMETRIC_REPRESENTATION_CONTEXT(2) 
PARAMETRIC_REPRESENTATION_CONTEXT() REPRESENTATION_CONTEXT('2D SPACE',''
  ) );
#7504 = ORIENTED_EDGE('',*,*,#4856,.T.);
#7505 = ADVANCED_FACE('',(#7506),#4964,.T.);
#7506 = FACE_BOUND('',#7507,.F.);
#7507 = EDGE_LOOP('',(#7508,#7509));
#7508 = ORIENTED_EDGE('',*,*,#7483,.T.);
#7509 = ORIENTED_EDGE('',*,*,#4883,.T.);
#7510 = ADVANCED_FACE('',(#7511,#7537),#5116,.F.);
#7511 = FACE_BOUND('',#7512,.F.);
#7512 = EDGE_LOOP('',(#7513));
#7513 = ORIENTED_EDGE('',*,*,#7514,.T.);
#7514 = EDGE_CURVE('',#7515,#7515,#7517,.T.);
#7515 = VERTEX_POINT('',#7516);
#7516 = CARTESIAN_POINT('',(71.,12.,30.85));
#7517 = SURFACE_CURVE('',#7518,(#7523,#7530),.PCURVE_S1.);
#7518 = CIRCLE('',#7519,4.);
#7519 = AXIS2_PLACEMENT_3D('',#7520,#7521,#7522);
#7520 = CARTESIAN_POINT('',(67.,12.,30.85));
#7521 = DIRECTION('',(0.,0.,1.));
#7522 = DIRECTION('',(1.,0.,0.));
#7523 = PCURVE('',#5116,#7524);
#7524 = DEFINITIONAL_REPRESENTATION('',(#7525),#7529);
#7525 = CIRCLE('',#7526,4.);
#7526 = AXIS2_PLACEMENT_2D('',#7527,#7528);
#7527 = CARTESIAN_POINT('',(0.,-1.7763568394E-15));
#7528 = DIRECTION('',(1.,0.));
#7529 = ( GEOMETRIC_REPRESENTATION_CONTEXT(2) 
PARAMETRIC_REPRESENTATION_CONTEXT() REPRESENTATION_CONTEXT('2D SPACE',''
  ) );
#7530 = PCURVE('',#7010,#7531);
#7531 = DEFINITIONAL_REPRESENTATION('',(#7532),#7536);
#7532 = LINE('',#7533,#7534);
#7533 = CARTESIAN_POINT('',(-0.,0.));
#7534 = VECTOR('',#7535,1.);
#7535 = DIRECTION('',(-1.,0.));
#7536 = ( GEOMETRIC_REPRESENTATION_CONTEXT(2) 
PARAMETRIC_REPRESENTATION_CONTEXT() REPRESENTATION_CONTEXT('2D SPACE',''
  ) );
#7537 = FACE_BOUND('',#7538,.F.);
#7538 = EDGE_LOOP('',(#7539));
#7539 = ORIENTED_EDGE('',*,*,#5101,.T.);
#7540 = ADVANCED_FACE('',(#7541),#5185,.T.);
#7541 = FACE_BOUND('',#7542,.T.);
#7542 = EDGE_LOOP('',(#7543,#7564,#7565,#7566));
#7543 = ORIENTED_EDGE('',*,*,#7544,.T.);
#7544 = EDGE_CURVE('',#6456,#5172,#7545,.T.);
#7545 = SURFACE_CURVE('',#7546,(#7550,#7557),.PCURVE_S1.);
#7546 = LINE('',#7547,#7548);
#7547 = CARTESIAN_POINT('',(79.,95.,25.));
#7548 = VECTOR('',#7549,1.);
#7549 = DIRECTION('',(-1.,0.,0.));
#7550 = PCURVE('',#5185,#7551);
#7551 = DEFINITIONAL_REPRESENTATION('',(#7552),#7556);
#7552 = LINE('',#7553,#7554);
#7553 = CARTESIAN_POINT('',(0.,-2.));
#7554 = VECTOR('',#7555,1.);
#7555 = DIRECTION('',(1.,0.));
#7556 = ( GEOMETRIC_REPRESENTATION_CONTEXT(2) 
PARAMETRIC_REPRESENTATION_CONTEXT() REPRESENTATION_CONTEXT('2D SPACE',''
  ) );
#7557 = PCURVE('',#5212,#7558);
#7558 = DEFINITIONAL_REPRESENTATION('',(#7559),#7563);
#7559 = LINE('',#7560,#7561);
#7560 = CARTESIAN_POINT('',(123.55565547557,0.));
#7561 = VECTOR('',#7562,1.);
#7562 = DIRECTION('',(-0.639387972132,-0.768884270286));
#7563 = ( GEOMETRIC_REPRESENTATION_CONTEXT(2) 
PARAMETRIC_REPRESENTATION_CONTEXT() REPRESENTATION_CONTEXT('2D SPACE',''
  ) );
#7564 = ORIENTED_EDGE('',*,*,#5171,.T.);
#7565 = ORIENTED_EDGE('',*,*,#7361,.F.);
#7566 = ORIENTED_EDGE('',*,*,#6478,.F.);
#7567 = ADVANCED_FACE('',(#7568),#5212,.T.);
#7568 = FACE_BOUND('',#7569,.T.);
#7569 = EDGE_LOOP('',(#7570,#7571,#7572,#7573,#7574,#7575,#7596,#7615,
    #7616,#7635,#7636,#7657));
#7570 = ORIENTED_EDGE('',*,*,#5252,.T.);
#7571 = ORIENTED_EDGE('',*,*,#5196,.F.);
#7572 = ORIENTED_EDGE('',*,*,#7544,.F.);
#7573 = ORIENTED_EDGE('',*,*,#6455,.F.);
#7574 = ORIENTED_EDGE('',*,*,#6403,.T.);
#7575 = ORIENTED_EDGE('',*,*,#7576,.F.);
#7576 = EDGE_CURVE('',#7577,#6371,#7579,.T.);
#7577 = VERTEX_POINT('',#7578);
#7578 = CARTESIAN_POINT('',(75.4,2.,25.));
#7579 = SURFACE_CURVE('',#7580,(#7584,#7590),.PCURVE_S1.);
#7580 = LINE('',#7581,#7582);
#7581 = CARTESIAN_POINT('',(75.4,-7.5E-02,25.));
#7582 = VECTOR('',#7583,1.);
#7583 = DIRECTION('',(0.,-1.,0.));
#7584 = PCURVE('',#5212,#7585);
#7585 = DEFINITIONAL_REPRESENTATION('',(#7586),#7589);
#7586 = B_SPLINE_CURVE_WITH_KNOTS('',1,(#7587,#7588),.UNSPECIFIED.,.F.,
  .F.,(2,2),(-2.225,7.5E-02),.PIECEWISE_BEZIER_KNOTS.);
#7587 = CARTESIAN_POINT('',(49.862954279885,56.59918983945));
#7588 = CARTESIAN_POINT('',(48.094520458228,58.069782175354));
#7589 = ( GEOMETRIC_REPRESENTATION_CONTEXT(2) 
PARAMETRIC_REPRESENTATION_CONTEXT() REPRESENTATION_CONTEXT('2D SPACE',''
  ) );
#7590 = PCURVE('',#6387,#7591);
#7591 = DEFINITIONAL_REPRESENTATION('',(#7592),#7595);
#7592 = B_SPLINE_CURVE_WITH_KNOTS('',1,(#7593,#7594),.UNSPECIFIED.,.F.,
  .F.,(2,2),(-2.225,7.5E-02),.PIECEWISE_BEZIER_KNOTS.);
#7593 = CARTESIAN_POINT('',(0.15,-2.3));
#7594 = CARTESIAN_POINT('',(0.15,0.));
#7595 = ( GEOMETRIC_REPRESENTATION_CONTEXT(2) 
PARAMETRIC_REPRESENTATION_CONTEXT() REPRESENTATION_CONTEXT('2D SPACE',''
  ) );
#7596 = ORIENTED_EDGE('',*,*,#7597,.F.);
#7597 = EDGE_CURVE('',#6224,#7577,#7598,.T.);
#7598 = SURFACE_CURVE('',#7599,(#7603,#7609),.PCURVE_S1.);
#7599 = LINE('',#7600,#7601);
#7600 = CARTESIAN_POINT('',(1.,2.,25.));
#7601 = VECTOR('',#7602,1.);
#7602 = DIRECTION('',(-1.,-0.,-0.));
#7603 = PCURVE('',#5212,#7604);
#7604 = DEFINITIONAL_REPRESENTATION('',(#7605),#7608);
#7605 = B_SPLINE_CURVE_WITH_KNOTS('',1,(#7606,#7607),.UNSPECIFIED.,.F.,
  .F.,(2,2),(-76.,-1.),.PIECEWISE_BEZIER_KNOTS.);
#7606 = CARTESIAN_POINT('',(50.770642394754,57.925312867727));
#7607 = CARTESIAN_POINT('',(2.816544484836,0.258992596307));
#7608 = ( GEOMETRIC_REPRESENTATION_CONTEXT(2) 
PARAMETRIC_REPRESENTATION_CONTEXT() REPRESENTATION_CONTEXT('2D SPACE',''
  ) );
#7609 = PCURVE('',#6239,#7610);
#7610 = DEFINITIONAL_REPRESENTATION('',(#7611),#7614);
#7611 = B_SPLINE_CURVE_WITH_KNOTS('',1,(#7612,#7613),.UNSPECIFIED.,.F.,
  .F.,(2,2),(-76.,-1.),.PIECEWISE_BEZIER_KNOTS.);
#7612 = CARTESIAN_POINT('',(75.,-2.));
#7613 = CARTESIAN_POINT('',(0.,-2.));
#7614 = ( GEOMETRIC_REPRESENTATION_CONTEXT(2) 
PARAMETRIC_REPRESENTATION_CONTEXT() REPRESENTATION_CONTEXT('2D SPACE',''
  ) );
#7615 = ORIENTED_EDGE('',*,*,#6250,.F.);
#7616 = ORIENTED_EDGE('',*,*,#7617,.F.);
#7617 = EDGE_CURVE('',#5359,#6251,#7618,.T.);
#7618 = SURFACE_CURVE('',#7619,(#7623,#7629),.PCURVE_S1.);
#7619 = LINE('',#7620,#7621);
#7620 = CARTESIAN_POINT('',(38.5,93.,25.));
#7621 = VECTOR('',#7622,1.);
#7622 = DIRECTION('',(1.,0.,0.));
#7623 = PCURVE('',#5212,#7624);
#7624 = DEFINITIONAL_REPRESENTATION('',(#7625),#7628);
#7625 = B_SPLINE_CURVE_WITH_KNOTS('',1,(#7626,#7627),.UNSPECIFIED.,.F.,
  .F.,(2,2),(-36.5,38.5),.PIECEWISE_BEZIER_KNOTS.);
#7626 = CARTESIAN_POINT('',(72.785013080826,-57.92531286772));
#7627 = CARTESIAN_POINT('',(120.73911099074,-0.258992596307));
#7628 = ( GEOMETRIC_REPRESENTATION_CONTEXT(2) 
PARAMETRIC_REPRESENTATION_CONTEXT() REPRESENTATION_CONTEXT('2D SPACE',''
  ) );
#7629 = PCURVE('',#5374,#7630);
#7630 = DEFINITIONAL_REPRESENTATION('',(#7631),#7634);
#7631 = B_SPLINE_CURVE_WITH_KNOTS('',1,(#7632,#7633),.UNSPECIFIED.,.F.,
  .F.,(2,2),(-36.5,38.5),.PIECEWISE_BEZIER_KNOTS.);
#7632 = CARTESIAN_POINT('',(75.,-2.));
#7633 = CARTESIAN_POINT('',(0.,-2.));
#7634 = ( GEOMETRIC_REPRESENTATION_CONTEXT(2) 
PARAMETRIC_REPRESENTATION_CONTEXT() REPRESENTATION_CONTEXT('2D SPACE',''
  ) );
#7635 = ORIENTED_EDGE('',*,*,#5385,.F.);
#7636 = ORIENTED_EDGE('',*,*,#7637,.F.);
#7637 = EDGE_CURVE('',#7638,#5386,#7640,.T.);
#7638 = VERTEX_POINT('',#7639);
#7639 = CARTESIAN_POINT('',(3.6,2.,25.));
#7640 = SURFACE_CURVE('',#7641,(#7645,#7651),.PCURVE_S1.);
#7641 = LINE('',#7642,#7643);
#7642 = CARTESIAN_POINT('',(1.,2.,25.));
#7643 = VECTOR('',#7644,1.);
#7644 = DIRECTION('',(-1.,-0.,-0.));
#7645 = PCURVE('',#5212,#7646);
#7646 = DEFINITIONAL_REPRESENTATION('',(#7647),#7650);
#7647 = B_SPLINE_CURVE_WITH_KNOTS('',1,(#7648,#7649),.UNSPECIFIED.,.F.,
  .F.,(2,2),(-76.,-1.),.PIECEWISE_BEZIER_KNOTS.);
#7648 = CARTESIAN_POINT('',(50.770642394754,57.925312867727));
#7649 = CARTESIAN_POINT('',(2.816544484836,0.258992596307));
#7650 = ( GEOMETRIC_REPRESENTATION_CONTEXT(2) 
PARAMETRIC_REPRESENTATION_CONTEXT() REPRESENTATION_CONTEXT('2D SPACE',''
  ) );
#7651 = PCURVE('',#5321,#7652);
#7652 = DEFINITIONAL_REPRESENTATION('',(#7653),#7656);
#7653 = B_SPLINE_CURVE_WITH_KNOTS('',1,(#7654,#7655),.UNSPECIFIED.,.F.,
  .F.,(2,2),(-76.,-1.),.PIECEWISE_BEZIER_KNOTS.);
#7654 = CARTESIAN_POINT('',(75.,-2.));
#7655 = CARTESIAN_POINT('',(0.,-2.));
#7656 = ( GEOMETRIC_REPRESENTATION_CONTEXT(2) 
PARAMETRIC_REPRESENTATION_CONTEXT() REPRESENTATION_CONTEXT('2D SPACE',''
  ) );
#7657 = ORIENTED_EDGE('',*,*,#7658,.T.);
#7658 = EDGE_CURVE('',#7638,#5253,#7659,.T.);
#7659 = SURFACE_CURVE('',#7660,(#7664,#7670),.PCURVE_S1.);
#7660 = LINE('',#7661,#7662);
#7661 = CARTESIAN_POINT('',(3.6,-7.5E-02,25.));
#7662 = VECTOR('',#7663,1.);
#7663 = DIRECTION('',(0.,-1.,0.));
#7664 = PCURVE('',#5212,#7665);
#7665 = DEFINITIONAL_REPRESENTATION('',(#7666),#7669);
#7666 = B_SPLINE_CURVE_WITH_KNOTS('',1,(#7667,#7668),.UNSPECIFIED.,.F.,
  .F.,(2,2),(-2.225,7.5E-02),.PIECEWISE_BEZIER_KNOTS.);
#7667 = CARTESIAN_POINT('',(3.95489788079,1.393299232944));
#7668 = CARTESIAN_POINT('',(2.186464059133,2.863891568848));
#7669 = ( GEOMETRIC_REPRESENTATION_CONTEXT(2) 
PARAMETRIC_REPRESENTATION_CONTEXT() REPRESENTATION_CONTEXT('2D SPACE',''
  ) );
#7670 = PCURVE('',#5290,#7671);
#7671 = DEFINITIONAL_REPRESENTATION('',(#7672),#7675);
#7672 = B_SPLINE_CURVE_WITH_KNOTS('',1,(#7673,#7674),.UNSPECIFIED.,.F.,
  .F.,(2,2),(-2.225,7.5E-02),.PIECEWISE_BEZIER_KNOTS.);
#7673 = CARTESIAN_POINT('',(0.15,-2.3));
#7674 = CARTESIAN_POINT('',(0.15,0.));
#7675 = ( GEOMETRIC_REPRESENTATION_CONTEXT(2) 
PARAMETRIC_REPRESENTATION_CONTEXT() REPRESENTATION_CONTEXT('2D SPACE',''
  ) );
#7676 = ADVANCED_FACE('',(#7677),#5290,.T.);
#7677 = FACE_BOUND('',#7678,.T.);
#7678 = EDGE_LOOP('',(#7679,#7698,#7699));
#7679 = ORIENTED_EDGE('',*,*,#7680,.T.);
#7680 = EDGE_CURVE('',#7638,#5274,#7681,.T.);
#7681 = SURFACE_CURVE('',#7682,(#7686,#7692),.PCURVE_S1.);
#7682 = LINE('',#7683,#7684);
#7683 = CARTESIAN_POINT('',(3.6,2.,25.925));
#7684 = VECTOR('',#7685,1.);
#7685 = DIRECTION('',(-0.,0.,1.));
#7686 = PCURVE('',#5290,#7687);
#7687 = DEFINITIONAL_REPRESENTATION('',(#7688),#7691);
#7688 = B_SPLINE_CURVE_WITH_KNOTS('',1,(#7689,#7690),.UNSPECIFIED.,.F.,
  .F.,(2,2),(-0.925,1.075),.PIECEWISE_BEZIER_KNOTS.);
#7689 = CARTESIAN_POINT('',(0.15,-2.15));
#7690 = CARTESIAN_POINT('',(2.15,-2.15));
#7691 = ( GEOMETRIC_REPRESENTATION_CONTEXT(2) 
PARAMETRIC_REPRESENTATION_CONTEXT() REPRESENTATION_CONTEXT('2D SPACE',''
  ) );
#7692 = PCURVE('',#5321,#7693);
#7693 = DEFINITIONAL_REPRESENTATION('',(#7694),#7697);
#7694 = B_SPLINE_CURVE_WITH_KNOTS('',1,(#7695,#7696),.UNSPECIFIED.,.F.,
  .F.,(2,2),(-0.925,1.075),.PIECEWISE_BEZIER_KNOTS.);
#7695 = CARTESIAN_POINT('',(1.6,-2.));
#7696 = CARTESIAN_POINT('',(1.6,0.));
#7697 = ( GEOMETRIC_REPRESENTATION_CONTEXT(2) 
PARAMETRIC_REPRESENTATION_CONTEXT() REPRESENTATION_CONTEXT('2D SPACE',''
  ) );
#7698 = ORIENTED_EDGE('',*,*,#5273,.T.);
#7699 = ORIENTED_EDGE('',*,*,#7658,.F.);
#7700 = ADVANCED_FACE('',(#7701),#5321,.F.);
#7701 = FACE_BOUND('',#7702,.F.);
#7702 = EDGE_LOOP('',(#7703,#7704,#7705,#7706));
#7703 = ORIENTED_EDGE('',*,*,#5406,.F.);
#7704 = ORIENTED_EDGE('',*,*,#7637,.F.);
#7705 = ORIENTED_EDGE('',*,*,#7680,.T.);
#7706 = ORIENTED_EDGE('',*,*,#5306,.T.);
#7707 = ADVANCED_FACE('',(#7708),#5374,.F.);
#7708 = FACE_BOUND('',#7709,.F.);
#7709 = EDGE_LOOP('',(#7710,#7711,#7712,#7713,#7741,#7769,#7792,#7820));
#7710 = ORIENTED_EDGE('',*,*,#6271,.F.);
#7711 = ORIENTED_EDGE('',*,*,#7617,.F.);
#7712 = ORIENTED_EDGE('',*,*,#5358,.T.);
#7713 = ORIENTED_EDGE('',*,*,#7714,.F.);
#7714 = EDGE_CURVE('',#7715,#5361,#7717,.T.);
#7715 = VERTEX_POINT('',#7716);
#7716 = CARTESIAN_POINT('',(23.,93.,27.));
#7717 = SURFACE_CURVE('',#7718,(#7722,#7729),.PCURVE_S1.);
#7718 = LINE('',#7719,#7720);
#7719 = CARTESIAN_POINT('',(77.,93.,27.));
#7720 = VECTOR('',#7721,1.);
#7721 = DIRECTION('',(-1.,0.,0.));
#7722 = PCURVE('',#5374,#7723);
#7723 = DEFINITIONAL_REPRESENTATION('',(#7724),#7728);
#7724 = LINE('',#7725,#7726);
#7725 = CARTESIAN_POINT('',(0.,0.));
#7726 = VECTOR('',#7727,1.);
#7727 = DIRECTION('',(1.,0.));
#7728 = ( GEOMETRIC_REPRESENTATION_CONTEXT(2) 
PARAMETRIC_REPRESENTATION_CONTEXT() REPRESENTATION_CONTEXT('2D SPACE',''
  ) );
#7729 = PCURVE('',#7730,#7735);
#7730 = B_SPLINE_SURFACE_WITH_KNOTS('',1,1,(
    (#7731,#7732)
    ,(#7733,#7734
    )),.UNSPECIFIED.,.F.,.F.,.F.,(2,2),(2,2),(0.,75.),(0.,1.),
  .PIECEWISE_BEZIER_KNOTS.);
#7731 = CARTESIAN_POINT('',(77.,93.,27.));
#7732 = CARTESIAN_POINT('',(68.538461538462,91.307692307692,38.));
#7733 = CARTESIAN_POINT('',(2.,93.,27.));
#7734 = CARTESIAN_POINT('',(10.461538461538,91.307692307692,38.));
#7735 = DEFINITIONAL_REPRESENTATION('',(#7736),#7740);
#7736 = LINE('',#7737,#7738);
#7737 = CARTESIAN_POINT('',(0.,0.));
#7738 = VECTOR('',#7739,1.);
#7739 = DIRECTION('',(1.,0.));
#7740 = ( GEOMETRIC_REPRESENTATION_CONTEXT(2) 
PARAMETRIC_REPRESENTATION_CONTEXT() REPRESENTATION_CONTEXT('2D SPACE',''
  ) );
#7741 = ORIENTED_EDGE('',*,*,#7742,.F.);
#7742 = EDGE_CURVE('',#7743,#7715,#7745,.T.);
#7743 = VERTEX_POINT('',#7744);
#7744 = CARTESIAN_POINT('',(31.,93.,27.));
#7745 = SURFACE_CURVE('',#7746,(#7750,#7757),.PCURVE_S1.);
#7746 = LINE('',#7747,#7748);
#7747 = CARTESIAN_POINT('',(77.,93.,27.));
#7748 = VECTOR('',#7749,1.);
#7749 = DIRECTION('',(-1.,0.,0.));
#7750 = PCURVE('',#5374,#7751);
#7751 = DEFINITIONAL_REPRESENTATION('',(#7752),#7756);
#7752 = LINE('',#7753,#7754);
#7753 = CARTESIAN_POINT('',(0.,0.));
#7754 = VECTOR('',#7755,1.);
#7755 = DIRECTION('',(1.,0.));
#7756 = ( GEOMETRIC_REPRESENTATION_CONTEXT(2) 
PARAMETRIC_REPRESENTATION_CONTEXT() REPRESENTATION_CONTEXT('2D SPACE',''
  ) );
#7757 = PCURVE('',#7758,#7763);
#7758 = PLANE('',#7759);
#7759 = AXIS2_PLACEMENT_3D('',#7760,#7761,#7762);
#7760 = CARTESIAN_POINT('',(23.,90.,27.));
#7761 = DIRECTION('',(0.,0.,1.));
#7762 = DIRECTION('',(1.,0.,0.));
#7763 = DEFINITIONAL_REPRESENTATION('',(#7764),#7768);
#7764 = LINE('',#7765,#7766);
#7765 = CARTESIAN_POINT('',(54.,3.));
#7766 = VECTOR('',#7767,1.);
#7767 = DIRECTION('',(-1.,0.));
#7768 = ( GEOMETRIC_REPRESENTATION_CONTEXT(2) 
PARAMETRIC_REPRESENTATION_CONTEXT() REPRESENTATION_CONTEXT('2D SPACE',''
  ) );
#7769 = ORIENTED_EDGE('',*,*,#7770,.F.);
#7770 = EDGE_CURVE('',#7771,#7743,#7773,.T.);
#7771 = VERTEX_POINT('',#7772);
#7772 = CARTESIAN_POINT('',(48.,93.,27.));
#7773 = SURFACE_CURVE('',#7774,(#7778,#7785),.PCURVE_S1.);
#7774 = LINE('',#7775,#7776);
#7775 = CARTESIAN_POINT('',(77.,93.,27.));
#7776 = VECTOR('',#7777,1.);
#7777 = DIRECTION('',(-1.,0.,0.));
#7778 = PCURVE('',#5374,#7779);
#7779 = DEFINITIONAL_REPRESENTATION('',(#7780),#7784);
#7780 = LINE('',#7781,#7782);
#7781 = CARTESIAN_POINT('',(0.,0.));
#7782 = VECTOR('',#7783,1.);
#7783 = DIRECTION('',(1.,0.));
#7784 = ( GEOMETRIC_REPRESENTATION_CONTEXT(2) 
PARAMETRIC_REPRESENTATION_CONTEXT() REPRESENTATION_CONTEXT('2D SPACE',''
  ) );
#7785 = PCURVE('',#7730,#7786);
#7786 = DEFINITIONAL_REPRESENTATION('',(#7787),#7791);
#7787 = LINE('',#7788,#7789);
#7788 = CARTESIAN_POINT('',(0.,0.));
#7789 = VECTOR('',#7790,1.);
#7790 = DIRECTION('',(1.,0.));
#7791 = ( GEOMETRIC_REPRESENTATION_CONTEXT(2) 
PARAMETRIC_REPRESENTATION_CONTEXT() REPRESENTATION_CONTEXT('2D SPACE',''
  ) );
#7792 = ORIENTED_EDGE('',*,*,#7793,.F.);
#7793 = EDGE_CURVE('',#7794,#7771,#7796,.T.);
#7794 = VERTEX_POINT('',#7795);
#7795 = CARTESIAN_POINT('',(56.,93.,27.));
#7796 = SURFACE_CURVE('',#7797,(#7801,#7808),.PCURVE_S1.);
#7797 = LINE('',#7798,#7799);
#7798 = CARTESIAN_POINT('',(77.,93.,27.));
#7799 = VECTOR('',#7800,1.);
#7800 = DIRECTION('',(-1.,0.,0.));
#7801 = PCURVE('',#5374,#7802);
#7802 = DEFINITIONAL_REPRESENTATION('',(#7803),#7807);
#7803 = LINE('',#7804,#7805);
#7804 = CARTESIAN_POINT('',(0.,0.));
#7805 = VECTOR('',#7806,1.);
#7806 = DIRECTION('',(1.,0.));
#7807 = ( GEOMETRIC_REPRESENTATION_CONTEXT(2) 
PARAMETRIC_REPRESENTATION_CONTEXT() REPRESENTATION_CONTEXT('2D SPACE',''
  ) );
#7808 = PCURVE('',#7809,#7814);
#7809 = PLANE('',#7810);
#7810 = AXIS2_PLACEMENT_3D('',#7811,#7812,#7813);
#7811 = CARTESIAN_POINT('',(48.,90.,27.));
#7812 = DIRECTION('',(0.,0.,1.));
#7813 = DIRECTION('',(1.,0.,0.));
#7814 = DEFINITIONAL_REPRESENTATION('',(#7815),#7819);
#7815 = LINE('',#7816,#7817);
#7816 = CARTESIAN_POINT('',(29.,3.));
#7817 = VECTOR('',#7818,1.);
#7818 = DIRECTION('',(-1.,0.));
#7819 = ( GEOMETRIC_REPRESENTATION_CONTEXT(2) 
PARAMETRIC_REPRESENTATION_CONTEXT() REPRESENTATION_CONTEXT('2D SPACE',''
  ) );
#7820 = ORIENTED_EDGE('',*,*,#7821,.F.);
#7821 = EDGE_CURVE('',#6272,#7794,#7822,.T.);
#7822 = SURFACE_CURVE('',#7823,(#7827,#7834),.PCURVE_S1.);
#7823 = LINE('',#7824,#7825);
#7824 = CARTESIAN_POINT('',(77.,93.,27.));
#7825 = VECTOR('',#7826,1.);
#7826 = DIRECTION('',(-1.,0.,0.));
#7827 = PCURVE('',#5374,#7828);
#7828 = DEFINITIONAL_REPRESENTATION('',(#7829),#7833);
#7829 = LINE('',#7830,#7831);
#7830 = CARTESIAN_POINT('',(0.,0.));
#7831 = VECTOR('',#7832,1.);
#7832 = DIRECTION('',(1.,0.));
#7833 = ( GEOMETRIC_REPRESENTATION_CONTEXT(2) 
PARAMETRIC_REPRESENTATION_CONTEXT() REPRESENTATION_CONTEXT('2D SPACE',''
  ) );
#7834 = PCURVE('',#7730,#7835);
#7835 = DEFINITIONAL_REPRESENTATION('',(#7836),#7840);
#7836 = LINE('',#7837,#7838);
#7837 = CARTESIAN_POINT('',(0.,0.));
#7838 = VECTOR('',#7839,1.);
#7839 = DIRECTION('',(1.,0.));
#7840 = ( GEOMETRIC_REPRESENTATION_CONTEXT(2) 
PARAMETRIC_REPRESENTATION_CONTEXT() REPRESENTATION_CONTEXT('2D SPACE',''
  ) );
#7841 = ADVANCED_FACE('',(#7842),#5460,.F.);
#7842 = FACE_BOUND('',#7843,.F.);
#7843 = EDGE_LOOP('',(#7844,#7866,#7867,#7868,#8056,#8078,#8229));
#7844 = ORIENTED_EDGE('',*,*,#7845,.F.);
#7845 = EDGE_CURVE('',#5361,#7846,#7848,.T.);
#7846 = VERTEX_POINT('',#7847);
#7847 = CARTESIAN_POINT('',(10.461538461538,91.307692307692,38.));
#7848 = SURFACE_CURVE('',#7849,(#7852,#7859),.PCURVE_S1.);
#7849 = B_SPLINE_CURVE_WITH_KNOTS('',1,(#7850,#7851),.UNSPECIFIED.,.F.,
  .F.,(2,2),(0.,1.),.PIECEWISE_BEZIER_KNOTS.);
#7850 = CARTESIAN_POINT('',(2.,93.,27.));
#7851 = CARTESIAN_POINT('',(10.461538461538,91.307692307692,38.));
#7852 = PCURVE('',#5460,#7853);
#7853 = DEFINITIONAL_REPRESENTATION('',(#7854),#7858);
#7854 = LINE('',#7855,#7856);
#7855 = CARTESIAN_POINT('',(0.,0.));
#7856 = VECTOR('',#7857,1.);
#7857 = DIRECTION('',(0.,1.));
#7858 = ( GEOMETRIC_REPRESENTATION_CONTEXT(2) 
PARAMETRIC_REPRESENTATION_CONTEXT() REPRESENTATION_CONTEXT('2D SPACE',''
  ) );
#7859 = PCURVE('',#7730,#7860);
#7860 = DEFINITIONAL_REPRESENTATION('',(#7861),#7865);
#7861 = LINE('',#7862,#7863);
#7862 = CARTESIAN_POINT('',(75.,0.));
#7863 = VECTOR('',#7864,1.);
#7864 = DIRECTION('',(0.,1.));
#7865 = ( GEOMETRIC_REPRESENTATION_CONTEXT(2) 
PARAMETRIC_REPRESENTATION_CONTEXT() REPRESENTATION_CONTEXT('2D SPACE',''
  ) );
#7866 = ORIENTED_EDGE('',*,*,#5446,.T.);
#7867 = ORIENTED_EDGE('',*,*,#6805,.T.);
#7868 = ORIENTED_EDGE('',*,*,#7869,.T.);
#7869 = EDGE_CURVE('',#6806,#7870,#7872,.T.);
#7870 = VERTEX_POINT('',#7871);
#7871 = CARTESIAN_POINT('',(10.461538461538,15.692307692308,38.));
#7872 = SURFACE_CURVE('',#7873,(#7932,#7994),.PCURVE_S1.);
#7873 = B_SPLINE_CURVE_WITH_KNOTS('',8,(#7874,#7875,#7876,#7877,#7878,
    #7879,#7880,#7881,#7882,#7883,#7884,#7885,#7886,#7887,#7888,#7889,
    #7890,#7891,#7892,#7893,#7894,#7895,#7896,#7897,#7898,#7899,#7900,
    #7901,#7902,#7903,#7904,#7905,#7906,#7907,#7908,#7909,#7910,#7911,
    #7912,#7913,#7914,#7915,#7916,#7917,#7918,#7919,#7920,#7921,#7922,
    #7923,#7924,#7925,#7926,#7927,#7928,#7929,#7930,#7931),
  .UNSPECIFIED.,.F.,.F.,(9,7,7,7,7,7,7,7,9),(0.,0.267166141956,
    0.380606615063,0.464600413755,0.543143601038,0.584525788132,
    0.664728801385,0.833176746021,1.),.UNSPECIFIED.);
#7874 = CARTESIAN_POINT('',(8.381271056384,10.2956523733,35.2956523733)
  );
#7875 = CARTESIAN_POINT('',(8.30849076445,10.450181968567,
    35.201037993785));
#7876 = CARTESIAN_POINT('',(8.241036549508,10.612967736598,
    35.11334751436));
#7877 = CARTESIAN_POINT('',(8.179476654396,10.784884894889,
    35.033319650715));
#7878 = CARTESIAN_POINT('',(8.124742371439,10.966721178905,
    34.962165082871));
#7879 = CARTESIAN_POINT('',(8.078096568227,11.159125627157,
    34.901525538695));
#7880 = CARTESIAN_POINT('',(8.041168959783,11.362622513192,
    34.853519647718));
#7881 = CARTESIAN_POINT('',(8.015898573065,11.577540254304,
    34.820668144985));
#7882 = CARTESIAN_POINT('',(8.000074552384,11.900561838638,
    34.800096918099));
#7883 = CARTESIAN_POINT('',(7.997916647212,11.998866778074,
    34.797291641376));
#7884 = CARTESIAN_POINT('',(7.99850276578,12.09916402555,34.798053595514
    ));
#7885 = CARTESIAN_POINT('',(8.002027986739,12.201365543121,
    34.80263638276));
#7886 = CARTESIAN_POINT('',(8.008689255362,12.305326392975,
    34.811296031971));
#7887 = CARTESIAN_POINT('',(8.018672510523,12.410838465928,
    34.82427426368));
#7888 = CARTESIAN_POINT('',(8.032134599053,12.517622278622,
    34.841774978769));
#7889 = CARTESIAN_POINT('',(8.061800747174,12.705056239448,
    34.880340971327));
#7890 = CARTESIAN_POINT('',(8.076387040972,12.785301481479,
    34.899303153263));
#7891 = CARTESIAN_POINT('',(8.092978113886,12.865885719457,
    34.920871548051));
#7892 = CARTESIAN_POINT('',(8.111597058999,12.946631070381,
    34.945076176699));
#7893 = CARTESIAN_POINT('',(8.132247535927,13.027349009449,
    34.971921796706));
#7894 = CARTESIAN_POINT('',(8.154910499276,13.107840765171,
    35.001383649059));
#7895 = CARTESIAN_POINT('',(8.179540927096,13.18789771449,
    35.033403205225));
#7896 = CARTESIAN_POINT('',(8.230866973596,13.341553071686,
    35.100127065675));
#7897 = CARTESIAN_POINT('',(8.257330139506,13.415249281231,
    35.134529181358));
#7898 = CARTESIAN_POINT('',(8.285394489939,13.488212948289,
    35.171012836921));
#7899 = CARTESIAN_POINT('',(8.314987383191,13.560286561773,
    35.209483598148));
#7900 = CARTESIAN_POINT('',(8.346025168302,13.631331175047,
    35.249832718792));
#7901 = CARTESIAN_POINT('',(8.37841526037,13.701225023216,
    35.291939838481));
#7902 = CARTESIAN_POINT('',(8.412058215862,13.769862140409,
    35.33567568062));
#7903 = CARTESIAN_POINT('',(8.465180515168,13.872603564679,
    35.404734669719));
#7904 = CARTESIAN_POINT('',(8.483831276946,13.907684233499,
    35.42898066003));
#7905 = CARTESIAN_POINT('',(8.502787640755,13.942380992162,
    35.453623932982));
#7906 = CARTESIAN_POINT('',(8.522035222866,13.976683606277,
    35.478645789726));
#7907 = CARTESIAN_POINT('',(8.541559794064,14.010583475171,
    35.504027732283));
#7908 = CARTESIAN_POINT('',(8.561347365398,14.04407350864,
    35.529751575017));
#7909 = CARTESIAN_POINT('',(8.581384273924,14.077148003694,
    35.555799556101));
#7910 = CARTESIAN_POINT('',(8.64094845538,14.173090396913,
    35.633232991994));
#7911 = CARTESIAN_POINT('',(8.681125144483,14.234798444901,
    35.685462687828));
#7912 = CARTESIAN_POINT('',(8.722092575659,14.294898358705,
    35.738720348357));
#7913 = CARTESIAN_POINT('',(8.76376157132,14.35337752394,35.792890042717
    ));
#7914 = CARTESIAN_POINT('',(8.806049430218,14.410236830279,
    35.847864259284));
#7915 = CARTESIAN_POINT('',(8.848880821267,14.465488483335,
    35.903545067647));
#7916 = CARTESIAN_POINT('',(8.892188677372,14.519153816532,
    35.959845280584));
#7917 = CARTESIAN_POINT('',(9.027752339621,14.680700448828,
    36.136078041508));
#7918 = CARTESIAN_POINT('',(9.121389093455,14.783212174753,
    36.257805821492));
#7919 = CARTESIAN_POINT('',(9.216335760039,14.879134513585,
    36.381236488051));
#7920 = CARTESIAN_POINT('',(9.312182156913,14.968810449356,
    36.505836803987));
#7921 = CARTESIAN_POINT('',(9.408596939591,15.052587673154,
    36.631176021468));
#7922 = CARTESIAN_POINT('',(9.505327423344,15.130815722507,
    36.756925650347));
#7923 = CARTESIAN_POINT('',(9.602199797047,15.203840304289,
    36.882859736161));
#7924 = CARTESIAN_POINT('',(9.795104862491,15.339491943797,
    37.133636321238));
#7925 = CARTESIAN_POINT('',(9.891092378241,15.402181593194,
    37.258420091713));
#7926 = CARTESIAN_POINT('',(9.986959996989,15.460373540118,
    37.383047996086));
#7927 = CARTESIAN_POINT('',(10.082604109414,15.51433498039,
    37.507385342238));
#7928 = CARTESIAN_POINT('',(10.17794006046,15.564303051654,
    37.631322078598));
#7929 = CARTESIAN_POINT('',(10.272902283002,15.610492972469,
    37.754772967902));
#7930 = CARTESIAN_POINT('',(10.36744428091,15.653101783712,
    37.877677565182));
#7931 = CARTESIAN_POINT('',(10.461538461538,15.692307692308,38.));
#7932 = PCURVE('',#5460,#7933);
#7933 = DEFINITIONAL_REPRESENTATION('',(#7934),#7993);
#7934 = B_SPLINE_CURVE_WITH_KNOTS('',8,(#7935,#7936,#7937,#7938,#7939,
    #7940,#7941,#7942,#7943,#7944,#7945,#7946,#7947,#7948,#7949,#7950,
    #7951,#7952,#7953,#7954,#7955,#7956,#7957,#7958,#7959,#7960,#7961,
    #7962,#7963,#7964,#7965,#7966,#7967,#7968,#7969,#7970,#7971,#7972,
    #7973,#7974,#7975,#7976,#7977,#7978,#7979,#7980,#7981,#7982,#7983,
    #7984,#7985,#7986,#7987,#7988,#7989,#7990,#7991,#7992),
  .UNSPECIFIED.,.F.,.F.,(9,7,7,7,7,7,7,7,9),(0.,0.267166141956,
    0.380606615063,0.464600413755,0.543143601038,0.584525788132,
    0.664728801385,0.833176746021,1.),.UNSPECIFIED.);
#7935 = CARTESIAN_POINT('',(91.,0.754150215755));
#7936 = CARTESIAN_POINT('',(90.72156904633,0.745548908526));
#7937 = CARTESIAN_POINT('',(90.442502439066,0.73757704676));
#7938 = CARTESIAN_POINT('',(90.162541849731,0.730301786429));
#7939 = CARTESIAN_POINT('',(89.882036614618,0.723833189352));
#7940 = CARTESIAN_POINT('',(89.601929255674,0.718320503518));
#7941 = CARTESIAN_POINT('',(89.323765436344,0.713956331611));
#7942 = CARTESIAN_POINT('',(89.04967895913,0.710969831362));
#7943 = CARTESIAN_POINT('',(88.668983278375,0.709099719827));
#7944 = CARTESIAN_POINT('',(88.556875687631,0.708844694671));
#7945 = CARTESIAN_POINT('',(88.44640536538,0.708913963229));
#7946 = CARTESIAN_POINT('',(88.337919975027,0.709330580251));
#7947 = CARTESIAN_POINT('',(88.231831220013,0.710117821088));
#7948 = CARTESIAN_POINT('',(88.128604710336,0.711297660335));
#7949 = CARTESIAN_POINT('',(88.028745478999,0.712888634434));
#7950 = CARTESIAN_POINT('',(87.861723585658,0.716394633757));
#7951 = CARTESIAN_POINT('',(87.792796448487,0.718118468478));
#7952 = CARTESIAN_POINT('',(87.726229218864,0.720079231641));
#7953 = CARTESIAN_POINT('',(87.662244176225,0.722279652427));
#7954 = CARTESIAN_POINT('',(87.60104980297,0.724720163337));
#7955 = CARTESIAN_POINT('',(87.542836189982,0.727398513551));
#7956 = CARTESIAN_POINT('',(87.487770442132,0.730309382293));
#7957 = CARTESIAN_POINT('',(87.387573779594,0.736375187789));
#7958 = CARTESIAN_POINT('',(87.342019740777,0.739502652851));
#7959 = CARTESIAN_POINT('',(87.299444541314,0.742819348811));
#7960 = CARTESIAN_POINT('',(87.259924222591,0.746316690741));
#7961 = CARTESIAN_POINT('',(87.223500488307,0.749984792617));
#7962 = CARTESIAN_POINT('',(87.190184899365,0.753812712589));
#7963 = CARTESIAN_POINT('',(87.159963068761,0.757788698238));
#7964 = CARTESIAN_POINT('',(87.11848680023,0.764066788156));
#7965 = CARTESIAN_POINT('',(87.105022539561,0.766270969094));
#7966 = CARTESIAN_POINT('',(87.092400309575,0.768511266635));
#7967 = CARTESIAN_POINT('',(87.080612541329,0.770785980884));
#7968 = CARTESIAN_POINT('',(87.069650106087,0.773093430208));
#7969 = CARTESIAN_POINT('',(87.059502559566,0.775431961365));
#7970 = CARTESIAN_POINT('',(87.05015838619,0.777799959646));
#7971 = CARTESIAN_POINT('',(87.025028356563,0.784839362909));
#7972 = CARTESIAN_POINT('',(87.011423531985,0.789587517075));
#7973 = CARTESIAN_POINT('',(87.000698852429,0.794429122578));
#7974 = CARTESIAN_POINT('',(86.992752728916,0.799353640247));
#7975 = CARTESIAN_POINT('',(86.987477432623,0.804351296299));
#7976 = CARTESIAN_POINT('',(86.984762626861,0.809413187968));
#7977 = CARTESIAN_POINT('',(86.984498899036,0.814531389144));
#7978 = CARTESIAN_POINT('',(86.990954880421,0.830552549228));
#7979 = CARTESIAN_POINT('',(87.005674341,0.841618711045));
#7980 = CARTESIAN_POINT('',(87.029747115403,0.852839680732));
#7981 = CARTESIAN_POINT('',(87.062278469138,0.864166982181));
#7982 = CARTESIAN_POINT('',(87.102469337864,0.875561456497));
#7983 = CARTESIAN_POINT('',(87.149619448113,0.886993240941));
#7984 = CARTESIAN_POINT('',(87.203135713023,0.898441794196));
#7985 = CARTESIAN_POINT('',(87.321383078304,0.921239665567));
#7986 = CARTESIAN_POINT('',(87.385973631727,0.932583644701));
#7987 = CARTESIAN_POINT('',(87.455830998776,0.94391345419));
#7988 = CARTESIAN_POINT('',(87.530537420028,0.955216849294));
#7989 = CARTESIAN_POINT('',(87.609730977601,0.966483825327));
#7990 = CARTESIAN_POINT('',(87.693097475456,0.977706633446));
#7991 = CARTESIAN_POINT('',(87.780367163641,0.988879778653));
#7992 = CARTESIAN_POINT('',(87.871316306483,1.));
#7993 = ( GEOMETRIC_REPRESENTATION_CONTEXT(2) 
PARAMETRIC_REPRESENTATION_CONTEXT() REPRESENTATION_CONTEXT('2D SPACE',''
  ) );
#7994 = PCURVE('',#7133,#7995);
#7995 = DEFINITIONAL_REPRESENTATION('',(#7996),#8055);
#7996 = B_SPLINE_CURVE_WITH_KNOTS('',8,(#7997,#7998,#7999,#8000,#8001,
    #8002,#8003,#8004,#8005,#8006,#8007,#8008,#8009,#8010,#8011,#8012,
    #8013,#8014,#8015,#8016,#8017,#8018,#8019,#8020,#8021,#8022,#8023,
    #8024,#8025,#8026,#8027,#8028,#8029,#8030,#8031,#8032,#8033,#8034,
    #8035,#8036,#8037,#8038,#8039,#8040,#8041,#8042,#8043,#8044,#8045,
    #8046,#8047,#8048,#8049,#8050,#8051,#8052,#8053,#8054),
  .UNSPECIFIED.,.F.,.F.,(9,7,7,7,7,7,7,7,9),(0.,0.267166141956,
    0.380606615063,0.464600413755,0.543143601038,0.584525788132,
    0.664728801385,0.833176746021,1.),.UNSPECIFIED.);
#7997 = CARTESIAN_POINT('',(-3.581755623465,-4.4456523733));
#7998 = CARTESIAN_POINT('',(-3.539052896161,-4.351037993785));
#7999 = CARTESIAN_POINT('',(-3.495050182353,-4.263347514359));
#8000 = CARTESIAN_POINT('',(-3.449491613217,-4.183319650716));
#8001 = CARTESIAN_POINT('',(-3.402148435802,-4.11216508287));
#8002 = CARTESIAN_POINT('',(-3.352812723313,-4.051525538696));
#8003 = CARTESIAN_POINT('',(-3.301269331213,-4.003519647717));
#8004 = CARTESIAN_POINT('',(-3.247295110132,-3.970668144985));
#8005 = CARTESIAN_POINT('',(-3.166442874705,-3.950096918099));
#8006 = CARTESIAN_POINT('',(-3.141869698987,-3.947291641376));
#8007 = CARTESIAN_POINT('',(-3.11681121972,-3.948053595514));
#8008 = CARTESIAN_POINT('',(-3.09126707906,-3.95263638276));
#8009 = CARTESIAN_POINT('',(-3.065246989794,-3.961296031971));
#8010 = CARTESIAN_POINT('',(-3.038772214415,-3.97427426368));
#8011 = CARTESIAN_POINT('',(-3.011878374046,-3.991774978769));
#8012 = CARTESIAN_POINT('',(-2.964436587339,-4.030340971327));
#8013 = CARTESIAN_POINT('',(-2.944051827541,-4.049303153263));
#8014 = CARTESIAN_POINT('',(-2.923492558977,-4.070871548051));
#8015 = CARTESIAN_POINT('',(-2.902788140648,-4.095076176699));
#8016 = CARTESIAN_POINT('',(-2.881970612621,-4.121921796706));
#8017 = CARTESIAN_POINT('',(-2.861075269244,-4.151383649059));
#8018 = CARTESIAN_POINT('',(-2.840141232369,-4.183403205225));
#8019 = CARTESIAN_POINT('',(-2.799640976318,-4.250127065675));
#8020 = CARTESIAN_POINT('',(-2.780070032119,-4.284529181358));
#8021 = CARTESIAN_POINT('',(-2.760534491158,-4.321012836921));
#8022 = CARTESIAN_POINT('',(-2.741066092691,-4.359483598148));
#8023 = CARTESIAN_POINT('',(-2.721693468552,-4.399832718792));
#8024 = CARTESIAN_POINT('',(-2.702442595651,-4.441939838481));
#8025 = CARTESIAN_POINT('',(-2.683337248474,-4.48567568062));
#8026 = CARTESIAN_POINT('',(-2.654421661258,-4.554734669719));
#8027 = CARTESIAN_POINT('',(-2.644489714981,-4.57898066003));
#8028 = CARTESIAN_POINT('',(-2.634606419472,-4.603623932982));
#8029 = CARTESIAN_POINT('',(-2.624774245443,-4.628645789726));
#8030 = CARTESIAN_POINT('',(-2.614995348955,-4.654027732283));
#8031 = CARTESIAN_POINT('',(-2.605271592781,-4.679751575017));
#8032 = CARTESIAN_POINT('',(-2.595604567762,-4.705799556101));
#8033 = CARTESIAN_POINT('',(-2.567372455583,-4.783232991994));
#8034 = CARTESIAN_POINT('',(-2.548968096667,-4.835462687828));
#8035 = CARTESIAN_POINT('',(-2.53079115459,-4.888720348357));
#8036 = CARTESIAN_POINT('',(-2.512847239074,-4.942890042717));
#8037 = CARTESIAN_POINT('',(-2.495139239185,-4.997864259284));
#8038 = CARTESIAN_POINT('',(-2.477667610125,-5.053545067647));
#8039 = CARTESIAN_POINT('',(-2.460430660031,-5.109845280584));
#8040 = CARTESIAN_POINT('',(-2.407708024399,-5.286078041508));
#8041 = CARTESIAN_POINT('',(-2.373028687807,-5.407805821492));
#8042 = CARTESIAN_POINT('',(-2.339331365705,-5.531236488051));
#8043 = CARTESIAN_POINT('',(-2.306563683179,-5.655836803987));
#8044 = CARTESIAN_POINT('',(-2.274672724982,-5.781176021468));
#8045 = CARTESIAN_POINT('',(-2.243602219651,-5.906925650347));
#8046 = CARTESIAN_POINT('',(-2.213290534473,-6.032859736161));
#8047 = CARTESIAN_POINT('',(-2.154334124953,-6.283636321238));
#8048 = CARTESIAN_POINT('',(-2.125689609633,-6.408420091713));
#8049 = CARTESIAN_POINT('',(-2.097677988197,-6.533047996086));
#8050 = CARTESIAN_POINT('',(-2.070251043907,-6.657385342238));
#8051 = CARTESIAN_POINT('',(-2.043366566109,-6.781322078598));
#8052 = CARTESIAN_POINT('',(-2.016985688086,-6.904772967902));
#8053 = CARTESIAN_POINT('',(-1.991071287082,-7.027677565182));
#8054 = CARTESIAN_POINT('',(-1.965587446495,-7.15));
#8055 = ( GEOMETRIC_REPRESENTATION_CONTEXT(2) 
PARAMETRIC_REPRESENTATION_CONTEXT() REPRESENTATION_CONTEXT('2D SPACE',''
  ) );
#8056 = ORIENTED_EDGE('',*,*,#8057,.F.);
#8057 = EDGE_CURVE('',#8058,#7870,#8060,.T.);
#8058 = VERTEX_POINT('',#8059);
#8059 = CARTESIAN_POINT('',(10.461538461538,79.307692307692,38.));
#8060 = SURFACE_CURVE('',#8061,(#8065,#8071),.PCURVE_S1.);
#8061 = LINE('',#8062,#8063);
#8062 = CARTESIAN_POINT('',(10.461538461538,91.307692307692,38.));
#8063 = VECTOR('',#8064,1.);
#8064 = DIRECTION('',(0.,-1.,0.));
#8065 = PCURVE('',#5460,#8066);
#8066 = DEFINITIONAL_REPRESENTATION('',(#8067),#8070);
#8067 = B_SPLINE_CURVE_WITH_KNOTS('',1,(#8068,#8069),.UNSPECIFIED.,.F.,
  .F.,(2,2),(0.,78.307692307692),.PIECEWISE_BEZIER_KNOTS.);
#8068 = CARTESIAN_POINT('',(0.,1.));
#8069 = CARTESIAN_POINT('',(91.,1.));
#8070 = ( GEOMETRIC_REPRESENTATION_CONTEXT(2) 
PARAMETRIC_REPRESENTATION_CONTEXT() REPRESENTATION_CONTEXT('2D SPACE',''
  ) );
#8071 = PCURVE('',#7099,#8072);
#8072 = DEFINITIONAL_REPRESENTATION('',(#8073),#8077);
#8073 = LINE('',#8074,#8075);
#8074 = CARTESIAN_POINT('',(62.897335805477,-46.64782763569));
#8075 = VECTOR('',#8076,1.);
#8076 = DIRECTION('',(-0.803207628164,0.59569917413));
#8077 = ( GEOMETRIC_REPRESENTATION_CONTEXT(2) 
PARAMETRIC_REPRESENTATION_CONTEXT() REPRESENTATION_CONTEXT('2D SPACE',''
  ) );
#8078 = ORIENTED_EDGE('',*,*,#8079,.T.);
#8079 = EDGE_CURVE('',#8058,#8080,#8082,.T.);
#8080 = VERTEX_POINT('',#8081);
#8081 = CARTESIAN_POINT('',(10.461538461538,86.692307692308,38.));
#8082 = SURFACE_CURVE('',#8083,(#8128,#8176),.PCURVE_S1.);
#8083 = B_SPLINE_CURVE_WITH_KNOTS('',8,(#8084,#8085,#8086,#8087,#8088,
    #8089,#8090,#8091,#8092,#8093,#8094,#8095,#8096,#8097,#8098,#8099,
    #8100,#8101,#8102,#8103,#8104,#8105,#8106,#8107,#8108,#8109,#8110,
    #8111,#8112,#8113,#8114,#8115,#8116,#8117,#8118,#8119,#8120,#8121,
    #8122,#8123,#8124,#8125,#8126,#8127),.UNSPECIFIED.,.F.,.F.,(9,7,7,7,
    7,7,9),(0.,0.291894184234,0.368434408285,0.410134205064,
    0.571960398151,0.690826129257,1.),.UNSPECIFIED.);
#8084 = CARTESIAN_POINT('',(10.461538461538,79.307692307692,38.));
#8085 = CARTESIAN_POINT('',(10.189648657025,79.420979726239,
    37.646543254133));
#8086 = CARTESIAN_POINT('',(9.923796896042,79.558605341493,
    37.300935964855));
#8087 = CARTESIAN_POINT('',(9.664780951502,79.72144260842,36.96421523695
    ));
#8088 = CARTESIAN_POINT('',(9.41437389685,79.910719739461,
    36.638686065908));
#8089 = CARTESIAN_POINT('',(9.175165873873,80.127633164519,
    36.327715636033));
#8090 = CARTESIAN_POINT('',(8.950593902091,80.373287986256,
    36.035772072719));
#8091 = CARTESIAN_POINT('',(8.744817456828,80.648393585919,
    35.768262693877));
#8092 = CARTESIAN_POINT('',(8.515369543419,81.033777099767,
    35.469980406445));
#8093 = CARTESIAN_POINT('',(8.469389882966,81.115854191601,
    35.410206847856));
#8094 = CARTESIAN_POINT('',(8.425200462237,81.199931090549,
    35.352760600908));
#8095 = CARTESIAN_POINT('',(8.382911929822,81.285980212131,
    35.297785508769));
#8096 = CARTESIAN_POINT('',(8.342640124685,81.373960402266,
    35.24543216209));
#8097 = CARTESIAN_POINT('',(8.304503974755,81.463814975051,
    35.195855167181));
#8098 = CARTESIAN_POINT('',(8.268623395521,81.555469750535,
    35.149210414177));
#8099 = CARTESIAN_POINT('',(8.216862708244,81.699695184345,
    35.081921520717));
#8100 = CARTESIAN_POINT('',(8.199313098692,81.751065386989,
    35.059107028299));
#8101 = CARTESIAN_POINT('',(8.182487635223,81.802926067355,
    35.03723392579));
#8102 = CARTESIAN_POINT('',(8.166405403446,81.855259882307,
    35.01632702448));
#8103 = CARTESIAN_POINT('',(8.151085124532,81.908047683393,
    34.996410661892));
#8104 = CARTESIAN_POINT('',(8.136544980424,81.961268421578,
    34.977508474551));
#8105 = CARTESIAN_POINT('',(8.122802439039,82.014899051998,
    34.95964317075));
#8106 = CARTESIAN_POINT('',(8.059702439028,82.278534270742,
    34.877613170737));
#8107 = CARTESIAN_POINT('',(8.021705356018,82.494312507424,
    34.828216962823));
#8108 = CARTESIAN_POINT('',(7.997049574022,82.714295847884,
    34.796164446228));
#8109 = CARTESIAN_POINT('',(7.986412172004,82.936480166148,
    34.782335823605));
#8110 = CARTESIAN_POINT('',(7.990026663133,83.158833563284,
    34.787034662073));
#8111 = CARTESIAN_POINT('',(8.007698715956,83.37931933936,
    34.810008330743));
#8112 = CARTESIAN_POINT('',(8.038791497934,83.595918885222,
    34.850428947314));
#8113 = CARTESIAN_POINT('',(8.114051144819,83.961445518567,
    34.948266488265));
#8114 = CARTESIAN_POINT('',(8.152595376973,84.113263219337,
    34.998373990065));
#8115 = CARTESIAN_POINT('',(8.197440663779,84.261530316799,
    35.056672862913));
#8116 = CARTESIAN_POINT('',(8.248157157045,84.40581028139,
    35.122604304159));
#8117 = CARTESIAN_POINT('',(8.304292566593,84.545783922745,
    35.195580336571));
#8118 = CARTESIAN_POINT('',(8.365399175255,84.681230003361,
    35.275018927831));
#8119 = CARTESIAN_POINT('',(8.431053136679,84.812009876777,
    35.360369077682));
#8120 = CARTESIAN_POINT('',(8.682451869376,85.26590685957,
    35.687187430188));
#8121 = CARTESIAN_POINT('',(8.891575999735,85.560651656131,
    35.959048799656));
#8122 = CARTESIAN_POINT('',(9.122119649283,85.823307564753,
    36.258755544067));
#8123 = CARTESIAN_POINT('',(9.369324315232,86.054642527155,
    36.580121609803));
#8124 = CARTESIAN_POINT('',(9.629262276726,86.255920045923,
    36.918040959744));
#8125 = CARTESIAN_POINT('',(9.899038811113,86.428463110412,
    37.268750454447));
#8126 = CARTESIAN_POINT('',(10.176715760656,86.57363156694,
    37.629730488853));
#8127 = CARTESIAN_POINT('',(10.461538461538,86.692307692308,38.));
#8128 = PCURVE('',#5460,#8129);
#8129 = DEFINITIONAL_REPRESENTATION('',(#8130),#8175);
#8130 = B_SPLINE_CURVE_WITH_KNOTS('',8,(#8131,#8132,#8133,#8134,#8135,
    #8136,#8137,#8138,#8139,#8140,#8141,#8142,#8143,#8144,#8145,#8146,
    #8147,#8148,#8149,#8150,#8151,#8152,#8153,#8154,#8155,#8156,#8157,
    #8158,#8159,#8160,#8161,#8162,#8163,#8164,#8165,#8166,#8167,#8168,
    #8169,#8170,#8171,#8172,#8173,#8174),.UNSPECIFIED.,.F.,.F.,(9,7,7,7,
    7,7,9),(0.,0.291894184234,0.368434408285,0.410134205064,
    0.571960398151,0.690826129257,1.),.UNSPECIFIED.);
#8131 = CARTESIAN_POINT('',(13.944990176817,1.));
#8132 = CARTESIAN_POINT('',(13.803905548989,0.967867568558));
#8133 = CARTESIAN_POINT('',(13.636426969906,0.936448724078));
#8134 = CARTESIAN_POINT('',(13.442051664845,0.905837748814));
#8135 = CARTESIAN_POINT('',(13.219867350814,0.87624418781));
#8136 = CARTESIAN_POINT('',(12.968977010097,0.84797414873));
#8137 = CARTESIAN_POINT('',(12.688488796145,0.821433824793));
#8138 = CARTESIAN_POINT('',(12.377756058076,0.797114790352));
#8139 = CARTESIAN_POINT('',(11.946037579469,0.769998218768));
#8140 = CARTESIAN_POINT('',(11.854267678221,0.764564258896));
#8141 = CARTESIAN_POINT('',(11.760428951573,0.75934187281));
#8142 = CARTESIAN_POINT('',(11.664546347949,0.754344137161));
#8143 = CARTESIAN_POINT('',(11.566657804832,0.749584742008));
#8144 = CARTESIAN_POINT('',(11.466816223276,0.745077742471));
#8145 = CARTESIAN_POINT('',(11.365091442418,0.74083731038));
#8146 = CARTESIAN_POINT('',(11.205174014996,0.734720138247));
#8147 = CARTESIAN_POINT('',(11.148243672236,0.732646093482));
#8148 = CARTESIAN_POINT('',(11.090796097092,0.730657629617));
#8149 = CARTESIAN_POINT('',(11.032847866323,0.728757002225));
#8150 = CARTESIAN_POINT('',(10.974417335019,0.726946423808));
#8151 = CARTESIAN_POINT('',(10.91552474956,0.725228043141));
#8152 = CARTESIAN_POINT('',(10.856192360567,0.723603924614));
#8153 = CARTESIAN_POINT('',(10.564578585277,0.716146651885));
#8154 = CARTESIAN_POINT('',(10.326053492142,0.711656087529));
#8155 = CARTESIAN_POINT('',(10.08283072651,0.708742222384));
#8156 = CARTESIAN_POINT('',(9.836879020594,0.707485074873));
#8157 = CARTESIAN_POINT('',(9.590179343079,0.707912242007));
#8158 = CARTESIAN_POINT('',(9.344732072368,0.71000075734));
#8159 = CARTESIAN_POINT('',(9.102566368715,0.713675358847));
#8160 = CARTESIAN_POINT('',(8.691804976751,0.722569680751));
#8161 = CARTESIAN_POINT('',(8.520531233438,0.727124908188));
#8162 = CARTESIAN_POINT('',(8.352515394174,0.732424805719));
#8163 = CARTESIAN_POINT('',(8.188203330114,0.738418573105));
#8164 = CARTESIAN_POINT('',(8.027927247633,0.74505275787));
#8165 = CARTESIAN_POINT('',(7.871925317658,0.752274447985));
#8166 = CARTESIAN_POINT('',(7.720355591424,0.760033552517));
#8167 = CARTESIAN_POINT('',(7.190818463251,0.789744311835));
#8168 = CARTESIAN_POINT('',(6.840162691735,0.814458981787));
#8169 = CARTESIAN_POINT('',(6.52036226444,0.841705049461));
#8170 = CARTESIAN_POINT('',(6.231041954332,0.870920146346));
#8171 = CARTESIAN_POINT('',(5.9714548062,0.901640087249));
#8172 = CARTESIAN_POINT('',(5.740830553846,0.933522768586));
#8173 = CARTESIAN_POINT('',(5.538304552155,0.96633913535));
#8174 = CARTESIAN_POINT('',(5.363457760314,1.));
#8175 = ( GEOMETRIC_REPRESENTATION_CONTEXT(2) 
PARAMETRIC_REPRESENTATION_CONTEXT() REPRESENTATION_CONTEXT('2D SPACE',''
  ) );
#8176 = PCURVE('',#8177,#8182);
#8177 = CYLINDRICAL_SURFACE('',#8178,4.);
#8178 = AXIS2_PLACEMENT_3D('',#8179,#8180,#8181);
#8179 = CARTESIAN_POINT('',(12.,83.,30.85));
#8180 = DIRECTION('',(-0.,-0.,-1.));
#8181 = DIRECTION('',(1.,0.,0.));
#8182 = DEFINITIONAL_REPRESENTATION('',(#8183),#8228);
#8183 = B_SPLINE_CURVE_WITH_KNOTS('',8,(#8184,#8185,#8186,#8187,#8188,
    #8189,#8190,#8191,#8192,#8193,#8194,#8195,#8196,#8197,#8198,#8199,
    #8200,#8201,#8202,#8203,#8204,#8205,#8206,#8207,#8208,#8209,#8210,
    #8211,#8212,#8213,#8214,#8215,#8216,#8217,#8218,#8219,#8220,#8221,
    #8222,#8223,#8224,#8225,#8226,#8227),.UNSPECIFIED.,.F.,.F.,(9,7,7,7,
    7,7,9),(0.,0.291894184234,0.368434408285,0.410134205064,
    0.571960398151,0.690826129257,1.),.UNSPECIFIED.);
#8184 = CARTESIAN_POINT('',(-4.317597860685,-7.15));
#8185 = CARTESIAN_POINT('',(-4.243961038629,-6.796543254133));
#8186 = CARTESIAN_POINT('',(-4.169377278767,-6.450935964855));
#8187 = CARTESIAN_POINT('',(-4.093339203474,-6.114215236951));
#8188 = CARTESIAN_POINT('',(-4.015460175189,-5.788686065907));
#8189 = CARTESIAN_POINT('',(-3.935410570082,-5.477715636034));
#8190 = CARTESIAN_POINT('',(-3.852852651378,-5.185772072718));
#8191 = CARTESIAN_POINT('',(-3.767439728568,-4.918262693877));
#8192 = CARTESIAN_POINT('',(-3.655310674095,-4.619980406445));
#8193 = CARTESIAN_POINT('',(-3.63179918005,-4.560206847856));
#8194 = CARTESIAN_POINT('',(-3.608067865404,-4.502760600908));
#8195 = CARTESIAN_POINT('',(-3.584115973134,-4.447785508769));
#8196 = CARTESIAN_POINT('',(-3.559944754791,-4.39543216209));
#8197 = CARTESIAN_POINT('',(-3.53555771453,-4.345855167181));
#8198 = CARTESIAN_POINT('',(-3.510960853147,-4.299210414177));
#8199 = CARTESIAN_POINT('',(-3.472652772648,-4.231921520717));
#8200 = CARTESIAN_POINT('',(-3.459083066449,-4.209107028299));
#8201 = CARTESIAN_POINT('',(-3.445455346102,-4.18723392579));
#8202 = CARTESIAN_POINT('',(-3.431771404604,-4.16632702448));
#8203 = CARTESIAN_POINT('',(-3.418033299186,-4.146410661892));
#8204 = CARTESIAN_POINT('',(-3.40424337514,-4.127508474551));
#8205 = CARTESIAN_POINT('',(-3.390404289647,-4.10964317075));
#8206 = CARTESIAN_POINT('',(-3.322633933588,-4.027613170737));
#8207 = CARTESIAN_POINT('',(-3.267960143858,-3.978216962823));
#8208 = CARTESIAN_POINT('',(-3.212801346502,-3.946164446228));
#8209 = CARTESIAN_POINT('',(-3.157417696759,-3.932335823605));
#8210 = CARTESIAN_POINT('',(-3.102047775315,-3.937034662073));
#8211 = CARTESIAN_POINT('',(-3.046930288016,-3.960008330743));
#8212 = CARTESIAN_POINT('',(-2.992325514961,-4.000428947314));
#8213 = CARTESIAN_POINT('',(-2.899027024173,-4.098266488265));
#8214 = CARTESIAN_POINT('',(-2.859909175431,-4.148373990065));
#8215 = CARTESIAN_POINT('',(-2.8212489443,-4.206672862913));
#8216 = CARTESIAN_POINT('',(-2.783089064762,-4.272604304159));
#8217 = CARTESIAN_POINT('',(-2.745455353617,-4.345580336571));
#8218 = CARTESIAN_POINT('',(-2.708360773567,-4.425018927831));
#8219 = CARTESIAN_POINT('',(-2.671807229006,-4.510369077682));
#8220 = CARTESIAN_POINT('',(-2.542090279027,-4.837187430188));
#8221 = CARTESIAN_POINT('',(-2.45229973867,-5.109048799656));
#8222 = CARTESIAN_POINT('',(-2.365680317011,-5.408755544068));
#8223 = CARTESIAN_POINT('',(-2.281819530785,-5.730121609802));
#8224 = CARTESIAN_POINT('',(-2.200310003228,-6.068040959744));
#8225 = CARTESIAN_POINT('',(-2.120764935589,-6.418750454447));
#8226 = CARTESIAN_POINT('',(-2.042726927984,-6.779730488853));
#8227 = CARTESIAN_POINT('',(-1.965587446495,-7.15));
#8228 = ( GEOMETRIC_REPRESENTATION_CONTEXT(2) 
PARAMETRIC_REPRESENTATION_CONTEXT() REPRESENTATION_CONTEXT('2D SPACE',''
  ) );
#8229 = ORIENTED_EDGE('',*,*,#8230,.F.);
#8230 = EDGE_CURVE('',#7846,#8080,#8231,.T.);
#8231 = SURFACE_CURVE('',#8232,(#8236,#8242),.PCURVE_S1.);
#8232 = LINE('',#8233,#8234);
#8233 = CARTESIAN_POINT('',(10.461538461538,91.307692307692,38.));
#8234 = VECTOR('',#8235,1.);
#8235 = DIRECTION('',(0.,-1.,0.));
#8236 = PCURVE('',#5460,#8237);
#8237 = DEFINITIONAL_REPRESENTATION('',(#8238),#8241);
#8238 = B_SPLINE_CURVE_WITH_KNOTS('',1,(#8239,#8240),.UNSPECIFIED.,.F.,
  .F.,(2,2),(0.,78.307692307692),.PIECEWISE_BEZIER_KNOTS.);
#8239 = CARTESIAN_POINT('',(0.,1.));
#8240 = CARTESIAN_POINT('',(91.,1.));
#8241 = ( GEOMETRIC_REPRESENTATION_CONTEXT(2) 
PARAMETRIC_REPRESENTATION_CONTEXT() REPRESENTATION_CONTEXT('2D SPACE',''
  ) );
#8242 = PCURVE('',#7099,#8243);
#8243 = DEFINITIONAL_REPRESENTATION('',(#8244),#8248);
#8244 = LINE('',#8245,#8246);
#8245 = CARTESIAN_POINT('',(62.897335805477,-46.64782763569));
#8246 = VECTOR('',#8247,1.);
#8247 = DIRECTION('',(-0.803207628164,0.59569917413));
#8248 = ( GEOMETRIC_REPRESENTATION_CONTEXT(2) 
PARAMETRIC_REPRESENTATION_CONTEXT() REPRESENTATION_CONTEXT('2D SPACE',''
  ) );
#8249 = ADVANCED_FACE('',(#8250),#6239,.F.);
#8250 = FACE_BOUND('',#8251,.F.);
#8251 = EDGE_LOOP('',(#8252,#8271,#8272,#8273));
#8252 = ORIENTED_EDGE('',*,*,#8253,.F.);
#8253 = EDGE_CURVE('',#7577,#6350,#8254,.T.);
#8254 = SURFACE_CURVE('',#8255,(#8259,#8265),.PCURVE_S1.);
#8255 = LINE('',#8256,#8257);
#8256 = CARTESIAN_POINT('',(75.4,2.,25.925));
#8257 = VECTOR('',#8258,1.);
#8258 = DIRECTION('',(-0.,0.,1.));
#8259 = PCURVE('',#6239,#8260);
#8260 = DEFINITIONAL_REPRESENTATION('',(#8261),#8264);
#8261 = B_SPLINE_CURVE_WITH_KNOTS('',1,(#8262,#8263),.UNSPECIFIED.,.F.,
  .F.,(2,2),(-0.925,1.075),.PIECEWISE_BEZIER_KNOTS.);
#8262 = CARTESIAN_POINT('',(73.4,-2.));
#8263 = CARTESIAN_POINT('',(73.4,0.));
#8264 = ( GEOMETRIC_REPRESENTATION_CONTEXT(2) 
PARAMETRIC_REPRESENTATION_CONTEXT() REPRESENTATION_CONTEXT('2D SPACE',''
  ) );
#8265 = PCURVE('',#6387,#8266);
#8266 = DEFINITIONAL_REPRESENTATION('',(#8267),#8270);
#8267 = B_SPLINE_CURVE_WITH_KNOTS('',1,(#8268,#8269),.UNSPECIFIED.,.F.,
  .F.,(2,2),(-0.925,1.075),.PIECEWISE_BEZIER_KNOTS.);
#8268 = CARTESIAN_POINT('',(0.15,-2.15));
#8269 = CARTESIAN_POINT('',(2.15,-2.15));
#8270 = ( GEOMETRIC_REPRESENTATION_CONTEXT(2) 
PARAMETRIC_REPRESENTATION_CONTEXT() REPRESENTATION_CONTEXT('2D SPACE',''
  ) );
#8271 = ORIENTED_EDGE('',*,*,#7597,.F.);
#8272 = ORIENTED_EDGE('',*,*,#6223,.T.);
#8273 = ORIENTED_EDGE('',*,*,#6349,.T.);
#8274 = ADVANCED_FACE('',(#8275),#6305,.F.);
#8275 = FACE_BOUND('',#8276,.F.);
#8276 = EDGE_LOOP('',(#8277,#8278,#8279,#8301,#8323,#8411,#8494,#8516,
    #8644));
#8277 = ORIENTED_EDGE('',*,*,#6848,.F.);
#8278 = ORIENTED_EDGE('',*,*,#6291,.T.);
#8279 = ORIENTED_EDGE('',*,*,#8280,.T.);
#8280 = EDGE_CURVE('',#6272,#8281,#8283,.T.);
#8281 = VERTEX_POINT('',#8282);
#8282 = CARTESIAN_POINT('',(68.538461538462,91.307692307692,38.));
#8283 = SURFACE_CURVE('',#8284,(#8287,#8294),.PCURVE_S1.);
#8284 = B_SPLINE_CURVE_WITH_KNOTS('',1,(#8285,#8286),.UNSPECIFIED.,.F.,
  .F.,(2,2),(0.,1.),.PIECEWISE_BEZIER_KNOTS.);
#8285 = CARTESIAN_POINT('',(77.,93.,27.));
#8286 = CARTESIAN_POINT('',(68.538461538462,91.307692307692,38.));
#8287 = PCURVE('',#6305,#8288);
#8288 = DEFINITIONAL_REPRESENTATION('',(#8289),#8293);
#8289 = LINE('',#8290,#8291);
#8290 = CARTESIAN_POINT('',(91.,0.));
#8291 = VECTOR('',#8292,1.);
#8292 = DIRECTION('',(0.,1.));
#8293 = ( GEOMETRIC_REPRESENTATION_CONTEXT(2) 
PARAMETRIC_REPRESENTATION_CONTEXT() REPRESENTATION_CONTEXT('2D SPACE',''
  ) );
#8294 = PCURVE('',#7730,#8295);
#8295 = DEFINITIONAL_REPRESENTATION('',(#8296),#8300);
#8296 = LINE('',#8297,#8298);
#8297 = CARTESIAN_POINT('',(0.,0.));
#8298 = VECTOR('',#8299,1.);
#8299 = DIRECTION('',(0.,1.));
#8300 = ( GEOMETRIC_REPRESENTATION_CONTEXT(2) 
PARAMETRIC_REPRESENTATION_CONTEXT() REPRESENTATION_CONTEXT('2D SPACE',''
  ) );
#8301 = ORIENTED_EDGE('',*,*,#8302,.F.);
#8302 = EDGE_CURVE('',#8303,#8281,#8305,.T.);
#8303 = VERTEX_POINT('',#8304);
#8304 = CARTESIAN_POINT('',(68.538461538462,86.692307692308,38.));
#8305 = SURFACE_CURVE('',#8306,(#8310,#8316),.PCURVE_S1.);
#8306 = LINE('',#8307,#8308);
#8307 = CARTESIAN_POINT('',(68.538461538462,13.,38.));
#8308 = VECTOR('',#8309,1.);
#8309 = DIRECTION('',(0.,1.,0.));
#8310 = PCURVE('',#6305,#8311);
#8311 = DEFINITIONAL_REPRESENTATION('',(#8312),#8315);
#8312 = B_SPLINE_CURVE_WITH_KNOTS('',1,(#8313,#8314),.UNSPECIFIED.,.F.,
  .F.,(2,2),(0.,78.307692307692),.PIECEWISE_BEZIER_KNOTS.);
#8313 = CARTESIAN_POINT('',(0.,1.));
#8314 = CARTESIAN_POINT('',(91.,1.));
#8315 = ( GEOMETRIC_REPRESENTATION_CONTEXT(2) 
PARAMETRIC_REPRESENTATION_CONTEXT() REPRESENTATION_CONTEXT('2D SPACE',''
  ) );
#8316 = PCURVE('',#7099,#8317);
#8317 = DEFINITIONAL_REPRESENTATION('',(#8318),#8322);
#8318 = LINE('',#8319,#8320);
#8319 = CARTESIAN_POINT('',(34.596375112915,46.647827635693));
#8320 = VECTOR('',#8321,1.);
#8321 = DIRECTION('',(0.803207628164,-0.59569917413));
#8322 = ( GEOMETRIC_REPRESENTATION_CONTEXT(2) 
PARAMETRIC_REPRESENTATION_CONTEXT() REPRESENTATION_CONTEXT('2D SPACE',''
  ) );
#8323 = ORIENTED_EDGE('',*,*,#8324,.T.);
#8324 = EDGE_CURVE('',#8303,#8325,#8327,.T.);
#8325 = VERTEX_POINT('',#8326);
#8326 = CARTESIAN_POINT('',(71.,83.,34.8));
#8327 = SURFACE_CURVE('',#8328,(#8352,#8379),.PCURVE_S1.);
#8328 = B_SPLINE_CURVE_WITH_KNOTS('',8,(#8329,#8330,#8331,#8332,#8333,
    #8334,#8335,#8336,#8337,#8338,#8339,#8340,#8341,#8342,#8343,#8344,
    #8345,#8346,#8347,#8348,#8349,#8350,#8351),.UNSPECIFIED.,.F.,.F.,(9,
    7,7,9),(0.,0.613267664398,0.76320262411,1.),.UNSPECIFIED.);
#8329 = CARTESIAN_POINT('',(68.538461538462,86.692307692308,38.));
#8330 = CARTESIAN_POINT('',(68.822748994846,86.573854585481,
    37.6304263067));
#8331 = CARTESIAN_POINT('',(69.099921108779,86.429007138708,
    37.270102558589));
#8332 = CARTESIAN_POINT('',(69.369223328096,86.25688843828,
    36.920009673471));
#8333 = CARTESIAN_POINT('',(69.628729128921,86.056148655752,
    36.582652132409));
#8334 = CARTESIAN_POINT('',(69.875563796476,85.825473075113,
    36.261767064576));
#8335 = CARTESIAN_POINT('',(70.105829244848,85.563604635169,
    35.962421981699));
#8336 = CARTESIAN_POINT('',(70.31480275625,85.269773655116,
    35.690756416875));
#8337 = CARTESIAN_POINT('',(70.540814646374,84.863058588809,
    35.396940959714));
#8338 = CARTESIAN_POINT('',(70.583542478598,84.781253557466,
    35.341394777822));
#8339 = CARTESIAN_POINT('',(70.624499460875,84.697560600996,
    35.288150700863));
#8340 = CARTESIAN_POINT('',(70.663581374005,84.61200654742,
    35.237344213793));
#8341 = CARTESIAN_POINT('',(70.700679239459,84.524630882537,
    35.189116988704));
#8342 = CARTESIAN_POINT('',(70.735681259448,84.435487483836,
    35.143614362718));
#8343 = CARTESIAN_POINT('',(70.768474757,84.344646354405,35.1009828159)
  );
#8344 = CARTESIAN_POINT('',(70.847075727276,84.106184355391,
    34.998801554541));
#8345 = CARTESIAN_POINT('',(70.889433081183,83.956108039782,
    34.943736994461));
#8346 = CARTESIAN_POINT('',(70.925551012611,83.802378885361,
    34.896783683606));
#8347 = CARTESIAN_POINT('',(70.954998647736,83.64549863201,
    34.858501757943));
#8348 = CARTESIAN_POINT('',(70.977400093967,83.486064532084,
    34.829379877843));
#8349 = CARTESIAN_POINT('',(70.992460287709,83.324776470837,
    34.809801625978));
#8350 = CARTESIAN_POINT('',(71.,83.162444959356,34.8));
#8351 = CARTESIAN_POINT('',(71.,83.,34.8));
#8352 = PCURVE('',#6305,#8353);
#8353 = DEFINITIONAL_REPRESENTATION('',(#8354),#8378);
#8354 = B_SPLINE_CURVE_WITH_KNOTS('',8,(#8355,#8356,#8357,#8358,#8359,
    #8360,#8361,#8362,#8363,#8364,#8365,#8366,#8367,#8368,#8369,#8370,
    #8371,#8372,#8373,#8374,#8375,#8376,#8377),.UNSPECIFIED.,.F.,.F.,(9,
    7,7,9),(0.,0.613267664398,0.76320262411,1.),.UNSPECIFIED.);
#8355 = CARTESIAN_POINT('',(85.636542239686,1.));
#8356 = CARTESIAN_POINT('',(85.462024023422,0.966402391518));
#8357 = CARTESIAN_POINT('',(85.25992834072,0.933645687144));
#8358 = CARTESIAN_POINT('',(85.029839602492,0.901819061225));
#8359 = CARTESIAN_POINT('',(84.770900755501,0.871150193855));
#8360 = CARTESIAN_POINT('',(84.482346485081,0.841978824052));
#8361 = CARTESIAN_POINT('',(84.163433211946,0.8147656347));
#8362 = CARTESIAN_POINT('',(83.81378216511,0.79006876517));
#8363 = CARTESIAN_POINT('',(83.339179147529,0.763358269065));
#8364 = CARTESIAN_POINT('',(83.244124333272,0.758308616166));
#8365 = CARTESIAN_POINT('',(83.147273355698,0.753468245533));
#8366 = CARTESIAN_POINT('',(83.048657636235,0.748849473981));
#8367 = CARTESIAN_POINT('',(82.948321091179,0.744465180791));
#8368 = CARTESIAN_POINT('',(82.846321727604,0.740328578429));
#8369 = CARTESIAN_POINT('',(82.74273323926,0.736452983264));
#8370 = CARTESIAN_POINT('',(82.471679706722,0.727163777686));
#8371 = CARTESIAN_POINT('',(82.301919394972,0.722157908587));
#8372 = CARTESIAN_POINT('',(82.128800534061,0.717889425782));
#8373 = CARTESIAN_POINT('',(81.952839020467,0.714409250722));
#8374 = CARTESIAN_POINT('',(81.774637661574,0.711761807077));
#8375 = CARTESIAN_POINT('',(81.594895506374,0.709981965998));
#8376 = CARTESIAN_POINT('',(81.414420625627,0.709090909091));
#8377 = CARTESIAN_POINT('',(81.234146341463,0.709090909091));
#8378 = ( GEOMETRIC_REPRESENTATION_CONTEXT(2) 
PARAMETRIC_REPRESENTATION_CONTEXT() REPRESENTATION_CONTEXT('2D SPACE',''
  ) );
#8379 = PCURVE('',#8380,#8385);
#8380 = CYLINDRICAL_SURFACE('',#8381,4.);
#8381 = AXIS2_PLACEMENT_3D('',#8382,#8383,#8384);
#8382 = CARTESIAN_POINT('',(67.,83.,30.85));
#8383 = DIRECTION('',(-0.,-0.,-1.));
#8384 = DIRECTION('',(1.,0.,0.));
#8385 = DEFINITIONAL_REPRESENTATION('',(#8386),#8410);
#8386 = B_SPLINE_CURVE_WITH_KNOTS('',8,(#8387,#8388,#8389,#8390,#8391,
    #8392,#8393,#8394,#8395,#8396,#8397,#8398,#8399,#8400,#8401,#8402,
    #8403,#8404,#8405,#8406,#8407,#8408,#8409),.UNSPECIFIED.,.F.,.F.,(9,
    7,7,9),(0.,0.613267664398,0.76320262411,1.),.UNSPECIFIED.);
#8387 = CARTESIAN_POINT('',(-1.176005207095,-7.15));
#8388 = CARTESIAN_POINT('',(-1.099010687658,-6.7804263067));
#8389 = CARTESIAN_POINT('',(-1.021120049978,-6.420102558588));
#8390 = CARTESIAN_POINT('',(-0.941729161887,-6.070009673474));
#8391 = CARTESIAN_POINT('',(-0.86038336834,-5.732652132404));
#8392 = CARTESIAN_POINT('',(-0.776697811099,-5.411767064579));
#8393 = CARTESIAN_POINT('',(-0.690267193532,-5.112421981698));
#8394 = CARTESIAN_POINT('',(-0.600680662204,-4.840756416875));
#8395 = CARTESIAN_POINT('',(-0.484357158657,-4.546940959714));
#8396 = CARTESIAN_POINT('',(-0.461291966905,-4.491394777822));
#8397 = CARTESIAN_POINT('',(-0.438011125608,-4.438150700863));
#8398 = CARTESIAN_POINT('',(-0.414513489089,-4.387344213793));
#8399 = CARTESIAN_POINT('',(-0.390799768554,-4.339116988704));
#8400 = CARTESIAN_POINT('',(-0.366872744769,-4.293614362718));
#8401 = CARTESIAN_POINT('',(-0.342737480739,-4.2509828159));
#8402 = CARTESIAN_POINT('',(-0.279966947494,-4.148801554541));
#8403 = CARTESIAN_POINT('',(-0.241018748684,-4.093736994461));
#8404 = CARTESIAN_POINT('',(-0.201604888479,-4.046783683606));
#8405 = CARTESIAN_POINT('',(-0.161782306915,-4.008501757943));
#8406 = CARTESIAN_POINT('',(-0.121618263955,-3.979379877843));
#8407 = CARTESIAN_POINT('',(-8.119407333572E-02,-3.959801625978));
#8408 = CARTESIAN_POINT('',(-4.0611239839E-02,-3.95));
#8409 = CARTESIAN_POINT('',(0.,-3.95));
#8410 = ( GEOMETRIC_REPRESENTATION_CONTEXT(2) 
PARAMETRIC_REPRESENTATION_CONTEXT() REPRESENTATION_CONTEXT('2D SPACE',''
  ) );
#8411 = ORIENTED_EDGE('',*,*,#8412,.T.);
#8412 = EDGE_CURVE('',#8325,#8413,#8415,.T.);
#8413 = VERTEX_POINT('',#8414);
#8414 = CARTESIAN_POINT('',(68.538461538462,79.307692307692,38.));
#8415 = SURFACE_CURVE('',#8416,(#8440,#8467),.PCURVE_S1.);
#8416 = B_SPLINE_CURVE_WITH_KNOTS('',8,(#8417,#8418,#8419,#8420,#8421,
    #8422,#8423,#8424,#8425,#8426,#8427,#8428,#8429,#8430,#8431,#8432,
    #8433,#8434,#8435,#8436,#8437,#8438,#8439),.UNSPECIFIED.,.F.,.F.,(9,
    7,7,9),(0.,0.260270579081,0.41204772337,1.),.UNSPECIFIED.);
#8417 = CARTESIAN_POINT('',(71.,83.,34.8));
#8418 = CARTESIAN_POINT('',(71.,82.823658123396,34.8));
#8419 = CARTESIAN_POINT('',(70.991115033805,82.647050213657,
    34.811550456053));
#8420 = CARTESIAN_POINT('',(70.973299366885,82.471402216537,
    34.83471082305));
#8421 = CARTESIAN_POINT('',(70.946739447886,82.297785477806,
    34.869238717748));
#8422 = CARTESIAN_POINT('',(70.911791094937,82.127127659966,
    34.914671576582));
#8423 = CARTESIAN_POINT('',(70.868930588498,81.960222602996,
    34.970390234953));
#8424 = CARTESIAN_POINT('',(70.818719670774,81.797739129128,
    35.035664427993));
#8425 = CARTESIAN_POINT('',(70.728582600771,81.548376422833,
    35.152842618998));
#8426 = CARTESIAN_POINT('',(70.693083677658,81.458187088003,
    35.198991219044));
#8427 = CARTESIAN_POINT('',(70.655401400955,81.369749268061,
    35.247978178759));
#8428 = CARTESIAN_POINT('',(70.615650428386,81.283133193202,
    35.299654443098));
#8429 = CARTESIAN_POINT('',(70.573944412463,81.198392665038,
    35.353872263799));
#8430 = CARTESIAN_POINT('',(70.530394056152,81.115566878728,
    35.410487727003));
#8431 = CARTESIAN_POINT('',(70.485105168546,81.034682245109,
    35.469363280891));
#8432 = CARTESIAN_POINT('',(70.256385924714,80.650003854373,
    35.766698297871));
#8433 = CARTESIAN_POINT('',(70.050532320762,80.374520255124,
    36.034307983009));
#8434 = CARTESIAN_POINT('',(69.825833309467,80.128539210977,
    36.326416697694));
#8435 = CARTESIAN_POINT('',(69.586462221365,79.911351746612,
    36.637599112223));
#8436 = CARTESIAN_POINT('',(69.335867449743,79.721850353817,
    36.963372315336));
#8437 = CARTESIAN_POINT('',(69.076647092113,79.558835324906,
    37.300358780253));
#8438 = CARTESIAN_POINT('',(68.810578988202,79.421074578417,
    37.646247315338));
#8439 = CARTESIAN_POINT('',(68.538461538462,79.307692307692,38.));
#8440 = PCURVE('',#6305,#8441);
#8441 = DEFINITIONAL_REPRESENTATION('',(#8442),#8466);
#8442 = B_SPLINE_CURVE_WITH_KNOTS('',8,(#8443,#8444,#8445,#8446,#8447,
    #8448,#8449,#8450,#8451,#8452,#8453,#8454,#8455,#8456,#8457,#8458,
    #8459,#8460,#8461,#8462,#8463,#8464,#8465),.UNSPECIFIED.,.F.,.F.,(9,
    7,7,9),(0.,0.260270579081,0.41204772337,1.),.UNSPECIFIED.);
#8443 = CARTESIAN_POINT('',(81.234146341463,0.709090909091));
#8444 = CARTESIAN_POINT('',(81.038449868647,0.709090909091));
#8445 = CARTESIAN_POINT('',(80.842843000518,0.71014095055));
#8446 = CARTESIAN_POINT('',(80.648560774593,0.712246438459));
#8447 = CARTESIAN_POINT('',(80.456656263368,0.715385337977));
#8448 = CARTESIAN_POINT('',(80.268028400169,0.719515597871));
#8449 = CARTESIAN_POINT('',(80.083443479518,0.72458093045));
#8450 = CARTESIAN_POINT('',(79.903550332024,0.730514947999));
#8451 = CARTESIAN_POINT('',(79.627035280388,0.741167510818));
#8452 = CARTESIAN_POINT('',(79.526929417466,0.745362838095));
#8453 = CARTESIAN_POINT('',(79.428655418691,0.749816198069));
#8454 = CARTESIAN_POINT('',(79.33227938276,0.754514040282));
#8455 = CARTESIAN_POINT('',(79.237851505768,0.759442933073));
#8456 = CARTESIAN_POINT('',(79.145407913597,0.764589793364));
#8457 = CARTESIAN_POINT('',(79.054972494294,0.769942116445));
#8458 = CARTESIAN_POINT('',(78.624062671664,0.796972572534));
#8459 = CARTESIAN_POINT('',(78.312918177338,0.821300725728));
#8460 = CARTESIAN_POINT('',(78.032070961442,0.847856063427));
#8461 = CARTESIAN_POINT('',(77.780874535385,0.876145373839));
#8462 = CARTESIAN_POINT('',(77.558435036958,0.905761119576));
#8463 = CARTESIAN_POINT('',(77.363852883801,0.93639625275));
#8464 = CARTESIAN_POINT('',(77.196212576963,0.967840665031));
#8465 = CARTESIAN_POINT('',(77.055009823183,1.));
#8466 = ( GEOMETRIC_REPRESENTATION_CONTEXT(2) 
PARAMETRIC_REPRESENTATION_CONTEXT() REPRESENTATION_CONTEXT('2D SPACE',''
  ) );
#8467 = PCURVE('',#8380,#8468);
#8468 = DEFINITIONAL_REPRESENTATION('',(#8469),#8493);
#8469 = B_SPLINE_CURVE_WITH_KNOTS('',8,(#8470,#8471,#8472,#8473,#8474,
    #8475,#8476,#8477,#8478,#8479,#8480,#8481,#8482,#8483,#8484,#8485,
    #8486,#8487,#8488,#8489,#8490,#8491,#8492),.UNSPECIFIED.,.F.,.F.,(9,
    7,7,9),(0.,0.260270579081,0.41204772337,1.),.UNSPECIFIED.);
#8470 = CARTESIAN_POINT('',(-6.28318530718,-3.95));
#8471 = CARTESIAN_POINT('',(-6.239099838029,-3.95));
#8472 = CARTESIAN_POINT('',(-6.194947931999,-3.961550456053));
#8473 = CARTESIAN_POINT('',(-6.150905190333,-3.98471082305));
#8474 = CARTESIAN_POINT('',(-6.107107780337,-4.019238717748));
#8475 = CARTESIAN_POINT('',(-6.063665156496,-4.064671576582));
#8476 = CARTESIAN_POINT('',(-6.020669289899,-4.120390234953));
#8477 = CARTESIAN_POINT('',(-5.978200405935,-4.185664427993));
#8478 = CARTESIAN_POINT('',(-5.911911996937,-4.302842618998));
#8479 = CARTESIAN_POINT('',(-5.887690568266,-4.348991219044));
#8480 = CARTESIAN_POINT('',(-5.863673148954,-4.397978178759));
#8481 = CARTESIAN_POINT('',(-5.839865373314,-4.449654443098));
#8482 = CARTESIAN_POINT('',(-5.816270531075,-4.503872263799));
#8483 = CARTESIAN_POINT('',(-5.792889793159,-4.560487727003));
#8484 = CARTESIAN_POINT('',(-5.769722437463,-4.619363280891));
#8485 = CARTESIAN_POINT('',(-5.657838022552,-4.916698297872));
#8486 = CARTESIAN_POINT('',(-5.572339376997,-5.184307983008));
#8487 = CARTESIAN_POINT('',(-5.489701755517,-5.476416697695));
#8488 = CARTESIAN_POINT('',(-5.40957783164,-5.787599112222));
#8489 = CARTESIAN_POINT('',(-5.331629120448,-6.113372315336));
#8490 = CARTESIAN_POINT('',(-5.255525255372,-6.450358780253));
#8491 = CARTESIAN_POINT('',(-5.180878576056,-6.796247315338));
#8492 = CARTESIAN_POINT('',(-5.107180100084,-7.15));
#8493 = ( GEOMETRIC_REPRESENTATION_CONTEXT(2) 
PARAMETRIC_REPRESENTATION_CONTEXT() REPRESENTATION_CONTEXT('2D SPACE',''
  ) );
#8494 = ORIENTED_EDGE('',*,*,#8495,.F.);
#8495 = EDGE_CURVE('',#8496,#8413,#8498,.T.);
#8496 = VERTEX_POINT('',#8497);
#8497 = CARTESIAN_POINT('',(68.538461538462,15.692307692308,38.));
#8498 = SURFACE_CURVE('',#8499,(#8503,#8509),.PCURVE_S1.);
#8499 = LINE('',#8500,#8501);
#8500 = CARTESIAN_POINT('',(68.538461538462,13.,38.));
#8501 = VECTOR('',#8502,1.);
#8502 = DIRECTION('',(0.,1.,0.));
#8503 = PCURVE('',#6305,#8504);
#8504 = DEFINITIONAL_REPRESENTATION('',(#8505),#8508);
#8505 = B_SPLINE_CURVE_WITH_KNOTS('',1,(#8506,#8507),.UNSPECIFIED.,.F.,
  .F.,(2,2),(0.,78.307692307692),.PIECEWISE_BEZIER_KNOTS.);
#8506 = CARTESIAN_POINT('',(0.,1.));
#8507 = CARTESIAN_POINT('',(91.,1.));
#8508 = ( GEOMETRIC_REPRESENTATION_CONTEXT(2) 
PARAMETRIC_REPRESENTATION_CONTEXT() REPRESENTATION_CONTEXT('2D SPACE',''
  ) );
#8509 = PCURVE('',#7099,#8510);
#8510 = DEFINITIONAL_REPRESENTATION('',(#8511),#8515);
#8511 = LINE('',#8512,#8513);
#8512 = CARTESIAN_POINT('',(34.596375112915,46.647827635693));
#8513 = VECTOR('',#8514,1.);
#8514 = DIRECTION('',(0.803207628164,-0.59569917413));
#8515 = ( GEOMETRIC_REPRESENTATION_CONTEXT(2) 
PARAMETRIC_REPRESENTATION_CONTEXT() REPRESENTATION_CONTEXT('2D SPACE',''
  ) );
#8516 = ORIENTED_EDGE('',*,*,#8517,.T.);
#8517 = EDGE_CURVE('',#8496,#8518,#8520,.T.);
#8518 = VERTEX_POINT('',#8519);
#8519 = CARTESIAN_POINT('',(71.,12.,34.8));
#8520 = SURFACE_CURVE('',#8521,(#8560,#8602),.PCURVE_S1.);
#8521 = B_SPLINE_CURVE_WITH_KNOTS('',7,(#8522,#8523,#8524,#8525,#8526,
    #8527,#8528,#8529,#8530,#8531,#8532,#8533,#8534,#8535,#8536,#8537,
    #8538,#8539,#8540,#8541,#8542,#8543,#8544,#8545,#8546,#8547,#8548,
    #8549,#8550,#8551,#8552,#8553,#8554,#8555,#8556,#8557,#8558,#8559),
  .UNSPECIFIED.,.F.,.F.,(8,6,6,6,6,6,8),(0.,0.234475984592,
    0.475062342062,0.589114065034,0.64582566858,0.761356886205,1.),
  .UNSPECIFIED.);
#8522 = CARTESIAN_POINT('',(68.538461538462,15.692307692308,38.));
#8523 = CARTESIAN_POINT('',(68.644948700587,15.647938041422,
    37.861566689236));
#8524 = CARTESIAN_POINT('',(68.752021812823,15.599119096954,
    37.72237164333));
#8525 = CARTESIAN_POINT('',(68.859637516324,15.545574099951,
    37.582471228778));
#8526 = CARTESIAN_POINT('',(68.967716362074,15.486990144242,
    37.441968729304));
#8527 = CARTESIAN_POINT('',(69.076142390552,15.423019640484,
    37.301014892282));
#8528 = CARTESIAN_POINT('',(69.184763294676,15.353265263422,
    37.159807716921));
#8529 = CARTESIAN_POINT('',(69.404849846665,15.19925052447,
    36.873695199336));
#8530 = CARTESIAN_POINT('',(69.516255002307,15.114701790413,
    36.728868497001));
#8531 = CARTESIAN_POINT('',(69.627456052324,15.023061106627,
    36.584307131979));
#8532 = CARTESIAN_POINT('',(69.738140938215,14.923761299513,
    36.44041678032));
#8533 = CARTESIAN_POINT('',(69.847837758475,14.816232301625,
    36.297810913982));
#8534 = CARTESIAN_POINT('',(69.955914691222,14.699912082823,
    36.157310901411));
#8535 = CARTESIAN_POINT('',(70.111668766139,14.514672051556,
    35.954830604019));
#8536 = CARTESIAN_POINT('',(70.161202527672,14.453015240118,
    35.890436714026));
#8537 = CARTESIAN_POINT('',(70.210086777413,14.389228967902,
    35.826887189364));
#8538 = CARTESIAN_POINT('',(70.258210344387,14.32328125056,
    35.764326552297));
#8539 = CARTESIAN_POINT('',(70.305445996198,14.255159837776,
    35.702920204943));
#8540 = CARTESIAN_POINT('',(70.351652836817,14.184878027503,
    35.642851312138));
#8541 = CARTESIAN_POINT('',(70.419067573959,14.076481190628,
    35.555212153853));
#8542 = CARTESIAN_POINT('',(70.441163997385,14.039959569524,
    35.526486803399));
#8543 = CARTESIAN_POINT('',(70.462948931326,14.002921897508,
    35.498166389277));
#8544 = CARTESIAN_POINT('',(70.484402608253,13.965376651616,
    35.470276609271));
#8545 = CARTESIAN_POINT('',(70.505504726178,13.927334781538,
    35.442843855968));
#8546 = CARTESIAN_POINT('',(70.526234638372,13.888809985871,
    35.415894970116));
#8547 = CARTESIAN_POINT('',(70.588001289721,13.770387670301,
    35.335598323362));
#8548 = CARTESIAN_POINT('',(70.627806906812,13.689008183661,
    35.283851021144));
#8549 = CARTESIAN_POINT('',(70.665802083731,13.605840127405,
    35.23445729115));
#8550 = CARTESIAN_POINT('',(70.701811006663,13.521076124709,
    35.187645691339));
#8551 = CARTESIAN_POINT('',(70.735674981102,13.434946245694,
    35.143622524567));
#8552 = CARTESIAN_POINT('',(70.767259054332,13.347722430151,
    35.102563229368));
#8553 = CARTESIAN_POINT('',(70.856773760425,13.077949707599,
    34.986194111448));
#8554 = CARTESIAN_POINT('',(70.906958893938,12.892735484852,
    34.92095343788));
#8555 = CARTESIAN_POINT('',(70.945999885186,12.707089244707,
    34.870200149258));
#8556 = CARTESIAN_POINT('',(70.974018398518,12.523399976794,
    34.833776081927));
#8557 = CARTESIAN_POINT('',(70.991692581569,12.343515629031,
    34.81079964396));
#8558 = CARTESIAN_POINT('',(71.,12.16876688302,34.8));
#8559 = CARTESIAN_POINT('',(71.,12.,34.8));
#8560 = PCURVE('',#6305,#8561);
#8561 = DEFINITIONAL_REPRESENTATION('',(#8562),#8601);
#8562 = B_SPLINE_CURVE_WITH_KNOTS('',7,(#8563,#8564,#8565,#8566,#8567,
    #8568,#8569,#8570,#8571,#8572,#8573,#8574,#8575,#8576,#8577,#8578,
    #8579,#8580,#8581,#8582,#8583,#8584,#8585,#8586,#8587,#8588,#8589,
    #8590,#8591,#8592,#8593,#8594,#8595,#8596,#8597,#8598,#8599,#8600),
  .UNSPECIFIED.,.F.,.F.,(8,6,6,6,6,6,8),(0.,0.234475984592,
    0.475062342062,0.589114065034,0.64582566858,0.761356886205,1.),
  .UNSPECIFIED.);
#8563 = CARTESIAN_POINT('',(3.128683693517,1.));
#8564 = CARTESIAN_POINT('',(3.231611590378,0.987415153567));
#8565 = CARTESIAN_POINT('',(3.329729244445,0.974761058485));
#8566 = CARTESIAN_POINT('',(3.422688462311,0.96204283898));
#8567 = CARTESIAN_POINT('',(3.51005303847,0.949269884482));
#8568 = CARTESIAN_POINT('',(3.591302497256,0.936455899298));
#8569 = CARTESIAN_POINT('',(3.665817670468,0.923618883356));
#8570 = CARTESIAN_POINT('',(3.801625343803,0.897608654485));
#8571 = CARTESIAN_POINT('',(3.862484737776,0.884442590636));
#8572 = CARTESIAN_POINT('',(3.914663232757,0.871300648362));
#8573 = CARTESIAN_POINT('',(3.957150979825,0.858219707302));
#8574 = CARTESIAN_POINT('',(3.988728699712,0.845255537635));
#8575 = CARTESIAN_POINT('',(4.007982476928,0.832482809219));
#8576 = CARTESIAN_POINT('',(4.015814898685,0.814075509456));
#8577 = CARTESIAN_POINT('',(4.015200002296,0.808221519457));
#8578 = CARTESIAN_POINT('',(4.011282587389,0.802444289942));
#8579 = CARTESIAN_POINT('',(4.003884882427,0.7967569593));
#8580 = CARTESIAN_POINT('',(3.992829473981,0.791174564086));
#8581 = CARTESIAN_POINT('',(3.977948723667,0.785713755649));
#8582 = CARTESIAN_POINT('',(3.949718867539,0.777746559441));
#8583 = CARTESIAN_POINT('',(3.93936128089,0.775135163945));
#8584 = CARTESIAN_POINT('',(3.928003581583,0.772560580843));
#8585 = CARTESIAN_POINT('',(3.91562935186,0.770025146297));
#8586 = CARTESIAN_POINT('',(3.902224144021,0.767531259633));
#8587 = CARTESIAN_POINT('',(3.887776024694,0.76508136092));
#8588 = CARTESIAN_POINT('',(3.840700165462,0.75778166576));
#8589 = CARTESIAN_POINT('',(3.804753720025,0.753077365559));
#8590 = CARTESIAN_POINT('',(3.764367805209,0.748587026468));
#8591 = CARTESIAN_POINT('',(3.719522678925,0.744331426485));
#8592 = CARTESIAN_POINT('',(3.670261229569,0.740329320415));
#8593 = CARTESIAN_POINT('',(3.61670237101,0.736596657215));
#8594 = CARTESIAN_POINT('',(3.4399759528,0.726017646495));
#8595 = CARTESIAN_POINT('',(3.303365169532,0.720086676171));
#8596 = CARTESIAN_POINT('',(3.151160316182,0.715472740842));
#8597 = CARTESIAN_POINT('',(2.986106590618,0.712161461993));
#8598 = CARTESIAN_POINT('',(2.811067981848,0.710072694905));
#8599 = CARTESIAN_POINT('',(2.628753492132,0.709090909091));
#8600 = CARTESIAN_POINT('',(2.441463414634,0.709090909091));
#8601 = ( GEOMETRIC_REPRESENTATION_CONTEXT(2) 
PARAMETRIC_REPRESENTATION_CONTEXT() REPRESENTATION_CONTEXT('2D SPACE',''
  ) );
#8602 = PCURVE('',#7010,#8603);
#8603 = DEFINITIONAL_REPRESENTATION('',(#8604),#8643);
#8604 = B_SPLINE_CURVE_WITH_KNOTS('',7,(#8605,#8606,#8607,#8608,#8609,
    #8610,#8611,#8612,#8613,#8614,#8615,#8616,#8617,#8618,#8619,#8620,
    #8621,#8622,#8623,#8624,#8625,#8626,#8627,#8628,#8629,#8630,#8631,
    #8632,#8633,#8634,#8635,#8636,#8637,#8638,#8639,#8640,#8641,#8642),
  .UNSPECIFIED.,.F.,.F.,(8,6,6,6,6,6,8),(0.,0.234475984592,
    0.475062342062,0.589114065034,0.64582566858,0.761356886205,1.),
  .UNSPECIFIED.);
#8605 = CARTESIAN_POINT('',(-1.176005207095,-7.15));
#8606 = CARTESIAN_POINT('',(-1.147164934019,-7.011566689236));
#8607 = CARTESIAN_POINT('',(-1.117761605457,-6.87237164333));
#8608 = CARTESIAN_POINT('',(-1.087739539078,-6.732471228778));
#8609 = CARTESIAN_POINT('',(-1.057040689388,-6.591968729304));
#8610 = CARTESIAN_POINT('',(-1.025603246425,-6.451014892282));
#8611 = CARTESIAN_POINT('',(-0.993356245094,-6.309807716921));
#8612 = CARTESIAN_POINT('',(-0.926200348955,-6.023695199336));
#8613 = CARTESIAN_POINT('',(-0.89126247201,-5.878868497001));
#8614 = CARTESIAN_POINT('',(-0.855285704121,-5.734307131979));
#8615 = CARTESIAN_POINT('',(-0.818172384258,-5.590416780321));
#8616 = CARTESIAN_POINT('',(-0.779834817092,-5.447810913982));
#8617 = CARTESIAN_POINT('',(-0.740188549211,-5.307310901411));
#8618 = CARTESIAN_POINT('',(-0.679683796796,-5.104830604019));
#8619 = CARTESIAN_POINT('',(-0.659916325995,-5.040436714026));
#8620 = CARTESIAN_POINT('',(-0.639833910251,-4.976887189364));
#8621 = CARTESIAN_POINT('',(-0.619434472627,-4.914326552297));
#8622 = CARTESIAN_POINT('',(-0.598720434512,-4.852920204943));
#8623 = CARTESIAN_POINT('',(-0.577699468529,-4.792851312138));
#8624 = CARTESIAN_POINT('',(-0.545786872046,-4.705212153853));
#8625 = CARTESIAN_POINT('',(-0.535116216616,-4.676486803399));
#8626 = CARTESIAN_POINT('',(-0.524375190959,-4.648166389277));
#8627 = CARTESIAN_POINT('',(-0.513566137727,-4.620276609271));
#8628 = CARTESIAN_POINT('',(-0.502691884045,-4.592843855968));
#8629 = CARTESIAN_POINT('',(-0.491755789136,-4.565894970116));
#8630 = CARTESIAN_POINT('',(-0.45836514295,-4.485598323362));
#8631 = CARTESIAN_POINT('',(-0.435724393751,-4.433851021144));
#8632 = CARTESIAN_POINT('',(-0.412878262582,-4.38445729115));
#8633 = CARTESIAN_POINT('',(-0.389869444056,-4.337645691339));
#8634 = CARTESIAN_POINT('',(-0.366746047773,-4.293622524567));
#8635 = CARTESIAN_POINT('',(-0.343563036909,-4.252563229368));
#8636 = CARTESIAN_POINT('',(-0.272503992604,-4.136194111448));
#8637 = CARTESIAN_POINT('',(-0.224605410695,-4.07095343788));
#8638 = CARTESIAN_POINT('',(-0.177302371624,-4.020200149258));
#8639 = CARTESIAN_POINT('',(-0.130972571626,-3.983776081927));
#8640 = CARTESIAN_POINT('',(-8.587893094282E-02,-3.96079964396));
#8641 = CARTESIAN_POINT('',(-4.219172075502E-02,-3.95));
#8642 = CARTESIAN_POINT('',(0.,-3.95));
#8643 = ( GEOMETRIC_REPRESENTATION_CONTEXT(2) 
PARAMETRIC_REPRESENTATION_CONTEXT() REPRESENTATION_CONTEXT('2D SPACE',''
  ) );
#8644 = ORIENTED_EDGE('',*,*,#8645,.T.);
#8645 = EDGE_CURVE('',#8518,#6849,#8646,.T.);
#8646 = SURFACE_CURVE('',#8647,(#8657,#8670),.PCURVE_S1.);
#8647 = B_SPLINE_CURVE_WITH_KNOTS('',8,(#8648,#8649,#8650,#8651,#8652,
    #8653,#8654,#8655,#8656),.UNSPECIFIED.,.F.,.F.,(9,9),(0.,1.),
  .PIECEWISE_BEZIER_KNOTS.);
#8648 = CARTESIAN_POINT('',(71.,12.,34.8));
#8649 = CARTESIAN_POINT('',(71.,11.740006285858,34.8));
#8650 = CARTESIAN_POINT('',(70.980687142578,11.494179317896,
    34.825106714648));
#8651 = CARTESIAN_POINT('',(70.945740678454,11.26238771016,
    34.87053711801));
#8652 = CARTESIAN_POINT('',(70.898002429039,11.044468954969,
    34.93259684225));
#8653 = CARTESIAN_POINT('',(70.839882515541,10.839824141597,
    35.008152729797));
#8654 = CARTESIAN_POINT('',(70.773203601864,10.647590653848,
    35.094835317577));
#8655 = CARTESIAN_POINT('',(70.699257426901,10.466633192403,
    35.190965345029));
#8656 = CARTESIAN_POINT('',(70.618728943616,10.2956523733,35.2956523733)
  );
#8657 = PCURVE('',#6305,#8658);
#8658 = DEFINITIONAL_REPRESENTATION('',(#8659),#8669);
#8659 = B_SPLINE_CURVE_WITH_KNOTS('',8,(#8660,#8661,#8662,#8663,#8664,
    #8665,#8666,#8667,#8668),.UNSPECIFIED.,.F.,.F.,(9,9),(0.,1.),
  .PIECEWISE_BEZIER_KNOTS.);
#8660 = CARTESIAN_POINT('',(2.441463414634,0.709090909091));
#8661 = CARTESIAN_POINT('',(2.152933805038,0.709090909091));
#8662 = CARTESIAN_POINT('',(1.853126009806,0.711373337695));
#8663 = CARTESIAN_POINT('',(1.546630307456,0.715503374365));
#8664 = CARTESIAN_POINT('',(1.236910697764,0.721145167477));
#8665 = CARTESIAN_POINT('',(0.92644708706,0.728013884527));
#8666 = CARTESIAN_POINT('',(0.616687399735,0.73589411978));
#8667 = CARTESIAN_POINT('',(0.308072718626,0.744633213184));
#8668 = CARTESIAN_POINT('',(0.,0.754150215755));
#8669 = ( GEOMETRIC_REPRESENTATION_CONTEXT(2) 
PARAMETRIC_REPRESENTATION_CONTEXT() REPRESENTATION_CONTEXT('2D SPACE',''
  ) );
#8670 = PCURVE('',#7010,#8671);
#8671 = DEFINITIONAL_REPRESENTATION('',(#8672),#8682);
#8672 = B_SPLINE_CURVE_WITH_KNOTS('',8,(#8673,#8674,#8675,#8676,#8677,
    #8678,#8679,#8680,#8681),.UNSPECIFIED.,.F.,.F.,(9,9),(0.,1.),
  .PIECEWISE_BEZIER_KNOTS.);
#8673 = CARTESIAN_POINT('',(-6.28318530718,-3.95));
#8674 = CARTESIAN_POINT('',(-6.218186878644,-3.95));
#8675 = CARTESIAN_POINT('',(-6.156730082125,-3.975106714648));
#8676 = CARTESIAN_POINT('',(-6.098364079249,-4.02053711801));
#8677 = CARTESIAN_POINT('',(-6.042819375455,-4.08259684225));
#8678 = CARTESIAN_POINT('',(-5.989816084125,-4.158152729797));
#8679 = CARTESIAN_POINT('',(-5.939075379133,-4.244835317577));
#8680 = CARTESIAN_POINT('',(-5.89027119782,-4.340965345029));
#8681 = CARTESIAN_POINT('',(-5.843022337304,-4.4456523733));
#8682 = ( GEOMETRIC_REPRESENTATION_CONTEXT(2) 
PARAMETRIC_REPRESENTATION_CONTEXT() REPRESENTATION_CONTEXT('2D SPACE',''
  ) );
#8683 = ADVANCED_FACE('',(#8684),#6387,.F.);
#8684 = FACE_BOUND('',#8685,.F.);
#8685 = EDGE_LOOP('',(#8686,#8687,#8688));
#8686 = ORIENTED_EDGE('',*,*,#8253,.T.);
#8687 = ORIENTED_EDGE('',*,*,#6370,.T.);
#8688 = ORIENTED_EDGE('',*,*,#7576,.F.);
#8689 = ADVANCED_FACE('',(#8690),#7133,.T.);
#8690 = FACE_BOUND('',#8691,.F.);
#8691 = EDGE_LOOP('',(#8692,#8693,#8714,#8715,#8737,#8738,#8739));
#8692 = ORIENTED_EDGE('',*,*,#7446,.F.);
#8693 = ORIENTED_EDGE('',*,*,#8694,.T.);
#8694 = EDGE_CURVE('',#7447,#7112,#8695,.T.);
#8695 = SEAM_CURVE('',#8696,(#8700,#8707),.PCURVE_S1.);
#8696 = LINE('',#8697,#8698);
#8697 = CARTESIAN_POINT('',(16.,12.,30.85));
#8698 = VECTOR('',#8699,1.);
#8699 = DIRECTION('',(0.,0.,1.));
#8700 = PCURVE('',#7133,#8701);
#8701 = DEFINITIONAL_REPRESENTATION('',(#8702),#8706);
#8702 = LINE('',#8703,#8704);
#8703 = CARTESIAN_POINT('',(-6.28318530718,0.));
#8704 = VECTOR('',#8705,1.);
#8705 = DIRECTION('',(-0.,-1.));
#8706 = ( GEOMETRIC_REPRESENTATION_CONTEXT(2) 
PARAMETRIC_REPRESENTATION_CONTEXT() REPRESENTATION_CONTEXT('2D SPACE',''
  ) );
#8707 = PCURVE('',#7133,#8708);
#8708 = DEFINITIONAL_REPRESENTATION('',(#8709),#8713);
#8709 = LINE('',#8710,#8711);
#8710 = CARTESIAN_POINT('',(-0.,0.));
#8711 = VECTOR('',#8712,1.);
#8712 = DIRECTION('',(-0.,-1.));
#8713 = ( GEOMETRIC_REPRESENTATION_CONTEXT(2) 
PARAMETRIC_REPRESENTATION_CONTEXT() REPRESENTATION_CONTEXT('2D SPACE',''
  ) );
#8714 = ORIENTED_EDGE('',*,*,#7111,.F.);
#8715 = ORIENTED_EDGE('',*,*,#8716,.F.);
#8716 = EDGE_CURVE('',#7870,#7085,#8717,.T.);
#8717 = SURFACE_CURVE('',#8718,(#8723,#8730),.PCURVE_S1.);
#8718 = CIRCLE('',#8719,4.);
#8719 = AXIS2_PLACEMENT_3D('',#8720,#8721,#8722);
#8720 = CARTESIAN_POINT('',(12.,12.,38.));
#8721 = DIRECTION('',(0.,0.,-1.));
#8722 = DIRECTION('',(1.,0.,0.));
#8723 = PCURVE('',#7133,#8724);
#8724 = DEFINITIONAL_REPRESENTATION('',(#8725),#8729);
#8725 = LINE('',#8726,#8727);
#8726 = CARTESIAN_POINT('',(-6.28318530718,-7.15));
#8727 = VECTOR('',#8728,1.);
#8728 = DIRECTION('',(1.,-0.));
#8729 = ( GEOMETRIC_REPRESENTATION_CONTEXT(2) 
PARAMETRIC_REPRESENTATION_CONTEXT() REPRESENTATION_CONTEXT('2D SPACE',''
  ) );
#8730 = PCURVE('',#7099,#8731);
#8731 = DEFINITIONAL_REPRESENTATION('',(#8732),#8736);
#8732 = CIRCLE('',#8733,4.);
#8733 = AXIS2_PLACEMENT_2D('',#8734,#8735);
#8734 = CARTESIAN_POINT('',(0.113252639728,1.831403217459));
#8735 = DIRECTION('',(0.59569917413,0.803207628164));
#8736 = ( GEOMETRIC_REPRESENTATION_CONTEXT(2) 
PARAMETRIC_REPRESENTATION_CONTEXT() REPRESENTATION_CONTEXT('2D SPACE',''
  ) );
#8737 = ORIENTED_EDGE('',*,*,#7869,.F.);
#8738 = ORIENTED_EDGE('',*,*,#7148,.F.);
#8739 = ORIENTED_EDGE('',*,*,#8694,.F.);
#8740 = ADVANCED_FACE('',(#8741,#8859,#8890,#8921,#8952,#8983,#9014),
  #7099,.T.);
#8741 = FACE_BOUND('',#8742,.T.);
#8742 = EDGE_LOOP('',(#8743,#8744,#8745,#8746,#8770,#8792,#8793,#8813,
    #8814,#8836,#8837));
#8743 = ORIENTED_EDGE('',*,*,#7084,.F.);
#8744 = ORIENTED_EDGE('',*,*,#8716,.F.);
#8745 = ORIENTED_EDGE('',*,*,#8057,.F.);
#8746 = ORIENTED_EDGE('',*,*,#8747,.F.);
#8747 = EDGE_CURVE('',#8748,#8058,#8750,.T.);
#8748 = VERTEX_POINT('',#8749);
#8749 = CARTESIAN_POINT('',(16.,83.,38.));
#8750 = SURFACE_CURVE('',#8751,(#8756,#8763),.PCURVE_S1.);
#8751 = CIRCLE('',#8752,4.);
#8752 = AXIS2_PLACEMENT_3D('',#8753,#8754,#8755);
#8753 = CARTESIAN_POINT('',(12.,83.,38.));
#8754 = DIRECTION('',(0.,0.,-1.));
#8755 = DIRECTION('',(1.,0.,0.));
#8756 = PCURVE('',#7099,#8757);
#8757 = DEFINITIONAL_REPRESENTATION('',(#8758),#8762);
#8758 = CIRCLE('',#8759,4.);
#8759 = AXIS2_PLACEMENT_2D('',#8760,#8761);
#8760 = CARTESIAN_POINT('',(57.140994239389,-40.46323814574));
#8761 = DIRECTION('',(0.59569917413,0.803207628164));
#8762 = ( GEOMETRIC_REPRESENTATION_CONTEXT(2) 
PARAMETRIC_REPRESENTATION_CONTEXT() REPRESENTATION_CONTEXT('2D SPACE',''
  ) );
#8763 = PCURVE('',#8177,#8764);
#8764 = DEFINITIONAL_REPRESENTATION('',(#8765),#8769);
#8765 = LINE('',#8766,#8767);
#8766 = CARTESIAN_POINT('',(-6.28318530718,-7.15));
#8767 = VECTOR('',#8768,1.);
#8768 = DIRECTION('',(1.,-0.));
#8769 = ( GEOMETRIC_REPRESENTATION_CONTEXT(2) 
PARAMETRIC_REPRESENTATION_CONTEXT() REPRESENTATION_CONTEXT('2D SPACE',''
  ) );
#8770 = ORIENTED_EDGE('',*,*,#8771,.F.);
#8771 = EDGE_CURVE('',#8080,#8748,#8772,.T.);
#8772 = SURFACE_CURVE('',#8773,(#8778,#8785),.PCURVE_S1.);
#8773 = CIRCLE('',#8774,4.);
#8774 = AXIS2_PLACEMENT_3D('',#8775,#8776,#8777);
#8775 = CARTESIAN_POINT('',(12.,83.,38.));
#8776 = DIRECTION('',(0.,0.,-1.));
#8777 = DIRECTION('',(1.,0.,0.));
#8778 = PCURVE('',#7099,#8779);
#8779 = DEFINITIONAL_REPRESENTATION('',(#8780),#8784);
#8780 = CIRCLE('',#8781,4.);
#8781 = AXIS2_PLACEMENT_2D('',#8782,#8783);
#8782 = CARTESIAN_POINT('',(57.140994239389,-40.46323814574));
#8783 = DIRECTION('',(0.59569917413,0.803207628164));
#8784 = ( GEOMETRIC_REPRESENTATION_CONTEXT(2) 
PARAMETRIC_REPRESENTATION_CONTEXT() REPRESENTATION_CONTEXT('2D SPACE',''
  ) );
#8785 = PCURVE('',#8177,#8786);
#8786 = DEFINITIONAL_REPRESENTATION('',(#8787),#8791);
#8787 = LINE('',#8788,#8789);
#8788 = CARTESIAN_POINT('',(-6.28318530718,-7.15));
#8789 = VECTOR('',#8790,1.);
#8790 = DIRECTION('',(1.,-0.));
#8791 = ( GEOMETRIC_REPRESENTATION_CONTEXT(2) 
PARAMETRIC_REPRESENTATION_CONTEXT() REPRESENTATION_CONTEXT('2D SPACE',''
  ) );
#8792 = ORIENTED_EDGE('',*,*,#8230,.F.);
#8793 = ORIENTED_EDGE('',*,*,#8794,.F.);
#8794 = EDGE_CURVE('',#8281,#7846,#8795,.T.);
#8795 = SURFACE_CURVE('',#8796,(#8800,#8807),.PCURVE_S1.);
#8796 = LINE('',#8797,#8798);
#8797 = CARTESIAN_POINT('',(68.538461538462,91.307692307692,38.));
#8798 = VECTOR('',#8799,1.);
#8799 = DIRECTION('',(-1.,0.,0.));
#8800 = PCURVE('',#7099,#8801);
#8801 = DEFINITIONAL_REPRESENTATION('',(#8802),#8806);
#8802 = LINE('',#8803,#8804);
#8803 = CARTESIAN_POINT('',(97.493710918392,7.105427357601E-15));
#8804 = VECTOR('',#8805,1.);
#8805 = DIRECTION('',(-0.59569917413,-0.803207628164));
#8806 = ( GEOMETRIC_REPRESENTATION_CONTEXT(2) 
PARAMETRIC_REPRESENTATION_CONTEXT() REPRESENTATION_CONTEXT('2D SPACE',''
  ) );
#8807 = PCURVE('',#7730,#8808);
#8808 = DEFINITIONAL_REPRESENTATION('',(#8809),#8812);
#8809 = B_SPLINE_CURVE_WITH_KNOTS('',1,(#8810,#8811),.UNSPECIFIED.,.F.,
  .F.,(2,2),(0.,58.076923076923),.PIECEWISE_BEZIER_KNOTS.);
#8810 = CARTESIAN_POINT('',(0.,1.));
#8811 = CARTESIAN_POINT('',(75.,1.));
#8812 = ( GEOMETRIC_REPRESENTATION_CONTEXT(2) 
PARAMETRIC_REPRESENTATION_CONTEXT() REPRESENTATION_CONTEXT('2D SPACE',''
  ) );
#8813 = ORIENTED_EDGE('',*,*,#8302,.F.);
#8814 = ORIENTED_EDGE('',*,*,#8815,.F.);
#8815 = EDGE_CURVE('',#8413,#8303,#8816,.T.);
#8816 = SURFACE_CURVE('',#8817,(#8822,#8829),.PCURVE_S1.);
#8817 = CIRCLE('',#8818,4.);
#8818 = AXIS2_PLACEMENT_3D('',#8819,#8820,#8821);
#8819 = CARTESIAN_POINT('',(67.,83.,38.));
#8820 = DIRECTION('',(0.,0.,-1.));
#8821 = DIRECTION('',(1.,0.,0.));
#8822 = PCURVE('',#7099,#8823);
#8823 = DEFINITIONAL_REPRESENTATION('',(#8824),#8828);
#8824 = CIRCLE('',#8825,4.);
#8825 = AXIS2_PLACEMENT_2D('',#8826,#8827);
#8826 = CARTESIAN_POINT('',(89.904448816521,3.713181403286));
#8827 = DIRECTION('',(0.59569917413,0.803207628164));
#8828 = ( GEOMETRIC_REPRESENTATION_CONTEXT(2) 
PARAMETRIC_REPRESENTATION_CONTEXT() REPRESENTATION_CONTEXT('2D SPACE',''
  ) );
#8829 = PCURVE('',#8380,#8830);
#8830 = DEFINITIONAL_REPRESENTATION('',(#8831),#8835);
#8831 = LINE('',#8832,#8833);
#8832 = CARTESIAN_POINT('',(-6.28318530718,-7.15));
#8833 = VECTOR('',#8834,1.);
#8834 = DIRECTION('',(1.,-0.));
#8835 = ( GEOMETRIC_REPRESENTATION_CONTEXT(2) 
PARAMETRIC_REPRESENTATION_CONTEXT() REPRESENTATION_CONTEXT('2D SPACE',''
  ) );
#8836 = ORIENTED_EDGE('',*,*,#8495,.F.);
#8837 = ORIENTED_EDGE('',*,*,#8838,.F.);
#8838 = EDGE_CURVE('',#6871,#8496,#8839,.T.);
#8839 = SURFACE_CURVE('',#8840,(#8845,#8852),.PCURVE_S1.);
#8840 = CIRCLE('',#8841,4.);
#8841 = AXIS2_PLACEMENT_3D('',#8842,#8843,#8844);
#8842 = CARTESIAN_POINT('',(67.,12.,38.));
#8843 = DIRECTION('',(0.,0.,-1.));
#8844 = DIRECTION('',(1.,0.,0.));
#8845 = PCURVE('',#7099,#8846);
#8846 = DEFINITIONAL_REPRESENTATION('',(#8847),#8851);
#8847 = CIRCLE('',#8848,4.);
#8848 = AXIS2_PLACEMENT_2D('',#8849,#8850);
#8849 = CARTESIAN_POINT('',(32.876707216859,46.007822766493));
#8850 = DIRECTION('',(0.59569917413,0.803207628164));
#8851 = ( GEOMETRIC_REPRESENTATION_CONTEXT(2) 
PARAMETRIC_REPRESENTATION_CONTEXT() REPRESENTATION_CONTEXT('2D SPACE',''
  ) );
#8852 = PCURVE('',#7010,#8853);
#8853 = DEFINITIONAL_REPRESENTATION('',(#8854),#8858);
#8854 = LINE('',#8855,#8856);
#8855 = CARTESIAN_POINT('',(-6.28318530718,-7.15));
#8856 = VECTOR('',#8857,1.);
#8857 = DIRECTION('',(1.,-0.));
#8858 = ( GEOMETRIC_REPRESENTATION_CONTEXT(2) 
PARAMETRIC_REPRESENTATION_CONTEXT() REPRESENTATION_CONTEXT('2D SPACE',''
  ) );
#8859 = FACE_BOUND('',#8860,.T.);
#8860 = EDGE_LOOP('',(#8861));
#8861 = ORIENTED_EDGE('',*,*,#8862,.F.);
#8862 = EDGE_CURVE('',#8863,#8863,#8865,.T.);
#8863 = VERTEX_POINT('',#8864);
#8864 = CARTESIAN_POINT('',(33.5,48.,38.));
#8865 = SURFACE_CURVE('',#8866,(#8871,#8878),.PCURVE_S1.);
#8866 = CIRCLE('',#8867,3.);
#8867 = AXIS2_PLACEMENT_3D('',#8868,#8869,#8870);
#8868 = CARTESIAN_POINT('',(30.5,48.,38.));
#8869 = DIRECTION('',(0.,0.,-1.));
#8870 = DIRECTION('',(1.,0.,0.));
#8871 = PCURVE('',#7099,#8872);
#8872 = DEFINITIONAL_REPRESENTATION('',(#8873),#8877);
#8873 = CIRCLE('',#8874,3.);
#8874 = AXIS2_PLACEMENT_2D('',#8875,#8876);
#8875 = CARTESIAN_POINT('',(40.049161975039,-4.75442593017));
#8876 = DIRECTION('',(0.59569917413,0.803207628164));
#8877 = ( GEOMETRIC_REPRESENTATION_CONTEXT(2) 
PARAMETRIC_REPRESENTATION_CONTEXT() REPRESENTATION_CONTEXT('2D SPACE',''
  ) );
#8878 = PCURVE('',#8879,#8884);
#8879 = CYLINDRICAL_SURFACE('',#8880,3.);
#8880 = AXIS2_PLACEMENT_3D('',#8881,#8882,#8883);
#8881 = CARTESIAN_POINT('',(30.5,48.,34.85));
#8882 = DIRECTION('',(-0.,-0.,-1.));
#8883 = DIRECTION('',(1.,0.,0.));
#8884 = DEFINITIONAL_REPRESENTATION('',(#8885),#8889);
#8885 = LINE('',#8886,#8887);
#8886 = CARTESIAN_POINT('',(-6.28318530718,-3.15));
#8887 = VECTOR('',#8888,1.);
#8888 = DIRECTION('',(1.,-0.));
#8889 = ( GEOMETRIC_REPRESENTATION_CONTEXT(2) 
PARAMETRIC_REPRESENTATION_CONTEXT() REPRESENTATION_CONTEXT('2D SPACE',''
  ) );
#8890 = FACE_BOUND('',#8891,.T.);
#8891 = EDGE_LOOP('',(#8892));
#8892 = ORIENTED_EDGE('',*,*,#8893,.F.);
#8893 = EDGE_CURVE('',#8894,#8894,#8896,.T.);
#8894 = VERTEX_POINT('',#8895);
#8895 = CARTESIAN_POINT('',(33.5,58.,38.));
#8896 = SURFACE_CURVE('',#8897,(#8902,#8909),.PCURVE_S1.);
#8897 = CIRCLE('',#8898,3.);
#8898 = AXIS2_PLACEMENT_3D('',#8899,#8900,#8901);
#8899 = CARTESIAN_POINT('',(30.5,58.,38.));
#8900 = DIRECTION('',(0.,0.,-1.));
#8901 = DIRECTION('',(1.,0.,0.));
#8902 = PCURVE('',#7099,#8903);
#8903 = DEFINITIONAL_REPRESENTATION('',(#8904),#8908);
#8904 = CIRCLE('',#8905,3.);
#8905 = AXIS2_PLACEMENT_2D('',#8906,#8907);
#8906 = CARTESIAN_POINT('',(48.081238256682,-10.71141767146));
#8907 = DIRECTION('',(0.59569917413,0.803207628164));
#8908 = ( GEOMETRIC_REPRESENTATION_CONTEXT(2) 
PARAMETRIC_REPRESENTATION_CONTEXT() REPRESENTATION_CONTEXT('2D SPACE',''
  ) );
#8909 = PCURVE('',#8910,#8915);
#8910 = CYLINDRICAL_SURFACE('',#8911,3.);
#8911 = AXIS2_PLACEMENT_3D('',#8912,#8913,#8914);
#8912 = CARTESIAN_POINT('',(30.5,58.,34.85));
#8913 = DIRECTION('',(-0.,-0.,-1.));
#8914 = DIRECTION('',(1.,0.,0.));
#8915 = DEFINITIONAL_REPRESENTATION('',(#8916),#8920);
#8916 = LINE('',#8917,#8918);
#8917 = CARTESIAN_POINT('',(-6.28318530718,-3.15));
#8918 = VECTOR('',#8919,1.);
#8919 = DIRECTION('',(1.,-0.));
#8920 = ( GEOMETRIC_REPRESENTATION_CONTEXT(2) 
PARAMETRIC_REPRESENTATION_CONTEXT() REPRESENTATION_CONTEXT('2D SPACE',''
  ) );
#8921 = FACE_BOUND('',#8922,.T.);
#8922 = EDGE_LOOP('',(#8923));
#8923 = ORIENTED_EDGE('',*,*,#8924,.F.);
#8924 = EDGE_CURVE('',#8925,#8925,#8927,.T.);
#8925 = VERTEX_POINT('',#8926);
#8926 = CARTESIAN_POINT('',(33.5,68.,38.));
#8927 = SURFACE_CURVE('',#8928,(#8933,#8940),.PCURVE_S1.);
#8928 = CIRCLE('',#8929,3.);
#8929 = AXIS2_PLACEMENT_3D('',#8930,#8931,#8932);
#8930 = CARTESIAN_POINT('',(30.5,68.,38.));
#8931 = DIRECTION('',(0.,0.,-1.));
#8932 = DIRECTION('',(1.,0.,0.));
#8933 = PCURVE('',#7099,#8934);
#8934 = DEFINITIONAL_REPRESENTATION('',(#8935),#8939);
#8935 = CIRCLE('',#8936,3.);
#8936 = AXIS2_PLACEMENT_2D('',#8937,#8938);
#8937 = CARTESIAN_POINT('',(56.113314538324,-16.66840941276));
#8938 = DIRECTION('',(0.59569917413,0.803207628164));
#8939 = ( GEOMETRIC_REPRESENTATION_CONTEXT(2) 
PARAMETRIC_REPRESENTATION_CONTEXT() REPRESENTATION_CONTEXT('2D SPACE',''
  ) );
#8940 = PCURVE('',#8941,#8946);
#8941 = CYLINDRICAL_SURFACE('',#8942,3.);
#8942 = AXIS2_PLACEMENT_3D('',#8943,#8944,#8945);
#8943 = CARTESIAN_POINT('',(30.5,68.,34.85));
#8944 = DIRECTION('',(-0.,-0.,-1.));
#8945 = DIRECTION('',(1.,0.,0.));
#8946 = DEFINITIONAL_REPRESENTATION('',(#8947),#8951);
#8947 = LINE('',#8948,#8949);
#8948 = CARTESIAN_POINT('',(-6.28318530718,-3.15));
#8949 = VECTOR('',#8950,1.);
#8950 = DIRECTION('',(1.,-0.));
#8951 = ( GEOMETRIC_REPRESENTATION_CONTEXT(2) 
PARAMETRIC_REPRESENTATION_CONTEXT() REPRESENTATION_CONTEXT('2D SPACE',''
  ) );
#8952 = FACE_BOUND('',#8953,.T.);
#8953 = EDGE_LOOP('',(#8954));
#8954 = ORIENTED_EDGE('',*,*,#8955,.F.);
#8955 = EDGE_CURVE('',#8956,#8956,#8958,.T.);
#8956 = VERTEX_POINT('',#8957);
#8957 = CARTESIAN_POINT('',(51.5,48.,38.));
#8958 = SURFACE_CURVE('',#8959,(#8964,#8971),.PCURVE_S1.);
#8959 = CIRCLE('',#8960,3.);
#8960 = AXIS2_PLACEMENT_3D('',#8961,#8962,#8963);
#8961 = CARTESIAN_POINT('',(48.5,48.,38.));
#8962 = DIRECTION('',(0.,0.,-1.));
#8963 = DIRECTION('',(1.,0.,0.));
#8964 = PCURVE('',#7099,#8965);
#8965 = DEFINITIONAL_REPRESENTATION('',(#8966),#8970);
#8966 = CIRCLE('',#8967,3.);
#8967 = AXIS2_PLACEMENT_2D('',#8968,#8969);
#8968 = CARTESIAN_POINT('',(50.771747109373,9.703311376786));
#8969 = DIRECTION('',(0.59569917413,0.803207628164));
#8970 = ( GEOMETRIC_REPRESENTATION_CONTEXT(2) 
PARAMETRIC_REPRESENTATION_CONTEXT() REPRESENTATION_CONTEXT('2D SPACE',''
  ) );
#8971 = PCURVE('',#8972,#8977);
#8972 = CYLINDRICAL_SURFACE('',#8973,3.);
#8973 = AXIS2_PLACEMENT_3D('',#8974,#8975,#8976);
#8974 = CARTESIAN_POINT('',(48.5,48.,34.85));
#8975 = DIRECTION('',(-0.,-0.,-1.));
#8976 = DIRECTION('',(1.,0.,0.));
#8977 = DEFINITIONAL_REPRESENTATION('',(#8978),#8982);
#8978 = LINE('',#8979,#8980);
#8979 = CARTESIAN_POINT('',(-6.28318530718,-3.15));
#8980 = VECTOR('',#8981,1.);
#8981 = DIRECTION('',(1.,-0.));
#8982 = ( GEOMETRIC_REPRESENTATION_CONTEXT(2) 
PARAMETRIC_REPRESENTATION_CONTEXT() REPRESENTATION_CONTEXT('2D SPACE',''
  ) );
#8983 = FACE_BOUND('',#8984,.T.);
#8984 = EDGE_LOOP('',(#8985));
#8985 = ORIENTED_EDGE('',*,*,#8986,.F.);
#8986 = EDGE_CURVE('',#8987,#8987,#8989,.T.);
#8987 = VERTEX_POINT('',#8988);
#8988 = CARTESIAN_POINT('',(51.5,58.,38.));
#8989 = SURFACE_CURVE('',#8990,(#8995,#9002),.PCURVE_S1.);
#8990 = CIRCLE('',#8991,3.);
#8991 = AXIS2_PLACEMENT_3D('',#8992,#8993,#8994);
#8992 = CARTESIAN_POINT('',(48.5,58.,38.));
#8993 = DIRECTION('',(0.,0.,-1.));
#8994 = DIRECTION('',(1.,0.,0.));
#8995 = PCURVE('',#7099,#8996);
#8996 = DEFINITIONAL_REPRESENTATION('',(#8997),#9001);
#8997 = CIRCLE('',#8998,3.);
#8998 = AXIS2_PLACEMENT_2D('',#8999,#9000);
#8999 = CARTESIAN_POINT('',(58.803823391016,3.746319635489));
#9000 = DIRECTION('',(0.59569917413,0.803207628164));
#9001 = ( GEOMETRIC_REPRESENTATION_CONTEXT(2) 
PARAMETRIC_REPRESENTATION_CONTEXT() REPRESENTATION_CONTEXT('2D SPACE',''
  ) );
#9002 = PCURVE('',#9003,#9008);
#9003 = CYLINDRICAL_SURFACE('',#9004,3.);
#9004 = AXIS2_PLACEMENT_3D('',#9005,#9006,#9007);
#9005 = CARTESIAN_POINT('',(48.5,58.,34.85));
#9006 = DIRECTION('',(-0.,-0.,-1.));
#9007 = DIRECTION('',(1.,0.,0.));
#9008 = DEFINITIONAL_REPRESENTATION('',(#9009),#9013);
#9009 = LINE('',#9010,#9011);
#9010 = CARTESIAN_POINT('',(-6.28318530718,-3.15));
#9011 = VECTOR('',#9012,1.);
#9012 = DIRECTION('',(1.,-0.));
#9013 = ( GEOMETRIC_REPRESENTATION_CONTEXT(2) 
PARAMETRIC_REPRESENTATION_CONTEXT() REPRESENTATION_CONTEXT('2D SPACE',''
  ) );
#9014 = FACE_BOUND('',#9015,.T.);
#9015 = EDGE_LOOP('',(#9016));
#9016 = ORIENTED_EDGE('',*,*,#9017,.F.);
#9017 = EDGE_CURVE('',#9018,#9018,#9020,.T.);
#9018 = VERTEX_POINT('',#9019);
#9019 = CARTESIAN_POINT('',(51.5,68.,38.));
#9020 = SURFACE_CURVE('',#9021,(#9026,#9033),.PCURVE_S1.);
#9021 = CIRCLE('',#9022,3.);
#9022 = AXIS2_PLACEMENT_3D('',#9023,#9024,#9025);
#9023 = CARTESIAN_POINT('',(48.5,68.,38.));
#9024 = DIRECTION('',(0.,0.,-1.));
#9025 = DIRECTION('',(1.,0.,0.));
#9026 = PCURVE('',#7099,#9027);
#9027 = DEFINITIONAL_REPRESENTATION('',(#9028),#9032);
#9028 = CIRCLE('',#9029,3.);
#9029 = AXIS2_PLACEMENT_2D('',#9030,#9031);
#9030 = CARTESIAN_POINT('',(66.835899672658,-2.210672105807));
#9031 = DIRECTION('',(0.59569917413,0.803207628164));
#9032 = ( GEOMETRIC_REPRESENTATION_CONTEXT(2) 
PARAMETRIC_REPRESENTATION_CONTEXT() REPRESENTATION_CONTEXT('2D SPACE',''
  ) );
#9033 = PCURVE('',#9034,#9039);
#9034 = CYLINDRICAL_SURFACE('',#9035,3.);
#9035 = AXIS2_PLACEMENT_3D('',#9036,#9037,#9038);
#9036 = CARTESIAN_POINT('',(48.5,68.,34.85));
#9037 = DIRECTION('',(-0.,-0.,-1.));
#9038 = DIRECTION('',(1.,0.,0.));
#9039 = DEFINITIONAL_REPRESENTATION('',(#9040),#9044);
#9040 = LINE('',#9041,#9042);
#9041 = CARTESIAN_POINT('',(-6.28318530718,-3.15));
#9042 = VECTOR('',#9043,1.);
#9043 = DIRECTION('',(1.,-0.));
#9044 = ( GEOMETRIC_REPRESENTATION_CONTEXT(2) 
PARAMETRIC_REPRESENTATION_CONTEXT() REPRESENTATION_CONTEXT('2D SPACE',''
  ) );
#9045 = ADVANCED_FACE('',(#9046),#7010,.T.);
#9046 = FACE_BOUND('',#9047,.F.);
#9047 = EDGE_LOOP('',(#9048,#9049,#9070,#9071,#9072,#9073,#9074));
#9048 = ORIENTED_EDGE('',*,*,#7514,.F.);
#9049 = ORIENTED_EDGE('',*,*,#9050,.T.);
#9050 = EDGE_CURVE('',#7515,#8518,#9051,.T.);
#9051 = SEAM_CURVE('',#9052,(#9056,#9063),.PCURVE_S1.);
#9052 = LINE('',#9053,#9054);
#9053 = CARTESIAN_POINT('',(71.,12.,30.85));
#9054 = VECTOR('',#9055,1.);
#9055 = DIRECTION('',(0.,0.,1.));
#9056 = PCURVE('',#7010,#9057);
#9057 = DEFINITIONAL_REPRESENTATION('',(#9058),#9062);
#9058 = LINE('',#9059,#9060);
#9059 = CARTESIAN_POINT('',(-6.28318530718,0.));
#9060 = VECTOR('',#9061,1.);
#9061 = DIRECTION('',(-0.,-1.));
#9062 = ( GEOMETRIC_REPRESENTATION_CONTEXT(2) 
PARAMETRIC_REPRESENTATION_CONTEXT() REPRESENTATION_CONTEXT('2D SPACE',''
  ) );
#9063 = PCURVE('',#7010,#9064);
#9064 = DEFINITIONAL_REPRESENTATION('',(#9065),#9069);
#9065 = LINE('',#9066,#9067);
#9066 = CARTESIAN_POINT('',(-0.,0.));
#9067 = VECTOR('',#9068,1.);
#9068 = DIRECTION('',(-0.,-1.));
#9069 = ( GEOMETRIC_REPRESENTATION_CONTEXT(2) 
PARAMETRIC_REPRESENTATION_CONTEXT() REPRESENTATION_CONTEXT('2D SPACE',''
  ) );
#9070 = ORIENTED_EDGE('',*,*,#8517,.F.);
#9071 = ORIENTED_EDGE('',*,*,#8838,.F.);
#9072 = ORIENTED_EDGE('',*,*,#6870,.F.);
#9073 = ORIENTED_EDGE('',*,*,#8645,.F.);
#9074 = ORIENTED_EDGE('',*,*,#9050,.F.);
#9075 = ADVANCED_FACE('',(#9076),#7730,.F.);
#9076 = FACE_BOUND('',#9077,.F.);
#9077 = EDGE_LOOP('',(#9078,#9079,#9080,#9186,#9211,#9315,#9316,#9422,
    #9447,#9551,#9552,#9553));
#9078 = ORIENTED_EDGE('',*,*,#8280,.F.);
#9079 = ORIENTED_EDGE('',*,*,#7821,.T.);
#9080 = ORIENTED_EDGE('',*,*,#9081,.T.);
#9081 = EDGE_CURVE('',#7794,#9082,#9084,.T.);
#9082 = VERTEX_POINT('',#9083);
#9083 = CARTESIAN_POINT('',(56.,91.461538461538,37.));
#9084 = SURFACE_CURVE('',#9085,(#9115,#9148),.PCURVE_S1.);
#9085 = B_SPLINE_CURVE_WITH_KNOTS('',4,(#9086,#9087,#9088,#9089,#9090,
    #9091,#9092,#9093,#9094,#9095,#9096,#9097,#9098,#9099,#9100,#9101,
    #9102,#9103,#9104,#9105,#9106,#9107,#9108,#9109,#9110,#9111,#9112,
    #9113,#9114),.UNSPECIFIED.,.F.,.F.,(5,3,3,3,3,3,3,3,3,5),(0.,
    0.244842857351,0.49182781723,0.742990256884,0.871099543147,
    0.935736457702,0.96764247036,0.983635301202,0.991638474497,1.),
  .UNSPECIFIED.);
#9086 = CARTESIAN_POINT('',(56.,93.,27.));
#9087 = CARTESIAN_POINT('',(56.,92.903019825442,27.630371134628));
#9088 = CARTESIAN_POINT('',(56.,92.806373824747,28.258570139143));
#9089 = CARTESIAN_POINT('',(56.,92.71009813157,28.884362144796));
#9090 = CARTESIAN_POINT('',(56.,92.517538685317,30.135998545437));
#9091 = CARTESIAN_POINT('',(56.,92.421262309112,30.761794990771));
#9092 = CARTESIAN_POINT('',(56.,92.325454832215,31.384543590601));
#9093 = CARTESIAN_POINT('',(56.,92.133279848635,32.633680983871));
#9094 = CARTESIAN_POINT('',(56.,92.036930342936,33.259952770915));
#9095 = CARTESIAN_POINT('',(56.,91.941184519816,33.882300621196));
#9096 = CARTESIAN_POINT('',(56.,91.797622919039,34.815451026248));
#9097 = CARTESIAN_POINT('',(56.,91.749306995678,35.129504528096));
#9098 = CARTESIAN_POINT('',(56.,91.701176577513,35.442352246164));
#9099 = CARTESIAN_POINT('',(56.,91.629057031447,35.911129295593));
#9100 = CARTESIAN_POINT('',(56.,91.604921823962,36.068008144245));
#9101 = CARTESIAN_POINT('',(56.,91.580837846261,36.224553999302));
#9102 = CARTESIAN_POINT('',(56.,91.544944162185,36.457862945796));
#9103 = CARTESIAN_POINT('',(56.,91.533094652275,36.534884760214));
#9104 = CARTESIAN_POINT('',(56.,91.521258133297,36.611822133569));
#9105 = CARTESIAN_POINT('',(56.,91.503508340103,36.727195789329));
#9106 = CARTESIAN_POINT('',(56.,91.497585210849,36.765696129484));
#9107 = CARTESIAN_POINT('',(56.,91.49166541008,36.804174834481));
#9108 = CARTESIAN_POINT('',(56.,91.48278823422,36.861876477572));
#9109 = CARTESIAN_POINT('',(56.,91.479827509507,36.881121188204));
#9110 = CARTESIAN_POINT('',(56.,91.476866785393,36.900365894949));
#9111 = CARTESIAN_POINT('',(56.,91.470812768221,36.939717006566));
#9112 = CARTESIAN_POINT('',(56.,91.46772036961,36.959817597535));
#9113 = CARTESIAN_POINT('',(56.,91.464628976035,36.979911655775));
#9114 = CARTESIAN_POINT('',(56.,91.461538461538,37.));
#9115 = PCURVE('',#7730,#9116);
#9116 = DEFINITIONAL_REPRESENTATION('',(#9117),#9147);
#9117 = B_SPLINE_CURVE_WITH_KNOTS('',4,(#9118,#9119,#9120,#9121,#9122,
    #9123,#9124,#9125,#9126,#9127,#9128,#9129,#9130,#9131,#9132,#9133,
    #9134,#9135,#9136,#9137,#9138,#9139,#9140,#9141,#9142,#9143,#9144,
    #9145,#9146),.UNSPECIFIED.,.F.,.F.,(5,3,3,3,3,3,3,3,3,5),(0.,
    0.244842857351,0.49182781723,0.742990256884,0.871099543147,
    0.935736457702,0.96764247036,0.983635301202,0.991638474497,1.),
  .UNSPECIFIED.);
#9118 = CARTESIAN_POINT('',(21.,0.));
#9119 = CARTESIAN_POINT('',(20.786643615972,5.730646678432E-02));
#9120 = CARTESIAN_POINT('',(20.566665566684,0.114415467195));
#9121 = CARTESIAN_POINT('',(20.339688223662,0.171305649527));
#9122 = CARTESIAN_POINT('',(19.868869975358,0.285090776858));
#9123 = CARTESIAN_POINT('',(19.624899392235,0.341981362797));
#9124 = CARTESIAN_POINT('',(19.372974092906,0.398594871873));
#9125 = CARTESIAN_POINT('',(18.84793748294,0.512152816716));
#9126 = CARTESIAN_POINT('',(18.574540767428,0.569086615538));
#9127 = CARTESIAN_POINT('',(18.292006942823,0.625663692836));
#9128 = CARTESIAN_POINT('',(17.850875859269,0.710495547841));
#9129 = CARTESIAN_POINT('',(17.699376220455,0.739045866191));
#9130 = CARTESIAN_POINT('',(17.545320661694,0.767486567833));
#9131 = CARTESIAN_POINT('',(17.309604053641,0.810102663236));
#9132 = CARTESIAN_POINT('',(17.229891670279,0.82436437675));
#9133 = CARTESIAN_POINT('',(17.149506364838,0.838595818118));
#9134 = CARTESIAN_POINT('',(17.028425407581,0.859805722345));
#9135 = CARTESIAN_POINT('',(16.988244205295,0.866807705474));
#9136 = CARTESIAN_POINT('',(16.947896397407,0.873802012143));
#9137 = CARTESIAN_POINT('',(16.887072919002,0.884290526303));
#9138 = CARTESIAN_POINT('',(16.866722637275,0.887790557226));
#9139 = CARTESIAN_POINT('',(16.846330172144,0.891288621316));
#9140 = CARTESIAN_POINT('',(16.815669403812,0.896534225234));
#9141 = CARTESIAN_POINT('',(16.805429904984,0.898283744382));
#9142 = CARTESIAN_POINT('',(16.795176879982,0.900033263177));
#9143 = CARTESIAN_POINT('',(16.774183997347,0.903610636961));
#9144 = CARTESIAN_POINT('',(16.763446444279,0.905437963412));
#9145 = CARTESIAN_POINT('',(16.75269629137,0.90726469598));
#9146 = CARTESIAN_POINT('',(16.741935126141,0.909090909091));
#9147 = ( GEOMETRIC_REPRESENTATION_CONTEXT(2) 
PARAMETRIC_REPRESENTATION_CONTEXT() REPRESENTATION_CONTEXT('2D SPACE',''
  ) );
#9148 = PCURVE('',#9149,#9154);
#9149 = PLANE('',#9150);
#9150 = AXIS2_PLACEMENT_3D('',#9151,#9152,#9153);
#9151 = CARTESIAN_POINT('',(56.,90.,27.));
#9152 = DIRECTION('',(1.,0.,0.));
#9153 = DIRECTION('',(0.,0.,1.));
#9154 = DEFINITIONAL_REPRESENTATION('',(#9155),#9185);
#9155 = B_SPLINE_CURVE_WITH_KNOTS('',4,(#9156,#9157,#9158,#9159,#9160,
    #9161,#9162,#9163,#9164,#9165,#9166,#9167,#9168,#9169,#9170,#9171,
    #9172,#9173,#9174,#9175,#9176,#9177,#9178,#9179,#9180,#9181,#9182,
    #9183,#9184),.UNSPECIFIED.,.F.,.F.,(5,3,3,3,3,3,3,3,3,5),(0.,
    0.244842857351,0.49182781723,0.742990256884,0.871099543147,
    0.935736457702,0.96764247036,0.983635301202,0.991638474497,1.),
  .UNSPECIFIED.);
#9156 = CARTESIAN_POINT('',(0.,-3.));
#9157 = CARTESIAN_POINT('',(0.630371134628,-2.903019825442));
#9158 = CARTESIAN_POINT('',(1.258570139143,-2.806373824747));
#9159 = CARTESIAN_POINT('',(1.884362144796,-2.71009813157));
#9160 = CARTESIAN_POINT('',(3.135998545437,-2.517538685317));
#9161 = CARTESIAN_POINT('',(3.761794990771,-2.421262309112));
#9162 = CARTESIAN_POINT('',(4.384543590601,-2.325454832215));
#9163 = CARTESIAN_POINT('',(5.633680983871,-2.133279848635));
#9164 = CARTESIAN_POINT('',(6.259952770915,-2.036930342936));
#9165 = CARTESIAN_POINT('',(6.882300621196,-1.941184519816));
#9166 = CARTESIAN_POINT('',(7.815451026248,-1.797622919039));
#9167 = CARTESIAN_POINT('',(8.129504528096,-1.749306995678));
#9168 = CARTESIAN_POINT('',(8.442352246164,-1.701176577513));
#9169 = CARTESIAN_POINT('',(8.911129295593,-1.629057031447));
#9170 = CARTESIAN_POINT('',(9.068008144245,-1.604921823962));
#9171 = CARTESIAN_POINT('',(9.224553999302,-1.580837846261));
#9172 = CARTESIAN_POINT('',(9.457862945796,-1.544944162185));
#9173 = CARTESIAN_POINT('',(9.534884760214,-1.533094652275));
#9174 = CARTESIAN_POINT('',(9.611822133569,-1.521258133297));
#9175 = CARTESIAN_POINT('',(9.727195789329,-1.503508340103));
#9176 = CARTESIAN_POINT('',(9.765696129484,-1.497585210849));
#9177 = CARTESIAN_POINT('',(9.804174834481,-1.49166541008));
#9178 = CARTESIAN_POINT('',(9.861876477572,-1.48278823422));
#9179 = CARTESIAN_POINT('',(9.881121188204,-1.479827509507));
#9180 = CARTESIAN_POINT('',(9.900365894949,-1.476866785393));
#9181 = CARTESIAN_POINT('',(9.939717006566,-1.470812768221));
#9182 = CARTESIAN_POINT('',(9.959817597535,-1.46772036961));
#9183 = CARTESIAN_POINT('',(9.979911655775,-1.464628976035));
#9184 = CARTESIAN_POINT('',(10.,-1.461538461538));
#9185 = ( GEOMETRIC_REPRESENTATION_CONTEXT(2) 
PARAMETRIC_REPRESENTATION_CONTEXT() REPRESENTATION_CONTEXT('2D SPACE',''
  ) );
#9186 = ORIENTED_EDGE('',*,*,#9187,.F.);
#9187 = EDGE_CURVE('',#9188,#9082,#9190,.T.);
#9188 = VERTEX_POINT('',#9189);
#9189 = CARTESIAN_POINT('',(48.,91.461538461538,37.));
#9190 = SURFACE_CURVE('',#9191,(#9194,#9200),.PCURVE_S1.);
#9191 = B_SPLINE_CURVE_WITH_KNOTS('',1,(#9192,#9193),.UNSPECIFIED.,.F.,
  .F.,(2,2),(0.,1.),.PIECEWISE_BEZIER_KNOTS.);
#9192 = CARTESIAN_POINT('',(48.,91.461538461538,37.));
#9193 = CARTESIAN_POINT('',(56.,91.461538461538,37.));
#9194 = PCURVE('',#7730,#9195);
#9195 = DEFINITIONAL_REPRESENTATION('',(#9196),#9199);
#9196 = B_SPLINE_CURVE_WITH_KNOTS('',1,(#9197,#9198),.UNSPECIFIED.,.F.,
  .F.,(2,2),(0.,1.),.PIECEWISE_BEZIER_KNOTS.);
#9197 = CARTESIAN_POINT('',(26.806451612903,0.909090909091));
#9198 = CARTESIAN_POINT('',(16.741935483871,0.909090909091));
#9199 = ( GEOMETRIC_REPRESENTATION_CONTEXT(2) 
PARAMETRIC_REPRESENTATION_CONTEXT() REPRESENTATION_CONTEXT('2D SPACE',''
  ) );
#9200 = PCURVE('',#9201,#9206);
#9201 = PLANE('',#9202);
#9202 = AXIS2_PLACEMENT_3D('',#9203,#9204,#9205);
#9203 = CARTESIAN_POINT('',(48.,90.,37.));
#9204 = DIRECTION('',(0.,0.,1.));
#9205 = DIRECTION('',(1.,0.,0.));
#9206 = DEFINITIONAL_REPRESENTATION('',(#9207),#9210);
#9207 = B_SPLINE_CURVE_WITH_KNOTS('',1,(#9208,#9209),.UNSPECIFIED.,.F.,
  .F.,(2,2),(0.,1.),.PIECEWISE_BEZIER_KNOTS.);
#9208 = CARTESIAN_POINT('',(0.,1.461538461538));
#9209 = CARTESIAN_POINT('',(8.,1.461538461538));
#9210 = ( GEOMETRIC_REPRESENTATION_CONTEXT(2) 
PARAMETRIC_REPRESENTATION_CONTEXT() REPRESENTATION_CONTEXT('2D SPACE',''
  ) );
#9211 = ORIENTED_EDGE('',*,*,#9212,.F.);
#9212 = EDGE_CURVE('',#7771,#9188,#9213,.T.);
#9213 = SURFACE_CURVE('',#9214,(#9244,#9277),.PCURVE_S1.);
#9214 = B_SPLINE_CURVE_WITH_KNOTS('',4,(#9215,#9216,#9217,#9218,#9219,
    #9220,#9221,#9222,#9223,#9224,#9225,#9226,#9227,#9228,#9229,#9230,
    #9231,#9232,#9233,#9234,#9235,#9236,#9237,#9238,#9239,#9240,#9241,
    #9242,#9243),.UNSPECIFIED.,.F.,.F.,(5,3,3,3,3,3,3,3,3,5),(0.,
    0.248995412134,0.497844110391,0.747934786867,0.874124663351,
    0.937396216883,0.968524094371,0.984100206415,0.991890330554,1.),
  .UNSPECIFIED.);
#9215 = CARTESIAN_POINT('',(48.,93.,27.));
#9216 = CARTESIAN_POINT('',(48.,92.903401428354,27.627890715698));
#9217 = CARTESIAN_POINT('',(48.,92.80689783215,28.255164091024));
#9218 = CARTESIAN_POINT('',(48.,92.710500749632,28.881745127393));
#9219 = CARTESIAN_POINT('',(48.,92.51800723262,30.132952987971));
#9220 = CARTESIAN_POINT('',(48.,92.421910723589,30.757580296669));
#9221 = CARTESIAN_POINT('',(48.,92.325951472003,31.381315431979));
#9222 = CARTESIAN_POINT('',(48.,92.133870840337,32.629839537811));
#9223 = CARTESIAN_POINT('',(48.,92.037751139432,33.254617593691));
#9224 = CARTESIAN_POINT('',(48.,91.941812110944,33.878221278863));
#9225 = CARTESIAN_POINT('',(48.,91.79777931164,34.814434474338));
#9226 = CARTESIAN_POINT('',(48.,91.749529594349,35.128057636733));
#9227 = CARTESIAN_POINT('',(48.,91.701336856473,35.441310432925));
#9228 = CARTESIAN_POINT('',(48.,91.629072327473,35.911029871424));
#9229 = CARTESIAN_POINT('',(48.,91.604954651654,36.067794764252));
#9230 = CARTESIAN_POINT('',(48.,91.580852931155,36.22445594749));
#9231 = CARTESIAN_POINT('',(48.,91.544918506164,36.458029709931));
#9232 = CARTESIAN_POINT('',(48.,91.533073261451,36.535023800566));
#9233 = CARTESIAN_POINT('',(48.,91.521232091395,36.61199140593));
#9234 = CARTESIAN_POINT('',(48.,91.503471928597,36.727432464122));
#9235 = CARTESIAN_POINT('',(48.,91.49754982676,36.765926126063));
#9236 = CARTESIAN_POINT('',(48.,91.491628772595,36.804412978132));
#9237 = CARTESIAN_POINT('',(48.,91.482747990812,36.862138059724));
#9238 = CARTESIAN_POINT('',(48.,91.479787206893,36.881383155193));
#9239 = CARTESIAN_POINT('',(48.,91.47682642367,36.900628246142));
#9240 = CARTESIAN_POINT('',(48.,91.470783409441,36.939907838631));
#9241 = CARTESIAN_POINT('',(48.,91.467701458411,36.95994052033));
#9242 = CARTESIAN_POINT('',(48.,91.464619821651,36.979971159268));
#9243 = CARTESIAN_POINT('',(48.,91.461538461538,37.));
#9244 = PCURVE('',#7730,#9245);
#9245 = DEFINITIONAL_REPRESENTATION('',(#9246),#9276);
#9246 = B_SPLINE_CURVE_WITH_KNOTS('',4,(#9247,#9248,#9249,#9250,#9251,
    #9252,#9253,#9254,#9255,#9256,#9257,#9258,#9259,#9260,#9261,#9262,
    #9263,#9264,#9265,#9266,#9267,#9268,#9269,#9270,#9271,#9272,#9273,
    #9274,#9275),.UNSPECIFIED.,.F.,.F.,(5,3,3,3,3,3,3,3,3,5),(0.,
    0.248995412134,0.497844110391,0.747934786867,0.874124663351,
    0.937396216883,0.968524094371,0.984100206415,0.991890330554,1.),
  .UNSPECIFIED.);
#9247 = CARTESIAN_POINT('',(29.,0.));
#9248 = CARTESIAN_POINT('',(28.890521618801,5.708097415435E-02));
#9249 = CARTESIAN_POINT('',(28.77739054131,0.114105826457));
#9250 = CARTESIAN_POINT('',(28.660346927954,0.171067738854));
#9251 = CARTESIAN_POINT('',(28.417886410775,0.284813907997));
#9252 = CARTESIAN_POINT('',(28.29247418775,0.341598208788));
#9253 = CARTESIAN_POINT('',(28.162535043834,0.398301402907));
#9254 = CARTESIAN_POINT('',(27.892192592173,0.511803594346));
#9255 = CARTESIAN_POINT('',(27.751739998271,0.568601599426));
#9256 = CARTESIAN_POINT('',(27.605968260349,0.625292843533));
#9257 = CARTESIAN_POINT('',(27.377970706114,0.710403134031));
#9258 = CARTESIAN_POINT('',(27.300041570749,0.738914330612));
#9259 = CARTESIAN_POINT('',(27.220587537482,0.767391857539));
#9260 = CARTESIAN_POINT('',(27.098912205856,0.810093624675));
#9261 = CARTESIAN_POINT('',(27.057879110155,0.824344978568));
#9262 = CARTESIAN_POINT('',(27.016439118855,0.838586904317));
#9263 = CARTESIAN_POINT('',(26.953992483024,0.859820882721));
#9264 = CARTESIAN_POINT('',(26.933300459685,0.866820345506));
#9265 = CARTESIAN_POINT('',(26.912506994071,0.873817400539));
#9266 = CARTESIAN_POINT('',(26.88115496747,0.884312042193));
#9267 = CARTESIAN_POINT('',(26.870673194575,0.887811466006));
#9268 = CARTESIAN_POINT('',(26.86016564751,0.891310270739));
#9269 = CARTESIAN_POINT('',(26.844364078157,0.896558005429));
#9270 = CARTESIAN_POINT('',(26.839089008327,0.898307559563));
#9271 = CARTESIAN_POINT('',(26.833806970223,0.900057113286));
#9272 = CARTESIAN_POINT('',(26.823011963808,0.90362798533));
#9273 = CARTESIAN_POINT('',(26.817499129457,0.905449138212));
#9274 = CARTESIAN_POINT('',(26.811978646801,0.907270105388));
#9275 = CARTESIAN_POINT('',(26.806451436968,0.909090909091));
#9276 = ( GEOMETRIC_REPRESENTATION_CONTEXT(2) 
PARAMETRIC_REPRESENTATION_CONTEXT() REPRESENTATION_CONTEXT('2D SPACE',''
  ) );
#9277 = PCURVE('',#9278,#9283);
#9278 = PLANE('',#9279);
#9279 = AXIS2_PLACEMENT_3D('',#9280,#9281,#9282);
#9280 = CARTESIAN_POINT('',(48.,90.,27.));
#9281 = DIRECTION('',(1.,0.,0.));
#9282 = DIRECTION('',(0.,0.,1.));
#9283 = DEFINITIONAL_REPRESENTATION('',(#9284),#9314);
#9284 = B_SPLINE_CURVE_WITH_KNOTS('',4,(#9285,#9286,#9287,#9288,#9289,
    #9290,#9291,#9292,#9293,#9294,#9295,#9296,#9297,#9298,#9299,#9300,
    #9301,#9302,#9303,#9304,#9305,#9306,#9307,#9308,#9309,#9310,#9311,
    #9312,#9313),.UNSPECIFIED.,.F.,.F.,(5,3,3,3,3,3,3,3,3,5),(0.,
    0.248995412134,0.497844110391,0.747934786867,0.874124663351,
    0.937396216883,0.968524094371,0.984100206415,0.991890330554,1.),
  .UNSPECIFIED.);
#9285 = CARTESIAN_POINT('',(0.,-3.));
#9286 = CARTESIAN_POINT('',(0.627890715698,-2.903401428354));
#9287 = CARTESIAN_POINT('',(1.255164091024,-2.80689783215));
#9288 = CARTESIAN_POINT('',(1.881745127393,-2.710500749632));
#9289 = CARTESIAN_POINT('',(3.132952987971,-2.51800723262));
#9290 = CARTESIAN_POINT('',(3.757580296669,-2.421910723589));
#9291 = CARTESIAN_POINT('',(4.381315431979,-2.325951472003));
#9292 = CARTESIAN_POINT('',(5.629839537811,-2.133870840337));
#9293 = CARTESIAN_POINT('',(6.254617593691,-2.037751139432));
#9294 = CARTESIAN_POINT('',(6.878221278863,-1.941812110944));
#9295 = CARTESIAN_POINT('',(7.814434474338,-1.79777931164));
#9296 = CARTESIAN_POINT('',(8.128057636733,-1.749529594349));
#9297 = CARTESIAN_POINT('',(8.441310432925,-1.701336856473));
#9298 = CARTESIAN_POINT('',(8.911029871424,-1.629072327473));
#9299 = CARTESIAN_POINT('',(9.067794764252,-1.604954651654));
#9300 = CARTESIAN_POINT('',(9.22445594749,-1.580852931155));
#9301 = CARTESIAN_POINT('',(9.458029709931,-1.544918506164));
#9302 = CARTESIAN_POINT('',(9.535023800566,-1.533073261451));
#9303 = CARTESIAN_POINT('',(9.61199140593,-1.521232091395));
#9304 = CARTESIAN_POINT('',(9.727432464122,-1.503471928597));
#9305 = CARTESIAN_POINT('',(9.765926126063,-1.49754982676));
#9306 = CARTESIAN_POINT('',(9.804412978132,-1.491628772595));
#9307 = CARTESIAN_POINT('',(9.862138059724,-1.482747990812));
#9308 = CARTESIAN_POINT('',(9.881383155193,-1.479787206893));
#9309 = CARTESIAN_POINT('',(9.900628246142,-1.47682642367));
#9310 = CARTESIAN_POINT('',(9.939907838631,-1.470783409441));
#9311 = CARTESIAN_POINT('',(9.95994052033,-1.467701458411));
#9312 = CARTESIAN_POINT('',(9.979971159268,-1.464619821651));
#9313 = CARTESIAN_POINT('',(10.,-1.461538461538));
#9314 = ( GEOMETRIC_REPRESENTATION_CONTEXT(2) 
PARAMETRIC_REPRESENTATION_CONTEXT() REPRESENTATION_CONTEXT('2D SPACE',''
  ) );
#9315 = ORIENTED_EDGE('',*,*,#7770,.T.);
#9316 = ORIENTED_EDGE('',*,*,#9317,.T.);
#9317 = EDGE_CURVE('',#7743,#9318,#9320,.T.);
#9318 = VERTEX_POINT('',#9319);
#9319 = CARTESIAN_POINT('',(31.,91.461538461538,37.));
#9320 = SURFACE_CURVE('',#9321,(#9351,#9384),.PCURVE_S1.);
#9321 = B_SPLINE_CURVE_WITH_KNOTS('',4,(#9322,#9323,#9324,#9325,#9326,
    #9327,#9328,#9329,#9330,#9331,#9332,#9333,#9334,#9335,#9336,#9337,
    #9338,#9339,#9340,#9341,#9342,#9343,#9344,#9345,#9346,#9347,#9348,
    #9349,#9350),.UNSPECIFIED.,.F.,.F.,(5,3,3,3,3,3,3,3,3,5),(0.,
    0.248995412134,0.497844110391,0.747934786867,0.874124663351,
    0.937396216883,0.968524094371,0.984100206415,0.991890330555,1.),
  .UNSPECIFIED.);
#9322 = CARTESIAN_POINT('',(31.,93.,27.));
#9323 = CARTESIAN_POINT('',(31.,92.903401428354,27.627890715698));
#9324 = CARTESIAN_POINT('',(31.,92.80689783215,28.255164091024));
#9325 = CARTESIAN_POINT('',(31.,92.710500749632,28.881745127393));
#9326 = CARTESIAN_POINT('',(31.,92.51800723262,30.132952987972));
#9327 = CARTESIAN_POINT('',(31.,92.421910723589,30.75758029667));
#9328 = CARTESIAN_POINT('',(31.,92.325951472003,31.38131543198));
#9329 = CARTESIAN_POINT('',(31.,92.133870840337,32.629839537812));
#9330 = CARTESIAN_POINT('',(31.,92.037751139432,33.254617593692));
#9331 = CARTESIAN_POINT('',(31.,91.941812110944,33.878221278864));
#9332 = CARTESIAN_POINT('',(31.,91.79777931164,34.814434474339));
#9333 = CARTESIAN_POINT('',(31.,91.749529594349,35.128057636734));
#9334 = CARTESIAN_POINT('',(31.,91.701336856473,35.441310432926));
#9335 = CARTESIAN_POINT('',(31.,91.629072327473,35.911029871425));
#9336 = CARTESIAN_POINT('',(31.,91.604954651653,36.067794764253));
#9337 = CARTESIAN_POINT('',(31.,91.580852931155,36.224455947491));
#9338 = CARTESIAN_POINT('',(31.,91.544918506164,36.458029709932));
#9339 = CARTESIAN_POINT('',(31.,91.533073261451,36.535023800567));
#9340 = CARTESIAN_POINT('',(31.,91.521232091395,36.611991405932));
#9341 = CARTESIAN_POINT('',(31.,91.503471928596,36.727432464123));
#9342 = CARTESIAN_POINT('',(31.,91.497549826759,36.765926126064));
#9343 = CARTESIAN_POINT('',(31.,91.491628772595,36.804412978133));
#9344 = CARTESIAN_POINT('',(31.,91.482747990812,36.862138059725));
#9345 = CARTESIAN_POINT('',(31.,91.479787206893,36.881383155194));
#9346 = CARTESIAN_POINT('',(31.,91.47682642367,36.900628246143));
#9347 = CARTESIAN_POINT('',(31.,91.470783409441,36.939907838632));
#9348 = CARTESIAN_POINT('',(31.,91.467701458411,36.95994052033));
#9349 = CARTESIAN_POINT('',(31.,91.464619821651,36.979971159268));
#9350 = CARTESIAN_POINT('',(31.,91.461538461538,37.));
#9351 = PCURVE('',#7730,#9352);
#9352 = DEFINITIONAL_REPRESENTATION('',(#9353),#9383);
#9353 = B_SPLINE_CURVE_WITH_KNOTS('',4,(#9354,#9355,#9356,#9357,#9358,
    #9359,#9360,#9361,#9362,#9363,#9364,#9365,#9366,#9367,#9368,#9369,
    #9370,#9371,#9372,#9373,#9374,#9375,#9376,#9377,#9378,#9379,#9380,
    #9381,#9382),.UNSPECIFIED.,.F.,.F.,(5,3,3,3,3,3,3,3,3,5),(0.,
    0.248995412134,0.497844110391,0.747934786867,0.874124663351,
    0.937396216883,0.968524094371,0.984100206415,0.991890330555,1.),
  .UNSPECIFIED.);
#9354 = CARTESIAN_POINT('',(46.,0.));
#9355 = CARTESIAN_POINT('',(46.109478381199,5.708097415436E-02));
#9356 = CARTESIAN_POINT('',(46.22260945869,0.114105826457));
#9357 = CARTESIAN_POINT('',(46.339653072046,0.171067738854));
#9358 = CARTESIAN_POINT('',(46.582113589226,0.284813907997));
#9359 = CARTESIAN_POINT('',(46.70752581225,0.341598208788));
#9360 = CARTESIAN_POINT('',(46.837464956166,0.398301402907));
#9361 = CARTESIAN_POINT('',(47.107807407828,0.511803594347));
#9362 = CARTESIAN_POINT('',(47.24826000173,0.568601599427));
#9363 = CARTESIAN_POINT('',(47.394031739651,0.625292843533));
#9364 = CARTESIAN_POINT('',(47.622029293886,0.710403134031));
#9365 = CARTESIAN_POINT('',(47.699958429251,0.738914330612));
#9366 = CARTESIAN_POINT('',(47.779412462519,0.767391857539));
#9367 = CARTESIAN_POINT('',(47.901087794145,0.810093624675));
#9368 = CARTESIAN_POINT('',(47.942120889846,0.824344978568));
#9369 = CARTESIAN_POINT('',(47.983560881146,0.838586904317));
#9370 = CARTESIAN_POINT('',(48.046007516976,0.859820882721));
#9371 = CARTESIAN_POINT('',(48.066699540315,0.866820345506));
#9372 = CARTESIAN_POINT('',(48.08749300593,0.873817400539));
#9373 = CARTESIAN_POINT('',(48.11884503253,0.884312042193));
#9374 = CARTESIAN_POINT('',(48.129326805425,0.887811466006));
#9375 = CARTESIAN_POINT('',(48.13983435249,0.891310270739));
#9376 = CARTESIAN_POINT('',(48.155635921843,0.89655800543));
#9377 = CARTESIAN_POINT('',(48.160910991673,0.898307559563));
#9378 = CARTESIAN_POINT('',(48.166193029777,0.900057113286));
#9379 = CARTESIAN_POINT('',(48.176988036192,0.90362798533));
#9380 = CARTESIAN_POINT('',(48.182500870544,0.905449138212));
#9381 = CARTESIAN_POINT('',(48.188021353199,0.907270105388));
#9382 = CARTESIAN_POINT('',(48.193548563032,0.909090909091));
#9383 = ( GEOMETRIC_REPRESENTATION_CONTEXT(2) 
PARAMETRIC_REPRESENTATION_CONTEXT() REPRESENTATION_CONTEXT('2D SPACE',''
  ) );
#9384 = PCURVE('',#9385,#9390);
#9385 = PLANE('',#9386);
#9386 = AXIS2_PLACEMENT_3D('',#9387,#9388,#9389);
#9387 = CARTESIAN_POINT('',(31.,90.,27.));
#9388 = DIRECTION('',(1.,0.,0.));
#9389 = DIRECTION('',(0.,0.,1.));
#9390 = DEFINITIONAL_REPRESENTATION('',(#9391),#9421);
#9391 = B_SPLINE_CURVE_WITH_KNOTS('',4,(#9392,#9393,#9394,#9395,#9396,
    #9397,#9398,#9399,#9400,#9401,#9402,#9403,#9404,#9405,#9406,#9407,
    #9408,#9409,#9410,#9411,#9412,#9413,#9414,#9415,#9416,#9417,#9418,
    #9419,#9420),.UNSPECIFIED.,.F.,.F.,(5,3,3,3,3,3,3,3,3,5),(0.,
    0.248995412134,0.497844110391,0.747934786867,0.874124663351,
    0.937396216883,0.968524094371,0.984100206415,0.991890330555,1.),
  .UNSPECIFIED.);
#9392 = CARTESIAN_POINT('',(0.,-3.));
#9393 = CARTESIAN_POINT('',(0.627890715698,-2.903401428354));
#9394 = CARTESIAN_POINT('',(1.255164091024,-2.80689783215));
#9395 = CARTESIAN_POINT('',(1.881745127393,-2.710500749632));
#9396 = CARTESIAN_POINT('',(3.132952987972,-2.51800723262));
#9397 = CARTESIAN_POINT('',(3.75758029667,-2.421910723589));
#9398 = CARTESIAN_POINT('',(4.38131543198,-2.325951472003));
#9399 = CARTESIAN_POINT('',(5.629839537812,-2.133870840337));
#9400 = CARTESIAN_POINT('',(6.254617593692,-2.037751139432));
#9401 = CARTESIAN_POINT('',(6.878221278864,-1.941812110944));
#9402 = CARTESIAN_POINT('',(7.814434474339,-1.79777931164));
#9403 = CARTESIAN_POINT('',(8.128057636734,-1.749529594349));
#9404 = CARTESIAN_POINT('',(8.441310432926,-1.701336856473));
#9405 = CARTESIAN_POINT('',(8.911029871425,-1.629072327473));
#9406 = CARTESIAN_POINT('',(9.067794764253,-1.604954651653));
#9407 = CARTESIAN_POINT('',(9.224455947491,-1.580852931155));
#9408 = CARTESIAN_POINT('',(9.458029709932,-1.544918506164));
#9409 = CARTESIAN_POINT('',(9.535023800567,-1.533073261451));
#9410 = CARTESIAN_POINT('',(9.611991405932,-1.521232091395));
#9411 = CARTESIAN_POINT('',(9.727432464123,-1.503471928596));
#9412 = CARTESIAN_POINT('',(9.765926126064,-1.497549826759));
#9413 = CARTESIAN_POINT('',(9.804412978133,-1.491628772595));
#9414 = CARTESIAN_POINT('',(9.862138059725,-1.482747990812));
#9415 = CARTESIAN_POINT('',(9.881383155194,-1.479787206893));
#9416 = CARTESIAN_POINT('',(9.900628246143,-1.47682642367));
#9417 = CARTESIAN_POINT('',(9.939907838632,-1.470783409441));
#9418 = CARTESIAN_POINT('',(9.95994052033,-1.467701458411));
#9419 = CARTESIAN_POINT('',(9.979971159268,-1.464619821651));
#9420 = CARTESIAN_POINT('',(10.,-1.461538461538));
#9421 = ( GEOMETRIC_REPRESENTATION_CONTEXT(2) 
PARAMETRIC_REPRESENTATION_CONTEXT() REPRESENTATION_CONTEXT('2D SPACE',''
  ) );
#9422 = ORIENTED_EDGE('',*,*,#9423,.F.);
#9423 = EDGE_CURVE('',#9424,#9318,#9426,.T.);
#9424 = VERTEX_POINT('',#9425);
#9425 = CARTESIAN_POINT('',(23.,91.461538461538,37.));
#9426 = SURFACE_CURVE('',#9427,(#9430,#9436),.PCURVE_S1.);
#9427 = B_SPLINE_CURVE_WITH_KNOTS('',1,(#9428,#9429),.UNSPECIFIED.,.F.,
  .F.,(2,2),(0.,1.),.PIECEWISE_BEZIER_KNOTS.);
#9428 = CARTESIAN_POINT('',(23.,91.461538461538,37.));
#9429 = CARTESIAN_POINT('',(31.,91.461538461538,37.));
#9430 = PCURVE('',#7730,#9431);
#9431 = DEFINITIONAL_REPRESENTATION('',(#9432),#9435);
#9432 = B_SPLINE_CURVE_WITH_KNOTS('',1,(#9433,#9434),.UNSPECIFIED.,.F.,
  .F.,(2,2),(0.,1.),.PIECEWISE_BEZIER_KNOTS.);
#9433 = CARTESIAN_POINT('',(58.258064516129,0.909090909091));
#9434 = CARTESIAN_POINT('',(48.193548387097,0.909090909091));
#9435 = ( GEOMETRIC_REPRESENTATION_CONTEXT(2) 
PARAMETRIC_REPRESENTATION_CONTEXT() REPRESENTATION_CONTEXT('2D SPACE',''
  ) );
#9436 = PCURVE('',#9437,#9442);
#9437 = PLANE('',#9438);
#9438 = AXIS2_PLACEMENT_3D('',#9439,#9440,#9441);
#9439 = CARTESIAN_POINT('',(23.,90.,37.));
#9440 = DIRECTION('',(0.,0.,1.));
#9441 = DIRECTION('',(1.,0.,0.));
#9442 = DEFINITIONAL_REPRESENTATION('',(#9443),#9446);
#9443 = B_SPLINE_CURVE_WITH_KNOTS('',1,(#9444,#9445),.UNSPECIFIED.,.F.,
  .F.,(2,2),(0.,1.),.PIECEWISE_BEZIER_KNOTS.);
#9444 = CARTESIAN_POINT('',(0.,1.461538461538));
#9445 = CARTESIAN_POINT('',(8.,1.461538461538));
#9446 = ( GEOMETRIC_REPRESENTATION_CONTEXT(2) 
PARAMETRIC_REPRESENTATION_CONTEXT() REPRESENTATION_CONTEXT('2D SPACE',''
  ) );
#9447 = ORIENTED_EDGE('',*,*,#9448,.F.);
#9448 = EDGE_CURVE('',#7715,#9424,#9449,.T.);
#9449 = SURFACE_CURVE('',#9450,(#9480,#9513),.PCURVE_S1.);
#9450 = B_SPLINE_CURVE_WITH_KNOTS('',4,(#9451,#9452,#9453,#9454,#9455,
    #9456,#9457,#9458,#9459,#9460,#9461,#9462,#9463,#9464,#9465,#9466,
    #9467,#9468,#9469,#9470,#9471,#9472,#9473,#9474,#9475,#9476,#9477,
    #9478,#9479),.UNSPECIFIED.,.F.,.F.,(5,3,3,3,3,3,3,3,3,5),(0.,
    0.244842857351,0.49182781723,0.742990256884,0.871099543147,
    0.935736457702,0.96764247036,0.983635301202,0.991638474497,1.),
  .UNSPECIFIED.);
#9451 = CARTESIAN_POINT('',(23.,93.,27.));
#9452 = CARTESIAN_POINT('',(23.,92.903019825442,27.630371134628));
#9453 = CARTESIAN_POINT('',(23.,92.806373824747,28.258570139143));
#9454 = CARTESIAN_POINT('',(23.,92.71009813157,28.884362144795));
#9455 = CARTESIAN_POINT('',(23.,92.517538685317,30.135998545437));
#9456 = CARTESIAN_POINT('',(23.,92.421262309112,30.761794990771));
#9457 = CARTESIAN_POINT('',(23.,92.325454832215,31.384543590601));
#9458 = CARTESIAN_POINT('',(23.,92.133279848635,32.633680983871));
#9459 = CARTESIAN_POINT('',(23.,92.036930342936,33.259952770915));
#9460 = CARTESIAN_POINT('',(23.,91.941184519816,33.882300621196));
#9461 = CARTESIAN_POINT('',(23.,91.797622919039,34.815451026248));
#9462 = CARTESIAN_POINT('',(23.,91.749306995678,35.129504528096));
#9463 = CARTESIAN_POINT('',(23.,91.701176577513,35.442352246164));
#9464 = CARTESIAN_POINT('',(23.,91.629057031447,35.911129295592));
#9465 = CARTESIAN_POINT('',(23.,91.604921823962,36.068008144245));
#9466 = CARTESIAN_POINT('',(23.,91.580837846261,36.224553999302));
#9467 = CARTESIAN_POINT('',(23.,91.544944162185,36.457862945795));
#9468 = CARTESIAN_POINT('',(23.,91.533094652275,36.534884760213));
#9469 = CARTESIAN_POINT('',(23.,91.521258133297,36.611822133569));
#9470 = CARTESIAN_POINT('',(23.,91.503508340103,36.727195789328));
#9471 = CARTESIAN_POINT('',(23.,91.497585210849,36.765696129484));
#9472 = CARTESIAN_POINT('',(23.,91.49166541008,36.80417483448));
#9473 = CARTESIAN_POINT('',(23.,91.48278823422,36.861876477572));
#9474 = CARTESIAN_POINT('',(23.,91.479827509507,36.881121188204));
#9475 = CARTESIAN_POINT('',(23.,91.476866785393,36.900365894948));
#9476 = CARTESIAN_POINT('',(23.,91.470812768221,36.939717006566));
#9477 = CARTESIAN_POINT('',(23.,91.46772036961,36.959817597535));
#9478 = CARTESIAN_POINT('',(23.,91.464628976035,36.979911655775));
#9479 = CARTESIAN_POINT('',(23.,91.461538461538,37.));
#9480 = PCURVE('',#7730,#9481);
#9481 = DEFINITIONAL_REPRESENTATION('',(#9482),#9512);
#9482 = B_SPLINE_CURVE_WITH_KNOTS('',4,(#9483,#9484,#9485,#9486,#9487,
    #9488,#9489,#9490,#9491,#9492,#9493,#9494,#9495,#9496,#9497,#9498,
    #9499,#9500,#9501,#9502,#9503,#9504,#9505,#9506,#9507,#9508,#9509,
    #9510,#9511),.UNSPECIFIED.,.F.,.F.,(5,3,3,3,3,3,3,3,3,5),(0.,
    0.244842857351,0.49182781723,0.742990256884,0.871099543147,
    0.935736457702,0.96764247036,0.983635301202,0.991638474497,1.),
  .UNSPECIFIED.);
#9483 = CARTESIAN_POINT('',(54.,0.));
#9484 = CARTESIAN_POINT('',(54.213356384028,5.730646678432E-02));
#9485 = CARTESIAN_POINT('',(54.433334433316,0.114415467195));
#9486 = CARTESIAN_POINT('',(54.660311776338,0.171305649527));
#9487 = CARTESIAN_POINT('',(55.131130024642,0.285090776858));
#9488 = CARTESIAN_POINT('',(55.375100607765,0.341981362797));
#9489 = CARTESIAN_POINT('',(55.627025907094,0.398594871873));
#9490 = CARTESIAN_POINT('',(56.15206251706,0.512152816716));
#9491 = CARTESIAN_POINT('',(56.425459232572,0.569086615538));
#9492 = CARTESIAN_POINT('',(56.707993057176,0.625663692836));
#9493 = CARTESIAN_POINT('',(57.149124140731,0.710495547841));
#9494 = CARTESIAN_POINT('',(57.300623779545,0.739045866191));
#9495 = CARTESIAN_POINT('',(57.454679338306,0.767486567833));
#9496 = CARTESIAN_POINT('',(57.690395946359,0.810102663236));
#9497 = CARTESIAN_POINT('',(57.77010832972,0.82436437675));
#9498 = CARTESIAN_POINT('',(57.850493635162,0.838595818118));
#9499 = CARTESIAN_POINT('',(57.971574592418,0.859805722345));
#9500 = CARTESIAN_POINT('',(58.011755794705,0.866807705474));
#9501 = CARTESIAN_POINT('',(58.052103602593,0.873802012143));
#9502 = CARTESIAN_POINT('',(58.112927080997,0.884290526303));
#9503 = CARTESIAN_POINT('',(58.133277362725,0.887790557226));
#9504 = CARTESIAN_POINT('',(58.153669827856,0.891288621316));
#9505 = CARTESIAN_POINT('',(58.184330596188,0.896534225234));
#9506 = CARTESIAN_POINT('',(58.194570095016,0.898283744382));
#9507 = CARTESIAN_POINT('',(58.204823120018,0.900033263177));
#9508 = CARTESIAN_POINT('',(58.225816002653,0.903610636961));
#9509 = CARTESIAN_POINT('',(58.236553555721,0.905437963412));
#9510 = CARTESIAN_POINT('',(58.24730370863,0.90726469598));
#9511 = CARTESIAN_POINT('',(58.258064873859,0.909090909091));
#9512 = ( GEOMETRIC_REPRESENTATION_CONTEXT(2) 
PARAMETRIC_REPRESENTATION_CONTEXT() REPRESENTATION_CONTEXT('2D SPACE',''
  ) );
#9513 = PCURVE('',#9514,#9519);
#9514 = PLANE('',#9515);
#9515 = AXIS2_PLACEMENT_3D('',#9516,#9517,#9518);
#9516 = CARTESIAN_POINT('',(23.,90.,27.));
#9517 = DIRECTION('',(1.,0.,0.));
#9518 = DIRECTION('',(0.,0.,1.));
#9519 = DEFINITIONAL_REPRESENTATION('',(#9520),#9550);
#9520 = B_SPLINE_CURVE_WITH_KNOTS('',4,(#9521,#9522,#9523,#9524,#9525,
    #9526,#9527,#9528,#9529,#9530,#9531,#9532,#9533,#9534,#9535,#9536,
    #9537,#9538,#9539,#9540,#9541,#9542,#9543,#9544,#9545,#9546,#9547,
    #9548,#9549),.UNSPECIFIED.,.F.,.F.,(5,3,3,3,3,3,3,3,3,5),(0.,
    0.244842857351,0.49182781723,0.742990256884,0.871099543147,
    0.935736457702,0.96764247036,0.983635301202,0.991638474497,1.),
  .UNSPECIFIED.);
#9521 = CARTESIAN_POINT('',(0.,-3.));
#9522 = CARTESIAN_POINT('',(0.630371134628,-2.903019825442));
#9523 = CARTESIAN_POINT('',(1.258570139143,-2.806373824747));
#9524 = CARTESIAN_POINT('',(1.884362144795,-2.71009813157));
#9525 = CARTESIAN_POINT('',(3.135998545437,-2.517538685317));
#9526 = CARTESIAN_POINT('',(3.761794990771,-2.421262309112));
#9527 = CARTESIAN_POINT('',(4.384543590601,-2.325454832215));
#9528 = CARTESIAN_POINT('',(5.633680983871,-2.133279848635));
#9529 = CARTESIAN_POINT('',(6.259952770915,-2.036930342936));
#9530 = CARTESIAN_POINT('',(6.882300621196,-1.941184519816));
#9531 = CARTESIAN_POINT('',(7.815451026248,-1.797622919039));
#9532 = CARTESIAN_POINT('',(8.129504528096,-1.749306995678));
#9533 = CARTESIAN_POINT('',(8.442352246164,-1.701176577513));
#9534 = CARTESIAN_POINT('',(8.911129295592,-1.629057031447));
#9535 = CARTESIAN_POINT('',(9.068008144245,-1.604921823962));
#9536 = CARTESIAN_POINT('',(9.224553999302,-1.580837846261));
#9537 = CARTESIAN_POINT('',(9.457862945795,-1.544944162185));
#9538 = CARTESIAN_POINT('',(9.534884760213,-1.533094652275));
#9539 = CARTESIAN_POINT('',(9.611822133569,-1.521258133297));
#9540 = CARTESIAN_POINT('',(9.727195789328,-1.503508340103));
#9541 = CARTESIAN_POINT('',(9.765696129484,-1.497585210849));
#9542 = CARTESIAN_POINT('',(9.80417483448,-1.49166541008));
#9543 = CARTESIAN_POINT('',(9.861876477572,-1.48278823422));
#9544 = CARTESIAN_POINT('',(9.881121188204,-1.479827509507));
#9545 = CARTESIAN_POINT('',(9.900365894948,-1.476866785393));
#9546 = CARTESIAN_POINT('',(9.939717006566,-1.470812768221));
#9547 = CARTESIAN_POINT('',(9.959817597535,-1.46772036961));
#9548 = CARTESIAN_POINT('',(9.979911655775,-1.464628976035));
#9549 = CARTESIAN_POINT('',(10.,-1.461538461538));
#9550 = ( GEOMETRIC_REPRESENTATION_CONTEXT(2) 
PARAMETRIC_REPRESENTATION_CONTEXT() REPRESENTATION_CONTEXT('2D SPACE',''
  ) );
#9551 = ORIENTED_EDGE('',*,*,#7714,.T.);
#9552 = ORIENTED_EDGE('',*,*,#7845,.T.);
#9553 = ORIENTED_EDGE('',*,*,#8794,.F.);
#9554 = ADVANCED_FACE('',(#9555),#7809,.F.);
#9555 = FACE_BOUND('',#9556,.F.);
#9556 = EDGE_LOOP('',(#9557,#9580,#9608,#9629));
#9557 = ORIENTED_EDGE('',*,*,#9558,.F.);
#9558 = EDGE_CURVE('',#9559,#7771,#9561,.T.);
#9559 = VERTEX_POINT('',#9560);
#9560 = CARTESIAN_POINT('',(48.,90.,27.));
#9561 = SURFACE_CURVE('',#9562,(#9566,#9573),.PCURVE_S1.);
#9562 = LINE('',#9563,#9564);
#9563 = CARTESIAN_POINT('',(48.,90.,27.));
#9564 = VECTOR('',#9565,1.);
#9565 = DIRECTION('',(0.,1.,0.));
#9566 = PCURVE('',#7809,#9567);
#9567 = DEFINITIONAL_REPRESENTATION('',(#9568),#9572);
#9568 = LINE('',#9569,#9570);
#9569 = CARTESIAN_POINT('',(0.,0.));
#9570 = VECTOR('',#9571,1.);
#9571 = DIRECTION('',(0.,1.));
#9572 = ( GEOMETRIC_REPRESENTATION_CONTEXT(2) 
PARAMETRIC_REPRESENTATION_CONTEXT() REPRESENTATION_CONTEXT('2D SPACE',''
  ) );
#9573 = PCURVE('',#9278,#9574);
#9574 = DEFINITIONAL_REPRESENTATION('',(#9575),#9579);
#9575 = LINE('',#9576,#9577);
#9576 = CARTESIAN_POINT('',(0.,0.));
#9577 = VECTOR('',#9578,1.);
#9578 = DIRECTION('',(0.,-1.));
#9579 = ( GEOMETRIC_REPRESENTATION_CONTEXT(2) 
PARAMETRIC_REPRESENTATION_CONTEXT() REPRESENTATION_CONTEXT('2D SPACE',''
  ) );
#9580 = ORIENTED_EDGE('',*,*,#9581,.T.);
#9581 = EDGE_CURVE('',#9559,#9582,#9584,.T.);
#9582 = VERTEX_POINT('',#9583);
#9583 = CARTESIAN_POINT('',(56.,90.,27.));
#9584 = SURFACE_CURVE('',#9585,(#9589,#9596),.PCURVE_S1.);
#9585 = LINE('',#9586,#9587);
#9586 = CARTESIAN_POINT('',(48.,90.,27.));
#9587 = VECTOR('',#9588,1.);
#9588 = DIRECTION('',(1.,0.,0.));
#9589 = PCURVE('',#7809,#9590);
#9590 = DEFINITIONAL_REPRESENTATION('',(#9591),#9595);
#9591 = LINE('',#9592,#9593);
#9592 = CARTESIAN_POINT('',(0.,0.));
#9593 = VECTOR('',#9594,1.);
#9594 = DIRECTION('',(1.,0.));
#9595 = ( GEOMETRIC_REPRESENTATION_CONTEXT(2) 
PARAMETRIC_REPRESENTATION_CONTEXT() REPRESENTATION_CONTEXT('2D SPACE',''
  ) );
#9596 = PCURVE('',#9597,#9602);
#9597 = PLANE('',#9598);
#9598 = AXIS2_PLACEMENT_3D('',#9599,#9600,#9601);
#9599 = CARTESIAN_POINT('',(48.,90.,27.));
#9600 = DIRECTION('',(0.,1.,0.));
#9601 = DIRECTION('',(0.,0.,1.));
#9602 = DEFINITIONAL_REPRESENTATION('',(#9603),#9607);
#9603 = LINE('',#9604,#9605);
#9604 = CARTESIAN_POINT('',(0.,0.));
#9605 = VECTOR('',#9606,1.);
#9606 = DIRECTION('',(0.,1.));
#9607 = ( GEOMETRIC_REPRESENTATION_CONTEXT(2) 
PARAMETRIC_REPRESENTATION_CONTEXT() REPRESENTATION_CONTEXT('2D SPACE',''
  ) );
#9608 = ORIENTED_EDGE('',*,*,#9609,.T.);
#9609 = EDGE_CURVE('',#9582,#7794,#9610,.T.);
#9610 = SURFACE_CURVE('',#9611,(#9615,#9622),.PCURVE_S1.);
#9611 = LINE('',#9612,#9613);
#9612 = CARTESIAN_POINT('',(56.,90.,27.));
#9613 = VECTOR('',#9614,1.);
#9614 = DIRECTION('',(0.,1.,0.));
#9615 = PCURVE('',#7809,#9616);
#9616 = DEFINITIONAL_REPRESENTATION('',(#9617),#9621);
#9617 = LINE('',#9618,#9619);
#9618 = CARTESIAN_POINT('',(8.,0.));
#9619 = VECTOR('',#9620,1.);
#9620 = DIRECTION('',(0.,1.));
#9621 = ( GEOMETRIC_REPRESENTATION_CONTEXT(2) 
PARAMETRIC_REPRESENTATION_CONTEXT() REPRESENTATION_CONTEXT('2D SPACE',''
  ) );
#9622 = PCURVE('',#9149,#9623);
#9623 = DEFINITIONAL_REPRESENTATION('',(#9624),#9628);
#9624 = LINE('',#9625,#9626);
#9625 = CARTESIAN_POINT('',(0.,0.));
#9626 = VECTOR('',#9627,1.);
#9627 = DIRECTION('',(0.,-1.));
#9628 = ( GEOMETRIC_REPRESENTATION_CONTEXT(2) 
PARAMETRIC_REPRESENTATION_CONTEXT() REPRESENTATION_CONTEXT('2D SPACE',''
  ) );
#9629 = ORIENTED_EDGE('',*,*,#7793,.T.);
#9630 = ADVANCED_FACE('',(#9631),#7758,.F.);
#9631 = FACE_BOUND('',#9632,.F.);
#9632 = EDGE_LOOP('',(#9633,#9656,#9684,#9705));
#9633 = ORIENTED_EDGE('',*,*,#9634,.F.);
#9634 = EDGE_CURVE('',#9635,#7715,#9637,.T.);
#9635 = VERTEX_POINT('',#9636);
#9636 = CARTESIAN_POINT('',(23.,90.,27.));
#9637 = SURFACE_CURVE('',#9638,(#9642,#9649),.PCURVE_S1.);
#9638 = LINE('',#9639,#9640);
#9639 = CARTESIAN_POINT('',(23.,90.,27.));
#9640 = VECTOR('',#9641,1.);
#9641 = DIRECTION('',(0.,1.,0.));
#9642 = PCURVE('',#7758,#9643);
#9643 = DEFINITIONAL_REPRESENTATION('',(#9644),#9648);
#9644 = LINE('',#9645,#9646);
#9645 = CARTESIAN_POINT('',(0.,0.));
#9646 = VECTOR('',#9647,1.);
#9647 = DIRECTION('',(0.,1.));
#9648 = ( GEOMETRIC_REPRESENTATION_CONTEXT(2) 
PARAMETRIC_REPRESENTATION_CONTEXT() REPRESENTATION_CONTEXT('2D SPACE',''
  ) );
#9649 = PCURVE('',#9514,#9650);
#9650 = DEFINITIONAL_REPRESENTATION('',(#9651),#9655);
#9651 = LINE('',#9652,#9653);
#9652 = CARTESIAN_POINT('',(0.,0.));
#9653 = VECTOR('',#9654,1.);
#9654 = DIRECTION('',(0.,-1.));
#9655 = ( GEOMETRIC_REPRESENTATION_CONTEXT(2) 
PARAMETRIC_REPRESENTATION_CONTEXT() REPRESENTATION_CONTEXT('2D SPACE',''
  ) );
#9656 = ORIENTED_EDGE('',*,*,#9657,.T.);
#9657 = EDGE_CURVE('',#9635,#9658,#9660,.T.);
#9658 = VERTEX_POINT('',#9659);
#9659 = CARTESIAN_POINT('',(31.,90.,27.));
#9660 = SURFACE_CURVE('',#9661,(#9665,#9672),.PCURVE_S1.);
#9661 = LINE('',#9662,#9663);
#9662 = CARTESIAN_POINT('',(23.,90.,27.));
#9663 = VECTOR('',#9664,1.);
#9664 = DIRECTION('',(1.,0.,0.));
#9665 = PCURVE('',#7758,#9666);
#9666 = DEFINITIONAL_REPRESENTATION('',(#9667),#9671);
#9667 = LINE('',#9668,#9669);
#9668 = CARTESIAN_POINT('',(0.,0.));
#9669 = VECTOR('',#9670,1.);
#9670 = DIRECTION('',(1.,0.));
#9671 = ( GEOMETRIC_REPRESENTATION_CONTEXT(2) 
PARAMETRIC_REPRESENTATION_CONTEXT() REPRESENTATION_CONTEXT('2D SPACE',''
  ) );
#9672 = PCURVE('',#9673,#9678);
#9673 = PLANE('',#9674);
#9674 = AXIS2_PLACEMENT_3D('',#9675,#9676,#9677);
#9675 = CARTESIAN_POINT('',(23.,90.,27.));
#9676 = DIRECTION('',(0.,1.,0.));
#9677 = DIRECTION('',(0.,0.,1.));
#9678 = DEFINITIONAL_REPRESENTATION('',(#9679),#9683);
#9679 = LINE('',#9680,#9681);
#9680 = CARTESIAN_POINT('',(0.,0.));
#9681 = VECTOR('',#9682,1.);
#9682 = DIRECTION('',(0.,1.));
#9683 = ( GEOMETRIC_REPRESENTATION_CONTEXT(2) 
PARAMETRIC_REPRESENTATION_CONTEXT() REPRESENTATION_CONTEXT('2D SPACE',''
  ) );
#9684 = ORIENTED_EDGE('',*,*,#9685,.T.);
#9685 = EDGE_CURVE('',#9658,#7743,#9686,.T.);
#9686 = SURFACE_CURVE('',#9687,(#9691,#9698),.PCURVE_S1.);
#9687 = LINE('',#9688,#9689);
#9688 = CARTESIAN_POINT('',(31.,90.,27.));
#9689 = VECTOR('',#9690,1.);
#9690 = DIRECTION('',(0.,1.,0.));
#9691 = PCURVE('',#7758,#9692);
#9692 = DEFINITIONAL_REPRESENTATION('',(#9693),#9697);
#9693 = LINE('',#9694,#9695);
#9694 = CARTESIAN_POINT('',(8.,0.));
#9695 = VECTOR('',#9696,1.);
#9696 = DIRECTION('',(0.,1.));
#9697 = ( GEOMETRIC_REPRESENTATION_CONTEXT(2) 
PARAMETRIC_REPRESENTATION_CONTEXT() REPRESENTATION_CONTEXT('2D SPACE',''
  ) );
#9698 = PCURVE('',#9385,#9699);
#9699 = DEFINITIONAL_REPRESENTATION('',(#9700),#9704);
#9700 = LINE('',#9701,#9702);
#9701 = CARTESIAN_POINT('',(0.,0.));
#9702 = VECTOR('',#9703,1.);
#9703 = DIRECTION('',(0.,-1.));
#9704 = ( GEOMETRIC_REPRESENTATION_CONTEXT(2) 
PARAMETRIC_REPRESENTATION_CONTEXT() REPRESENTATION_CONTEXT('2D SPACE',''
  ) );
#9705 = ORIENTED_EDGE('',*,*,#7742,.T.);
#9706 = ADVANCED_FACE('',(#9707),#8177,.T.);
#9707 = FACE_BOUND('',#9708,.F.);
#9708 = EDGE_LOOP('',(#9709,#9738,#9759,#9760,#9761,#9762));
#9709 = ORIENTED_EDGE('',*,*,#9710,.F.);
#9710 = EDGE_CURVE('',#9711,#9711,#9713,.T.);
#9711 = VERTEX_POINT('',#9712);
#9712 = CARTESIAN_POINT('',(16.,83.,30.85));
#9713 = SURFACE_CURVE('',#9714,(#9719,#9726),.PCURVE_S1.);
#9714 = CIRCLE('',#9715,4.);
#9715 = AXIS2_PLACEMENT_3D('',#9716,#9717,#9718);
#9716 = CARTESIAN_POINT('',(12.,83.,30.85));
#9717 = DIRECTION('',(0.,0.,1.));
#9718 = DIRECTION('',(1.,0.,0.));
#9719 = PCURVE('',#8177,#9720);
#9720 = DEFINITIONAL_REPRESENTATION('',(#9721),#9725);
#9721 = LINE('',#9722,#9723);
#9722 = CARTESIAN_POINT('',(-0.,0.));
#9723 = VECTOR('',#9724,1.);
#9724 = DIRECTION('',(-1.,0.));
#9725 = ( GEOMETRIC_REPRESENTATION_CONTEXT(2) 
PARAMETRIC_REPRESENTATION_CONTEXT() REPRESENTATION_CONTEXT('2D SPACE',''
  ) );
#9726 = PCURVE('',#9727,#9732);
#9727 = PLANE('',#9728);
#9728 = AXIS2_PLACEMENT_3D('',#9729,#9730,#9731);
#9729 = CARTESIAN_POINT('',(12.,83.,30.85));
#9730 = DIRECTION('',(0.,0.,1.));
#9731 = DIRECTION('',(1.,0.,-0.));
#9732 = DEFINITIONAL_REPRESENTATION('',(#9733),#9737);
#9733 = CIRCLE('',#9734,4.);
#9734 = AXIS2_PLACEMENT_2D('',#9735,#9736);
#9735 = CARTESIAN_POINT('',(0.,-1.42108547152E-14));
#9736 = DIRECTION('',(1.,0.));
#9737 = ( GEOMETRIC_REPRESENTATION_CONTEXT(2) 
PARAMETRIC_REPRESENTATION_CONTEXT() REPRESENTATION_CONTEXT('2D SPACE',''
  ) );
#9738 = ORIENTED_EDGE('',*,*,#9739,.T.);
#9739 = EDGE_CURVE('',#9711,#8748,#9740,.T.);
#9740 = SEAM_CURVE('',#9741,(#9745,#9752),.PCURVE_S1.);
#9741 = LINE('',#9742,#9743);
#9742 = CARTESIAN_POINT('',(16.,83.,30.85));
#9743 = VECTOR('',#9744,1.);
#9744 = DIRECTION('',(0.,0.,1.));
#9745 = PCURVE('',#8177,#9746);
#9746 = DEFINITIONAL_REPRESENTATION('',(#9747),#9751);
#9747 = LINE('',#9748,#9749);
#9748 = CARTESIAN_POINT('',(-6.28318530718,0.));
#9749 = VECTOR('',#9750,1.);
#9750 = DIRECTION('',(-0.,-1.));
#9751 = ( GEOMETRIC_REPRESENTATION_CONTEXT(2) 
PARAMETRIC_REPRESENTATION_CONTEXT() REPRESENTATION_CONTEXT('2D SPACE',''
  ) );
#9752 = PCURVE('',#8177,#9753);
#9753 = DEFINITIONAL_REPRESENTATION('',(#9754),#9758);
#9754 = LINE('',#9755,#9756);
#9755 = CARTESIAN_POINT('',(-0.,0.));
#9756 = VECTOR('',#9757,1.);
#9757 = DIRECTION('',(-0.,-1.));
#9758 = ( GEOMETRIC_REPRESENTATION_CONTEXT(2) 
PARAMETRIC_REPRESENTATION_CONTEXT() REPRESENTATION_CONTEXT('2D SPACE',''
  ) );
#9759 = ORIENTED_EDGE('',*,*,#8771,.F.);
#9760 = ORIENTED_EDGE('',*,*,#8079,.F.);
#9761 = ORIENTED_EDGE('',*,*,#8747,.F.);
#9762 = ORIENTED_EDGE('',*,*,#9739,.F.);
#9763 = ADVANCED_FACE('',(#9764),#8380,.T.);
#9764 = FACE_BOUND('',#9765,.F.);
#9765 = EDGE_LOOP('',(#9766,#9795,#9816,#9817,#9818,#9819));
#9766 = ORIENTED_EDGE('',*,*,#9767,.F.);
#9767 = EDGE_CURVE('',#9768,#9768,#9770,.T.);
#9768 = VERTEX_POINT('',#9769);
#9769 = CARTESIAN_POINT('',(71.,83.,30.85));
#9770 = SURFACE_CURVE('',#9771,(#9776,#9783),.PCURVE_S1.);
#9771 = CIRCLE('',#9772,4.);
#9772 = AXIS2_PLACEMENT_3D('',#9773,#9774,#9775);
#9773 = CARTESIAN_POINT('',(67.,83.,30.85));
#9774 = DIRECTION('',(0.,0.,1.));
#9775 = DIRECTION('',(1.,0.,0.));
#9776 = PCURVE('',#8380,#9777);
#9777 = DEFINITIONAL_REPRESENTATION('',(#9778),#9782);
#9778 = LINE('',#9779,#9780);
#9779 = CARTESIAN_POINT('',(-0.,0.));
#9780 = VECTOR('',#9781,1.);
#9781 = DIRECTION('',(-1.,0.));
#9782 = ( GEOMETRIC_REPRESENTATION_CONTEXT(2) 
PARAMETRIC_REPRESENTATION_CONTEXT() REPRESENTATION_CONTEXT('2D SPACE',''
  ) );
#9783 = PCURVE('',#9784,#9789);
#9784 = PLANE('',#9785);
#9785 = AXIS2_PLACEMENT_3D('',#9786,#9787,#9788);
#9786 = CARTESIAN_POINT('',(67.,83.,30.85));
#9787 = DIRECTION('',(0.,0.,1.));
#9788 = DIRECTION('',(1.,0.,-0.));
#9789 = DEFINITIONAL_REPRESENTATION('',(#9790),#9794);
#9790 = CIRCLE('',#9791,4.);
#9791 = AXIS2_PLACEMENT_2D('',#9792,#9793);
#9792 = CARTESIAN_POINT('',(0.,0.));
#9793 = DIRECTION('',(1.,0.));
#9794 = ( GEOMETRIC_REPRESENTATION_CONTEXT(2) 
PARAMETRIC_REPRESENTATION_CONTEXT() REPRESENTATION_CONTEXT('2D SPACE',''
  ) );
#9795 = ORIENTED_EDGE('',*,*,#9796,.T.);
#9796 = EDGE_CURVE('',#9768,#8325,#9797,.T.);
#9797 = SEAM_CURVE('',#9798,(#9802,#9809),.PCURVE_S1.);
#9798 = LINE('',#9799,#9800);
#9799 = CARTESIAN_POINT('',(71.,83.,30.85));
#9800 = VECTOR('',#9801,1.);
#9801 = DIRECTION('',(0.,0.,1.));
#9802 = PCURVE('',#8380,#9803);
#9803 = DEFINITIONAL_REPRESENTATION('',(#9804),#9808);
#9804 = LINE('',#9805,#9806);
#9805 = CARTESIAN_POINT('',(-6.28318530718,0.));
#9806 = VECTOR('',#9807,1.);
#9807 = DIRECTION('',(-0.,-1.));
#9808 = ( GEOMETRIC_REPRESENTATION_CONTEXT(2) 
PARAMETRIC_REPRESENTATION_CONTEXT() REPRESENTATION_CONTEXT('2D SPACE',''
  ) );
#9809 = PCURVE('',#8380,#9810);
#9810 = DEFINITIONAL_REPRESENTATION('',(#9811),#9815);
#9811 = LINE('',#9812,#9813);
#9812 = CARTESIAN_POINT('',(-0.,0.));
#9813 = VECTOR('',#9814,1.);
#9814 = DIRECTION('',(-0.,-1.));
#9815 = ( GEOMETRIC_REPRESENTATION_CONTEXT(2) 
PARAMETRIC_REPRESENTATION_CONTEXT() REPRESENTATION_CONTEXT('2D SPACE',''
  ) );
#9816 = ORIENTED_EDGE('',*,*,#8324,.F.);
#9817 = ORIENTED_EDGE('',*,*,#8815,.F.);
#9818 = ORIENTED_EDGE('',*,*,#8412,.F.);
#9819 = ORIENTED_EDGE('',*,*,#9796,.F.);
#9820 = ADVANCED_FACE('',(#9821),#8879,.T.);
#9821 = FACE_BOUND('',#9822,.F.);
#9822 = EDGE_LOOP('',(#9823,#9852,#9873,#9874));
#9823 = ORIENTED_EDGE('',*,*,#9824,.F.);
#9824 = EDGE_CURVE('',#9825,#9825,#9827,.T.);
#9825 = VERTEX_POINT('',#9826);
#9826 = CARTESIAN_POINT('',(33.5,48.,34.85));
#9827 = SURFACE_CURVE('',#9828,(#9833,#9840),.PCURVE_S1.);
#9828 = CIRCLE('',#9829,3.);
#9829 = AXIS2_PLACEMENT_3D('',#9830,#9831,#9832);
#9830 = CARTESIAN_POINT('',(30.5,48.,34.85));
#9831 = DIRECTION('',(0.,0.,1.));
#9832 = DIRECTION('',(1.,0.,0.));
#9833 = PCURVE('',#8879,#9834);
#9834 = DEFINITIONAL_REPRESENTATION('',(#9835),#9839);
#9835 = LINE('',#9836,#9837);
#9836 = CARTESIAN_POINT('',(-0.,0.));
#9837 = VECTOR('',#9838,1.);
#9838 = DIRECTION('',(-1.,0.));
#9839 = ( GEOMETRIC_REPRESENTATION_CONTEXT(2) 
PARAMETRIC_REPRESENTATION_CONTEXT() REPRESENTATION_CONTEXT('2D SPACE',''
  ) );
#9840 = PCURVE('',#9841,#9846);
#9841 = PLANE('',#9842);
#9842 = AXIS2_PLACEMENT_3D('',#9843,#9844,#9845);
#9843 = CARTESIAN_POINT('',(30.5,48.,34.85));
#9844 = DIRECTION('',(0.,0.,1.));
#9845 = DIRECTION('',(1.,0.,-0.));
#9846 = DEFINITIONAL_REPRESENTATION('',(#9847),#9851);
#9847 = CIRCLE('',#9848,3.);
#9848 = AXIS2_PLACEMENT_2D('',#9849,#9850);
#9849 = CARTESIAN_POINT('',(3.552713678801E-15,0.));
#9850 = DIRECTION('',(1.,0.));
#9851 = ( GEOMETRIC_REPRESENTATION_CONTEXT(2) 
PARAMETRIC_REPRESENTATION_CONTEXT() REPRESENTATION_CONTEXT('2D SPACE',''
  ) );
#9852 = ORIENTED_EDGE('',*,*,#9853,.T.);
#9853 = EDGE_CURVE('',#9825,#8863,#9854,.T.);
#9854 = SEAM_CURVE('',#9855,(#9859,#9866),.PCURVE_S1.);
#9855 = LINE('',#9856,#9857);
#9856 = CARTESIAN_POINT('',(33.5,48.,34.85));
#9857 = VECTOR('',#9858,1.);
#9858 = DIRECTION('',(0.,0.,1.));
#9859 = PCURVE('',#8879,#9860);
#9860 = DEFINITIONAL_REPRESENTATION('',(#9861),#9865);
#9861 = LINE('',#9862,#9863);
#9862 = CARTESIAN_POINT('',(-6.28318530718,0.));
#9863 = VECTOR('',#9864,1.);
#9864 = DIRECTION('',(-0.,-1.));
#9865 = ( GEOMETRIC_REPRESENTATION_CONTEXT(2) 
PARAMETRIC_REPRESENTATION_CONTEXT() REPRESENTATION_CONTEXT('2D SPACE',''
  ) );
#9866 = PCURVE('',#8879,#9867);
#9867 = DEFINITIONAL_REPRESENTATION('',(#9868),#9872);
#9868 = LINE('',#9869,#9870);
#9869 = CARTESIAN_POINT('',(-0.,0.));
#9870 = VECTOR('',#9871,1.);
#9871 = DIRECTION('',(-0.,-1.));
#9872 = ( GEOMETRIC_REPRESENTATION_CONTEXT(2) 
PARAMETRIC_REPRESENTATION_CONTEXT() REPRESENTATION_CONTEXT('2D SPACE',''
  ) );
#9873 = ORIENTED_EDGE('',*,*,#8862,.F.);
#9874 = ORIENTED_EDGE('',*,*,#9853,.F.);
#9875 = ADVANCED_FACE('',(#9876),#8910,.T.);
#9876 = FACE_BOUND('',#9877,.F.);
#9877 = EDGE_LOOP('',(#9878,#9907,#9928,#9929));
#9878 = ORIENTED_EDGE('',*,*,#9879,.F.);
#9879 = EDGE_CURVE('',#9880,#9880,#9882,.T.);
#9880 = VERTEX_POINT('',#9881);
#9881 = CARTESIAN_POINT('',(33.5,58.,34.85));
#9882 = SURFACE_CURVE('',#9883,(#9888,#9895),.PCURVE_S1.);
#9883 = CIRCLE('',#9884,3.);
#9884 = AXIS2_PLACEMENT_3D('',#9885,#9886,#9887);
#9885 = CARTESIAN_POINT('',(30.5,58.,34.85));
#9886 = DIRECTION('',(0.,0.,1.));
#9887 = DIRECTION('',(1.,0.,0.));
#9888 = PCURVE('',#8910,#9889);
#9889 = DEFINITIONAL_REPRESENTATION('',(#9890),#9894);
#9890 = LINE('',#9891,#9892);
#9891 = CARTESIAN_POINT('',(-0.,0.));
#9892 = VECTOR('',#9893,1.);
#9893 = DIRECTION('',(-1.,0.));
#9894 = ( GEOMETRIC_REPRESENTATION_CONTEXT(2) 
PARAMETRIC_REPRESENTATION_CONTEXT() REPRESENTATION_CONTEXT('2D SPACE',''
  ) );
#9895 = PCURVE('',#9896,#9901);
#9896 = PLANE('',#9897);
#9897 = AXIS2_PLACEMENT_3D('',#9898,#9899,#9900);
#9898 = CARTESIAN_POINT('',(30.5,58.,34.85));
#9899 = DIRECTION('',(0.,0.,1.));
#9900 = DIRECTION('',(1.,0.,-0.));
#9901 = DEFINITIONAL_REPRESENTATION('',(#9902),#9906);
#9902 = CIRCLE('',#9903,3.);
#9903 = AXIS2_PLACEMENT_2D('',#9904,#9905);
#9904 = CARTESIAN_POINT('',(3.552713678801E-15,0.));
#9905 = DIRECTION('',(1.,0.));
#9906 = ( GEOMETRIC_REPRESENTATION_CONTEXT(2) 
PARAMETRIC_REPRESENTATION_CONTEXT() REPRESENTATION_CONTEXT('2D SPACE',''
  ) );
#9907 = ORIENTED_EDGE('',*,*,#9908,.T.);
#9908 = EDGE_CURVE('',#9880,#8894,#9909,.T.);
#9909 = SEAM_CURVE('',#9910,(#9914,#9921),.PCURVE_S1.);
#9910 = LINE('',#9911,#9912);
#9911 = CARTESIAN_POINT('',(33.5,58.,34.85));
#9912 = VECTOR('',#9913,1.);
#9913 = DIRECTION('',(0.,0.,1.));
#9914 = PCURVE('',#8910,#9915);
#9915 = DEFINITIONAL_REPRESENTATION('',(#9916),#9920);
#9916 = LINE('',#9917,#9918);
#9917 = CARTESIAN_POINT('',(-6.28318530718,0.));
#9918 = VECTOR('',#9919,1.);
#9919 = DIRECTION('',(-0.,-1.));
#9920 = ( GEOMETRIC_REPRESENTATION_CONTEXT(2) 
PARAMETRIC_REPRESENTATION_CONTEXT() REPRESENTATION_CONTEXT('2D SPACE',''
  ) );
#9921 = PCURVE('',#8910,#9922);
#9922 = DEFINITIONAL_REPRESENTATION('',(#9923),#9927);
#9923 = LINE('',#9924,#9925);
#9924 = CARTESIAN_POINT('',(-0.,0.));
#9925 = VECTOR('',#9926,1.);
#9926 = DIRECTION('',(-0.,-1.));
#9927 = ( GEOMETRIC_REPRESENTATION_CONTEXT(2) 
PARAMETRIC_REPRESENTATION_CONTEXT() REPRESENTATION_CONTEXT('2D SPACE',''
  ) );
#9928 = ORIENTED_EDGE('',*,*,#8893,.F.);
#9929 = ORIENTED_EDGE('',*,*,#9908,.F.);
#9930 = ADVANCED_FACE('',(#9931),#8941,.T.);
#9931 = FACE_BOUND('',#9932,.F.);
#9932 = EDGE_LOOP('',(#9933,#9962,#9983,#9984));
#9933 = ORIENTED_EDGE('',*,*,#9934,.F.);
#9934 = EDGE_CURVE('',#9935,#9935,#9937,.T.);
#9935 = VERTEX_POINT('',#9936);
#9936 = CARTESIAN_POINT('',(33.5,68.,34.85));
#9937 = SURFACE_CURVE('',#9938,(#9943,#9950),.PCURVE_S1.);
#9938 = CIRCLE('',#9939,3.);
#9939 = AXIS2_PLACEMENT_3D('',#9940,#9941,#9942);
#9940 = CARTESIAN_POINT('',(30.5,68.,34.85));
#9941 = DIRECTION('',(0.,0.,1.));
#9942 = DIRECTION('',(1.,0.,0.));
#9943 = PCURVE('',#8941,#9944);
#9944 = DEFINITIONAL_REPRESENTATION('',(#9945),#9949);
#9945 = LINE('',#9946,#9947);
#9946 = CARTESIAN_POINT('',(-0.,0.));
#9947 = VECTOR('',#9948,1.);
#9948 = DIRECTION('',(-1.,0.));
#9949 = ( GEOMETRIC_REPRESENTATION_CONTEXT(2) 
PARAMETRIC_REPRESENTATION_CONTEXT() REPRESENTATION_CONTEXT('2D SPACE',''
  ) );
#9950 = PCURVE('',#9951,#9956);
#9951 = PLANE('',#9952);
#9952 = AXIS2_PLACEMENT_3D('',#9953,#9954,#9955);
#9953 = CARTESIAN_POINT('',(30.5,68.,34.85));
#9954 = DIRECTION('',(0.,0.,1.));
#9955 = DIRECTION('',(1.,0.,-0.));
#9956 = DEFINITIONAL_REPRESENTATION('',(#9957),#9961);
#9957 = CIRCLE('',#9958,3.);
#9958 = AXIS2_PLACEMENT_2D('',#9959,#9960);
#9959 = CARTESIAN_POINT('',(3.552713678801E-15,0.));
#9960 = DIRECTION('',(1.,0.));
#9961 = ( GEOMETRIC_REPRESENTATION_CONTEXT(2) 
PARAMETRIC_REPRESENTATION_CONTEXT() REPRESENTATION_CONTEXT('2D SPACE',''
  ) );
#9962 = ORIENTED_EDGE('',*,*,#9963,.T.);
#9963 = EDGE_CURVE('',#9935,#8925,#9964,.T.);
#9964 = SEAM_CURVE('',#9965,(#9969,#9976),.PCURVE_S1.);
#9965 = LINE('',#9966,#9967);
#9966 = CARTESIAN_POINT('',(33.5,68.,34.85));
#9967 = VECTOR('',#9968,1.);
#9968 = DIRECTION('',(0.,0.,1.));
#9969 = PCURVE('',#8941,#9970);
#9970 = DEFINITIONAL_REPRESENTATION('',(#9971),#9975);
#9971 = LINE('',#9972,#9973);
#9972 = CARTESIAN_POINT('',(-6.28318530718,0.));
#9973 = VECTOR('',#9974,1.);
#9974 = DIRECTION('',(-0.,-1.));
#9975 = ( GEOMETRIC_REPRESENTATION_CONTEXT(2) 
PARAMETRIC_REPRESENTATION_CONTEXT() REPRESENTATION_CONTEXT('2D SPACE',''
  ) );
#9976 = PCURVE('',#8941,#9977);
#9977 = DEFINITIONAL_REPRESENTATION('',(#9978),#9982);
#9978 = LINE('',#9979,#9980);
#9979 = CARTESIAN_POINT('',(-0.,0.));
#9980 = VECTOR('',#9981,1.);
#9981 = DIRECTION('',(-0.,-1.));
#9982 = ( GEOMETRIC_REPRESENTATION_CONTEXT(2) 
PARAMETRIC_REPRESENTATION_CONTEXT() REPRESENTATION_CONTEXT('2D SPACE',''
  ) );
#9983 = ORIENTED_EDGE('',*,*,#8924,.F.);
#9984 = ORIENTED_EDGE('',*,*,#9963,.F.);
#9985 = ADVANCED_FACE('',(#9986),#8972,.T.);
#9986 = FACE_BOUND('',#9987,.F.);
#9987 = EDGE_LOOP('',(#9988,#10017,#10038,#10039));
#9988 = ORIENTED_EDGE('',*,*,#9989,.F.);
#9989 = EDGE_CURVE('',#9990,#9990,#9992,.T.);
#9990 = VERTEX_POINT('',#9991);
#9991 = CARTESIAN_POINT('',(51.5,48.,34.85));
#9992 = SURFACE_CURVE('',#9993,(#9998,#10005),.PCURVE_S1.);
#9993 = CIRCLE('',#9994,3.);
#9994 = AXIS2_PLACEMENT_3D('',#9995,#9996,#9997);
#9995 = CARTESIAN_POINT('',(48.5,48.,34.85));
#9996 = DIRECTION('',(0.,0.,1.));
#9997 = DIRECTION('',(1.,0.,0.));
#9998 = PCURVE('',#8972,#9999);
#9999 = DEFINITIONAL_REPRESENTATION('',(#10000),#10004);
#10000 = LINE('',#10001,#10002);
#10001 = CARTESIAN_POINT('',(-0.,0.));
#10002 = VECTOR('',#10003,1.);
#10003 = DIRECTION('',(-1.,0.));
#10004 = ( GEOMETRIC_REPRESENTATION_CONTEXT(2) 
PARAMETRIC_REPRESENTATION_CONTEXT() REPRESENTATION_CONTEXT('2D SPACE',''
  ) );
#10005 = PCURVE('',#10006,#10011);
#10006 = PLANE('',#10007);
#10007 = AXIS2_PLACEMENT_3D('',#10008,#10009,#10010);
#10008 = CARTESIAN_POINT('',(48.5,48.,34.85));
#10009 = DIRECTION('',(0.,0.,1.));
#10010 = DIRECTION('',(1.,0.,-0.));
#10011 = DEFINITIONAL_REPRESENTATION('',(#10012),#10016);
#10012 = CIRCLE('',#10013,3.);
#10013 = AXIS2_PLACEMENT_2D('',#10014,#10015);
#10014 = CARTESIAN_POINT('',(7.105427357601E-15,0.));
#10015 = DIRECTION('',(1.,0.));
#10016 = ( GEOMETRIC_REPRESENTATION_CONTEXT(2) 
PARAMETRIC_REPRESENTATION_CONTEXT() REPRESENTATION_CONTEXT('2D SPACE',''
  ) );
#10017 = ORIENTED_EDGE('',*,*,#10018,.T.);
#10018 = EDGE_CURVE('',#9990,#8956,#10019,.T.);
#10019 = SEAM_CURVE('',#10020,(#10024,#10031),.PCURVE_S1.);
#10020 = LINE('',#10021,#10022);
#10021 = CARTESIAN_POINT('',(51.5,48.,34.85));
#10022 = VECTOR('',#10023,1.);
#10023 = DIRECTION('',(0.,0.,1.));
#10024 = PCURVE('',#8972,#10025);
#10025 = DEFINITIONAL_REPRESENTATION('',(#10026),#10030);
#10026 = LINE('',#10027,#10028);
#10027 = CARTESIAN_POINT('',(-6.28318530718,0.));
#10028 = VECTOR('',#10029,1.);
#10029 = DIRECTION('',(-0.,-1.));
#10030 = ( GEOMETRIC_REPRESENTATION_CONTEXT(2) 
PARAMETRIC_REPRESENTATION_CONTEXT() REPRESENTATION_CONTEXT('2D SPACE',''
  ) );
#10031 = PCURVE('',#8972,#10032);
#10032 = DEFINITIONAL_REPRESENTATION('',(#10033),#10037);
#10033 = LINE('',#10034,#10035);
#10034 = CARTESIAN_POINT('',(-0.,0.));
#10035 = VECTOR('',#10036,1.);
#10036 = DIRECTION('',(-0.,-1.));
#10037 = ( GEOMETRIC_REPRESENTATION_CONTEXT(2) 
PARAMETRIC_REPRESENTATION_CONTEXT() REPRESENTATION_CONTEXT('2D SPACE',''
  ) );
#10038 = ORIENTED_EDGE('',*,*,#8955,.F.);
#10039 = ORIENTED_EDGE('',*,*,#10018,.F.);
#10040 = ADVANCED_FACE('',(#10041),#9003,.T.);
#10041 = FACE_BOUND('',#10042,.F.);
#10042 = EDGE_LOOP('',(#10043,#10072,#10093,#10094));
#10043 = ORIENTED_EDGE('',*,*,#10044,.F.);
#10044 = EDGE_CURVE('',#10045,#10045,#10047,.T.);
#10045 = VERTEX_POINT('',#10046);
#10046 = CARTESIAN_POINT('',(51.5,58.,34.85));
#10047 = SURFACE_CURVE('',#10048,(#10053,#10060),.PCURVE_S1.);
#10048 = CIRCLE('',#10049,3.);
#10049 = AXIS2_PLACEMENT_3D('',#10050,#10051,#10052);
#10050 = CARTESIAN_POINT('',(48.5,58.,34.85));
#10051 = DIRECTION('',(0.,0.,1.));
#10052 = DIRECTION('',(1.,0.,0.));
#10053 = PCURVE('',#9003,#10054);
#10054 = DEFINITIONAL_REPRESENTATION('',(#10055),#10059);
#10055 = LINE('',#10056,#10057);
#10056 = CARTESIAN_POINT('',(-0.,0.));
#10057 = VECTOR('',#10058,1.);
#10058 = DIRECTION('',(-1.,0.));
#10059 = ( GEOMETRIC_REPRESENTATION_CONTEXT(2) 
PARAMETRIC_REPRESENTATION_CONTEXT() REPRESENTATION_CONTEXT('2D SPACE',''
  ) );
#10060 = PCURVE('',#10061,#10066);
#10061 = PLANE('',#10062);
#10062 = AXIS2_PLACEMENT_3D('',#10063,#10064,#10065);
#10063 = CARTESIAN_POINT('',(48.5,58.,34.85));
#10064 = DIRECTION('',(0.,0.,1.));
#10065 = DIRECTION('',(1.,0.,-0.));
#10066 = DEFINITIONAL_REPRESENTATION('',(#10067),#10071);
#10067 = CIRCLE('',#10068,3.);
#10068 = AXIS2_PLACEMENT_2D('',#10069,#10070);
#10069 = CARTESIAN_POINT('',(7.105427357601E-15,0.));
#10070 = DIRECTION('',(1.,0.));
#10071 = ( GEOMETRIC_REPRESENTATION_CONTEXT(2) 
PARAMETRIC_REPRESENTATION_CONTEXT() REPRESENTATION_CONTEXT('2D SPACE',''
  ) );
#10072 = ORIENTED_EDGE('',*,*,#10073,.T.);
#10073 = EDGE_CURVE('',#10045,#8987,#10074,.T.);
#10074 = SEAM_CURVE('',#10075,(#10079,#10086),.PCURVE_S1.);
#10075 = LINE('',#10076,#10077);
#10076 = CARTESIAN_POINT('',(51.5,58.,34.85));
#10077 = VECTOR('',#10078,1.);
#10078 = DIRECTION('',(0.,0.,1.));
#10079 = PCURVE('',#9003,#10080);
#10080 = DEFINITIONAL_REPRESENTATION('',(#10081),#10085);
#10081 = LINE('',#10082,#10083);
#10082 = CARTESIAN_POINT('',(-6.28318530718,0.));
#10083 = VECTOR('',#10084,1.);
#10084 = DIRECTION('',(-0.,-1.));
#10085 = ( GEOMETRIC_REPRESENTATION_CONTEXT(2) 
PARAMETRIC_REPRESENTATION_CONTEXT() REPRESENTATION_CONTEXT('2D SPACE',''
  ) );
#10086 = PCURVE('',#9003,#10087);
#10087 = DEFINITIONAL_REPRESENTATION('',(#10088),#10092);
#10088 = LINE('',#10089,#10090);
#10089 = CARTESIAN_POINT('',(-0.,0.));
#10090 = VECTOR('',#10091,1.);
#10091 = DIRECTION('',(-0.,-1.));
#10092 = ( GEOMETRIC_REPRESENTATION_CONTEXT(2) 
PARAMETRIC_REPRESENTATION_CONTEXT() REPRESENTATION_CONTEXT('2D SPACE',''
  ) );
#10093 = ORIENTED_EDGE('',*,*,#8986,.F.);
#10094 = ORIENTED_EDGE('',*,*,#10073,.F.);
#10095 = ADVANCED_FACE('',(#10096),#9034,.T.);
#10096 = FACE_BOUND('',#10097,.F.);
#10097 = EDGE_LOOP('',(#10098,#10127,#10148,#10149));
#10098 = ORIENTED_EDGE('',*,*,#10099,.F.);
#10099 = EDGE_CURVE('',#10100,#10100,#10102,.T.);
#10100 = VERTEX_POINT('',#10101);
#10101 = CARTESIAN_POINT('',(51.5,68.,34.85));
#10102 = SURFACE_CURVE('',#10103,(#10108,#10115),.PCURVE_S1.);
#10103 = CIRCLE('',#10104,3.);
#10104 = AXIS2_PLACEMENT_3D('',#10105,#10106,#10107);
#10105 = CARTESIAN_POINT('',(48.5,68.,34.85));
#10106 = DIRECTION('',(0.,0.,1.));
#10107 = DIRECTION('',(1.,0.,0.));
#10108 = PCURVE('',#9034,#10109);
#10109 = DEFINITIONAL_REPRESENTATION('',(#10110),#10114);
#10110 = LINE('',#10111,#10112);
#10111 = CARTESIAN_POINT('',(-0.,0.));
#10112 = VECTOR('',#10113,1.);
#10113 = DIRECTION('',(-1.,0.));
#10114 = ( GEOMETRIC_REPRESENTATION_CONTEXT(2) 
PARAMETRIC_REPRESENTATION_CONTEXT() REPRESENTATION_CONTEXT('2D SPACE',''
  ) );
#10115 = PCURVE('',#10116,#10121);
#10116 = PLANE('',#10117);
#10117 = AXIS2_PLACEMENT_3D('',#10118,#10119,#10120);
#10118 = CARTESIAN_POINT('',(48.5,68.,34.85));
#10119 = DIRECTION('',(0.,0.,1.));
#10120 = DIRECTION('',(1.,0.,-0.));
#10121 = DEFINITIONAL_REPRESENTATION('',(#10122),#10126);
#10122 = CIRCLE('',#10123,3.);
#10123 = AXIS2_PLACEMENT_2D('',#10124,#10125);
#10124 = CARTESIAN_POINT('',(7.105427357601E-15,0.));
#10125 = DIRECTION('',(1.,0.));
#10126 = ( GEOMETRIC_REPRESENTATION_CONTEXT(2) 
PARAMETRIC_REPRESENTATION_CONTEXT() REPRESENTATION_CONTEXT('2D SPACE',''
  ) );
#10127 = ORIENTED_EDGE('',*,*,#10128,.T.);
#10128 = EDGE_CURVE('',#10100,#9018,#10129,.T.);
#10129 = SEAM_CURVE('',#10130,(#10134,#10141),.PCURVE_S1.);
#10130 = LINE('',#10131,#10132);
#10131 = CARTESIAN_POINT('',(51.5,68.,34.85));
#10132 = VECTOR('',#10133,1.);
#10133 = DIRECTION('',(0.,0.,1.));
#10134 = PCURVE('',#9034,#10135);
#10135 = DEFINITIONAL_REPRESENTATION('',(#10136),#10140);
#10136 = LINE('',#10137,#10138);
#10137 = CARTESIAN_POINT('',(-6.28318530718,0.));
#10138 = VECTOR('',#10139,1.);
#10139 = DIRECTION('',(-0.,-1.));
#10140 = ( GEOMETRIC_REPRESENTATION_CONTEXT(2) 
PARAMETRIC_REPRESENTATION_CONTEXT() REPRESENTATION_CONTEXT('2D SPACE',''
  ) );
#10141 = PCURVE('',#9034,#10142);
#10142 = DEFINITIONAL_REPRESENTATION('',(#10143),#10147);
#10143 = LINE('',#10144,#10145);
#10144 = CARTESIAN_POINT('',(-0.,0.));
#10145 = VECTOR('',#10146,1.);
#10146 = DIRECTION('',(-0.,-1.));
#10147 = ( GEOMETRIC_REPRESENTATION_CONTEXT(2) 
PARAMETRIC_REPRESENTATION_CONTEXT() REPRESENTATION_CONTEXT('2D SPACE',''
  ) );
#10148 = ORIENTED_EDGE('',*,*,#9017,.F.);
#10149 = ORIENTED_EDGE('',*,*,#10128,.F.);
#10150 = ADVANCED_FACE('',(#10151),#9514,.F.);
#10151 = FACE_BOUND('',#10152,.F.);
#10152 = EDGE_LOOP('',(#10153,#10176,#10197,#10198));
#10153 = ORIENTED_EDGE('',*,*,#10154,.F.);
#10154 = EDGE_CURVE('',#10155,#9424,#10157,.T.);
#10155 = VERTEX_POINT('',#10156);
#10156 = CARTESIAN_POINT('',(23.,90.,37.));
#10157 = SURFACE_CURVE('',#10158,(#10162,#10169),.PCURVE_S1.);
#10158 = LINE('',#10159,#10160);
#10159 = CARTESIAN_POINT('',(23.,90.,37.));
#10160 = VECTOR('',#10161,1.);
#10161 = DIRECTION('',(0.,1.,0.));
#10162 = PCURVE('',#9514,#10163);
#10163 = DEFINITIONAL_REPRESENTATION('',(#10164),#10168);
#10164 = LINE('',#10165,#10166);
#10165 = CARTESIAN_POINT('',(10.,0.));
#10166 = VECTOR('',#10167,1.);
#10167 = DIRECTION('',(0.,-1.));
#10168 = ( GEOMETRIC_REPRESENTATION_CONTEXT(2) 
PARAMETRIC_REPRESENTATION_CONTEXT() REPRESENTATION_CONTEXT('2D SPACE',''
  ) );
#10169 = PCURVE('',#9437,#10170);
#10170 = DEFINITIONAL_REPRESENTATION('',(#10171),#10175);
#10171 = LINE('',#10172,#10173);
#10172 = CARTESIAN_POINT('',(0.,0.));
#10173 = VECTOR('',#10174,1.);
#10174 = DIRECTION('',(0.,1.));
#10175 = ( GEOMETRIC_REPRESENTATION_CONTEXT(2) 
PARAMETRIC_REPRESENTATION_CONTEXT() REPRESENTATION_CONTEXT('2D SPACE',''
  ) );
#10176 = ORIENTED_EDGE('',*,*,#10177,.F.);
#10177 = EDGE_CURVE('',#9635,#10155,#10178,.T.);
#10178 = SURFACE_CURVE('',#10179,(#10183,#10190),.PCURVE_S1.);
#10179 = LINE('',#10180,#10181);
#10180 = CARTESIAN_POINT('',(23.,90.,27.));
#10181 = VECTOR('',#10182,1.);
#10182 = DIRECTION('',(0.,0.,1.));
#10183 = PCURVE('',#9514,#10184);
#10184 = DEFINITIONAL_REPRESENTATION('',(#10185),#10189);
#10185 = LINE('',#10186,#10187);
#10186 = CARTESIAN_POINT('',(0.,0.));
#10187 = VECTOR('',#10188,1.);
#10188 = DIRECTION('',(1.,0.));
#10189 = ( GEOMETRIC_REPRESENTATION_CONTEXT(2) 
PARAMETRIC_REPRESENTATION_CONTEXT() REPRESENTATION_CONTEXT('2D SPACE',''
  ) );
#10190 = PCURVE('',#9673,#10191);
#10191 = DEFINITIONAL_REPRESENTATION('',(#10192),#10196);
#10192 = LINE('',#10193,#10194);
#10193 = CARTESIAN_POINT('',(0.,0.));
#10194 = VECTOR('',#10195,1.);
#10195 = DIRECTION('',(1.,0.));
#10196 = ( GEOMETRIC_REPRESENTATION_CONTEXT(2) 
PARAMETRIC_REPRESENTATION_CONTEXT() REPRESENTATION_CONTEXT('2D SPACE',''
  ) );
#10197 = ORIENTED_EDGE('',*,*,#9634,.T.);
#10198 = ORIENTED_EDGE('',*,*,#9448,.T.);
#10199 = ADVANCED_FACE('',(#10200),#9437,.T.);
#10200 = FACE_BOUND('',#10201,.T.);
#10201 = EDGE_LOOP('',(#10202,#10203,#10226,#10247));
#10202 = ORIENTED_EDGE('',*,*,#10154,.F.);
#10203 = ORIENTED_EDGE('',*,*,#10204,.T.);
#10204 = EDGE_CURVE('',#10155,#10205,#10207,.T.);
#10205 = VERTEX_POINT('',#10206);
#10206 = CARTESIAN_POINT('',(31.,90.,37.));
#10207 = SURFACE_CURVE('',#10208,(#10212,#10219),.PCURVE_S1.);
#10208 = LINE('',#10209,#10210);
#10209 = CARTESIAN_POINT('',(23.,90.,37.));
#10210 = VECTOR('',#10211,1.);
#10211 = DIRECTION('',(1.,0.,0.));
#10212 = PCURVE('',#9437,#10213);
#10213 = DEFINITIONAL_REPRESENTATION('',(#10214),#10218);
#10214 = LINE('',#10215,#10216);
#10215 = CARTESIAN_POINT('',(0.,0.));
#10216 = VECTOR('',#10217,1.);
#10217 = DIRECTION('',(1.,0.));
#10218 = ( GEOMETRIC_REPRESENTATION_CONTEXT(2) 
PARAMETRIC_REPRESENTATION_CONTEXT() REPRESENTATION_CONTEXT('2D SPACE',''
  ) );
#10219 = PCURVE('',#9673,#10220);
#10220 = DEFINITIONAL_REPRESENTATION('',(#10221),#10225);
#10221 = LINE('',#10222,#10223);
#10222 = CARTESIAN_POINT('',(10.,0.));
#10223 = VECTOR('',#10224,1.);
#10224 = DIRECTION('',(0.,1.));
#10225 = ( GEOMETRIC_REPRESENTATION_CONTEXT(2) 
PARAMETRIC_REPRESENTATION_CONTEXT() REPRESENTATION_CONTEXT('2D SPACE',''
  ) );
#10226 = ORIENTED_EDGE('',*,*,#10227,.T.);
#10227 = EDGE_CURVE('',#10205,#9318,#10228,.T.);
#10228 = SURFACE_CURVE('',#10229,(#10233,#10240),.PCURVE_S1.);
#10229 = LINE('',#10230,#10231);
#10230 = CARTESIAN_POINT('',(31.,90.,37.));
#10231 = VECTOR('',#10232,1.);
#10232 = DIRECTION('',(0.,1.,0.));
#10233 = PCURVE('',#9437,#10234);
#10234 = DEFINITIONAL_REPRESENTATION('',(#10235),#10239);
#10235 = LINE('',#10236,#10237);
#10236 = CARTESIAN_POINT('',(8.,0.));
#10237 = VECTOR('',#10238,1.);
#10238 = DIRECTION('',(0.,1.));
#10239 = ( GEOMETRIC_REPRESENTATION_CONTEXT(2) 
PARAMETRIC_REPRESENTATION_CONTEXT() REPRESENTATION_CONTEXT('2D SPACE',''
  ) );
#10240 = PCURVE('',#9385,#10241);
#10241 = DEFINITIONAL_REPRESENTATION('',(#10242),#10246);
#10242 = LINE('',#10243,#10244);
#10243 = CARTESIAN_POINT('',(10.,0.));
#10244 = VECTOR('',#10245,1.);
#10245 = DIRECTION('',(0.,-1.));
#10246 = ( GEOMETRIC_REPRESENTATION_CONTEXT(2) 
PARAMETRIC_REPRESENTATION_CONTEXT() REPRESENTATION_CONTEXT('2D SPACE',''
  ) );
#10247 = ORIENTED_EDGE('',*,*,#9423,.F.);
#10248 = ADVANCED_FACE('',(#10249),#9385,.T.);
#10249 = FACE_BOUND('',#10250,.T.);
#10250 = EDGE_LOOP('',(#10251,#10252,#10273,#10274));
#10251 = ORIENTED_EDGE('',*,*,#10227,.F.);
#10252 = ORIENTED_EDGE('',*,*,#10253,.F.);
#10253 = EDGE_CURVE('',#9658,#10205,#10254,.T.);
#10254 = SURFACE_CURVE('',#10255,(#10259,#10266),.PCURVE_S1.);
#10255 = LINE('',#10256,#10257);
#10256 = CARTESIAN_POINT('',(31.,90.,27.));
#10257 = VECTOR('',#10258,1.);
#10258 = DIRECTION('',(0.,0.,1.));
#10259 = PCURVE('',#9385,#10260);
#10260 = DEFINITIONAL_REPRESENTATION('',(#10261),#10265);
#10261 = LINE('',#10262,#10263);
#10262 = CARTESIAN_POINT('',(0.,0.));
#10263 = VECTOR('',#10264,1.);
#10264 = DIRECTION('',(1.,0.));
#10265 = ( GEOMETRIC_REPRESENTATION_CONTEXT(2) 
PARAMETRIC_REPRESENTATION_CONTEXT() REPRESENTATION_CONTEXT('2D SPACE',''
  ) );
#10266 = PCURVE('',#9673,#10267);
#10267 = DEFINITIONAL_REPRESENTATION('',(#10268),#10272);
#10268 = LINE('',#10269,#10270);
#10269 = CARTESIAN_POINT('',(0.,8.));
#10270 = VECTOR('',#10271,1.);
#10271 = DIRECTION('',(1.,0.));
#10272 = ( GEOMETRIC_REPRESENTATION_CONTEXT(2) 
PARAMETRIC_REPRESENTATION_CONTEXT() REPRESENTATION_CONTEXT('2D SPACE',''
  ) );
#10273 = ORIENTED_EDGE('',*,*,#9685,.T.);
#10274 = ORIENTED_EDGE('',*,*,#9317,.T.);
#10275 = ADVANCED_FACE('',(#10276),#9278,.F.);
#10276 = FACE_BOUND('',#10277,.F.);
#10277 = EDGE_LOOP('',(#10278,#10301,#10322,#10323));
#10278 = ORIENTED_EDGE('',*,*,#10279,.F.);
#10279 = EDGE_CURVE('',#10280,#9188,#10282,.T.);
#10280 = VERTEX_POINT('',#10281);
#10281 = CARTESIAN_POINT('',(48.,90.,37.));
#10282 = SURFACE_CURVE('',#10283,(#10287,#10294),.PCURVE_S1.);
#10283 = LINE('',#10284,#10285);
#10284 = CARTESIAN_POINT('',(48.,90.,37.));
#10285 = VECTOR('',#10286,1.);
#10286 = DIRECTION('',(0.,1.,0.));
#10287 = PCURVE('',#9278,#10288);
#10288 = DEFINITIONAL_REPRESENTATION('',(#10289),#10293);
#10289 = LINE('',#10290,#10291);
#10290 = CARTESIAN_POINT('',(10.,0.));
#10291 = VECTOR('',#10292,1.);
#10292 = DIRECTION('',(0.,-1.));
#10293 = ( GEOMETRIC_REPRESENTATION_CONTEXT(2) 
PARAMETRIC_REPRESENTATION_CONTEXT() REPRESENTATION_CONTEXT('2D SPACE',''
  ) );
#10294 = PCURVE('',#9201,#10295);
#10295 = DEFINITIONAL_REPRESENTATION('',(#10296),#10300);
#10296 = LINE('',#10297,#10298);
#10297 = CARTESIAN_POINT('',(0.,0.));
#10298 = VECTOR('',#10299,1.);
#10299 = DIRECTION('',(0.,1.));
#10300 = ( GEOMETRIC_REPRESENTATION_CONTEXT(2) 
PARAMETRIC_REPRESENTATION_CONTEXT() REPRESENTATION_CONTEXT('2D SPACE',''
  ) );
#10301 = ORIENTED_EDGE('',*,*,#10302,.F.);
#10302 = EDGE_CURVE('',#9559,#10280,#10303,.T.);
#10303 = SURFACE_CURVE('',#10304,(#10308,#10315),.PCURVE_S1.);
#10304 = LINE('',#10305,#10306);
#10305 = CARTESIAN_POINT('',(48.,90.,27.));
#10306 = VECTOR('',#10307,1.);
#10307 = DIRECTION('',(0.,0.,1.));
#10308 = PCURVE('',#9278,#10309);
#10309 = DEFINITIONAL_REPRESENTATION('',(#10310),#10314);
#10310 = LINE('',#10311,#10312);
#10311 = CARTESIAN_POINT('',(0.,0.));
#10312 = VECTOR('',#10313,1.);
#10313 = DIRECTION('',(1.,0.));
#10314 = ( GEOMETRIC_REPRESENTATION_CONTEXT(2) 
PARAMETRIC_REPRESENTATION_CONTEXT() REPRESENTATION_CONTEXT('2D SPACE',''
  ) );
#10315 = PCURVE('',#9597,#10316);
#10316 = DEFINITIONAL_REPRESENTATION('',(#10317),#10321);
#10317 = LINE('',#10318,#10319);
#10318 = CARTESIAN_POINT('',(0.,0.));
#10319 = VECTOR('',#10320,1.);
#10320 = DIRECTION('',(1.,0.));
#10321 = ( GEOMETRIC_REPRESENTATION_CONTEXT(2) 
PARAMETRIC_REPRESENTATION_CONTEXT() REPRESENTATION_CONTEXT('2D SPACE',''
  ) );
#10322 = ORIENTED_EDGE('',*,*,#9558,.T.);
#10323 = ORIENTED_EDGE('',*,*,#9212,.T.);
#10324 = ADVANCED_FACE('',(#10325),#9201,.T.);
#10325 = FACE_BOUND('',#10326,.T.);
#10326 = EDGE_LOOP('',(#10327,#10328,#10351,#10372));
#10327 = ORIENTED_EDGE('',*,*,#10279,.F.);
#10328 = ORIENTED_EDGE('',*,*,#10329,.T.);
#10329 = EDGE_CURVE('',#10280,#10330,#10332,.T.);
#10330 = VERTEX_POINT('',#10331);
#10331 = CARTESIAN_POINT('',(56.,90.,37.));
#10332 = SURFACE_CURVE('',#10333,(#10337,#10344),.PCURVE_S1.);
#10333 = LINE('',#10334,#10335);
#10334 = CARTESIAN_POINT('',(48.,90.,37.));
#10335 = VECTOR('',#10336,1.);
#10336 = DIRECTION('',(1.,0.,0.));
#10337 = PCURVE('',#9201,#10338);
#10338 = DEFINITIONAL_REPRESENTATION('',(#10339),#10343);
#10339 = LINE('',#10340,#10341);
#10340 = CARTESIAN_POINT('',(0.,0.));
#10341 = VECTOR('',#10342,1.);
#10342 = DIRECTION('',(1.,0.));
#10343 = ( GEOMETRIC_REPRESENTATION_CONTEXT(2) 
PARAMETRIC_REPRESENTATION_CONTEXT() REPRESENTATION_CONTEXT('2D SPACE',''
  ) );
#10344 = PCURVE('',#9597,#10345);
#10345 = DEFINITIONAL_REPRESENTATION('',(#10346),#10350);
#10346 = LINE('',#10347,#10348);
#10347 = CARTESIAN_POINT('',(10.,0.));
#10348 = VECTOR('',#10349,1.);
#10349 = DIRECTION('',(0.,1.));
#10350 = ( GEOMETRIC_REPRESENTATION_CONTEXT(2) 
PARAMETRIC_REPRESENTATION_CONTEXT() REPRESENTATION_CONTEXT('2D SPACE',''
  ) );
#10351 = ORIENTED_EDGE('',*,*,#10352,.T.);
#10352 = EDGE_CURVE('',#10330,#9082,#10353,.T.);
#10353 = SURFACE_CURVE('',#10354,(#10358,#10365),.PCURVE_S1.);
#10354 = LINE('',#10355,#10356);
#10355 = CARTESIAN_POINT('',(56.,90.,37.));
#10356 = VECTOR('',#10357,1.);
#10357 = DIRECTION('',(0.,1.,0.));
#10358 = PCURVE('',#9201,#10359);
#10359 = DEFINITIONAL_REPRESENTATION('',(#10360),#10364);
#10360 = LINE('',#10361,#10362);
#10361 = CARTESIAN_POINT('',(8.,0.));
#10362 = VECTOR('',#10363,1.);
#10363 = DIRECTION('',(0.,1.));
#10364 = ( GEOMETRIC_REPRESENTATION_CONTEXT(2) 
PARAMETRIC_REPRESENTATION_CONTEXT() REPRESENTATION_CONTEXT('2D SPACE',''
  ) );
#10365 = PCURVE('',#9149,#10366);
#10366 = DEFINITIONAL_REPRESENTATION('',(#10367),#10371);
#10367 = LINE('',#10368,#10369);
#10368 = CARTESIAN_POINT('',(10.,0.));
#10369 = VECTOR('',#10370,1.);
#10370 = DIRECTION('',(0.,-1.));
#10371 = ( GEOMETRIC_REPRESENTATION_CONTEXT(2) 
PARAMETRIC_REPRESENTATION_CONTEXT() REPRESENTATION_CONTEXT('2D SPACE',''
  ) );
#10372 = ORIENTED_EDGE('',*,*,#9187,.F.);
#10373 = ADVANCED_FACE('',(#10374),#9149,.T.);
#10374 = FACE_BOUND('',#10375,.T.);
#10375 = EDGE_LOOP('',(#10376,#10377,#10398,#10399));
#10376 = ORIENTED_EDGE('',*,*,#10352,.F.);
#10377 = ORIENTED_EDGE('',*,*,#10378,.F.);
#10378 = EDGE_CURVE('',#9582,#10330,#10379,.T.);
#10379 = SURFACE_CURVE('',#10380,(#10384,#10391),.PCURVE_S1.);
#10380 = LINE('',#10381,#10382);
#10381 = CARTESIAN_POINT('',(56.,90.,27.));
#10382 = VECTOR('',#10383,1.);
#10383 = DIRECTION('',(0.,0.,1.));
#10384 = PCURVE('',#9149,#10385);
#10385 = DEFINITIONAL_REPRESENTATION('',(#10386),#10390);
#10386 = LINE('',#10387,#10388);
#10387 = CARTESIAN_POINT('',(0.,0.));
#10388 = VECTOR('',#10389,1.);
#10389 = DIRECTION('',(1.,0.));
#10390 = ( GEOMETRIC_REPRESENTATION_CONTEXT(2) 
PARAMETRIC_REPRESENTATION_CONTEXT() REPRESENTATION_CONTEXT('2D SPACE',''
  ) );
#10391 = PCURVE('',#9597,#10392);
#10392 = DEFINITIONAL_REPRESENTATION('',(#10393),#10397);
#10393 = LINE('',#10394,#10395);
#10394 = CARTESIAN_POINT('',(0.,8.));
#10395 = VECTOR('',#10396,1.);
#10396 = DIRECTION('',(1.,0.));
#10397 = ( GEOMETRIC_REPRESENTATION_CONTEXT(2) 
PARAMETRIC_REPRESENTATION_CONTEXT() REPRESENTATION_CONTEXT('2D SPACE',''
  ) );
#10398 = ORIENTED_EDGE('',*,*,#9609,.T.);
#10399 = ORIENTED_EDGE('',*,*,#9081,.T.);
#10400 = ADVANCED_FACE('',(#10401),#9597,.F.);
#10401 = FACE_BOUND('',#10402,.F.);
#10402 = EDGE_LOOP('',(#10403,#10404,#10405,#10406));
#10403 = ORIENTED_EDGE('',*,*,#9581,.F.);
#10404 = ORIENTED_EDGE('',*,*,#10302,.T.);
#10405 = ORIENTED_EDGE('',*,*,#10329,.T.);
#10406 = ORIENTED_EDGE('',*,*,#10378,.F.);
#10407 = ADVANCED_FACE('',(#10408),#9673,.F.);
#10408 = FACE_BOUND('',#10409,.F.);
#10409 = EDGE_LOOP('',(#10410,#10411,#10412,#10413));
#10410 = ORIENTED_EDGE('',*,*,#9657,.F.);
#10411 = ORIENTED_EDGE('',*,*,#10177,.T.);
#10412 = ORIENTED_EDGE('',*,*,#10204,.T.);
#10413 = ORIENTED_EDGE('',*,*,#10253,.F.);
#10414 = ADVANCED_FACE('',(#10415,#10418),#9727,.F.);
#10415 = FACE_BOUND('',#10416,.F.);
#10416 = EDGE_LOOP('',(#10417));
#10417 = ORIENTED_EDGE('',*,*,#9710,.T.);
#10418 = FACE_BOUND('',#10419,.F.);
#10419 = EDGE_LOOP('',(#10420));
#10420 = ORIENTED_EDGE('',*,*,#10421,.T.);
#10421 = EDGE_CURVE('',#10422,#10422,#10424,.T.);
#10422 = VERTEX_POINT('',#10423);
#10423 = CARTESIAN_POINT('',(13.,83.,30.85));
#10424 = SURFACE_CURVE('',#10425,(#10430,#10441),.PCURVE_S1.);
#10425 = CIRCLE('',#10426,1.);
#10426 = AXIS2_PLACEMENT_3D('',#10427,#10428,#10429);
#10427 = CARTESIAN_POINT('',(12.,83.,30.85));
#10428 = DIRECTION('',(0.,0.,-1.));
#10429 = DIRECTION('',(1.,0.,0.));
#10430 = PCURVE('',#9727,#10431);
#10431 = DEFINITIONAL_REPRESENTATION('',(#10432),#10440);
#10432 = ( BOUNDED_CURVE() B_SPLINE_CURVE(2,(#10433,#10434,#10435,#10436
    ,#10437,#10438,#10439),.UNSPECIFIED.,.T.,.F.) 
B_SPLINE_CURVE_WITH_KNOTS((1,2,2,2,2,1),(-2.094395102393,0.,
    2.094395102393,4.188790204786,6.28318530718,8.377580409573),
.UNSPECIFIED.) CURVE() GEOMETRIC_REPRESENTATION_ITEM() 
RATIONAL_B_SPLINE_CURVE((1.,0.5,1.,0.5,1.,0.5,1.)) REPRESENTATION_ITEM(
  '') );
#10433 = CARTESIAN_POINT('',(1.,-1.42108547152E-14));
#10434 = CARTESIAN_POINT('',(1.,-1.732050807569));
#10435 = CARTESIAN_POINT('',(-0.5,-0.866025403784));
#10436 = CARTESIAN_POINT('',(-2.,-1.445578407503E-14));
#10437 = CARTESIAN_POINT('',(-0.5,0.866025403784));
#10438 = CARTESIAN_POINT('',(1.,1.732050807569));
#10439 = CARTESIAN_POINT('',(1.,-1.42108547152E-14));
#10440 = ( GEOMETRIC_REPRESENTATION_CONTEXT(2) 
PARAMETRIC_REPRESENTATION_CONTEXT() REPRESENTATION_CONTEXT('2D SPACE',''
  ) );
#10441 = PCURVE('',#10442,#10447);
#10442 = CYLINDRICAL_SURFACE('',#10443,1.);
#10443 = AXIS2_PLACEMENT_3D('',#10444,#10445,#10446);
#10444 = CARTESIAN_POINT('',(12.,83.,30.7));
#10445 = DIRECTION('',(-0.,-0.,-1.));
#10446 = DIRECTION('',(1.,0.,0.));
#10447 = DEFINITIONAL_REPRESENTATION('',(#10448),#10452);
#10448 = LINE('',#10449,#10450);
#10449 = CARTESIAN_POINT('',(-6.28318530718,-0.15));
#10450 = VECTOR('',#10451,1.);
#10451 = DIRECTION('',(1.,-0.));
#10452 = ( GEOMETRIC_REPRESENTATION_CONTEXT(2) 
PARAMETRIC_REPRESENTATION_CONTEXT() REPRESENTATION_CONTEXT('2D SPACE',''
  ) );
#10453 = ADVANCED_FACE('',(#10454,#10457),#9784,.F.);
#10454 = FACE_BOUND('',#10455,.F.);
#10455 = EDGE_LOOP('',(#10456));
#10456 = ORIENTED_EDGE('',*,*,#9767,.T.);
#10457 = FACE_BOUND('',#10458,.F.);
#10458 = EDGE_LOOP('',(#10459));
#10459 = ORIENTED_EDGE('',*,*,#10460,.T.);
#10460 = EDGE_CURVE('',#10461,#10461,#10463,.T.);
#10461 = VERTEX_POINT('',#10462);
#10462 = CARTESIAN_POINT('',(68.,83.,30.85));
#10463 = SURFACE_CURVE('',#10464,(#10469,#10480),.PCURVE_S1.);
#10464 = CIRCLE('',#10465,1.);
#10465 = AXIS2_PLACEMENT_3D('',#10466,#10467,#10468);
#10466 = CARTESIAN_POINT('',(67.,83.,30.85));
#10467 = DIRECTION('',(0.,0.,-1.));
#10468 = DIRECTION('',(1.,0.,0.));
#10469 = PCURVE('',#9784,#10470);
#10470 = DEFINITIONAL_REPRESENTATION('',(#10471),#10479);
#10471 = ( BOUNDED_CURVE() B_SPLINE_CURVE(2,(#10472,#10473,#10474,#10475
    ,#10476,#10477,#10478),.UNSPECIFIED.,.T.,.F.) 
B_SPLINE_CURVE_WITH_KNOTS((1,2,2,2,2,1),(-2.094395102393,0.,
    2.094395102393,4.188790204786,6.28318530718,8.377580409573),
.UNSPECIFIED.) CURVE() GEOMETRIC_REPRESENTATION_ITEM() 
RATIONAL_B_SPLINE_CURVE((1.,0.5,1.,0.5,1.,0.5,1.)) REPRESENTATION_ITEM(
  '') );
#10472 = CARTESIAN_POINT('',(1.,0.));
#10473 = CARTESIAN_POINT('',(1.,-1.732050807569));
#10474 = CARTESIAN_POINT('',(-0.5,-0.866025403784));
#10475 = CARTESIAN_POINT('',(-2.,-2.449293598295E-16));
#10476 = CARTESIAN_POINT('',(-0.5,0.866025403784));
#10477 = CARTESIAN_POINT('',(1.,1.732050807569));
#10478 = CARTESIAN_POINT('',(1.,0.));
#10479 = ( GEOMETRIC_REPRESENTATION_CONTEXT(2) 
PARAMETRIC_REPRESENTATION_CONTEXT() REPRESENTATION_CONTEXT('2D SPACE',''
  ) );
#10480 = PCURVE('',#10481,#10486);
#10481 = CYLINDRICAL_SURFACE('',#10482,1.);
#10482 = AXIS2_PLACEMENT_3D('',#10483,#10484,#10485);
#10483 = CARTESIAN_POINT('',(67.,83.,30.7));
#10484 = DIRECTION('',(-0.,-0.,-1.));
#10485 = DIRECTION('',(1.,0.,0.));
#10486 = DEFINITIONAL_REPRESENTATION('',(#10487),#10491);
#10487 = LINE('',#10488,#10489);
#10488 = CARTESIAN_POINT('',(-6.28318530718,-0.15));
#10489 = VECTOR('',#10490,1.);
#10490 = DIRECTION('',(1.,-0.));
#10491 = ( GEOMETRIC_REPRESENTATION_CONTEXT(2) 
PARAMETRIC_REPRESENTATION_CONTEXT() REPRESENTATION_CONTEXT('2D SPACE',''
  ) );
#10492 = ADVANCED_FACE('',(#10493,#10496),#9841,.F.);
#10493 = FACE_BOUND('',#10494,.F.);
#10494 = EDGE_LOOP('',(#10495));
#10495 = ORIENTED_EDGE('',*,*,#9824,.T.);
#10496 = FACE_BOUND('',#10497,.F.);
#10497 = EDGE_LOOP('',(#10498));
#10498 = ORIENTED_EDGE('',*,*,#10499,.T.);
#10499 = EDGE_CURVE('',#10500,#10500,#10502,.T.);
#10500 = VERTEX_POINT('',#10501);
#10501 = CARTESIAN_POINT('',(31.5,48.,34.85));
#10502 = SURFACE_CURVE('',#10503,(#10508,#10519),.PCURVE_S1.);
#10503 = CIRCLE('',#10504,1.);
#10504 = AXIS2_PLACEMENT_3D('',#10505,#10506,#10507);
#10505 = CARTESIAN_POINT('',(30.5,48.,34.85));
#10506 = DIRECTION('',(0.,0.,-1.));
#10507 = DIRECTION('',(1.,0.,0.));
#10508 = PCURVE('',#9841,#10509);
#10509 = DEFINITIONAL_REPRESENTATION('',(#10510),#10518);
#10510 = ( BOUNDED_CURVE() B_SPLINE_CURVE(2,(#10511,#10512,#10513,#10514
    ,#10515,#10516,#10517),.UNSPECIFIED.,.T.,.F.) 
B_SPLINE_CURVE_WITH_KNOTS((1,2,2,2,2,1),(-2.094395102393,0.,
    2.094395102393,4.188790204786,6.28318530718,8.377580409573),
.UNSPECIFIED.) CURVE() GEOMETRIC_REPRESENTATION_ITEM() 
RATIONAL_B_SPLINE_CURVE((1.,0.5,1.,0.5,1.,0.5,1.)) REPRESENTATION_ITEM(
  '') );
#10511 = CARTESIAN_POINT('',(1.,0.));
#10512 = CARTESIAN_POINT('',(1.,-1.732050807569));
#10513 = CARTESIAN_POINT('',(-0.5,-0.866025403784));
#10514 = CARTESIAN_POINT('',(-2.,-2.449293598295E-16));
#10515 = CARTESIAN_POINT('',(-0.5,0.866025403784));
#10516 = CARTESIAN_POINT('',(1.,1.732050807569));
#10517 = CARTESIAN_POINT('',(1.,0.));
#10518 = ( GEOMETRIC_REPRESENTATION_CONTEXT(2) 
PARAMETRIC_REPRESENTATION_CONTEXT() REPRESENTATION_CONTEXT('2D SPACE',''
  ) );
#10519 = PCURVE('',#10520,#10525);
#10520 = CYLINDRICAL_SURFACE('',#10521,1.);
#10521 = AXIS2_PLACEMENT_3D('',#10522,#10523,#10524);
#10522 = CARTESIAN_POINT('',(30.5,48.,34.7));
#10523 = DIRECTION('',(-0.,-0.,-1.));
#10524 = DIRECTION('',(1.,0.,0.));
#10525 = DEFINITIONAL_REPRESENTATION('',(#10526),#10530);
#10526 = LINE('',#10527,#10528);
#10527 = CARTESIAN_POINT('',(-6.28318530718,-0.15));
#10528 = VECTOR('',#10529,1.);
#10529 = DIRECTION('',(1.,-0.));
#10530 = ( GEOMETRIC_REPRESENTATION_CONTEXT(2) 
PARAMETRIC_REPRESENTATION_CONTEXT() REPRESENTATION_CONTEXT('2D SPACE',''
  ) );
#10531 = ADVANCED_FACE('',(#10532,#10535),#9896,.F.);
#10532 = FACE_BOUND('',#10533,.F.);
#10533 = EDGE_LOOP('',(#10534));
#10534 = ORIENTED_EDGE('',*,*,#9879,.T.);
#10535 = FACE_BOUND('',#10536,.F.);
#10536 = EDGE_LOOP('',(#10537));
#10537 = ORIENTED_EDGE('',*,*,#10538,.T.);
#10538 = EDGE_CURVE('',#10539,#10539,#10541,.T.);
#10539 = VERTEX_POINT('',#10540);
#10540 = CARTESIAN_POINT('',(31.5,58.,34.85));
#10541 = SURFACE_CURVE('',#10542,(#10547,#10558),.PCURVE_S1.);
#10542 = CIRCLE('',#10543,1.);
#10543 = AXIS2_PLACEMENT_3D('',#10544,#10545,#10546);
#10544 = CARTESIAN_POINT('',(30.5,58.,34.85));
#10545 = DIRECTION('',(0.,0.,-1.));
#10546 = DIRECTION('',(1.,0.,0.));
#10547 = PCURVE('',#9896,#10548);
#10548 = DEFINITIONAL_REPRESENTATION('',(#10549),#10557);
#10549 = ( BOUNDED_CURVE() B_SPLINE_CURVE(2,(#10550,#10551,#10552,#10553
    ,#10554,#10555,#10556),.UNSPECIFIED.,.T.,.F.) 
B_SPLINE_CURVE_WITH_KNOTS((1,2,2,2,2,1),(-2.094395102393,0.,
    2.094395102393,4.188790204786,6.28318530718,8.377580409573),
.UNSPECIFIED.) CURVE() GEOMETRIC_REPRESENTATION_ITEM() 
RATIONAL_B_SPLINE_CURVE((1.,0.5,1.,0.5,1.,0.5,1.)) REPRESENTATION_ITEM(
  '') );
#10550 = CARTESIAN_POINT('',(1.,0.));
#10551 = CARTESIAN_POINT('',(1.,-1.732050807569));
#10552 = CARTESIAN_POINT('',(-0.5,-0.866025403784));
#10553 = CARTESIAN_POINT('',(-2.,-2.449293598295E-16));
#10554 = CARTESIAN_POINT('',(-0.5,0.866025403784));
#10555 = CARTESIAN_POINT('',(1.,1.732050807569));
#10556 = CARTESIAN_POINT('',(1.,0.));
#10557 = ( GEOMETRIC_REPRESENTATION_CONTEXT(2) 
PARAMETRIC_REPRESENTATION_CONTEXT() REPRESENTATION_CONTEXT('2D SPACE',''
  ) );
#10558 = PCURVE('',#10559,#10564);
#10559 = CYLINDRICAL_SURFACE('',#10560,1.);
#10560 = AXIS2_PLACEMENT_3D('',#10561,#10562,#10563);
#10561 = CARTESIAN_POINT('',(30.5,58.,34.7));
#10562 = DIRECTION('',(-0.,-0.,-1.));
#10563 = DIRECTION('',(1.,0.,0.));
#10564 = DEFINITIONAL_REPRESENTATION('',(#10565),#10569);
#10565 = LINE('',#10566,#10567);
#10566 = CARTESIAN_POINT('',(-6.28318530718,-0.15));
#10567 = VECTOR('',#10568,1.);
#10568 = DIRECTION('',(1.,-0.));
#10569 = ( GEOMETRIC_REPRESENTATION_CONTEXT(2) 
PARAMETRIC_REPRESENTATION_CONTEXT() REPRESENTATION_CONTEXT('2D SPACE',''
  ) );
#10570 = ADVANCED_FACE('',(#10571,#10574),#9951,.F.);
#10571 = FACE_BOUND('',#10572,.F.);
#10572 = EDGE_LOOP('',(#10573));
#10573 = ORIENTED_EDGE('',*,*,#9934,.T.);
#10574 = FACE_BOUND('',#10575,.F.);
#10575 = EDGE_LOOP('',(#10576));
#10576 = ORIENTED_EDGE('',*,*,#10577,.T.);
#10577 = EDGE_CURVE('',#10578,#10578,#10580,.T.);
#10578 = VERTEX_POINT('',#10579);
#10579 = CARTESIAN_POINT('',(31.5,68.,34.85));
#10580 = SURFACE_CURVE('',#10581,(#10586,#10597),.PCURVE_S1.);
#10581 = CIRCLE('',#10582,1.);
#10582 = AXIS2_PLACEMENT_3D('',#10583,#10584,#10585);
#10583 = CARTESIAN_POINT('',(30.5,68.,34.85));
#10584 = DIRECTION('',(0.,0.,-1.));
#10585 = DIRECTION('',(1.,0.,0.));
#10586 = PCURVE('',#9951,#10587);
#10587 = DEFINITIONAL_REPRESENTATION('',(#10588),#10596);
#10588 = ( BOUNDED_CURVE() B_SPLINE_CURVE(2,(#10589,#10590,#10591,#10592
    ,#10593,#10594,#10595),.UNSPECIFIED.,.T.,.F.) 
B_SPLINE_CURVE_WITH_KNOTS((1,2,2,2,2,1),(-2.094395102393,0.,
    2.094395102393,4.188790204786,6.28318530718,8.377580409573),
.UNSPECIFIED.) CURVE() GEOMETRIC_REPRESENTATION_ITEM() 
RATIONAL_B_SPLINE_CURVE((1.,0.5,1.,0.5,1.,0.5,1.)) REPRESENTATION_ITEM(
  '') );
#10589 = CARTESIAN_POINT('',(1.,0.));
#10590 = CARTESIAN_POINT('',(1.,-1.732050807569));
#10591 = CARTESIAN_POINT('',(-0.5,-0.866025403784));
#10592 = CARTESIAN_POINT('',(-2.,-2.449293598295E-16));
#10593 = CARTESIAN_POINT('',(-0.5,0.866025403784));
#10594 = CARTESIAN_POINT('',(1.,1.732050807569));
#10595 = CARTESIAN_POINT('',(1.,0.));
#10596 = ( GEOMETRIC_REPRESENTATION_CONTEXT(2) 
PARAMETRIC_REPRESENTATION_CONTEXT() REPRESENTATION_CONTEXT('2D SPACE',''
  ) );
#10597 = PCURVE('',#10598,#10603);
#10598 = CYLINDRICAL_SURFACE('',#10599,1.);
#10599 = AXIS2_PLACEMENT_3D('',#10600,#10601,#10602);
#10600 = CARTESIAN_POINT('',(30.5,68.,34.7));
#10601 = DIRECTION('',(-0.,-0.,-1.));
#10602 = DIRECTION('',(1.,0.,0.));
#10603 = DEFINITIONAL_REPRESENTATION('',(#10604),#10608);
#10604 = LINE('',#10605,#10606);
#10605 = CARTESIAN_POINT('',(-6.28318530718,-0.15));
#10606 = VECTOR('',#10607,1.);
#10607 = DIRECTION('',(1.,-0.));
#10608 = ( GEOMETRIC_REPRESENTATION_CONTEXT(2) 
PARAMETRIC_REPRESENTATION_CONTEXT() REPRESENTATION_CONTEXT('2D SPACE',''
  ) );
#10609 = ADVANCED_FACE('',(#10610,#10613),#10006,.F.);
#10610 = FACE_BOUND('',#10611,.F.);
#10611 = EDGE_LOOP('',(#10612));
#10612 = ORIENTED_EDGE('',*,*,#9989,.T.);
#10613 = FACE_BOUND('',#10614,.F.);
#10614 = EDGE_LOOP('',(#10615));
#10615 = ORIENTED_EDGE('',*,*,#10616,.T.);
#10616 = EDGE_CURVE('',#10617,#10617,#10619,.T.);
#10617 = VERTEX_POINT('',#10618);
#10618 = CARTESIAN_POINT('',(49.5,48.,34.85));
#10619 = SURFACE_CURVE('',#10620,(#10625,#10636),.PCURVE_S1.);
#10620 = CIRCLE('',#10621,1.);
#10621 = AXIS2_PLACEMENT_3D('',#10622,#10623,#10624);
#10622 = CARTESIAN_POINT('',(48.5,48.,34.85));
#10623 = DIRECTION('',(0.,0.,-1.));
#10624 = DIRECTION('',(1.,0.,0.));
#10625 = PCURVE('',#10006,#10626);
#10626 = DEFINITIONAL_REPRESENTATION('',(#10627),#10635);
#10627 = ( BOUNDED_CURVE() B_SPLINE_CURVE(2,(#10628,#10629,#10630,#10631
    ,#10632,#10633,#10634),.UNSPECIFIED.,.T.,.F.) 
B_SPLINE_CURVE_WITH_KNOTS((1,2,2,2,2,1),(-2.094395102393,0.,
    2.094395102393,4.188790204786,6.28318530718,8.377580409573),
.UNSPECIFIED.) CURVE() GEOMETRIC_REPRESENTATION_ITEM() 
RATIONAL_B_SPLINE_CURVE((1.,0.5,1.,0.5,1.,0.5,1.)) REPRESENTATION_ITEM(
  '') );
#10628 = CARTESIAN_POINT('',(1.,0.));
#10629 = CARTESIAN_POINT('',(1.,-1.732050807569));
#10630 = CARTESIAN_POINT('',(-0.5,-0.866025403784));
#10631 = CARTESIAN_POINT('',(-2.,-2.449293598295E-16));
#10632 = CARTESIAN_POINT('',(-0.5,0.866025403784));
#10633 = CARTESIAN_POINT('',(1.,1.732050807569));
#10634 = CARTESIAN_POINT('',(1.,0.));
#10635 = ( GEOMETRIC_REPRESENTATION_CONTEXT(2) 
PARAMETRIC_REPRESENTATION_CONTEXT() REPRESENTATION_CONTEXT('2D SPACE',''
  ) );
#10636 = PCURVE('',#10637,#10642);
#10637 = CYLINDRICAL_SURFACE('',#10638,1.);
#10638 = AXIS2_PLACEMENT_3D('',#10639,#10640,#10641);
#10639 = CARTESIAN_POINT('',(48.5,48.,34.7));
#10640 = DIRECTION('',(-0.,-0.,-1.));
#10641 = DIRECTION('',(1.,0.,0.));
#10642 = DEFINITIONAL_REPRESENTATION('',(#10643),#10647);
#10643 = LINE('',#10644,#10645);
#10644 = CARTESIAN_POINT('',(-6.28318530718,-0.15));
#10645 = VECTOR('',#10646,1.);
#10646 = DIRECTION('',(1.,-0.));
#10647 = ( GEOMETRIC_REPRESENTATION_CONTEXT(2) 
PARAMETRIC_REPRESENTATION_CONTEXT() REPRESENTATION_CONTEXT('2D SPACE',''
  ) );
#10648 = ADVANCED_FACE('',(#10649,#10652),#10061,.F.);
#10649 = FACE_BOUND('',#10650,.F.);
#10650 = EDGE_LOOP('',(#10651));
#10651 = ORIENTED_EDGE('',*,*,#10044,.T.);
#10652 = FACE_BOUND('',#10653,.F.);
#10653 = EDGE_LOOP('',(#10654));
#10654 = ORIENTED_EDGE('',*,*,#10655,.T.);
#10655 = EDGE_CURVE('',#10656,#10656,#10658,.T.);
#10656 = VERTEX_POINT('',#10657);
#10657 = CARTESIAN_POINT('',(49.5,58.,34.85));
#10658 = SURFACE_CURVE('',#10659,(#10664,#10675),.PCURVE_S1.);
#10659 = CIRCLE('',#10660,1.);
#10660 = AXIS2_PLACEMENT_3D('',#10661,#10662,#10663);
#10661 = CARTESIAN_POINT('',(48.5,58.,34.85));
#10662 = DIRECTION('',(0.,0.,-1.));
#10663 = DIRECTION('',(1.,0.,0.));
#10664 = PCURVE('',#10061,#10665);
#10665 = DEFINITIONAL_REPRESENTATION('',(#10666),#10674);
#10666 = ( BOUNDED_CURVE() B_SPLINE_CURVE(2,(#10667,#10668,#10669,#10670
    ,#10671,#10672,#10673),.UNSPECIFIED.,.T.,.F.) 
B_SPLINE_CURVE_WITH_KNOTS((1,2,2,2,2,1),(-2.094395102393,0.,
    2.094395102393,4.188790204786,6.28318530718,8.377580409573),
.UNSPECIFIED.) CURVE() GEOMETRIC_REPRESENTATION_ITEM() 
RATIONAL_B_SPLINE_CURVE((1.,0.5,1.,0.5,1.,0.5,1.)) REPRESENTATION_ITEM(
  '') );
#10667 = CARTESIAN_POINT('',(1.,0.));
#10668 = CARTESIAN_POINT('',(1.,-1.732050807569));
#10669 = CARTESIAN_POINT('',(-0.5,-0.866025403784));
#10670 = CARTESIAN_POINT('',(-2.,-2.449293598295E-16));
#10671 = CARTESIAN_POINT('',(-0.5,0.866025403784));
#10672 = CARTESIAN_POINT('',(1.,1.732050807569));
#10673 = CARTESIAN_POINT('',(1.,0.));
#10674 = ( GEOMETRIC_REPRESENTATION_CONTEXT(2) 
PARAMETRIC_REPRESENTATION_CONTEXT() REPRESENTATION_CONTEXT('2D SPACE',''
  ) );
#10675 = PCURVE('',#10676,#10681);
#10676 = CYLINDRICAL_SURFACE('',#10677,1.);
#10677 = AXIS2_PLACEMENT_3D('',#10678,#10679,#10680);
#10678 = CARTESIAN_POINT('',(48.5,58.,34.7));
#10679 = DIRECTION('',(-0.,-0.,-1.));
#10680 = DIRECTION('',(1.,0.,0.));
#10681 = DEFINITIONAL_REPRESENTATION('',(#10682),#10686);
#10682 = LINE('',#10683,#10684);
#10683 = CARTESIAN_POINT('',(-6.28318530718,-0.15));
#10684 = VECTOR('',#10685,1.);
#10685 = DIRECTION('',(1.,-0.));
#10686 = ( GEOMETRIC_REPRESENTATION_CONTEXT(2) 
PARAMETRIC_REPRESENTATION_CONTEXT() REPRESENTATION_CONTEXT('2D SPACE',''
  ) );
#10687 = ADVANCED_FACE('',(#10688,#10691),#10116,.F.);
#10688 = FACE_BOUND('',#10689,.F.);
#10689 = EDGE_LOOP('',(#10690));
#10690 = ORIENTED_EDGE('',*,*,#10099,.T.);
#10691 = FACE_BOUND('',#10692,.F.);
#10692 = EDGE_LOOP('',(#10693));
#10693 = ORIENTED_EDGE('',*,*,#10694,.T.);
#10694 = EDGE_CURVE('',#10695,#10695,#10697,.T.);
#10695 = VERTEX_POINT('',#10696);
#10696 = CARTESIAN_POINT('',(49.5,68.,34.85));
#10697 = SURFACE_CURVE('',#10698,(#10703,#10714),.PCURVE_S1.);
#10698 = CIRCLE('',#10699,1.);
#10699 = AXIS2_PLACEMENT_3D('',#10700,#10701,#10702);
#10700 = CARTESIAN_POINT('',(48.5,68.,34.85));
#10701 = DIRECTION('',(0.,0.,-1.));
#10702 = DIRECTION('',(1.,0.,0.));
#10703 = PCURVE('',#10116,#10704);
#10704 = DEFINITIONAL_REPRESENTATION('',(#10705),#10713);
#10705 = ( BOUNDED_CURVE() B_SPLINE_CURVE(2,(#10706,#10707,#10708,#10709
    ,#10710,#10711,#10712),.UNSPECIFIED.,.T.,.F.) 
B_SPLINE_CURVE_WITH_KNOTS((1,2,2,2,2,1),(-2.094395102393,0.,
    2.094395102393,4.188790204786,6.28318530718,8.377580409573),
.UNSPECIFIED.) CURVE() GEOMETRIC_REPRESENTATION_ITEM() 
RATIONAL_B_SPLINE_CURVE((1.,0.5,1.,0.5,1.,0.5,1.)) REPRESENTATION_ITEM(
  '') );
#10706 = CARTESIAN_POINT('',(1.,0.));
#10707 = CARTESIAN_POINT('',(1.,-1.732050807569));
#10708 = CARTESIAN_POINT('',(-0.5,-0.866025403784));
#10709 = CARTESIAN_POINT('',(-2.,-2.449293598295E-16));
#10710 = CARTESIAN_POINT('',(-0.5,0.866025403784));
#10711 = CARTESIAN_POINT('',(1.,1.732050807569));
#10712 = CARTESIAN_POINT('',(1.,0.));
#10713 = ( GEOMETRIC_REPRESENTATION_CONTEXT(2) 
PARAMETRIC_REPRESENTATION_CONTEXT() REPRESENTATION_CONTEXT('2D SPACE',''
  ) );
#10714 = PCURVE('',#10715,#10720);
#10715 = CYLINDRICAL_SURFACE('',#10716,1.);
#10716 = AXIS2_PLACEMENT_3D('',#10717,#10718,#10719);
#10717 = CARTESIAN_POINT('',(48.5,68.,34.7));
#10718 = DIRECTION('',(-0.,-0.,-1.));
#10719 = DIRECTION('',(1.,0.,0.));
#10720 = DEFINITIONAL_REPRESENTATION('',(#10721),#10725);
#10721 = LINE('',#10722,#10723);
#10722 = CARTESIAN_POINT('',(-6.28318530718,-0.15));
#10723 = VECTOR('',#10724,1.);
#10724 = DIRECTION('',(1.,-0.));
#10725 = ( GEOMETRIC_REPRESENTATION_CONTEXT(2) 
PARAMETRIC_REPRESENTATION_CONTEXT() REPRESENTATION_CONTEXT('2D SPACE',''
  ) );
#10726 = ADVANCED_FACE('',(#10727),#10442,.F.);
#10727 = FACE_BOUND('',#10728,.T.);
#10728 = EDGE_LOOP('',(#10729,#10730,#10753,#10780));
#10729 = ORIENTED_EDGE('',*,*,#10421,.T.);
#10730 = ORIENTED_EDGE('',*,*,#10731,.T.);
#10731 = EDGE_CURVE('',#10422,#10732,#10734,.T.);
#10732 = VERTEX_POINT('',#10733);
#10733 = CARTESIAN_POINT('',(13.,83.,39.3));
#10734 = SEAM_CURVE('',#10735,(#10739,#10746),.PCURVE_S1.);
#10735 = LINE('',#10736,#10737);
#10736 = CARTESIAN_POINT('',(13.,83.,30.7));
#10737 = VECTOR('',#10738,1.);
#10738 = DIRECTION('',(0.,0.,1.));
#10739 = PCURVE('',#10442,#10740);
#10740 = DEFINITIONAL_REPRESENTATION('',(#10741),#10745);
#10741 = LINE('',#10742,#10743);
#10742 = CARTESIAN_POINT('',(-6.28318530718,0.));
#10743 = VECTOR('',#10744,1.);
#10744 = DIRECTION('',(-0.,-1.));
#10745 = ( GEOMETRIC_REPRESENTATION_CONTEXT(2) 
PARAMETRIC_REPRESENTATION_CONTEXT() REPRESENTATION_CONTEXT('2D SPACE',''
  ) );
#10746 = PCURVE('',#10442,#10747);
#10747 = DEFINITIONAL_REPRESENTATION('',(#10748),#10752);
#10748 = LINE('',#10749,#10750);
#10749 = CARTESIAN_POINT('',(-0.,0.));
#10750 = VECTOR('',#10751,1.);
#10751 = DIRECTION('',(-0.,-1.));
#10752 = ( GEOMETRIC_REPRESENTATION_CONTEXT(2) 
PARAMETRIC_REPRESENTATION_CONTEXT() REPRESENTATION_CONTEXT('2D SPACE',''
  ) );
#10753 = ORIENTED_EDGE('',*,*,#10754,.T.);
#10754 = EDGE_CURVE('',#10732,#10732,#10755,.T.);
#10755 = SURFACE_CURVE('',#10756,(#10761,#10768),.PCURVE_S1.);
#10756 = CIRCLE('',#10757,1.);
#10757 = AXIS2_PLACEMENT_3D('',#10758,#10759,#10760);
#10758 = CARTESIAN_POINT('',(12.,83.,39.3));
#10759 = DIRECTION('',(0.,0.,1.));
#10760 = DIRECTION('',(1.,0.,0.));
#10761 = PCURVE('',#10442,#10762);
#10762 = DEFINITIONAL_REPRESENTATION('',(#10763),#10767);
#10763 = LINE('',#10764,#10765);
#10764 = CARTESIAN_POINT('',(-0.,-8.6));
#10765 = VECTOR('',#10766,1.);
#10766 = DIRECTION('',(-1.,0.));
#10767 = ( GEOMETRIC_REPRESENTATION_CONTEXT(2) 
PARAMETRIC_REPRESENTATION_CONTEXT() REPRESENTATION_CONTEXT('2D SPACE',''
  ) );
#10768 = PCURVE('',#10769,#10774);
#10769 = PLANE('',#10770);
#10770 = AXIS2_PLACEMENT_3D('',#10771,#10772,#10773);
#10771 = CARTESIAN_POINT('',(12.,83.,39.3));
#10772 = DIRECTION('',(0.,0.,1.));
#10773 = DIRECTION('',(1.,0.,-0.));
#10774 = DEFINITIONAL_REPRESENTATION('',(#10775),#10779);
#10775 = CIRCLE('',#10776,1.);
#10776 = AXIS2_PLACEMENT_2D('',#10777,#10778);
#10777 = CARTESIAN_POINT('',(0.,-1.42108547152E-14));
#10778 = DIRECTION('',(1.,0.));
#10779 = ( GEOMETRIC_REPRESENTATION_CONTEXT(2) 
PARAMETRIC_REPRESENTATION_CONTEXT() REPRESENTATION_CONTEXT('2D SPACE',''
  ) );
#10780 = ORIENTED_EDGE('',*,*,#10731,.F.);
#10781 = ADVANCED_FACE('',(#10782),#10481,.F.);
#10782 = FACE_BOUND('',#10783,.T.);
#10783 = EDGE_LOOP('',(#10784,#10785,#10808,#10835));
#10784 = ORIENTED_EDGE('',*,*,#10460,.T.);
#10785 = ORIENTED_EDGE('',*,*,#10786,.T.);
#10786 = EDGE_CURVE('',#10461,#10787,#10789,.T.);
#10787 = VERTEX_POINT('',#10788);
#10788 = CARTESIAN_POINT('',(68.,83.,39.3));
#10789 = SEAM_CURVE('',#10790,(#10794,#10801),.PCURVE_S1.);
#10790 = LINE('',#10791,#10792);
#10791 = CARTESIAN_POINT('',(68.,83.,30.7));
#10792 = VECTOR('',#10793,1.);
#10793 = DIRECTION('',(0.,0.,1.));
#10794 = PCURVE('',#10481,#10795);
#10795 = DEFINITIONAL_REPRESENTATION('',(#10796),#10800);
#10796 = LINE('',#10797,#10798);
#10797 = CARTESIAN_POINT('',(-6.28318530718,0.));
#10798 = VECTOR('',#10799,1.);
#10799 = DIRECTION('',(-0.,-1.));
#10800 = ( GEOMETRIC_REPRESENTATION_CONTEXT(2) 
PARAMETRIC_REPRESENTATION_CONTEXT() REPRESENTATION_CONTEXT('2D SPACE',''
  ) );
#10801 = PCURVE('',#10481,#10802);
#10802 = DEFINITIONAL_REPRESENTATION('',(#10803),#10807);
#10803 = LINE('',#10804,#10805);
#10804 = CARTESIAN_POINT('',(-0.,0.));
#10805 = VECTOR('',#10806,1.);
#10806 = DIRECTION('',(-0.,-1.));
#10807 = ( GEOMETRIC_REPRESENTATION_CONTEXT(2) 
PARAMETRIC_REPRESENTATION_CONTEXT() REPRESENTATION_CONTEXT('2D SPACE',''
  ) );
#10808 = ORIENTED_EDGE('',*,*,#10809,.T.);
#10809 = EDGE_CURVE('',#10787,#10787,#10810,.T.);
#10810 = SURFACE_CURVE('',#10811,(#10816,#10823),.PCURVE_S1.);
#10811 = CIRCLE('',#10812,1.);
#10812 = AXIS2_PLACEMENT_3D('',#10813,#10814,#10815);
#10813 = CARTESIAN_POINT('',(67.,83.,39.3));
#10814 = DIRECTION('',(0.,0.,1.));
#10815 = DIRECTION('',(1.,0.,0.));
#10816 = PCURVE('',#10481,#10817);
#10817 = DEFINITIONAL_REPRESENTATION('',(#10818),#10822);
#10818 = LINE('',#10819,#10820);
#10819 = CARTESIAN_POINT('',(-0.,-8.6));
#10820 = VECTOR('',#10821,1.);
#10821 = DIRECTION('',(-1.,0.));
#10822 = ( GEOMETRIC_REPRESENTATION_CONTEXT(2) 
PARAMETRIC_REPRESENTATION_CONTEXT() REPRESENTATION_CONTEXT('2D SPACE',''
  ) );
#10823 = PCURVE('',#10824,#10829);
#10824 = PLANE('',#10825);
#10825 = AXIS2_PLACEMENT_3D('',#10826,#10827,#10828);
#10826 = CARTESIAN_POINT('',(67.,83.,39.3));
#10827 = DIRECTION('',(0.,0.,1.));
#10828 = DIRECTION('',(1.,0.,-0.));
#10829 = DEFINITIONAL_REPRESENTATION('',(#10830),#10834);
#10830 = CIRCLE('',#10831,1.);
#10831 = AXIS2_PLACEMENT_2D('',#10832,#10833);
#10832 = CARTESIAN_POINT('',(0.,-1.42108547152E-14));
#10833 = DIRECTION('',(1.,0.));
#10834 = ( GEOMETRIC_REPRESENTATION_CONTEXT(2) 
PARAMETRIC_REPRESENTATION_CONTEXT() REPRESENTATION_CONTEXT('2D SPACE',''
  ) );
#10835 = ORIENTED_EDGE('',*,*,#10786,.F.);
#10836 = ADVANCED_FACE('',(#10837),#10520,.F.);
#10837 = FACE_BOUND('',#10838,.T.);
#10838 = EDGE_LOOP('',(#10839,#10840,#10863,#10890));
#10839 = ORIENTED_EDGE('',*,*,#10499,.T.);
#10840 = ORIENTED_EDGE('',*,*,#10841,.T.);
#10841 = EDGE_CURVE('',#10500,#10842,#10844,.T.);
#10842 = VERTEX_POINT('',#10843);
#10843 = CARTESIAN_POINT('',(31.5,48.,39.3));
#10844 = SEAM_CURVE('',#10845,(#10849,#10856),.PCURVE_S1.);
#10845 = LINE('',#10846,#10847);
#10846 = CARTESIAN_POINT('',(31.5,48.,34.7));
#10847 = VECTOR('',#10848,1.);
#10848 = DIRECTION('',(0.,0.,1.));
#10849 = PCURVE('',#10520,#10850);
#10850 = DEFINITIONAL_REPRESENTATION('',(#10851),#10855);
#10851 = LINE('',#10852,#10853);
#10852 = CARTESIAN_POINT('',(-6.28318530718,0.));
#10853 = VECTOR('',#10854,1.);
#10854 = DIRECTION('',(-0.,-1.));
#10855 = ( GEOMETRIC_REPRESENTATION_CONTEXT(2) 
PARAMETRIC_REPRESENTATION_CONTEXT() REPRESENTATION_CONTEXT('2D SPACE',''
  ) );
#10856 = PCURVE('',#10520,#10857);
#10857 = DEFINITIONAL_REPRESENTATION('',(#10858),#10862);
#10858 = LINE('',#10859,#10860);
#10859 = CARTESIAN_POINT('',(-0.,0.));
#10860 = VECTOR('',#10861,1.);
#10861 = DIRECTION('',(-0.,-1.));
#10862 = ( GEOMETRIC_REPRESENTATION_CONTEXT(2) 
PARAMETRIC_REPRESENTATION_CONTEXT() REPRESENTATION_CONTEXT('2D SPACE',''
  ) );
#10863 = ORIENTED_EDGE('',*,*,#10864,.T.);
#10864 = EDGE_CURVE('',#10842,#10842,#10865,.T.);
#10865 = SURFACE_CURVE('',#10866,(#10871,#10878),.PCURVE_S1.);
#10866 = CIRCLE('',#10867,1.);
#10867 = AXIS2_PLACEMENT_3D('',#10868,#10869,#10870);
#10868 = CARTESIAN_POINT('',(30.5,48.,39.3));
#10869 = DIRECTION('',(0.,0.,1.));
#10870 = DIRECTION('',(1.,0.,0.));
#10871 = PCURVE('',#10520,#10872);
#10872 = DEFINITIONAL_REPRESENTATION('',(#10873),#10877);
#10873 = LINE('',#10874,#10875);
#10874 = CARTESIAN_POINT('',(-0.,-4.6));
#10875 = VECTOR('',#10876,1.);
#10876 = DIRECTION('',(-1.,0.));
#10877 = ( GEOMETRIC_REPRESENTATION_CONTEXT(2) 
PARAMETRIC_REPRESENTATION_CONTEXT() REPRESENTATION_CONTEXT('2D SPACE',''
  ) );
#10878 = PCURVE('',#10879,#10884);
#10879 = PLANE('',#10880);
#10880 = AXIS2_PLACEMENT_3D('',#10881,#10882,#10883);
#10881 = CARTESIAN_POINT('',(30.5,48.,39.3));
#10882 = DIRECTION('',(0.,0.,1.));
#10883 = DIRECTION('',(1.,0.,-0.));
#10884 = DEFINITIONAL_REPRESENTATION('',(#10885),#10889);
#10885 = CIRCLE('',#10886,1.);
#10886 = AXIS2_PLACEMENT_2D('',#10887,#10888);
#10887 = CARTESIAN_POINT('',(-3.552713678801E-15,0.));
#10888 = DIRECTION('',(1.,0.));
#10889 = ( GEOMETRIC_REPRESENTATION_CONTEXT(2) 
PARAMETRIC_REPRESENTATION_CONTEXT() REPRESENTATION_CONTEXT('2D SPACE',''
  ) );
#10890 = ORIENTED_EDGE('',*,*,#10841,.F.);
#10891 = ADVANCED_FACE('',(#10892),#10559,.F.);
#10892 = FACE_BOUND('',#10893,.T.);
#10893 = EDGE_LOOP('',(#10894,#10895,#10918,#10945));
#10894 = ORIENTED_EDGE('',*,*,#10538,.T.);
#10895 = ORIENTED_EDGE('',*,*,#10896,.T.);
#10896 = EDGE_CURVE('',#10539,#10897,#10899,.T.);
#10897 = VERTEX_POINT('',#10898);
#10898 = CARTESIAN_POINT('',(31.5,58.,39.3));
#10899 = SEAM_CURVE('',#10900,(#10904,#10911),.PCURVE_S1.);
#10900 = LINE('',#10901,#10902);
#10901 = CARTESIAN_POINT('',(31.5,58.,34.7));
#10902 = VECTOR('',#10903,1.);
#10903 = DIRECTION('',(0.,0.,1.));
#10904 = PCURVE('',#10559,#10905);
#10905 = DEFINITIONAL_REPRESENTATION('',(#10906),#10910);
#10906 = LINE('',#10907,#10908);
#10907 = CARTESIAN_POINT('',(-6.28318530718,0.));
#10908 = VECTOR('',#10909,1.);
#10909 = DIRECTION('',(-0.,-1.));
#10910 = ( GEOMETRIC_REPRESENTATION_CONTEXT(2) 
PARAMETRIC_REPRESENTATION_CONTEXT() REPRESENTATION_CONTEXT('2D SPACE',''
  ) );
#10911 = PCURVE('',#10559,#10912);
#10912 = DEFINITIONAL_REPRESENTATION('',(#10913),#10917);
#10913 = LINE('',#10914,#10915);
#10914 = CARTESIAN_POINT('',(-0.,0.));
#10915 = VECTOR('',#10916,1.);
#10916 = DIRECTION('',(-0.,-1.));
#10917 = ( GEOMETRIC_REPRESENTATION_CONTEXT(2) 
PARAMETRIC_REPRESENTATION_CONTEXT() REPRESENTATION_CONTEXT('2D SPACE',''
  ) );
#10918 = ORIENTED_EDGE('',*,*,#10919,.T.);
#10919 = EDGE_CURVE('',#10897,#10897,#10920,.T.);
#10920 = SURFACE_CURVE('',#10921,(#10926,#10933),.PCURVE_S1.);
#10921 = CIRCLE('',#10922,1.);
#10922 = AXIS2_PLACEMENT_3D('',#10923,#10924,#10925);
#10923 = CARTESIAN_POINT('',(30.5,58.,39.3));
#10924 = DIRECTION('',(0.,0.,1.));
#10925 = DIRECTION('',(1.,0.,0.));
#10926 = PCURVE('',#10559,#10927);
#10927 = DEFINITIONAL_REPRESENTATION('',(#10928),#10932);
#10928 = LINE('',#10929,#10930);
#10929 = CARTESIAN_POINT('',(-0.,-4.6));
#10930 = VECTOR('',#10931,1.);
#10931 = DIRECTION('',(-1.,0.));
#10932 = ( GEOMETRIC_REPRESENTATION_CONTEXT(2) 
PARAMETRIC_REPRESENTATION_CONTEXT() REPRESENTATION_CONTEXT('2D SPACE',''
  ) );
#10933 = PCURVE('',#10934,#10939);
#10934 = PLANE('',#10935);
#10935 = AXIS2_PLACEMENT_3D('',#10936,#10937,#10938);
#10936 = CARTESIAN_POINT('',(30.5,58.,39.3));
#10937 = DIRECTION('',(0.,0.,1.));
#10938 = DIRECTION('',(1.,0.,-0.));
#10939 = DEFINITIONAL_REPRESENTATION('',(#10940),#10944);
#10940 = CIRCLE('',#10941,1.);
#10941 = AXIS2_PLACEMENT_2D('',#10942,#10943);
#10942 = CARTESIAN_POINT('',(-3.552713678801E-15,-7.105427357601E-15));
#10943 = DIRECTION('',(1.,0.));
#10944 = ( GEOMETRIC_REPRESENTATION_CONTEXT(2) 
PARAMETRIC_REPRESENTATION_CONTEXT() REPRESENTATION_CONTEXT('2D SPACE',''
  ) );
#10945 = ORIENTED_EDGE('',*,*,#10896,.F.);
#10946 = ADVANCED_FACE('',(#10947),#10598,.F.);
#10947 = FACE_BOUND('',#10948,.T.);
#10948 = EDGE_LOOP('',(#10949,#10950,#10973,#11000));
#10949 = ORIENTED_EDGE('',*,*,#10577,.T.);
#10950 = ORIENTED_EDGE('',*,*,#10951,.T.);
#10951 = EDGE_CURVE('',#10578,#10952,#10954,.T.);
#10952 = VERTEX_POINT('',#10953);
#10953 = CARTESIAN_POINT('',(31.5,68.,39.3));
#10954 = SEAM_CURVE('',#10955,(#10959,#10966),.PCURVE_S1.);
#10955 = LINE('',#10956,#10957);
#10956 = CARTESIAN_POINT('',(31.5,68.,34.7));
#10957 = VECTOR('',#10958,1.);
#10958 = DIRECTION('',(0.,0.,1.));
#10959 = PCURVE('',#10598,#10960);
#10960 = DEFINITIONAL_REPRESENTATION('',(#10961),#10965);
#10961 = LINE('',#10962,#10963);
#10962 = CARTESIAN_POINT('',(-6.28318530718,0.));
#10963 = VECTOR('',#10964,1.);
#10964 = DIRECTION('',(-0.,-1.));
#10965 = ( GEOMETRIC_REPRESENTATION_CONTEXT(2) 
PARAMETRIC_REPRESENTATION_CONTEXT() REPRESENTATION_CONTEXT('2D SPACE',''
  ) );
#10966 = PCURVE('',#10598,#10967);
#10967 = DEFINITIONAL_REPRESENTATION('',(#10968),#10972);
#10968 = LINE('',#10969,#10970);
#10969 = CARTESIAN_POINT('',(-0.,0.));
#10970 = VECTOR('',#10971,1.);
#10971 = DIRECTION('',(-0.,-1.));
#10972 = ( GEOMETRIC_REPRESENTATION_CONTEXT(2) 
PARAMETRIC_REPRESENTATION_CONTEXT() REPRESENTATION_CONTEXT('2D SPACE',''
  ) );
#10973 = ORIENTED_EDGE('',*,*,#10974,.T.);
#10974 = EDGE_CURVE('',#10952,#10952,#10975,.T.);
#10975 = SURFACE_CURVE('',#10976,(#10981,#10988),.PCURVE_S1.);
#10976 = CIRCLE('',#10977,1.);
#10977 = AXIS2_PLACEMENT_3D('',#10978,#10979,#10980);
#10978 = CARTESIAN_POINT('',(30.5,68.,39.3));
#10979 = DIRECTION('',(0.,0.,1.));
#10980 = DIRECTION('',(1.,0.,0.));
#10981 = PCURVE('',#10598,#10982);
#10982 = DEFINITIONAL_REPRESENTATION('',(#10983),#10987);
#10983 = LINE('',#10984,#10985);
#10984 = CARTESIAN_POINT('',(-0.,-4.6));
#10985 = VECTOR('',#10986,1.);
#10986 = DIRECTION('',(-1.,0.));
#10987 = ( GEOMETRIC_REPRESENTATION_CONTEXT(2) 
PARAMETRIC_REPRESENTATION_CONTEXT() REPRESENTATION_CONTEXT('2D SPACE',''
  ) );
#10988 = PCURVE('',#10989,#10994);
#10989 = PLANE('',#10990);
#10990 = AXIS2_PLACEMENT_3D('',#10991,#10992,#10993);
#10991 = CARTESIAN_POINT('',(30.5,68.,39.3));
#10992 = DIRECTION('',(0.,0.,1.));
#10993 = DIRECTION('',(1.,0.,-0.));
#10994 = DEFINITIONAL_REPRESENTATION('',(#10995),#10999);
#10995 = CIRCLE('',#10996,1.);
#10996 = AXIS2_PLACEMENT_2D('',#10997,#10998);
#10997 = CARTESIAN_POINT('',(0.,0.));
#10998 = DIRECTION('',(1.,0.));
#10999 = ( GEOMETRIC_REPRESENTATION_CONTEXT(2) 
PARAMETRIC_REPRESENTATION_CONTEXT() REPRESENTATION_CONTEXT('2D SPACE',''
  ) );
#11000 = ORIENTED_EDGE('',*,*,#10951,.F.);
#11001 = ADVANCED_FACE('',(#11002),#10637,.F.);
#11002 = FACE_BOUND('',#11003,.T.);
#11003 = EDGE_LOOP('',(#11004,#11005,#11028,#11055));
#11004 = ORIENTED_EDGE('',*,*,#10616,.T.);
#11005 = ORIENTED_EDGE('',*,*,#11006,.T.);
#11006 = EDGE_CURVE('',#10617,#11007,#11009,.T.);
#11007 = VERTEX_POINT('',#11008);
#11008 = CARTESIAN_POINT('',(49.5,48.,39.3));
#11009 = SEAM_CURVE('',#11010,(#11014,#11021),.PCURVE_S1.);
#11010 = LINE('',#11011,#11012);
#11011 = CARTESIAN_POINT('',(49.5,48.,34.7));
#11012 = VECTOR('',#11013,1.);
#11013 = DIRECTION('',(0.,0.,1.));
#11014 = PCURVE('',#10637,#11015);
#11015 = DEFINITIONAL_REPRESENTATION('',(#11016),#11020);
#11016 = LINE('',#11017,#11018);
#11017 = CARTESIAN_POINT('',(-6.28318530718,0.));
#11018 = VECTOR('',#11019,1.);
#11019 = DIRECTION('',(-0.,-1.));
#11020 = ( GEOMETRIC_REPRESENTATION_CONTEXT(2) 
PARAMETRIC_REPRESENTATION_CONTEXT() REPRESENTATION_CONTEXT('2D SPACE',''
  ) );
#11021 = PCURVE('',#10637,#11022);
#11022 = DEFINITIONAL_REPRESENTATION('',(#11023),#11027);
#11023 = LINE('',#11024,#11025);
#11024 = CARTESIAN_POINT('',(-0.,0.));
#11025 = VECTOR('',#11026,1.);
#11026 = DIRECTION('',(-0.,-1.));
#11027 = ( GEOMETRIC_REPRESENTATION_CONTEXT(2) 
PARAMETRIC_REPRESENTATION_CONTEXT() REPRESENTATION_CONTEXT('2D SPACE',''
  ) );
#11028 = ORIENTED_EDGE('',*,*,#11029,.T.);
#11029 = EDGE_CURVE('',#11007,#11007,#11030,.T.);
#11030 = SURFACE_CURVE('',#11031,(#11036,#11043),.PCURVE_S1.);
#11031 = CIRCLE('',#11032,1.);
#11032 = AXIS2_PLACEMENT_3D('',#11033,#11034,#11035);
#11033 = CARTESIAN_POINT('',(48.5,48.,39.3));
#11034 = DIRECTION('',(0.,0.,1.));
#11035 = DIRECTION('',(1.,0.,0.));
#11036 = PCURVE('',#10637,#11037);
#11037 = DEFINITIONAL_REPRESENTATION('',(#11038),#11042);
#11038 = LINE('',#11039,#11040);
#11039 = CARTESIAN_POINT('',(-0.,-4.6));
#11040 = VECTOR('',#11041,1.);
#11041 = DIRECTION('',(-1.,0.));
#11042 = ( GEOMETRIC_REPRESENTATION_CONTEXT(2) 
PARAMETRIC_REPRESENTATION_CONTEXT() REPRESENTATION_CONTEXT('2D SPACE',''
  ) );
#11043 = PCURVE('',#11044,#11049);
#11044 = PLANE('',#11045);
#11045 = AXIS2_PLACEMENT_3D('',#11046,#11047,#11048);
#11046 = CARTESIAN_POINT('',(48.5,48.,39.3));
#11047 = DIRECTION('',(0.,0.,1.));
#11048 = DIRECTION('',(1.,0.,-0.));
#11049 = DEFINITIONAL_REPRESENTATION('',(#11050),#11054);
#11050 = CIRCLE('',#11051,1.);
#11051 = AXIS2_PLACEMENT_2D('',#11052,#11053);
#11052 = CARTESIAN_POINT('',(0.,0.));
#11053 = DIRECTION('',(1.,0.));
#11054 = ( GEOMETRIC_REPRESENTATION_CONTEXT(2) 
PARAMETRIC_REPRESENTATION_CONTEXT() REPRESENTATION_CONTEXT('2D SPACE',''
  ) );
#11055 = ORIENTED_EDGE('',*,*,#11006,.F.);
#11056 = ADVANCED_FACE('',(#11057),#10676,.F.);
#11057 = FACE_BOUND('',#11058,.T.);
#11058 = EDGE_LOOP('',(#11059,#11060,#11083,#11110));
#11059 = ORIENTED_EDGE('',*,*,#10655,.T.);
#11060 = ORIENTED_EDGE('',*,*,#11061,.T.);
#11061 = EDGE_CURVE('',#10656,#11062,#11064,.T.);
#11062 = VERTEX_POINT('',#11063);
#11063 = CARTESIAN_POINT('',(49.5,58.,39.3));
#11064 = SEAM_CURVE('',#11065,(#11069,#11076),.PCURVE_S1.);
#11065 = LINE('',#11066,#11067);
#11066 = CARTESIAN_POINT('',(49.5,58.,34.7));
#11067 = VECTOR('',#11068,1.);
#11068 = DIRECTION('',(0.,0.,1.));
#11069 = PCURVE('',#10676,#11070);
#11070 = DEFINITIONAL_REPRESENTATION('',(#11071),#11075);
#11071 = LINE('',#11072,#11073);
#11072 = CARTESIAN_POINT('',(-6.28318530718,0.));
#11073 = VECTOR('',#11074,1.);
#11074 = DIRECTION('',(-0.,-1.));
#11075 = ( GEOMETRIC_REPRESENTATION_CONTEXT(2) 
PARAMETRIC_REPRESENTATION_CONTEXT() REPRESENTATION_CONTEXT('2D SPACE',''
  ) );
#11076 = PCURVE('',#10676,#11077);
#11077 = DEFINITIONAL_REPRESENTATION('',(#11078),#11082);
#11078 = LINE('',#11079,#11080);
#11079 = CARTESIAN_POINT('',(-0.,0.));
#11080 = VECTOR('',#11081,1.);
#11081 = DIRECTION('',(-0.,-1.));
#11082 = ( GEOMETRIC_REPRESENTATION_CONTEXT(2) 
PARAMETRIC_REPRESENTATION_CONTEXT() REPRESENTATION_CONTEXT('2D SPACE',''
  ) );
#11083 = ORIENTED_EDGE('',*,*,#11084,.T.);
#11084 = EDGE_CURVE('',#11062,#11062,#11085,.T.);
#11085 = SURFACE_CURVE('',#11086,(#11091,#11098),.PCURVE_S1.);
#11086 = CIRCLE('',#11087,1.);
#11087 = AXIS2_PLACEMENT_3D('',#11088,#11089,#11090);
#11088 = CARTESIAN_POINT('',(48.5,58.,39.3));
#11089 = DIRECTION('',(0.,0.,1.));
#11090 = DIRECTION('',(1.,0.,0.));
#11091 = PCURVE('',#10676,#11092);
#11092 = DEFINITIONAL_REPRESENTATION('',(#11093),#11097);
#11093 = LINE('',#11094,#11095);
#11094 = CARTESIAN_POINT('',(-0.,-4.6));
#11095 = VECTOR('',#11096,1.);
#11096 = DIRECTION('',(-1.,0.));
#11097 = ( GEOMETRIC_REPRESENTATION_CONTEXT(2) 
PARAMETRIC_REPRESENTATION_CONTEXT() REPRESENTATION_CONTEXT('2D SPACE',''
  ) );
#11098 = PCURVE('',#11099,#11104);
#11099 = PLANE('',#11100);
#11100 = AXIS2_PLACEMENT_3D('',#11101,#11102,#11103);
#11101 = CARTESIAN_POINT('',(48.5,58.,39.3));
#11102 = DIRECTION('',(0.,0.,1.));
#11103 = DIRECTION('',(1.,0.,-0.));
#11104 = DEFINITIONAL_REPRESENTATION('',(#11105),#11109);
#11105 = CIRCLE('',#11106,1.);
#11106 = AXIS2_PLACEMENT_2D('',#11107,#11108);
#11107 = CARTESIAN_POINT('',(0.,-7.105427357601E-15));
#11108 = DIRECTION('',(1.,0.));
#11109 = ( GEOMETRIC_REPRESENTATION_CONTEXT(2) 
PARAMETRIC_REPRESENTATION_CONTEXT() REPRESENTATION_CONTEXT('2D SPACE',''
  ) );
#11110 = ORIENTED_EDGE('',*,*,#11061,.F.);
#11111 = ADVANCED_FACE('',(#11112),#10715,.F.);
#11112 = FACE_BOUND('',#11113,.T.);
#11113 = EDGE_LOOP('',(#11114,#11115,#11138,#11165));
#11114 = ORIENTED_EDGE('',*,*,#10694,.T.);
#11115 = ORIENTED_EDGE('',*,*,#11116,.T.);
#11116 = EDGE_CURVE('',#10695,#11117,#11119,.T.);
#11117 = VERTEX_POINT('',#11118);
#11118 = CARTESIAN_POINT('',(49.5,68.,39.3));
#11119 = SEAM_CURVE('',#11120,(#11124,#11131),.PCURVE_S1.);
#11120 = LINE('',#11121,#11122);
#11121 = CARTESIAN_POINT('',(49.5,68.,34.7));
#11122 = VECTOR('',#11123,1.);
#11123 = DIRECTION('',(0.,0.,1.));
#11124 = PCURVE('',#10715,#11125);
#11125 = DEFINITIONAL_REPRESENTATION('',(#11126),#11130);
#11126 = LINE('',#11127,#11128);
#11127 = CARTESIAN_POINT('',(-6.28318530718,0.));
#11128 = VECTOR('',#11129,1.);
#11129 = DIRECTION('',(-0.,-1.));
#11130 = ( GEOMETRIC_REPRESENTATION_CONTEXT(2) 
PARAMETRIC_REPRESENTATION_CONTEXT() REPRESENTATION_CONTEXT('2D SPACE',''
  ) );
#11131 = PCURVE('',#10715,#11132);
#11132 = DEFINITIONAL_REPRESENTATION('',(#11133),#11137);
#11133 = LINE('',#11134,#11135);
#11134 = CARTESIAN_POINT('',(-0.,0.));
#11135 = VECTOR('',#11136,1.);
#11136 = DIRECTION('',(-0.,-1.));
#11137 = ( GEOMETRIC_REPRESENTATION_CONTEXT(2) 
PARAMETRIC_REPRESENTATION_CONTEXT() REPRESENTATION_CONTEXT('2D SPACE',''
  ) );
#11138 = ORIENTED_EDGE('',*,*,#11139,.T.);
#11139 = EDGE_CURVE('',#11117,#11117,#11140,.T.);
#11140 = SURFACE_CURVE('',#11141,(#11146,#11153),.PCURVE_S1.);
#11141 = CIRCLE('',#11142,1.);
#11142 = AXIS2_PLACEMENT_3D('',#11143,#11144,#11145);
#11143 = CARTESIAN_POINT('',(48.5,68.,39.3));
#11144 = DIRECTION('',(0.,0.,1.));
#11145 = DIRECTION('',(1.,0.,0.));
#11146 = PCURVE('',#10715,#11147);
#11147 = DEFINITIONAL_REPRESENTATION('',(#11148),#11152);
#11148 = LINE('',#11149,#11150);
#11149 = CARTESIAN_POINT('',(-0.,-4.6));
#11150 = VECTOR('',#11151,1.);
#11151 = DIRECTION('',(-1.,0.));
#11152 = ( GEOMETRIC_REPRESENTATION_CONTEXT(2) 
PARAMETRIC_REPRESENTATION_CONTEXT() REPRESENTATION_CONTEXT('2D SPACE',''
  ) );
#11153 = PCURVE('',#11154,#11159);
#11154 = PLANE('',#11155);
#11155 = AXIS2_PLACEMENT_3D('',#11156,#11157,#11158);
#11156 = CARTESIAN_POINT('',(48.5,68.,39.3));
#11157 = DIRECTION('',(0.,0.,1.));
#11158 = DIRECTION('',(1.,0.,-0.));
#11159 = DEFINITIONAL_REPRESENTATION('',(#11160),#11164);
#11160 = CIRCLE('',#11161,1.);
#11161 = AXIS2_PLACEMENT_2D('',#11162,#11163);
#11162 = CARTESIAN_POINT('',(0.,0.));
#11163 = DIRECTION('',(1.,0.));
#11164 = ( GEOMETRIC_REPRESENTATION_CONTEXT(2) 
PARAMETRIC_REPRESENTATION_CONTEXT() REPRESENTATION_CONTEXT('2D SPACE',''
  ) );
#11165 = ORIENTED_EDGE('',*,*,#11116,.F.);
#11166 = ADVANCED_FACE('',(#11167),#10769,.F.);
#11167 = FACE_BOUND('',#11168,.F.);
#11168 = EDGE_LOOP('',(#11169));
#11169 = ORIENTED_EDGE('',*,*,#10754,.T.);
#11170 = ADVANCED_FACE('',(#11171),#10824,.F.);
#11171 = FACE_BOUND('',#11172,.F.);
#11172 = EDGE_LOOP('',(#11173));
#11173 = ORIENTED_EDGE('',*,*,#10809,.T.);
#11174 = ADVANCED_FACE('',(#11175),#10879,.F.);
#11175 = FACE_BOUND('',#11176,.F.);
#11176 = EDGE_LOOP('',(#11177));
#11177 = ORIENTED_EDGE('',*,*,#10864,.T.);
#11178 = ADVANCED_FACE('',(#11179),#10934,.F.);
#11179 = FACE_BOUND('',#11180,.F.);
#11180 = EDGE_LOOP('',(#11181));
#11181 = ORIENTED_EDGE('',*,*,#10919,.T.);
#11182 = ADVANCED_FACE('',(#11183),#10989,.F.);
#11183 = FACE_BOUND('',#11184,.F.);
#11184 = EDGE_LOOP('',(#11185));
#11185 = ORIENTED_EDGE('',*,*,#10974,.T.);
#11186 = ADVANCED_FACE('',(#11187),#11044,.F.);
#11187 = FACE_BOUND('',#11188,.F.);
#11188 = EDGE_LOOP('',(#11189));
#11189 = ORIENTED_EDGE('',*,*,#11029,.T.);
#11190 = ADVANCED_FACE('',(#11191),#11099,.F.);
#11191 = FACE_BOUND('',#11192,.F.);
#11192 = EDGE_LOOP('',(#11193));
#11193 = ORIENTED_EDGE('',*,*,#11084,.T.);
#11194 = ADVANCED_FACE('',(#11195),#11154,.F.);
#11195 = FACE_BOUND('',#11196,.F.);
#11196 = EDGE_LOOP('',(#11197));
#11197 = ORIENTED_EDGE('',*,*,#11139,.T.);
#11198 = ( GEOMETRIC_REPRESENTATION_CONTEXT(3) 
GLOBAL_UNCERTAINTY_ASSIGNED_CONTEXT((#11202)) 
GLOBAL_UNIT_ASSIGNED_CONTEXT((#11199,#11200,#11201)) 
REPRESENTATION_CONTEXT('Context #1',
  '3D Context with UNIT and UNCERTAINTY') );
#11199 = ( LENGTH_UNIT() NAMED_UNIT(*) SI_UNIT(.MILLI.,.METRE.) );
#11200 = ( NAMED_UNIT(*) PLANE_ANGLE_UNIT() SI_UNIT($,.RADIAN.) );
#11201 = ( NAMED_UNIT(*) SI_UNIT($,.STERADIAN.) SOLID_ANGLE_UNIT() );
#11202 = UNCERTAINTY_MEASURE_WITH_UNIT(LENGTH_MEASURE(2.E-06),#11199,
  'distance_accuracy_value','confusion accuracy');
#11203 = PRODUCT_RELATED_PRODUCT_CATEGORY('part',$,(#7));
ENDSEC;
END-ISO-10303-21;
