ISO-10303-21;
HEADER;
FILE_DESCRIPTION(('Open CASCADE Model'),'2;1');
FILE_NAME('Open CASCADE Shape Model','2026-08-11T17:49:27',('Author'),(
    'Open CASCADE'),'Open CASCADE STEP processor 7.9','Open CASCADE 7.9'
  ,'Unknown');
FILE_SCHEMA(('AUTOMOTIVE_DESIGN { 1 0 10303 214 1 1 1 1 }'));
ENDSEC;
DATA;
#1 = APPLICATION_PROTOCOL_DEFINITION('international standard',
  'automotive_design',2000,#2);
#2 = APPLICATION_CONTEXT(
  'core data for automotive mechanical design processes');
#3 = SHAPE_DEFINITION_REPRESENTATION(#4,#10);
#4 = PRODUCT_DEFINITION_SHAPE('','',#5);
#5 = PRODUCT_DEFINITION('design','',#6,#9);
#6 = PRODUCT_DEFINITION_FORMATION('','',#7);
#7 = PRODUCT('Raspberry Pi 5 housing','Raspberry Pi 5 housing','',(#8));
#8 = PRODUCT_CONTEXT('',#2,'mechanical');
#9 = PRODUCT_DEFINITION_CONTEXT('part definition',#2,'design');
#10 = SHAPE_REPRESENTATION('',(#11,#15,#19),#23);
#11 = AXIS2_PLACEMENT_3D('',#12,#13,#14);
#12 = CARTESIAN_POINT('',(0.,0.,0.));
#13 = DIRECTION('',(0.,0.,1.));
#14 = DIRECTION('',(1.,0.,-0.));
#15 = AXIS2_PLACEMENT_3D('',#16,#17,#18);
#16 = CARTESIAN_POINT('',(0.,0.,0.));
#17 = DIRECTION('',(0.,0.,1.));
#18 = DIRECTION('',(1.,0.,-0.));
#19 = AXIS2_PLACEMENT_3D('',#20,#21,#22);
#20 = CARTESIAN_POINT('',(0.,0.,0.));
#21 = DIRECTION('',(0.,0.,1.));
#22 = DIRECTION('',(1.,0.,-0.));
#23 = ( GEOMETRIC_REPRESENTATION_CONTEXT(3) 
GLOBAL_UNCERTAINTY_ASSIGNED_CONTEXT((#27)) GLOBAL_UNIT_ASSIGNED_CONTEXT(
(#24,#25,#26)) REPRESENTATION_CONTEXT('Context #1',
  '3D Context with UNIT and UNCERTAINTY') );
#24 = ( LENGTH_UNIT() NAMED_UNIT(*) SI_UNIT(.MILLI.,.METRE.) );
#25 = ( NAMED_UNIT(*) PLANE_ANGLE_UNIT() SI_UNIT($,.RADIAN.) );
#26 = ( NAMED_UNIT(*) SI_UNIT($,.STERADIAN.) SOLID_ANGLE_UNIT() );
#27 = UNCERTAINTY_MEASURE_WITH_UNIT(LENGTH_MEASURE(1.E-06),#24,
  'distance_accuracy_value','confusion accuracy');
#28 = PRODUCT_RELATED_PRODUCT_CATEGORY('part',$,(#7));
#29 = SHAPE_DEFINITION_REPRESENTATION(#30,#36);
#30 = PRODUCT_DEFINITION_SHAPE('','',#31);
#31 = PRODUCT_DEFINITION('design','',#32,#35);
#32 = PRODUCT_DEFINITION_FORMATION('','',#33);
#33 = PRODUCT('base','base','',(#34));
#34 = PRODUCT_CONTEXT('',#2,'mechanical');
#35 = PRODUCT_DEFINITION_CONTEXT('part definition',#2,'design');
#36 = ADVANCED_BREP_SHAPE_REPRESENTATION('',(#11,#37),#4857);
#37 = MANIFOLD_SOLID_BREP('',#38);
#38 = CLOSED_SHELL('',(#39,#187,#431,#485,#643,#698,#778,#1027,#1054,
    #1104,#1207,#1283,#1514,#1563,#1869,#1876,#1963,#2402,#2447,#2474,
    #2501,#2528,#2555,#2582,#2609,#2616,#2679,#2966,#2994,#3049,#3136,
    #3199,#3227,#3282,#3369,#3427,#3434,#3461,#3487,#3514,#3520,#3546,
    #3573,#3579,#3606,#3661,#3716,#3771,#3826,#3881,#3936,#3991,#4046,
    #4073,#4112,#4151,#4190,#4229,#4268,#4307,#4346,#4385,#4440,#4495,
    #4550,#4605,#4660,#4715,#4770,#4825,#4829,#4833,#4837,#4841,#4845,
    #4849,#4853));
#39 = ADVANCED_FACE('',(#40),#54,.F.);
#40 = FACE_BOUND('',#41,.F.);
#41 = EDGE_LOOP('',(#42,#77,#105,#133,#161));
#42 = ORIENTED_EDGE('',*,*,#43,.F.);
#43 = EDGE_CURVE('',#44,#46,#48,.T.);
#44 = VERTEX_POINT('',#45);
#45 = CARTESIAN_POINT('',(0.,2.,25.));
#46 = VERTEX_POINT('',#47);
#47 = CARTESIAN_POINT('',(-1.110223024625E-16,94.2,25.));
#48 = SURFACE_CURVE('',#49,(#53,#65),.PCURVE_S1.);
#49 = LINE('',#50,#51);
#50 = CARTESIAN_POINT('',(0.,0.,25.));
#51 = VECTOR('',#52,1.);
#52 = DIRECTION('',(0.,1.,0.));
#53 = PCURVE('',#54,#59);
#54 = PLANE('',#55);
#55 = AXIS2_PLACEMENT_3D('',#56,#57,#58);
#56 = CARTESIAN_POINT('',(0.,0.,0.));
#57 = DIRECTION('',(1.,0.,0.));
#58 = DIRECTION('',(0.,0.,1.));
#59 = DEFINITIONAL_REPRESENTATION('',(#60),#64);
#60 = LINE('',#61,#62);
#61 = CARTESIAN_POINT('',(25.,0.));
#62 = VECTOR('',#63,1.);
#63 = DIRECTION('',(0.,-1.));
#64 = ( GEOMETRIC_REPRESENTATION_CONTEXT(2) 
PARAMETRIC_REPRESENTATION_CONTEXT() REPRESENTATION_CONTEXT('2D SPACE',''
  ) );
#65 = PCURVE('',#66,#71);
#66 = PLANE('',#67);
#67 = AXIS2_PLACEMENT_3D('',#68,#69,#70);
#68 = CARTESIAN_POINT('',(0.,0.,25.));
#69 = DIRECTION('',(0.,0.,1.));
#70 = DIRECTION('',(1.,0.,0.));
#71 = DEFINITIONAL_REPRESENTATION('',(#72),#76);
#72 = LINE('',#73,#74);
#73 = CARTESIAN_POINT('',(0.,0.));
#74 = VECTOR('',#75,1.);
#75 = DIRECTION('',(0.,1.));
#76 = ( GEOMETRIC_REPRESENTATION_CONTEXT(2) 
PARAMETRIC_REPRESENTATION_CONTEXT() REPRESENTATION_CONTEXT('2D SPACE',''
  ) );
#77 = ORIENTED_EDGE('',*,*,#78,.T.);
#78 = EDGE_CURVE('',#44,#79,#81,.T.);
#79 = VERTEX_POINT('',#80);
#80 = CARTESIAN_POINT('',(-5.551115123126E-17,0.8,23.8));
#81 = SURFACE_CURVE('',#82,(#86,#93),.PCURVE_S1.);
#82 = LINE('',#83,#84);
#83 = CARTESIAN_POINT('',(0.,2.,25.));
#84 = VECTOR('',#85,1.);
#85 = DIRECTION('',(0.,-0.707106781187,-0.707106781187));
#86 = PCURVE('',#54,#87);
#87 = DEFINITIONAL_REPRESENTATION('',(#88),#92);
#88 = LINE('',#89,#90);
#89 = CARTESIAN_POINT('',(25.,-2.));
#90 = VECTOR('',#91,1.);
#91 = DIRECTION('',(-0.707106781187,0.707106781187));
#92 = ( GEOMETRIC_REPRESENTATION_CONTEXT(2) 
PARAMETRIC_REPRESENTATION_CONTEXT() REPRESENTATION_CONTEXT('2D SPACE',''
  ) );
#93 = PCURVE('',#94,#99);
#94 = PLANE('',#95);
#95 = AXIS2_PLACEMENT_3D('',#96,#97,#98);
#96 = CARTESIAN_POINT('',(0.,2.,25.));
#97 = DIRECTION('',(0.,0.707106781187,-0.707106781187));
#98 = DIRECTION('',(0.,-0.707106781187,-0.707106781187));
#99 = DEFINITIONAL_REPRESENTATION('',(#100),#104);
#100 = LINE('',#101,#102);
#101 = CARTESIAN_POINT('',(0.,0.));
#102 = VECTOR('',#103,1.);
#103 = DIRECTION('',(1.,0.));
#104 = ( GEOMETRIC_REPRESENTATION_CONTEXT(2) 
PARAMETRIC_REPRESENTATION_CONTEXT() REPRESENTATION_CONTEXT('2D SPACE',''
  ) );
#105 = ORIENTED_EDGE('',*,*,#106,.F.);
#106 = EDGE_CURVE('',#107,#79,#109,.T.);
#107 = VERTEX_POINT('',#108);
#108 = CARTESIAN_POINT('',(-1.110223024625E-16,0.8,0.));
#109 = SURFACE_CURVE('',#110,(#114,#121),.PCURVE_S1.);
#110 = LINE('',#111,#112);
#111 = CARTESIAN_POINT('',(-1.110223024625E-16,0.8,0.));
#112 = VECTOR('',#113,1.);
#113 = DIRECTION('',(0.,0.,1.));
#114 = PCURVE('',#54,#115);
#115 = DEFINITIONAL_REPRESENTATION('',(#116),#120);
#116 = LINE('',#117,#118);
#117 = CARTESIAN_POINT('',(0.,-0.8));
#118 = VECTOR('',#119,1.);
#119 = DIRECTION('',(1.,0.));
#120 = ( GEOMETRIC_REPRESENTATION_CONTEXT(2) 
PARAMETRIC_REPRESENTATION_CONTEXT() REPRESENTATION_CONTEXT('2D SPACE',''
  ) );
#121 = PCURVE('',#122,#127);
#122 = CYLINDRICAL_SURFACE('',#123,0.8);
#123 = AXIS2_PLACEMENT_3D('',#124,#125,#126);
#124 = CARTESIAN_POINT('',(0.8,0.8,0.));
#125 = DIRECTION('',(0.,0.,1.));
#126 = DIRECTION('',(-1.,-0.,0.));
#127 = DEFINITIONAL_REPRESENTATION('',(#128),#132);
#128 = LINE('',#129,#130);
#129 = CARTESIAN_POINT('',(0.,0.));
#130 = VECTOR('',#131,1.);
#131 = DIRECTION('',(0.,1.));
#132 = ( GEOMETRIC_REPRESENTATION_CONTEXT(2) 
PARAMETRIC_REPRESENTATION_CONTEXT() REPRESENTATION_CONTEXT('2D SPACE',''
  ) );
#133 = ORIENTED_EDGE('',*,*,#134,.T.);
#134 = EDGE_CURVE('',#107,#135,#137,.T.);
#135 = VERTEX_POINT('',#136);
#136 = CARTESIAN_POINT('',(-1.110223024625E-16,94.2,0.));
#137 = SURFACE_CURVE('',#138,(#142,#149),.PCURVE_S1.);
#138 = LINE('',#139,#140);
#139 = CARTESIAN_POINT('',(0.,0.,0.));
#140 = VECTOR('',#141,1.);
#141 = DIRECTION('',(0.,1.,0.));
#142 = PCURVE('',#54,#143);
#143 = DEFINITIONAL_REPRESENTATION('',(#144),#148);
#144 = LINE('',#145,#146);
#145 = CARTESIAN_POINT('',(0.,0.));
#146 = VECTOR('',#147,1.);
#147 = DIRECTION('',(0.,-1.));
#148 = ( GEOMETRIC_REPRESENTATION_CONTEXT(2) 
PARAMETRIC_REPRESENTATION_CONTEXT() REPRESENTATION_CONTEXT('2D SPACE',''
  ) );
#149 = PCURVE('',#150,#155);
#150 = PLANE('',#151);
#151 = AXIS2_PLACEMENT_3D('',#152,#153,#154);
#152 = CARTESIAN_POINT('',(0.,0.,0.));
#153 = DIRECTION('',(0.,0.,1.));
#154 = DIRECTION('',(1.,0.,0.));
#155 = DEFINITIONAL_REPRESENTATION('',(#156),#160);
#156 = LINE('',#157,#158);
#157 = CARTESIAN_POINT('',(0.,0.));
#158 = VECTOR('',#159,1.);
#159 = DIRECTION('',(0.,1.));
#160 = ( GEOMETRIC_REPRESENTATION_CONTEXT(2) 
PARAMETRIC_REPRESENTATION_CONTEXT() REPRESENTATION_CONTEXT('2D SPACE',''
  ) );
#161 = ORIENTED_EDGE('',*,*,#162,.T.);
#162 = EDGE_CURVE('',#135,#46,#163,.T.);
#163 = SURFACE_CURVE('',#164,(#168,#175),.PCURVE_S1.);
#164 = LINE('',#165,#166);
#165 = CARTESIAN_POINT('',(-1.110223024625E-16,94.2,0.));
#166 = VECTOR('',#167,1.);
#167 = DIRECTION('',(0.,0.,1.));
#168 = PCURVE('',#54,#169);
#169 = DEFINITIONAL_REPRESENTATION('',(#170),#174);
#170 = LINE('',#171,#172);
#171 = CARTESIAN_POINT('',(0.,-94.2));
#172 = VECTOR('',#173,1.);
#173 = DIRECTION('',(1.,0.));
#174 = ( GEOMETRIC_REPRESENTATION_CONTEXT(2) 
PARAMETRIC_REPRESENTATION_CONTEXT() REPRESENTATION_CONTEXT('2D SPACE',''
  ) );
#175 = PCURVE('',#176,#181);
#176 = CYLINDRICAL_SURFACE('',#177,0.8);
#177 = AXIS2_PLACEMENT_3D('',#178,#179,#180);
#178 = CARTESIAN_POINT('',(0.8,94.2,0.));
#179 = DIRECTION('',(0.,0.,1.));
#180 = DIRECTION('',(-1.,-0.,0.));
#181 = DEFINITIONAL_REPRESENTATION('',(#182),#186);
#182 = LINE('',#183,#184);
#183 = CARTESIAN_POINT('',(-0.,0.));
#184 = VECTOR('',#185,1.);
#185 = DIRECTION('',(-0.,1.));
#186 = ( GEOMETRIC_REPRESENTATION_CONTEXT(2) 
PARAMETRIC_REPRESENTATION_CONTEXT() REPRESENTATION_CONTEXT('2D SPACE',''
  ) );
#187 = ADVANCED_FACE('',(#188),#66,.T.);
#188 = FACE_BOUND('',#189,.T.);
#189 = EDGE_LOOP('',(#190,#191,#214,#240,#266,#292,#320,#348,#377,#405)
  );
#190 = ORIENTED_EDGE('',*,*,#43,.F.);
#191 = ORIENTED_EDGE('',*,*,#192,.T.);
#192 = EDGE_CURVE('',#44,#193,#195,.T.);
#193 = VERTEX_POINT('',#194);
#194 = CARTESIAN_POINT('',(2.,2.,25.));
#195 = SURFACE_CURVE('',#196,(#200,#207),.PCURVE_S1.);
#196 = LINE('',#197,#198);
#197 = CARTESIAN_POINT('',(0.,2.,25.));
#198 = VECTOR('',#199,1.);
#199 = DIRECTION('',(1.,0.,0.));
#200 = PCURVE('',#66,#201);
#201 = DEFINITIONAL_REPRESENTATION('',(#202),#206);
#202 = LINE('',#203,#204);
#203 = CARTESIAN_POINT('',(0.,2.));
#204 = VECTOR('',#205,1.);
#205 = DIRECTION('',(1.,0.));
#206 = ( GEOMETRIC_REPRESENTATION_CONTEXT(2) 
PARAMETRIC_REPRESENTATION_CONTEXT() REPRESENTATION_CONTEXT('2D SPACE',''
  ) );
#207 = PCURVE('',#94,#208);
#208 = DEFINITIONAL_REPRESENTATION('',(#209),#213);
#209 = LINE('',#210,#211);
#210 = CARTESIAN_POINT('',(0.,0.));
#211 = VECTOR('',#212,1.);
#212 = DIRECTION('',(0.,-1.));
#213 = ( GEOMETRIC_REPRESENTATION_CONTEXT(2) 
PARAMETRIC_REPRESENTATION_CONTEXT() REPRESENTATION_CONTEXT('2D SPACE',''
  ) );
#214 = ORIENTED_EDGE('',*,*,#215,.T.);
#215 = EDGE_CURVE('',#193,#216,#218,.T.);
#216 = VERTEX_POINT('',#217);
#217 = CARTESIAN_POINT('',(2.,93.,25.));
#218 = SURFACE_CURVE('',#219,(#223,#229),.PCURVE_S1.);
#219 = LINE('',#220,#221);
#220 = CARTESIAN_POINT('',(2.,1.,25.));
#221 = VECTOR('',#222,1.);
#222 = DIRECTION('',(0.,1.,0.));
#223 = PCURVE('',#66,#224);
#224 = DEFINITIONAL_REPRESENTATION('',(#225),#228);
#225 = B_SPLINE_CURVE_WITH_KNOTS('',1,(#226,#227),.UNSPECIFIED.,.F.,.F.,
  (2,2),(1.,92.),.PIECEWISE_BEZIER_KNOTS.);
#226 = CARTESIAN_POINT('',(2.,2.));
#227 = CARTESIAN_POINT('',(2.,93.));
#228 = ( GEOMETRIC_REPRESENTATION_CONTEXT(2) 
PARAMETRIC_REPRESENTATION_CONTEXT() REPRESENTATION_CONTEXT('2D SPACE',''
  ) );
#229 = PCURVE('',#230,#235);
#230 = PLANE('',#231);
#231 = AXIS2_PLACEMENT_3D('',#232,#233,#234);
#232 = CARTESIAN_POINT('',(2.,2.,2.));
#233 = DIRECTION('',(1.,0.,0.));
#234 = DIRECTION('',(0.,0.,1.));
#235 = DEFINITIONAL_REPRESENTATION('',(#236),#239);
#236 = B_SPLINE_CURVE_WITH_KNOTS('',1,(#237,#238),.UNSPECIFIED.,.F.,.F.,
  (2,2),(1.,92.),.PIECEWISE_BEZIER_KNOTS.);
#237 = CARTESIAN_POINT('',(23.,0.));
#238 = CARTESIAN_POINT('',(23.,-91.));
#239 = ( GEOMETRIC_REPRESENTATION_CONTEXT(2) 
PARAMETRIC_REPRESENTATION_CONTEXT() REPRESENTATION_CONTEXT('2D SPACE',''
  ) );
#240 = ORIENTED_EDGE('',*,*,#241,.F.);
#241 = EDGE_CURVE('',#242,#216,#244,.T.);
#242 = VERTEX_POINT('',#243);
#243 = CARTESIAN_POINT('',(77.,93.,25.));
#244 = SURFACE_CURVE('',#245,(#249,#255),.PCURVE_S1.);
#245 = LINE('',#246,#247);
#246 = CARTESIAN_POINT('',(1.,93.,25.));
#247 = VECTOR('',#248,1.);
#248 = DIRECTION('',(-1.,0.,0.));
#249 = PCURVE('',#66,#250);
#250 = DEFINITIONAL_REPRESENTATION('',(#251),#254);
#251 = B_SPLINE_CURVE_WITH_KNOTS('',1,(#252,#253),.UNSPECIFIED.,.F.,.F.,
  (2,2),(-76.,-1.),.PIECEWISE_BEZIER_KNOTS.);
#252 = CARTESIAN_POINT('',(77.,93.));
#253 = CARTESIAN_POINT('',(2.,93.));
#254 = ( GEOMETRIC_REPRESENTATION_CONTEXT(2) 
PARAMETRIC_REPRESENTATION_CONTEXT() REPRESENTATION_CONTEXT('2D SPACE',''
  ) );
#255 = PCURVE('',#256,#261);
#256 = PLANE('',#257);
#257 = AXIS2_PLACEMENT_3D('',#258,#259,#260);
#258 = CARTESIAN_POINT('',(2.,93.,2.));
#259 = DIRECTION('',(0.,1.,0.));
#260 = DIRECTION('',(0.,0.,1.));
#261 = DEFINITIONAL_REPRESENTATION('',(#262),#265);
#262 = B_SPLINE_CURVE_WITH_KNOTS('',1,(#263,#264),.UNSPECIFIED.,.F.,.F.,
  (2,2),(-76.,-1.),.PIECEWISE_BEZIER_KNOTS.);
#263 = CARTESIAN_POINT('',(23.,75.));
#264 = CARTESIAN_POINT('',(23.,0.));
#265 = ( GEOMETRIC_REPRESENTATION_CONTEXT(2) 
PARAMETRIC_REPRESENTATION_CONTEXT() REPRESENTATION_CONTEXT('2D SPACE',''
  ) );
#266 = ORIENTED_EDGE('',*,*,#267,.F.);
#267 = EDGE_CURVE('',#268,#242,#270,.T.);
#268 = VERTEX_POINT('',#269);
#269 = CARTESIAN_POINT('',(77.,2.,25.));
#270 = SURFACE_CURVE('',#271,(#275,#281),.PCURVE_S1.);
#271 = LINE('',#272,#273);
#272 = CARTESIAN_POINT('',(77.,1.,25.));
#273 = VECTOR('',#274,1.);
#274 = DIRECTION('',(0.,1.,0.));
#275 = PCURVE('',#66,#276);
#276 = DEFINITIONAL_REPRESENTATION('',(#277),#280);
#277 = B_SPLINE_CURVE_WITH_KNOTS('',1,(#278,#279),.UNSPECIFIED.,.F.,.F.,
  (2,2),(1.,92.),.PIECEWISE_BEZIER_KNOTS.);
#278 = CARTESIAN_POINT('',(77.,2.));
#279 = CARTESIAN_POINT('',(77.,93.));
#280 = ( GEOMETRIC_REPRESENTATION_CONTEXT(2) 
PARAMETRIC_REPRESENTATION_CONTEXT() REPRESENTATION_CONTEXT('2D SPACE',''
  ) );
#281 = PCURVE('',#282,#287);
#282 = PLANE('',#283);
#283 = AXIS2_PLACEMENT_3D('',#284,#285,#286);
#284 = CARTESIAN_POINT('',(77.,2.,2.));
#285 = DIRECTION('',(1.,0.,0.));
#286 = DIRECTION('',(0.,0.,1.));
#287 = DEFINITIONAL_REPRESENTATION('',(#288),#291);
#288 = B_SPLINE_CURVE_WITH_KNOTS('',1,(#289,#290),.UNSPECIFIED.,.F.,.F.,
  (2,2),(1.,92.),.PIECEWISE_BEZIER_KNOTS.);
#289 = CARTESIAN_POINT('',(23.,0.));
#290 = CARTESIAN_POINT('',(23.,-91.));
#291 = ( GEOMETRIC_REPRESENTATION_CONTEXT(2) 
PARAMETRIC_REPRESENTATION_CONTEXT() REPRESENTATION_CONTEXT('2D SPACE',''
  ) );
#292 = ORIENTED_EDGE('',*,*,#293,.T.);
#293 = EDGE_CURVE('',#268,#294,#296,.T.);
#294 = VERTEX_POINT('',#295);
#295 = CARTESIAN_POINT('',(79.,2.,25.));
#296 = SURFACE_CURVE('',#297,(#301,#308),.PCURVE_S1.);
#297 = LINE('',#298,#299);
#298 = CARTESIAN_POINT('',(0.,2.,25.));
#299 = VECTOR('',#300,1.);
#300 = DIRECTION('',(1.,0.,0.));
#301 = PCURVE('',#66,#302);
#302 = DEFINITIONAL_REPRESENTATION('',(#303),#307);
#303 = LINE('',#304,#305);
#304 = CARTESIAN_POINT('',(0.,2.));
#305 = VECTOR('',#306,1.);
#306 = DIRECTION('',(1.,0.));
#307 = ( GEOMETRIC_REPRESENTATION_CONTEXT(2) 
PARAMETRIC_REPRESENTATION_CONTEXT() REPRESENTATION_CONTEXT('2D SPACE',''
  ) );
#308 = PCURVE('',#309,#314);
#309 = PLANE('',#310);
#310 = AXIS2_PLACEMENT_3D('',#311,#312,#313);
#311 = CARTESIAN_POINT('',(0.,2.,25.));
#312 = DIRECTION('',(0.,0.707106781187,-0.707106781187));
#313 = DIRECTION('',(0.,-0.707106781187,-0.707106781187));
#314 = DEFINITIONAL_REPRESENTATION('',(#315),#319);
#315 = LINE('',#316,#317);
#316 = CARTESIAN_POINT('',(0.,0.));
#317 = VECTOR('',#318,1.);
#318 = DIRECTION('',(0.,-1.));
#319 = ( GEOMETRIC_REPRESENTATION_CONTEXT(2) 
PARAMETRIC_REPRESENTATION_CONTEXT() REPRESENTATION_CONTEXT('2D SPACE',''
  ) );
#320 = ORIENTED_EDGE('',*,*,#321,.T.);
#321 = EDGE_CURVE('',#294,#322,#324,.T.);
#322 = VERTEX_POINT('',#323);
#323 = CARTESIAN_POINT('',(79.,94.2,25.));
#324 = SURFACE_CURVE('',#325,(#329,#336),.PCURVE_S1.);
#325 = LINE('',#326,#327);
#326 = CARTESIAN_POINT('',(79.,0.,25.));
#327 = VECTOR('',#328,1.);
#328 = DIRECTION('',(0.,1.,0.));
#329 = PCURVE('',#66,#330);
#330 = DEFINITIONAL_REPRESENTATION('',(#331),#335);
#331 = LINE('',#332,#333);
#332 = CARTESIAN_POINT('',(79.,0.));
#333 = VECTOR('',#334,1.);
#334 = DIRECTION('',(0.,1.));
#335 = ( GEOMETRIC_REPRESENTATION_CONTEXT(2) 
PARAMETRIC_REPRESENTATION_CONTEXT() REPRESENTATION_CONTEXT('2D SPACE',''
  ) );
#336 = PCURVE('',#337,#342);
#337 = PLANE('',#338);
#338 = AXIS2_PLACEMENT_3D('',#339,#340,#341);
#339 = CARTESIAN_POINT('',(79.,0.,0.));
#340 = DIRECTION('',(1.,0.,0.));
#341 = DIRECTION('',(0.,0.,1.));
#342 = DEFINITIONAL_REPRESENTATION('',(#343),#347);
#343 = LINE('',#344,#345);
#344 = CARTESIAN_POINT('',(25.,0.));
#345 = VECTOR('',#346,1.);
#346 = DIRECTION('',(0.,-1.));
#347 = ( GEOMETRIC_REPRESENTATION_CONTEXT(2) 
PARAMETRIC_REPRESENTATION_CONTEXT() REPRESENTATION_CONTEXT('2D SPACE',''
  ) );
#348 = ORIENTED_EDGE('',*,*,#349,.T.);
#349 = EDGE_CURVE('',#322,#350,#352,.T.);
#350 = VERTEX_POINT('',#351);
#351 = CARTESIAN_POINT('',(78.2,95.,25.));
#352 = SURFACE_CURVE('',#353,(#358,#365),.PCURVE_S1.);
#353 = CIRCLE('',#354,0.8);
#354 = AXIS2_PLACEMENT_3D('',#355,#356,#357);
#355 = CARTESIAN_POINT('',(78.2,94.2,25.));
#356 = DIRECTION('',(0.,0.,1.));
#357 = DIRECTION('',(0.,-1.,0.));
#358 = PCURVE('',#66,#359);
#359 = DEFINITIONAL_REPRESENTATION('',(#360),#364);
#360 = CIRCLE('',#361,0.8);
#361 = AXIS2_PLACEMENT_2D('',#362,#363);
#362 = CARTESIAN_POINT('',(78.2,94.2));
#363 = DIRECTION('',(0.,-1.));
#364 = ( GEOMETRIC_REPRESENTATION_CONTEXT(2) 
PARAMETRIC_REPRESENTATION_CONTEXT() REPRESENTATION_CONTEXT('2D SPACE',''
  ) );
#365 = PCURVE('',#366,#371);
#366 = CYLINDRICAL_SURFACE('',#367,0.8);
#367 = AXIS2_PLACEMENT_3D('',#368,#369,#370);
#368 = CARTESIAN_POINT('',(78.2,94.2,0.));
#369 = DIRECTION('',(0.,0.,1.));
#370 = DIRECTION('',(1.,0.,-0.));
#371 = DEFINITIONAL_REPRESENTATION('',(#372),#376);
#372 = LINE('',#373,#374);
#373 = CARTESIAN_POINT('',(-1.570796326795,25.));
#374 = VECTOR('',#375,1.);
#375 = DIRECTION('',(1.,0.));
#376 = ( GEOMETRIC_REPRESENTATION_CONTEXT(2) 
PARAMETRIC_REPRESENTATION_CONTEXT() REPRESENTATION_CONTEXT('2D SPACE',''
  ) );
#377 = ORIENTED_EDGE('',*,*,#378,.F.);
#378 = EDGE_CURVE('',#379,#350,#381,.T.);
#379 = VERTEX_POINT('',#380);
#380 = CARTESIAN_POINT('',(0.8,95.,25.));
#381 = SURFACE_CURVE('',#382,(#386,#393),.PCURVE_S1.);
#382 = LINE('',#383,#384);
#383 = CARTESIAN_POINT('',(0.,95.,25.));
#384 = VECTOR('',#385,1.);
#385 = DIRECTION('',(1.,0.,0.));
#386 = PCURVE('',#66,#387);
#387 = DEFINITIONAL_REPRESENTATION('',(#388),#392);
#388 = LINE('',#389,#390);
#389 = CARTESIAN_POINT('',(0.,95.));
#390 = VECTOR('',#391,1.);
#391 = DIRECTION('',(1.,0.));
#392 = ( GEOMETRIC_REPRESENTATION_CONTEXT(2) 
PARAMETRIC_REPRESENTATION_CONTEXT() REPRESENTATION_CONTEXT('2D SPACE',''
  ) );
#393 = PCURVE('',#394,#399);
#394 = PLANE('',#395);
#395 = AXIS2_PLACEMENT_3D('',#396,#397,#398);
#396 = CARTESIAN_POINT('',(0.,95.,0.));
#397 = DIRECTION('',(0.,1.,0.));
#398 = DIRECTION('',(0.,0.,1.));
#399 = DEFINITIONAL_REPRESENTATION('',(#400),#404);
#400 = LINE('',#401,#402);
#401 = CARTESIAN_POINT('',(25.,0.));
#402 = VECTOR('',#403,1.);
#403 = DIRECTION('',(0.,1.));
#404 = ( GEOMETRIC_REPRESENTATION_CONTEXT(2) 
PARAMETRIC_REPRESENTATION_CONTEXT() REPRESENTATION_CONTEXT('2D SPACE',''
  ) );
#405 = ORIENTED_EDGE('',*,*,#406,.F.);
#406 = EDGE_CURVE('',#46,#379,#407,.T.);
#407 = SURFACE_CURVE('',#408,(#413,#424),.PCURVE_S1.);
#408 = CIRCLE('',#409,0.8);
#409 = AXIS2_PLACEMENT_3D('',#410,#411,#412);
#410 = CARTESIAN_POINT('',(0.8,94.2,25.));
#411 = DIRECTION('',(-0.,-0.,-1.));
#412 = DIRECTION('',(0.,-1.,0.));
#413 = PCURVE('',#66,#414);
#414 = DEFINITIONAL_REPRESENTATION('',(#415),#423);
#415 = ( BOUNDED_CURVE() B_SPLINE_CURVE(2,(#416,#417,#418,#419,#420,#421
,#422),.UNSPECIFIED.,.T.,.F.) B_SPLINE_CURVE_WITH_KNOTS((1,2,2,2,2,1),(
    -2.094395102393,0.,2.094395102393,4.188790204786,6.28318530718,
8.377580409573),.UNSPECIFIED.) CURVE() GEOMETRIC_REPRESENTATION_ITEM() 
RATIONAL_B_SPLINE_CURVE((1.,0.5,1.,0.5,1.,0.5,1.)) REPRESENTATION_ITEM(
  '') );
#416 = CARTESIAN_POINT('',(0.8,93.4));
#417 = CARTESIAN_POINT('',(-0.585640646055,93.4));
#418 = CARTESIAN_POINT('',(0.107179676972,94.6));
#419 = CARTESIAN_POINT('',(0.8,95.8));
#420 = CARTESIAN_POINT('',(1.492820323028,94.6));
#421 = CARTESIAN_POINT('',(2.185640646055,93.4));
#422 = CARTESIAN_POINT('',(0.8,93.4));
#423 = ( GEOMETRIC_REPRESENTATION_CONTEXT(2) 
PARAMETRIC_REPRESENTATION_CONTEXT() REPRESENTATION_CONTEXT('2D SPACE',''
  ) );
#424 = PCURVE('',#176,#425);
#425 = DEFINITIONAL_REPRESENTATION('',(#426),#430);
#426 = LINE('',#427,#428);
#427 = CARTESIAN_POINT('',(1.570796326795,25.));
#428 = VECTOR('',#429,1.);
#429 = DIRECTION('',(-1.,0.));
#430 = ( GEOMETRIC_REPRESENTATION_CONTEXT(2) 
PARAMETRIC_REPRESENTATION_CONTEXT() REPRESENTATION_CONTEXT('2D SPACE',''
  ) );
#431 = ADVANCED_FACE('',(#432),#176,.T.);
#432 = FACE_BOUND('',#433,.F.);
#433 = EDGE_LOOP('',(#434,#462,#483,#484));
#434 = ORIENTED_EDGE('',*,*,#435,.T.);
#435 = EDGE_CURVE('',#135,#436,#438,.T.);
#436 = VERTEX_POINT('',#437);
#437 = CARTESIAN_POINT('',(0.8,95.,0.));
#438 = SURFACE_CURVE('',#439,(#444,#451),.PCURVE_S1.);
#439 = CIRCLE('',#440,0.8);
#440 = AXIS2_PLACEMENT_3D('',#441,#442,#443);
#441 = CARTESIAN_POINT('',(0.8,94.2,0.));
#442 = DIRECTION('',(-0.,-0.,-1.));
#443 = DIRECTION('',(0.,-1.,0.));
#444 = PCURVE('',#176,#445);
#445 = DEFINITIONAL_REPRESENTATION('',(#446),#450);
#446 = LINE('',#447,#448);
#447 = CARTESIAN_POINT('',(1.570796326795,-0.));
#448 = VECTOR('',#449,1.);
#449 = DIRECTION('',(-1.,0.));
#450 = ( GEOMETRIC_REPRESENTATION_CONTEXT(2) 
PARAMETRIC_REPRESENTATION_CONTEXT() REPRESENTATION_CONTEXT('2D SPACE',''
  ) );
#451 = PCURVE('',#150,#452);
#452 = DEFINITIONAL_REPRESENTATION('',(#453),#461);
#453 = ( BOUNDED_CURVE() B_SPLINE_CURVE(2,(#454,#455,#456,#457,#458,#459
,#460),.UNSPECIFIED.,.T.,.F.) B_SPLINE_CURVE_WITH_KNOTS((1,2,2,2,2,1),(
    -2.094395102393,0.,2.094395102393,4.188790204786,6.28318530718,
8.377580409573),.UNSPECIFIED.) CURVE() GEOMETRIC_REPRESENTATION_ITEM() 
RATIONAL_B_SPLINE_CURVE((1.,0.5,1.,0.5,1.,0.5,1.)) REPRESENTATION_ITEM(
  '') );
#454 = CARTESIAN_POINT('',(0.8,93.4));
#455 = CARTESIAN_POINT('',(-0.585640646055,93.4));
#456 = CARTESIAN_POINT('',(0.107179676972,94.6));
#457 = CARTESIAN_POINT('',(0.8,95.8));
#458 = CARTESIAN_POINT('',(1.492820323028,94.6));
#459 = CARTESIAN_POINT('',(2.185640646055,93.4));
#460 = CARTESIAN_POINT('',(0.8,93.4));
#461 = ( GEOMETRIC_REPRESENTATION_CONTEXT(2) 
PARAMETRIC_REPRESENTATION_CONTEXT() REPRESENTATION_CONTEXT('2D SPACE',''
  ) );
#462 = ORIENTED_EDGE('',*,*,#463,.T.);
#463 = EDGE_CURVE('',#436,#379,#464,.T.);
#464 = SURFACE_CURVE('',#465,(#469,#476),.PCURVE_S1.);
#465 = LINE('',#466,#467);
#466 = CARTESIAN_POINT('',(0.8,95.,0.));
#467 = VECTOR('',#468,1.);
#468 = DIRECTION('',(0.,0.,1.));
#469 = PCURVE('',#176,#470);
#470 = DEFINITIONAL_REPRESENTATION('',(#471),#475);
#471 = LINE('',#472,#473);
#472 = CARTESIAN_POINT('',(-1.570796326795,0.));
#473 = VECTOR('',#474,1.);
#474 = DIRECTION('',(-0.,1.));
#475 = ( GEOMETRIC_REPRESENTATION_CONTEXT(2) 
PARAMETRIC_REPRESENTATION_CONTEXT() REPRESENTATION_CONTEXT('2D SPACE',''
  ) );
#476 = PCURVE('',#394,#477);
#477 = DEFINITIONAL_REPRESENTATION('',(#478),#482);
#478 = LINE('',#479,#480);
#479 = CARTESIAN_POINT('',(0.,0.8));
#480 = VECTOR('',#481,1.);
#481 = DIRECTION('',(1.,0.));
#482 = ( GEOMETRIC_REPRESENTATION_CONTEXT(2) 
PARAMETRIC_REPRESENTATION_CONTEXT() REPRESENTATION_CONTEXT('2D SPACE',''
  ) );
#483 = ORIENTED_EDGE('',*,*,#406,.F.);
#484 = ORIENTED_EDGE('',*,*,#162,.F.);
#485 = ADVANCED_FACE('',(#486),#150,.F.);
#486 = FACE_BOUND('',#487,.F.);
#487 = EDGE_LOOP('',(#488,#489,#513,#541,#574,#597,#621,#642));
#488 = ORIENTED_EDGE('',*,*,#134,.F.);
#489 = ORIENTED_EDGE('',*,*,#490,.T.);
#490 = EDGE_CURVE('',#107,#491,#493,.T.);
#491 = VERTEX_POINT('',#492);
#492 = CARTESIAN_POINT('',(0.8,-1.110223024625E-16,0.));
#493 = SURFACE_CURVE('',#494,(#499,#506),.PCURVE_S1.);
#494 = CIRCLE('',#495,0.8);
#495 = AXIS2_PLACEMENT_3D('',#496,#497,#498);
#496 = CARTESIAN_POINT('',(0.8,0.8,0.));
#497 = DIRECTION('',(0.,0.,1.));
#498 = DIRECTION('',(0.,-1.,0.));
#499 = PCURVE('',#150,#500);
#500 = DEFINITIONAL_REPRESENTATION('',(#501),#505);
#501 = CIRCLE('',#502,0.8);
#502 = AXIS2_PLACEMENT_2D('',#503,#504);
#503 = CARTESIAN_POINT('',(0.8,0.8));
#504 = DIRECTION('',(0.,-1.));
#505 = ( GEOMETRIC_REPRESENTATION_CONTEXT(2) 
PARAMETRIC_REPRESENTATION_CONTEXT() REPRESENTATION_CONTEXT('2D SPACE',''
  ) );
#506 = PCURVE('',#122,#507);
#507 = DEFINITIONAL_REPRESENTATION('',(#508),#512);
#508 = LINE('',#509,#510);
#509 = CARTESIAN_POINT('',(-4.712388980385,0.));
#510 = VECTOR('',#511,1.);
#511 = DIRECTION('',(1.,0.));
#512 = ( GEOMETRIC_REPRESENTATION_CONTEXT(2) 
PARAMETRIC_REPRESENTATION_CONTEXT() REPRESENTATION_CONTEXT('2D SPACE',''
  ) );
#513 = ORIENTED_EDGE('',*,*,#514,.T.);
#514 = EDGE_CURVE('',#491,#515,#517,.T.);
#515 = VERTEX_POINT('',#516);
#516 = CARTESIAN_POINT('',(78.2,-1.110223024625E-16,0.));
#517 = SURFACE_CURVE('',#518,(#522,#529),.PCURVE_S1.);
#518 = LINE('',#519,#520);
#519 = CARTESIAN_POINT('',(0.,0.,0.));
#520 = VECTOR('',#521,1.);
#521 = DIRECTION('',(1.,0.,0.));
#522 = PCURVE('',#150,#523);
#523 = DEFINITIONAL_REPRESENTATION('',(#524),#528);
#524 = LINE('',#525,#526);
#525 = CARTESIAN_POINT('',(0.,0.));
#526 = VECTOR('',#527,1.);
#527 = DIRECTION('',(1.,0.));
#528 = ( GEOMETRIC_REPRESENTATION_CONTEXT(2) 
PARAMETRIC_REPRESENTATION_CONTEXT() REPRESENTATION_CONTEXT('2D SPACE',''
  ) );
#529 = PCURVE('',#530,#535);
#530 = PLANE('',#531);
#531 = AXIS2_PLACEMENT_3D('',#532,#533,#534);
#532 = CARTESIAN_POINT('',(0.,0.,0.));
#533 = DIRECTION('',(0.,1.,0.));
#534 = DIRECTION('',(0.,0.,1.));
#535 = DEFINITIONAL_REPRESENTATION('',(#536),#540);
#536 = LINE('',#537,#538);
#537 = CARTESIAN_POINT('',(0.,0.));
#538 = VECTOR('',#539,1.);
#539 = DIRECTION('',(0.,1.));
#540 = ( GEOMETRIC_REPRESENTATION_CONTEXT(2) 
PARAMETRIC_REPRESENTATION_CONTEXT() REPRESENTATION_CONTEXT('2D SPACE',''
  ) );
#541 = ORIENTED_EDGE('',*,*,#542,.F.);
#542 = EDGE_CURVE('',#543,#515,#545,.T.);
#543 = VERTEX_POINT('',#544);
#544 = CARTESIAN_POINT('',(79.,0.8,0.));
#545 = SURFACE_CURVE('',#546,(#551,#562),.PCURVE_S1.);
#546 = CIRCLE('',#547,0.8);
#547 = AXIS2_PLACEMENT_3D('',#548,#549,#550);
#548 = CARTESIAN_POINT('',(78.2,0.8,0.));
#549 = DIRECTION('',(-0.,-0.,-1.));
#550 = DIRECTION('',(0.,-1.,0.));
#551 = PCURVE('',#150,#552);
#552 = DEFINITIONAL_REPRESENTATION('',(#553),#561);
#553 = ( BOUNDED_CURVE() B_SPLINE_CURVE(2,(#554,#555,#556,#557,#558,#559
,#560),.UNSPECIFIED.,.T.,.F.) B_SPLINE_CURVE_WITH_KNOTS((1,2,2,2,2,1),(
    -2.094395102393,0.,2.094395102393,4.188790204786,6.28318530718,
8.377580409573),.UNSPECIFIED.) CURVE() GEOMETRIC_REPRESENTATION_ITEM() 
RATIONAL_B_SPLINE_CURVE((1.,0.5,1.,0.5,1.,0.5,1.)) REPRESENTATION_ITEM(
  '') );
#554 = CARTESIAN_POINT('',(78.2,-1.110223024625E-16));
#555 = CARTESIAN_POINT('',(76.814359353945,-1.110223024625E-16));
#556 = CARTESIAN_POINT('',(77.507179676972,1.2));
#557 = CARTESIAN_POINT('',(78.2,2.4));
#558 = CARTESIAN_POINT('',(78.892820323028,1.2));
#559 = CARTESIAN_POINT('',(79.585640646055,1.110223024625E-15));
#560 = CARTESIAN_POINT('',(78.2,-1.110223024625E-16));
#561 = ( GEOMETRIC_REPRESENTATION_CONTEXT(2) 
PARAMETRIC_REPRESENTATION_CONTEXT() REPRESENTATION_CONTEXT('2D SPACE',''
  ) );
#562 = PCURVE('',#563,#568);
#563 = CYLINDRICAL_SURFACE('',#564,0.8);
#564 = AXIS2_PLACEMENT_3D('',#565,#566,#567);
#565 = CARTESIAN_POINT('',(78.2,0.8,0.));
#566 = DIRECTION('',(0.,0.,1.));
#567 = DIRECTION('',(1.,0.,-0.));
#568 = DEFINITIONAL_REPRESENTATION('',(#569),#573);
#569 = LINE('',#570,#571);
#570 = CARTESIAN_POINT('',(4.712388980385,-0.));
#571 = VECTOR('',#572,1.);
#572 = DIRECTION('',(-1.,0.));
#573 = ( GEOMETRIC_REPRESENTATION_CONTEXT(2) 
PARAMETRIC_REPRESENTATION_CONTEXT() REPRESENTATION_CONTEXT('2D SPACE',''
  ) );
#574 = ORIENTED_EDGE('',*,*,#575,.T.);
#575 = EDGE_CURVE('',#543,#576,#578,.T.);
#576 = VERTEX_POINT('',#577);
#577 = CARTESIAN_POINT('',(79.,94.2,0.));
#578 = SURFACE_CURVE('',#579,(#583,#590),.PCURVE_S1.);
#579 = LINE('',#580,#581);
#580 = CARTESIAN_POINT('',(79.,0.,0.));
#581 = VECTOR('',#582,1.);
#582 = DIRECTION('',(0.,1.,0.));
#583 = PCURVE('',#150,#584);
#584 = DEFINITIONAL_REPRESENTATION('',(#585),#589);
#585 = LINE('',#586,#587);
#586 = CARTESIAN_POINT('',(79.,0.));
#587 = VECTOR('',#588,1.);
#588 = DIRECTION('',(0.,1.));
#589 = ( GEOMETRIC_REPRESENTATION_CONTEXT(2) 
PARAMETRIC_REPRESENTATION_CONTEXT() REPRESENTATION_CONTEXT('2D SPACE',''
  ) );
#590 = PCURVE('',#337,#591);
#591 = DEFINITIONAL_REPRESENTATION('',(#592),#596);
#592 = LINE('',#593,#594);
#593 = CARTESIAN_POINT('',(0.,0.));
#594 = VECTOR('',#595,1.);
#595 = DIRECTION('',(0.,-1.));
#596 = ( GEOMETRIC_REPRESENTATION_CONTEXT(2) 
PARAMETRIC_REPRESENTATION_CONTEXT() REPRESENTATION_CONTEXT('2D SPACE',''
  ) );
#597 = ORIENTED_EDGE('',*,*,#598,.T.);
#598 = EDGE_CURVE('',#576,#599,#601,.T.);
#599 = VERTEX_POINT('',#600);
#600 = CARTESIAN_POINT('',(78.2,95.,0.));
#601 = SURFACE_CURVE('',#602,(#607,#614),.PCURVE_S1.);
#602 = CIRCLE('',#603,0.8);
#603 = AXIS2_PLACEMENT_3D('',#604,#605,#606);
#604 = CARTESIAN_POINT('',(78.2,94.2,0.));
#605 = DIRECTION('',(0.,0.,1.));
#606 = DIRECTION('',(0.,-1.,0.));
#607 = PCURVE('',#150,#608);
#608 = DEFINITIONAL_REPRESENTATION('',(#609),#613);
#609 = CIRCLE('',#610,0.8);
#610 = AXIS2_PLACEMENT_2D('',#611,#612);
#611 = CARTESIAN_POINT('',(78.2,94.2));
#612 = DIRECTION('',(0.,-1.));
#613 = ( GEOMETRIC_REPRESENTATION_CONTEXT(2) 
PARAMETRIC_REPRESENTATION_CONTEXT() REPRESENTATION_CONTEXT('2D SPACE',''
  ) );
#614 = PCURVE('',#366,#615);
#615 = DEFINITIONAL_REPRESENTATION('',(#616),#620);
#616 = LINE('',#617,#618);
#617 = CARTESIAN_POINT('',(-1.570796326795,0.));
#618 = VECTOR('',#619,1.);
#619 = DIRECTION('',(1.,0.));
#620 = ( GEOMETRIC_REPRESENTATION_CONTEXT(2) 
PARAMETRIC_REPRESENTATION_CONTEXT() REPRESENTATION_CONTEXT('2D SPACE',''
  ) );
#621 = ORIENTED_EDGE('',*,*,#622,.F.);
#622 = EDGE_CURVE('',#436,#599,#623,.T.);
#623 = SURFACE_CURVE('',#624,(#628,#635),.PCURVE_S1.);
#624 = LINE('',#625,#626);
#625 = CARTESIAN_POINT('',(0.,95.,0.));
#626 = VECTOR('',#627,1.);
#627 = DIRECTION('',(1.,0.,0.));
#628 = PCURVE('',#150,#629);
#629 = DEFINITIONAL_REPRESENTATION('',(#630),#634);
#630 = LINE('',#631,#632);
#631 = CARTESIAN_POINT('',(0.,95.));
#632 = VECTOR('',#633,1.);
#633 = DIRECTION('',(1.,0.));
#634 = ( GEOMETRIC_REPRESENTATION_CONTEXT(2) 
PARAMETRIC_REPRESENTATION_CONTEXT() REPRESENTATION_CONTEXT('2D SPACE',''
  ) );
#635 = PCURVE('',#394,#636);
#636 = DEFINITIONAL_REPRESENTATION('',(#637),#641);
#637 = LINE('',#638,#639);
#638 = CARTESIAN_POINT('',(0.,0.));
#639 = VECTOR('',#640,1.);
#640 = DIRECTION('',(0.,1.));
#641 = ( GEOMETRIC_REPRESENTATION_CONTEXT(2) 
PARAMETRIC_REPRESENTATION_CONTEXT() REPRESENTATION_CONTEXT('2D SPACE',''
  ) );
#642 = ORIENTED_EDGE('',*,*,#435,.F.);
#643 = ADVANCED_FACE('',(#644),#122,.T.);
#644 = FACE_BOUND('',#645,.T.);
#645 = EDGE_LOOP('',(#646,#647,#648,#671));
#646 = ORIENTED_EDGE('',*,*,#106,.F.);
#647 = ORIENTED_EDGE('',*,*,#490,.T.);
#648 = ORIENTED_EDGE('',*,*,#649,.T.);
#649 = EDGE_CURVE('',#491,#650,#652,.T.);
#650 = VERTEX_POINT('',#651);
#651 = CARTESIAN_POINT('',(0.8,-5.551115123126E-17,23.));
#652 = SURFACE_CURVE('',#653,(#657,#664),.PCURVE_S1.);
#653 = LINE('',#654,#655);
#654 = CARTESIAN_POINT('',(0.8,-1.110223024625E-16,0.));
#655 = VECTOR('',#656,1.);
#656 = DIRECTION('',(0.,0.,1.));
#657 = PCURVE('',#122,#658);
#658 = DEFINITIONAL_REPRESENTATION('',(#659),#663);
#659 = LINE('',#660,#661);
#660 = CARTESIAN_POINT('',(1.570796326795,0.));
#661 = VECTOR('',#662,1.);
#662 = DIRECTION('',(0.,1.));
#663 = ( GEOMETRIC_REPRESENTATION_CONTEXT(2) 
PARAMETRIC_REPRESENTATION_CONTEXT() REPRESENTATION_CONTEXT('2D SPACE',''
  ) );
#664 = PCURVE('',#530,#665);
#665 = DEFINITIONAL_REPRESENTATION('',(#666),#670);
#666 = LINE('',#667,#668);
#667 = CARTESIAN_POINT('',(0.,0.8));
#668 = VECTOR('',#669,1.);
#669 = DIRECTION('',(1.,0.));
#670 = ( GEOMETRIC_REPRESENTATION_CONTEXT(2) 
PARAMETRIC_REPRESENTATION_CONTEXT() REPRESENTATION_CONTEXT('2D SPACE',''
  ) );
#671 = ORIENTED_EDGE('',*,*,#672,.T.);
#672 = EDGE_CURVE('',#650,#79,#673,.T.);
#673 = SURFACE_CURVE('',#674,(#679,#691),.PCURVE_S1.);
#674 = ELLIPSE('',#675,1.131370849898,0.8);
#675 = AXIS2_PLACEMENT_3D('',#676,#677,#678);
#676 = CARTESIAN_POINT('',(0.8,0.8,23.8));
#677 = DIRECTION('',(0.,0.707106781187,-0.707106781187));
#678 = DIRECTION('',(0.,0.707106781187,0.707106781187));
#679 = PCURVE('',#122,#680);
#680 = DEFINITIONAL_REPRESENTATION('',(#681),#690);
#681 = B_SPLINE_CURVE_WITH_KNOTS('',7,(#682,#683,#684,#685,#686,#687,
    #688,#689),.UNSPECIFIED.,.F.,.F.,(8,8),(3.14159265359,4.712388980385
    ),.PIECEWISE_BEZIER_KNOTS.);
#682 = CARTESIAN_POINT('',(1.570796326795,23.));
#683 = CARTESIAN_POINT('',(1.346396851538,23.));
#684 = CARTESIAN_POINT('',(1.121997376282,23.04699893809));
#685 = CARTESIAN_POINT('',(0.897597901026,23.140989996309));
#686 = CARTESIAN_POINT('',(0.673198425769,23.276202539382));
#687 = CARTESIAN_POINT('',(0.448798950513,23.440961568545));
#688 = CARTESIAN_POINT('',(0.224399475256,23.620480419795));
#689 = CARTESIAN_POINT('',(1.387778780781E-16,23.8));
#690 = ( GEOMETRIC_REPRESENTATION_CONTEXT(2) 
PARAMETRIC_REPRESENTATION_CONTEXT() REPRESENTATION_CONTEXT('2D SPACE',''
  ) );
#691 = PCURVE('',#94,#692);
#692 = DEFINITIONAL_REPRESENTATION('',(#693),#697);
#693 = ELLIPSE('',#694,1.131370849898,0.8);
#694 = AXIS2_PLACEMENT_2D('',#695,#696);
#695 = CARTESIAN_POINT('',(1.697056274848,-0.8));
#696 = DIRECTION('',(-1.,0.));
#697 = ( GEOMETRIC_REPRESENTATION_CONTEXT(2) 
PARAMETRIC_REPRESENTATION_CONTEXT() REPRESENTATION_CONTEXT('2D SPACE',''
  ) );
#698 = ADVANCED_FACE('',(#699),#94,.F.);
#699 = FACE_BOUND('',#700,.F.);
#700 = EDGE_LOOP('',(#701,#702,#703,#730,#756,#777));
#701 = ORIENTED_EDGE('',*,*,#78,.F.);
#702 = ORIENTED_EDGE('',*,*,#192,.T.);
#703 = ORIENTED_EDGE('',*,*,#704,.F.);
#704 = EDGE_CURVE('',#705,#193,#707,.T.);
#705 = VERTEX_POINT('',#706);
#706 = CARTESIAN_POINT('',(4.,2.,25.));
#707 = SURFACE_CURVE('',#708,(#712,#719),.PCURVE_S1.);
#708 = LINE('',#709,#710);
#709 = CARTESIAN_POINT('',(1.,2.,25.));
#710 = VECTOR('',#711,1.);
#711 = DIRECTION('',(-1.,0.,0.));
#712 = PCURVE('',#94,#713);
#713 = DEFINITIONAL_REPRESENTATION('',(#714),#718);
#714 = LINE('',#715,#716);
#715 = CARTESIAN_POINT('',(3.140184917368E-16,-1.));
#716 = VECTOR('',#717,1.);
#717 = DIRECTION('',(-0.,1.));
#718 = ( GEOMETRIC_REPRESENTATION_CONTEXT(2) 
PARAMETRIC_REPRESENTATION_CONTEXT() REPRESENTATION_CONTEXT('2D SPACE',''
  ) );
#719 = PCURVE('',#720,#725);
#720 = PLANE('',#721);
#721 = AXIS2_PLACEMENT_3D('',#722,#723,#724);
#722 = CARTESIAN_POINT('',(2.,2.,2.));
#723 = DIRECTION('',(0.,1.,0.));
#724 = DIRECTION('',(0.,0.,1.));
#725 = DEFINITIONAL_REPRESENTATION('',(#726),#729);
#726 = B_SPLINE_CURVE_WITH_KNOTS('',1,(#727,#728),.UNSPECIFIED.,.F.,.F.,
  (2,2),(-76.,-1.),.PIECEWISE_BEZIER_KNOTS.);
#727 = CARTESIAN_POINT('',(23.,75.));
#728 = CARTESIAN_POINT('',(23.,0.));
#729 = ( GEOMETRIC_REPRESENTATION_CONTEXT(2) 
PARAMETRIC_REPRESENTATION_CONTEXT() REPRESENTATION_CONTEXT('2D SPACE',''
  ) );
#730 = ORIENTED_EDGE('',*,*,#731,.T.);
#731 = EDGE_CURVE('',#705,#732,#734,.T.);
#732 = VERTEX_POINT('',#733);
#733 = CARTESIAN_POINT('',(4.,0.,23.));
#734 = SURFACE_CURVE('',#735,(#739,#745),.PCURVE_S1.);
#735 = LINE('',#736,#737);
#736 = CARTESIAN_POINT('',(4.,1.875,24.875));
#737 = VECTOR('',#738,1.);
#738 = DIRECTION('',(0.,-0.707106781187,-0.707106781187));
#739 = PCURVE('',#94,#740);
#740 = DEFINITIONAL_REPRESENTATION('',(#741),#744);
#741 = B_SPLINE_CURVE_WITH_KNOTS('',1,(#742,#743),.UNSPECIFIED.,.F.,.F.,
  (2,2),(-0.176776695297,2.65165042945),.PIECEWISE_BEZIER_KNOTS.);
#742 = CARTESIAN_POINT('',(0.,-4.));
#743 = CARTESIAN_POINT('',(2.828427124746,-4.));
#744 = ( GEOMETRIC_REPRESENTATION_CONTEXT(2) 
PARAMETRIC_REPRESENTATION_CONTEXT() REPRESENTATION_CONTEXT('2D SPACE',''
  ) );
#745 = PCURVE('',#746,#751);
#746 = PLANE('',#747);
#747 = AXIS2_PLACEMENT_3D('',#748,#749,#750);
#748 = CARTESIAN_POINT('',(4.,0.5,26.));
#749 = DIRECTION('',(1.,0.,0.));
#750 = DIRECTION('',(-0.,0.,1.));
#751 = DEFINITIONAL_REPRESENTATION('',(#752),#755);
#752 = B_SPLINE_CURVE_WITH_KNOTS('',1,(#753,#754),.UNSPECIFIED.,.F.,.F.,
  (2,2),(-0.176776695297,2.65165042945),.PIECEWISE_BEZIER_KNOTS.);
#753 = CARTESIAN_POINT('',(-1.,-1.5));
#754 = CARTESIAN_POINT('',(-3.,0.5));
#755 = ( GEOMETRIC_REPRESENTATION_CONTEXT(2) 
PARAMETRIC_REPRESENTATION_CONTEXT() REPRESENTATION_CONTEXT('2D SPACE',''
  ) );
#756 = ORIENTED_EDGE('',*,*,#757,.F.);
#757 = EDGE_CURVE('',#650,#732,#758,.T.);
#758 = SURFACE_CURVE('',#759,(#763,#770),.PCURVE_S1.);
#759 = LINE('',#760,#761);
#760 = CARTESIAN_POINT('',(0.,0.,23.));
#761 = VECTOR('',#762,1.);
#762 = DIRECTION('',(1.,0.,0.));
#763 = PCURVE('',#94,#764);
#764 = DEFINITIONAL_REPRESENTATION('',(#765),#769);
#765 = LINE('',#766,#767);
#766 = CARTESIAN_POINT('',(2.828427124746,0.));
#767 = VECTOR('',#768,1.);
#768 = DIRECTION('',(0.,-1.));
#769 = ( GEOMETRIC_REPRESENTATION_CONTEXT(2) 
PARAMETRIC_REPRESENTATION_CONTEXT() REPRESENTATION_CONTEXT('2D SPACE',''
  ) );
#770 = PCURVE('',#530,#771);
#771 = DEFINITIONAL_REPRESENTATION('',(#772),#776);
#772 = LINE('',#773,#774);
#773 = CARTESIAN_POINT('',(23.,0.));
#774 = VECTOR('',#775,1.);
#775 = DIRECTION('',(0.,1.));
#776 = ( GEOMETRIC_REPRESENTATION_CONTEXT(2) 
PARAMETRIC_REPRESENTATION_CONTEXT() REPRESENTATION_CONTEXT('2D SPACE',''
  ) );
#777 = ORIENTED_EDGE('',*,*,#672,.T.);
#778 = ADVANCED_FACE('',(#779,#805),#394,.T.);
#779 = FACE_BOUND('',#780,.T.);
#780 = EDGE_LOOP('',(#781,#782,#783,#784));
#781 = ORIENTED_EDGE('',*,*,#622,.F.);
#782 = ORIENTED_EDGE('',*,*,#463,.T.);
#783 = ORIENTED_EDGE('',*,*,#378,.T.);
#784 = ORIENTED_EDGE('',*,*,#785,.F.);
#785 = EDGE_CURVE('',#599,#350,#786,.T.);
#786 = SURFACE_CURVE('',#787,(#791,#798),.PCURVE_S1.);
#787 = LINE('',#788,#789);
#788 = CARTESIAN_POINT('',(78.2,95.,0.));
#789 = VECTOR('',#790,1.);
#790 = DIRECTION('',(0.,0.,1.));
#791 = PCURVE('',#394,#792);
#792 = DEFINITIONAL_REPRESENTATION('',(#793),#797);
#793 = LINE('',#794,#795);
#794 = CARTESIAN_POINT('',(0.,78.2));
#795 = VECTOR('',#796,1.);
#796 = DIRECTION('',(1.,0.));
#797 = ( GEOMETRIC_REPRESENTATION_CONTEXT(2) 
PARAMETRIC_REPRESENTATION_CONTEXT() REPRESENTATION_CONTEXT('2D SPACE',''
  ) );
#798 = PCURVE('',#366,#799);
#799 = DEFINITIONAL_REPRESENTATION('',(#800),#804);
#800 = LINE('',#801,#802);
#801 = CARTESIAN_POINT('',(1.570796326795,0.));
#802 = VECTOR('',#803,1.);
#803 = DIRECTION('',(0.,1.));
#804 = ( GEOMETRIC_REPRESENTATION_CONTEXT(2) 
PARAMETRIC_REPRESENTATION_CONTEXT() REPRESENTATION_CONTEXT('2D SPACE',''
  ) );
#805 = FACE_BOUND('',#806,.T.);
#806 = EDGE_LOOP('',(#807,#835,#864,#890,#919,#945,#974,#1000));
#807 = ORIENTED_EDGE('',*,*,#808,.F.);
#808 = EDGE_CURVE('',#809,#811,#813,.T.);
#809 = VERTEX_POINT('',#810);
#810 = CARTESIAN_POINT('',(30.5,95.,15.));
#811 = VERTEX_POINT('',#812);
#812 = CARTESIAN_POINT('',(48.5,95.,15.));
#813 = SURFACE_CURVE('',#814,(#818,#824),.PCURVE_S1.);
#814 = LINE('',#815,#816);
#815 = CARTESIAN_POINT('',(15.25,95.,15.));
#816 = VECTOR('',#817,1.);
#817 = DIRECTION('',(1.,0.,0.));
#818 = PCURVE('',#394,#819);
#819 = DEFINITIONAL_REPRESENTATION('',(#820),#823);
#820 = B_SPLINE_CURVE_WITH_KNOTS('',1,(#821,#822),.UNSPECIFIED.,.F.,.F.,
  (2,2),(15.25,33.25),.PIECEWISE_BEZIER_KNOTS.);
#821 = CARTESIAN_POINT('',(15.,30.5));
#822 = CARTESIAN_POINT('',(15.,48.5));
#823 = ( GEOMETRIC_REPRESENTATION_CONTEXT(2) 
PARAMETRIC_REPRESENTATION_CONTEXT() REPRESENTATION_CONTEXT('2D SPACE',''
  ) );
#824 = PCURVE('',#825,#830);
#825 = PLANE('',#826);
#826 = AXIS2_PLACEMENT_3D('',#827,#828,#829);
#827 = CARTESIAN_POINT('',(30.5,92.,15.));
#828 = DIRECTION('',(0.,0.,1.));
#829 = DIRECTION('',(1.,0.,0.));
#830 = DEFINITIONAL_REPRESENTATION('',(#831),#834);
#831 = B_SPLINE_CURVE_WITH_KNOTS('',1,(#832,#833),.UNSPECIFIED.,.F.,.F.,
  (2,2),(15.25,33.25),.PIECEWISE_BEZIER_KNOTS.);
#832 = CARTESIAN_POINT('',(0.,3.));
#833 = CARTESIAN_POINT('',(18.,3.));
#834 = ( GEOMETRIC_REPRESENTATION_CONTEXT(2) 
PARAMETRIC_REPRESENTATION_CONTEXT() REPRESENTATION_CONTEXT('2D SPACE',''
  ) );
#835 = ORIENTED_EDGE('',*,*,#836,.F.);
#836 = EDGE_CURVE('',#837,#809,#839,.T.);
#837 = VERTEX_POINT('',#838);
#838 = CARTESIAN_POINT('',(29.5,95.,14.));
#839 = SURFACE_CURVE('',#840,(#845,#852),.PCURVE_S1.);
#840 = CIRCLE('',#841,1.);
#841 = AXIS2_PLACEMENT_3D('',#842,#843,#844);
#842 = CARTESIAN_POINT('',(30.5,95.,14.));
#843 = DIRECTION('',(0.,1.,0.));
#844 = DIRECTION('',(0.,-0.,1.));
#845 = PCURVE('',#394,#846);
#846 = DEFINITIONAL_REPRESENTATION('',(#847),#851);
#847 = CIRCLE('',#848,1.);
#848 = AXIS2_PLACEMENT_2D('',#849,#850);
#849 = CARTESIAN_POINT('',(14.,30.5));
#850 = DIRECTION('',(1.,0.));
#851 = ( GEOMETRIC_REPRESENTATION_CONTEXT(2) 
PARAMETRIC_REPRESENTATION_CONTEXT() REPRESENTATION_CONTEXT('2D SPACE',''
  ) );
#852 = PCURVE('',#853,#858);
#853 = CYLINDRICAL_SURFACE('',#854,1.);
#854 = AXIS2_PLACEMENT_3D('',#855,#856,#857);
#855 = CARTESIAN_POINT('',(30.5,92.,14.));
#856 = DIRECTION('',(0.,1.,0.));
#857 = DIRECTION('',(0.,-0.,1.));
#858 = DEFINITIONAL_REPRESENTATION('',(#859),#863);
#859 = LINE('',#860,#861);
#860 = CARTESIAN_POINT('',(0.,3.));
#861 = VECTOR('',#862,1.);
#862 = DIRECTION('',(1.,0.));
#863 = ( GEOMETRIC_REPRESENTATION_CONTEXT(2) 
PARAMETRIC_REPRESENTATION_CONTEXT() REPRESENTATION_CONTEXT('2D SPACE',''
  ) );
#864 = ORIENTED_EDGE('',*,*,#865,.T.);
#865 = EDGE_CURVE('',#837,#866,#868,.T.);
#866 = VERTEX_POINT('',#867);
#867 = CARTESIAN_POINT('',(29.5,95.,8.));
#868 = SURFACE_CURVE('',#869,(#873,#879),.PCURVE_S1.);
#869 = LINE('',#870,#871);
#870 = CARTESIAN_POINT('',(29.5,95.,4.));
#871 = VECTOR('',#872,1.);
#872 = DIRECTION('',(0.,0.,-1.));
#873 = PCURVE('',#394,#874);
#874 = DEFINITIONAL_REPRESENTATION('',(#875),#878);
#875 = B_SPLINE_CURVE_WITH_KNOTS('',1,(#876,#877),.UNSPECIFIED.,.F.,.F.,
  (2,2),(-10.,-4.),.PIECEWISE_BEZIER_KNOTS.);
#876 = CARTESIAN_POINT('',(14.,29.5));
#877 = CARTESIAN_POINT('',(8.,29.5));
#878 = ( GEOMETRIC_REPRESENTATION_CONTEXT(2) 
PARAMETRIC_REPRESENTATION_CONTEXT() REPRESENTATION_CONTEXT('2D SPACE',''
  ) );
#879 = PCURVE('',#880,#885);
#880 = PLANE('',#881);
#881 = AXIS2_PLACEMENT_3D('',#882,#883,#884);
#882 = CARTESIAN_POINT('',(29.5,92.,8.));
#883 = DIRECTION('',(1.,0.,0.));
#884 = DIRECTION('',(0.,0.,1.));
#885 = DEFINITIONAL_REPRESENTATION('',(#886),#889);
#886 = B_SPLINE_CURVE_WITH_KNOTS('',1,(#887,#888),.UNSPECIFIED.,.F.,.F.,
  (2,2),(-10.,-4.),.PIECEWISE_BEZIER_KNOTS.);
#887 = CARTESIAN_POINT('',(6.,-3.));
#888 = CARTESIAN_POINT('',(0.,-3.));
#889 = ( GEOMETRIC_REPRESENTATION_CONTEXT(2) 
PARAMETRIC_REPRESENTATION_CONTEXT() REPRESENTATION_CONTEXT('2D SPACE',''
  ) );
#890 = ORIENTED_EDGE('',*,*,#891,.F.);
#891 = EDGE_CURVE('',#892,#866,#894,.T.);
#892 = VERTEX_POINT('',#893);
#893 = CARTESIAN_POINT('',(30.5,95.,7.));
#894 = SURFACE_CURVE('',#895,(#900,#907),.PCURVE_S1.);
#895 = CIRCLE('',#896,1.);
#896 = AXIS2_PLACEMENT_3D('',#897,#898,#899);
#897 = CARTESIAN_POINT('',(30.5,95.,8.));
#898 = DIRECTION('',(0.,1.,0.));
#899 = DIRECTION('',(0.,-0.,1.));
#900 = PCURVE('',#394,#901);
#901 = DEFINITIONAL_REPRESENTATION('',(#902),#906);
#902 = CIRCLE('',#903,1.);
#903 = AXIS2_PLACEMENT_2D('',#904,#905);
#904 = CARTESIAN_POINT('',(8.,30.5));
#905 = DIRECTION('',(1.,0.));
#906 = ( GEOMETRIC_REPRESENTATION_CONTEXT(2) 
PARAMETRIC_REPRESENTATION_CONTEXT() REPRESENTATION_CONTEXT('2D SPACE',''
  ) );
#907 = PCURVE('',#908,#913);
#908 = CYLINDRICAL_SURFACE('',#909,1.);
#909 = AXIS2_PLACEMENT_3D('',#910,#911,#912);
#910 = CARTESIAN_POINT('',(30.5,92.,8.));
#911 = DIRECTION('',(0.,1.,0.));
#912 = DIRECTION('',(0.,-0.,1.));
#913 = DEFINITIONAL_REPRESENTATION('',(#914),#918);
#914 = LINE('',#915,#916);
#915 = CARTESIAN_POINT('',(0.,3.));
#916 = VECTOR('',#917,1.);
#917 = DIRECTION('',(1.,0.));
#918 = ( GEOMETRIC_REPRESENTATION_CONTEXT(2) 
PARAMETRIC_REPRESENTATION_CONTEXT() REPRESENTATION_CONTEXT('2D SPACE',''
  ) );
#919 = ORIENTED_EDGE('',*,*,#920,.T.);
#920 = EDGE_CURVE('',#892,#921,#923,.T.);
#921 = VERTEX_POINT('',#922);
#922 = CARTESIAN_POINT('',(48.5,95.,7.));
#923 = SURFACE_CURVE('',#924,(#928,#934),.PCURVE_S1.);
#924 = LINE('',#925,#926);
#925 = CARTESIAN_POINT('',(15.25,95.,7.));
#926 = VECTOR('',#927,1.);
#927 = DIRECTION('',(1.,0.,0.));
#928 = PCURVE('',#394,#929);
#929 = DEFINITIONAL_REPRESENTATION('',(#930),#933);
#930 = B_SPLINE_CURVE_WITH_KNOTS('',1,(#931,#932),.UNSPECIFIED.,.F.,.F.,
  (2,2),(15.25,33.25),.PIECEWISE_BEZIER_KNOTS.);
#931 = CARTESIAN_POINT('',(7.,30.5));
#932 = CARTESIAN_POINT('',(7.,48.5));
#933 = ( GEOMETRIC_REPRESENTATION_CONTEXT(2) 
PARAMETRIC_REPRESENTATION_CONTEXT() REPRESENTATION_CONTEXT('2D SPACE',''
  ) );
#934 = PCURVE('',#935,#940);
#935 = PLANE('',#936);
#936 = AXIS2_PLACEMENT_3D('',#937,#938,#939);
#937 = CARTESIAN_POINT('',(30.5,92.,7.));
#938 = DIRECTION('',(0.,0.,1.));
#939 = DIRECTION('',(1.,0.,0.));
#940 = DEFINITIONAL_REPRESENTATION('',(#941),#944);
#941 = B_SPLINE_CURVE_WITH_KNOTS('',1,(#942,#943),.UNSPECIFIED.,.F.,.F.,
  (2,2),(15.25,33.25),.PIECEWISE_BEZIER_KNOTS.);
#942 = CARTESIAN_POINT('',(0.,3.));
#943 = CARTESIAN_POINT('',(18.,3.));
#944 = ( GEOMETRIC_REPRESENTATION_CONTEXT(2) 
PARAMETRIC_REPRESENTATION_CONTEXT() REPRESENTATION_CONTEXT('2D SPACE',''
  ) );
#945 = ORIENTED_EDGE('',*,*,#946,.F.);
#946 = EDGE_CURVE('',#947,#921,#949,.T.);
#947 = VERTEX_POINT('',#948);
#948 = CARTESIAN_POINT('',(49.5,95.,8.));
#949 = SURFACE_CURVE('',#950,(#955,#962),.PCURVE_S1.);
#950 = CIRCLE('',#951,1.);
#951 = AXIS2_PLACEMENT_3D('',#952,#953,#954);
#952 = CARTESIAN_POINT('',(48.5,95.,8.));
#953 = DIRECTION('',(0.,1.,0.));
#954 = DIRECTION('',(0.,-0.,1.));
#955 = PCURVE('',#394,#956);
#956 = DEFINITIONAL_REPRESENTATION('',(#957),#961);
#957 = CIRCLE('',#958,1.);
#958 = AXIS2_PLACEMENT_2D('',#959,#960);
#959 = CARTESIAN_POINT('',(8.,48.5));
#960 = DIRECTION('',(1.,0.));
#961 = ( GEOMETRIC_REPRESENTATION_CONTEXT(2) 
PARAMETRIC_REPRESENTATION_CONTEXT() REPRESENTATION_CONTEXT('2D SPACE',''
  ) );
#962 = PCURVE('',#963,#968);
#963 = CYLINDRICAL_SURFACE('',#964,1.);
#964 = AXIS2_PLACEMENT_3D('',#965,#966,#967);
#965 = CARTESIAN_POINT('',(48.5,92.,8.));
#966 = DIRECTION('',(0.,1.,0.));
#967 = DIRECTION('',(0.,-0.,1.));
#968 = DEFINITIONAL_REPRESENTATION('',(#969),#973);
#969 = LINE('',#970,#971);
#970 = CARTESIAN_POINT('',(0.,3.));
#971 = VECTOR('',#972,1.);
#972 = DIRECTION('',(1.,0.));
#973 = ( GEOMETRIC_REPRESENTATION_CONTEXT(2) 
PARAMETRIC_REPRESENTATION_CONTEXT() REPRESENTATION_CONTEXT('2D SPACE',''
  ) );
#974 = ORIENTED_EDGE('',*,*,#975,.F.);
#975 = EDGE_CURVE('',#976,#947,#978,.T.);
#976 = VERTEX_POINT('',#977);
#977 = CARTESIAN_POINT('',(49.5,95.,14.));
#978 = SURFACE_CURVE('',#979,(#983,#989),.PCURVE_S1.);
#979 = LINE('',#980,#981);
#980 = CARTESIAN_POINT('',(49.5,95.,4.));
#981 = VECTOR('',#982,1.);
#982 = DIRECTION('',(0.,0.,-1.));
#983 = PCURVE('',#394,#984);
#984 = DEFINITIONAL_REPRESENTATION('',(#985),#988);
#985 = B_SPLINE_CURVE_WITH_KNOTS('',1,(#986,#987),.UNSPECIFIED.,.F.,.F.,
  (2,2),(-10.,-4.),.PIECEWISE_BEZIER_KNOTS.);
#986 = CARTESIAN_POINT('',(14.,49.5));
#987 = CARTESIAN_POINT('',(8.,49.5));
#988 = ( GEOMETRIC_REPRESENTATION_CONTEXT(2) 
PARAMETRIC_REPRESENTATION_CONTEXT() REPRESENTATION_CONTEXT('2D SPACE',''
  ) );
#989 = PCURVE('',#990,#995);
#990 = PLANE('',#991);
#991 = AXIS2_PLACEMENT_3D('',#992,#993,#994);
#992 = CARTESIAN_POINT('',(49.5,92.,8.));
#993 = DIRECTION('',(1.,0.,0.));
#994 = DIRECTION('',(0.,0.,1.));
#995 = DEFINITIONAL_REPRESENTATION('',(#996),#999);
#996 = B_SPLINE_CURVE_WITH_KNOTS('',1,(#997,#998),.UNSPECIFIED.,.F.,.F.,
  (2,2),(-10.,-4.),.PIECEWISE_BEZIER_KNOTS.);
#997 = CARTESIAN_POINT('',(6.,-3.));
#998 = CARTESIAN_POINT('',(0.,-3.));
#999 = ( GEOMETRIC_REPRESENTATION_CONTEXT(2) 
PARAMETRIC_REPRESENTATION_CONTEXT() REPRESENTATION_CONTEXT('2D SPACE',''
  ) );
#1000 = ORIENTED_EDGE('',*,*,#1001,.F.);
#1001 = EDGE_CURVE('',#811,#976,#1002,.T.);
#1002 = SURFACE_CURVE('',#1003,(#1008,#1015),.PCURVE_S1.);
#1003 = CIRCLE('',#1004,1.);
#1004 = AXIS2_PLACEMENT_3D('',#1005,#1006,#1007);
#1005 = CARTESIAN_POINT('',(48.5,95.,14.));
#1006 = DIRECTION('',(0.,1.,0.));
#1007 = DIRECTION('',(0.,-0.,1.));
#1008 = PCURVE('',#394,#1009);
#1009 = DEFINITIONAL_REPRESENTATION('',(#1010),#1014);
#1010 = CIRCLE('',#1011,1.);
#1011 = AXIS2_PLACEMENT_2D('',#1012,#1013);
#1012 = CARTESIAN_POINT('',(14.,48.5));
#1013 = DIRECTION('',(1.,0.));
#1014 = ( GEOMETRIC_REPRESENTATION_CONTEXT(2) 
PARAMETRIC_REPRESENTATION_CONTEXT() REPRESENTATION_CONTEXT('2D SPACE',''
  ) );
#1015 = PCURVE('',#1016,#1021);
#1016 = CYLINDRICAL_SURFACE('',#1017,1.);
#1017 = AXIS2_PLACEMENT_3D('',#1018,#1019,#1020);
#1018 = CARTESIAN_POINT('',(48.5,92.,14.));
#1019 = DIRECTION('',(0.,1.,0.));
#1020 = DIRECTION('',(0.,-0.,1.));
#1021 = DEFINITIONAL_REPRESENTATION('',(#1022),#1026);
#1022 = LINE('',#1023,#1024);
#1023 = CARTESIAN_POINT('',(0.,3.));
#1024 = VECTOR('',#1025,1.);
#1025 = DIRECTION('',(1.,0.));
#1026 = ( GEOMETRIC_REPRESENTATION_CONTEXT(2) 
PARAMETRIC_REPRESENTATION_CONTEXT() REPRESENTATION_CONTEXT('2D SPACE',''
  ) );
#1027 = ADVANCED_FACE('',(#1028),#366,.T.);
#1028 = FACE_BOUND('',#1029,.T.);
#1029 = EDGE_LOOP('',(#1030,#1031,#1032,#1033));
#1030 = ORIENTED_EDGE('',*,*,#598,.T.);
#1031 = ORIENTED_EDGE('',*,*,#785,.T.);
#1032 = ORIENTED_EDGE('',*,*,#349,.F.);
#1033 = ORIENTED_EDGE('',*,*,#1034,.F.);
#1034 = EDGE_CURVE('',#576,#322,#1035,.T.);
#1035 = SURFACE_CURVE('',#1036,(#1040,#1047),.PCURVE_S1.);
#1036 = LINE('',#1037,#1038);
#1037 = CARTESIAN_POINT('',(79.,94.2,0.));
#1038 = VECTOR('',#1039,1.);
#1039 = DIRECTION('',(0.,0.,1.));
#1040 = PCURVE('',#366,#1041);
#1041 = DEFINITIONAL_REPRESENTATION('',(#1042),#1046);
#1042 = LINE('',#1043,#1044);
#1043 = CARTESIAN_POINT('',(0.,0.));
#1044 = VECTOR('',#1045,1.);
#1045 = DIRECTION('',(0.,1.));
#1046 = ( GEOMETRIC_REPRESENTATION_CONTEXT(2) 
PARAMETRIC_REPRESENTATION_CONTEXT() REPRESENTATION_CONTEXT('2D SPACE',''
  ) );
#1047 = PCURVE('',#337,#1048);
#1048 = DEFINITIONAL_REPRESENTATION('',(#1049),#1053);
#1049 = LINE('',#1050,#1051);
#1050 = CARTESIAN_POINT('',(0.,-94.2));
#1051 = VECTOR('',#1052,1.);
#1052 = DIRECTION('',(1.,0.));
#1053 = ( GEOMETRIC_REPRESENTATION_CONTEXT(2) 
PARAMETRIC_REPRESENTATION_CONTEXT() REPRESENTATION_CONTEXT('2D SPACE',''
  ) );
#1054 = ADVANCED_FACE('',(#1055),#337,.T.);
#1055 = FACE_BOUND('',#1056,.T.);
#1056 = EDGE_LOOP('',(#1057,#1058,#1081,#1102,#1103));
#1057 = ORIENTED_EDGE('',*,*,#321,.F.);
#1058 = ORIENTED_EDGE('',*,*,#1059,.T.);
#1059 = EDGE_CURVE('',#294,#1060,#1062,.T.);
#1060 = VERTEX_POINT('',#1061);
#1061 = CARTESIAN_POINT('',(79.,0.8,23.8));
#1062 = SURFACE_CURVE('',#1063,(#1067,#1074),.PCURVE_S1.);
#1063 = LINE('',#1064,#1065);
#1064 = CARTESIAN_POINT('',(79.,2.,25.));
#1065 = VECTOR('',#1066,1.);
#1066 = DIRECTION('',(0.,-0.707106781187,-0.707106781187));
#1067 = PCURVE('',#337,#1068);
#1068 = DEFINITIONAL_REPRESENTATION('',(#1069),#1073);
#1069 = LINE('',#1070,#1071);
#1070 = CARTESIAN_POINT('',(25.,-2.));
#1071 = VECTOR('',#1072,1.);
#1072 = DIRECTION('',(-0.707106781187,0.707106781187));
#1073 = ( GEOMETRIC_REPRESENTATION_CONTEXT(2) 
PARAMETRIC_REPRESENTATION_CONTEXT() REPRESENTATION_CONTEXT('2D SPACE',''
  ) );
#1074 = PCURVE('',#309,#1075);
#1075 = DEFINITIONAL_REPRESENTATION('',(#1076),#1080);
#1076 = LINE('',#1077,#1078);
#1077 = CARTESIAN_POINT('',(0.,-79.));
#1078 = VECTOR('',#1079,1.);
#1079 = DIRECTION('',(1.,0.));
#1080 = ( GEOMETRIC_REPRESENTATION_CONTEXT(2) 
PARAMETRIC_REPRESENTATION_CONTEXT() REPRESENTATION_CONTEXT('2D SPACE',''
  ) );
#1081 = ORIENTED_EDGE('',*,*,#1082,.F.);
#1082 = EDGE_CURVE('',#543,#1060,#1083,.T.);
#1083 = SURFACE_CURVE('',#1084,(#1088,#1095),.PCURVE_S1.);
#1084 = LINE('',#1085,#1086);
#1085 = CARTESIAN_POINT('',(79.,0.8,0.));
#1086 = VECTOR('',#1087,1.);
#1087 = DIRECTION('',(0.,0.,1.));
#1088 = PCURVE('',#337,#1089);
#1089 = DEFINITIONAL_REPRESENTATION('',(#1090),#1094);
#1090 = LINE('',#1091,#1092);
#1091 = CARTESIAN_POINT('',(0.,-0.8));
#1092 = VECTOR('',#1093,1.);
#1093 = DIRECTION('',(1.,0.));
#1094 = ( GEOMETRIC_REPRESENTATION_CONTEXT(2) 
PARAMETRIC_REPRESENTATION_CONTEXT() REPRESENTATION_CONTEXT('2D SPACE',''
  ) );
#1095 = PCURVE('',#563,#1096);
#1096 = DEFINITIONAL_REPRESENTATION('',(#1097),#1101);
#1097 = LINE('',#1098,#1099);
#1098 = CARTESIAN_POINT('',(-0.,0.));
#1099 = VECTOR('',#1100,1.);
#1100 = DIRECTION('',(-0.,1.));
#1101 = ( GEOMETRIC_REPRESENTATION_CONTEXT(2) 
PARAMETRIC_REPRESENTATION_CONTEXT() REPRESENTATION_CONTEXT('2D SPACE',''
  ) );
#1102 = ORIENTED_EDGE('',*,*,#575,.T.);
#1103 = ORIENTED_EDGE('',*,*,#1034,.T.);
#1104 = ADVANCED_FACE('',(#1105),#309,.F.);
#1105 = FACE_BOUND('',#1106,.F.);
#1106 = EDGE_LOOP('',(#1107,#1132,#1158,#1178,#1179,#1180));
#1107 = ORIENTED_EDGE('',*,*,#1108,.F.);
#1108 = EDGE_CURVE('',#1109,#1111,#1113,.T.);
#1109 = VERTEX_POINT('',#1110);
#1110 = CARTESIAN_POINT('',(75.,0.,23.));
#1111 = VERTEX_POINT('',#1112);
#1112 = CARTESIAN_POINT('',(78.2,-5.551115123126E-17,23.));
#1113 = SURFACE_CURVE('',#1114,(#1118,#1125),.PCURVE_S1.);
#1114 = LINE('',#1115,#1116);
#1115 = CARTESIAN_POINT('',(0.,0.,23.));
#1116 = VECTOR('',#1117,1.);
#1117 = DIRECTION('',(1.,0.,0.));
#1118 = PCURVE('',#309,#1119);
#1119 = DEFINITIONAL_REPRESENTATION('',(#1120),#1124);
#1120 = LINE('',#1121,#1122);
#1121 = CARTESIAN_POINT('',(2.828427124746,0.));
#1122 = VECTOR('',#1123,1.);
#1123 = DIRECTION('',(0.,-1.));
#1124 = ( GEOMETRIC_REPRESENTATION_CONTEXT(2) 
PARAMETRIC_REPRESENTATION_CONTEXT() REPRESENTATION_CONTEXT('2D SPACE',''
  ) );
#1125 = PCURVE('',#530,#1126);
#1126 = DEFINITIONAL_REPRESENTATION('',(#1127),#1131);
#1127 = LINE('',#1128,#1129);
#1128 = CARTESIAN_POINT('',(23.,0.));
#1129 = VECTOR('',#1130,1.);
#1130 = DIRECTION('',(0.,1.));
#1131 = ( GEOMETRIC_REPRESENTATION_CONTEXT(2) 
PARAMETRIC_REPRESENTATION_CONTEXT() REPRESENTATION_CONTEXT('2D SPACE',''
  ) );
#1132 = ORIENTED_EDGE('',*,*,#1133,.F.);
#1133 = EDGE_CURVE('',#1134,#1109,#1136,.T.);
#1134 = VERTEX_POINT('',#1135);
#1135 = CARTESIAN_POINT('',(75.,2.,25.));
#1136 = SURFACE_CURVE('',#1137,(#1141,#1147),.PCURVE_S1.);
#1137 = LINE('',#1138,#1139);
#1138 = CARTESIAN_POINT('',(75.,1.875,24.875));
#1139 = VECTOR('',#1140,1.);
#1140 = DIRECTION('',(0.,-0.707106781187,-0.707106781187));
#1141 = PCURVE('',#309,#1142);
#1142 = DEFINITIONAL_REPRESENTATION('',(#1143),#1146);
#1143 = B_SPLINE_CURVE_WITH_KNOTS('',1,(#1144,#1145),.UNSPECIFIED.,.F.,
  .F.,(2,2),(-0.176776695297,2.65165042945),.PIECEWISE_BEZIER_KNOTS.);
#1144 = CARTESIAN_POINT('',(0.,-75.));
#1145 = CARTESIAN_POINT('',(2.828427124746,-75.));
#1146 = ( GEOMETRIC_REPRESENTATION_CONTEXT(2) 
PARAMETRIC_REPRESENTATION_CONTEXT() REPRESENTATION_CONTEXT('2D SPACE',''
  ) );
#1147 = PCURVE('',#1148,#1153);
#1148 = PLANE('',#1149);
#1149 = AXIS2_PLACEMENT_3D('',#1150,#1151,#1152);
#1150 = CARTESIAN_POINT('',(75.,0.5,26.));
#1151 = DIRECTION('',(1.,0.,0.));
#1152 = DIRECTION('',(-0.,0.,1.));
#1153 = DEFINITIONAL_REPRESENTATION('',(#1154),#1157);
#1154 = B_SPLINE_CURVE_WITH_KNOTS('',1,(#1155,#1156),.UNSPECIFIED.,.F.,
  .F.,(2,2),(-0.176776695297,2.65165042945),.PIECEWISE_BEZIER_KNOTS.);
#1155 = CARTESIAN_POINT('',(-1.,-1.5));
#1156 = CARTESIAN_POINT('',(-3.,0.5));
#1157 = ( GEOMETRIC_REPRESENTATION_CONTEXT(2) 
PARAMETRIC_REPRESENTATION_CONTEXT() REPRESENTATION_CONTEXT('2D SPACE',''
  ) );
#1158 = ORIENTED_EDGE('',*,*,#1159,.F.);
#1159 = EDGE_CURVE('',#268,#1134,#1160,.T.);
#1160 = SURFACE_CURVE('',#1161,(#1165,#1172),.PCURVE_S1.);
#1161 = LINE('',#1162,#1163);
#1162 = CARTESIAN_POINT('',(1.,2.,25.));
#1163 = VECTOR('',#1164,1.);
#1164 = DIRECTION('',(-1.,0.,0.));
#1165 = PCURVE('',#309,#1166);
#1166 = DEFINITIONAL_REPRESENTATION('',(#1167),#1171);
#1167 = LINE('',#1168,#1169);
#1168 = CARTESIAN_POINT('',(3.140184917368E-16,-1.));
#1169 = VECTOR('',#1170,1.);
#1170 = DIRECTION('',(-0.,1.));
#1171 = ( GEOMETRIC_REPRESENTATION_CONTEXT(2) 
PARAMETRIC_REPRESENTATION_CONTEXT() REPRESENTATION_CONTEXT('2D SPACE',''
  ) );
#1172 = PCURVE('',#720,#1173);
#1173 = DEFINITIONAL_REPRESENTATION('',(#1174),#1177);
#1174 = B_SPLINE_CURVE_WITH_KNOTS('',1,(#1175,#1176),.UNSPECIFIED.,.F.,
  .F.,(2,2),(-76.,-1.),.PIECEWISE_BEZIER_KNOTS.);
#1175 = CARTESIAN_POINT('',(23.,75.));
#1176 = CARTESIAN_POINT('',(23.,0.));
#1177 = ( GEOMETRIC_REPRESENTATION_CONTEXT(2) 
PARAMETRIC_REPRESENTATION_CONTEXT() REPRESENTATION_CONTEXT('2D SPACE',''
  ) );
#1178 = ORIENTED_EDGE('',*,*,#293,.T.);
#1179 = ORIENTED_EDGE('',*,*,#1059,.T.);
#1180 = ORIENTED_EDGE('',*,*,#1181,.T.);
#1181 = EDGE_CURVE('',#1060,#1111,#1182,.T.);
#1182 = SURFACE_CURVE('',#1183,(#1188,#1195),.PCURVE_S1.);
#1183 = ELLIPSE('',#1184,1.131370849898,0.8);
#1184 = AXIS2_PLACEMENT_3D('',#1185,#1186,#1187);
#1185 = CARTESIAN_POINT('',(78.2,0.8,23.8));
#1186 = DIRECTION('',(0.,0.707106781187,-0.707106781187));
#1187 = DIRECTION('',(0.,0.707106781187,0.707106781187));
#1188 = PCURVE('',#309,#1189);
#1189 = DEFINITIONAL_REPRESENTATION('',(#1190),#1194);
#1190 = ELLIPSE('',#1191,1.131370849898,0.8);
#1191 = AXIS2_PLACEMENT_2D('',#1192,#1193);
#1192 = CARTESIAN_POINT('',(1.697056274848,-78.2));
#1193 = DIRECTION('',(-1.,0.));
#1194 = ( GEOMETRIC_REPRESENTATION_CONTEXT(2) 
PARAMETRIC_REPRESENTATION_CONTEXT() REPRESENTATION_CONTEXT('2D SPACE',''
  ) );
#1195 = PCURVE('',#563,#1196);
#1196 = DEFINITIONAL_REPRESENTATION('',(#1197),#1206);
#1197 = B_SPLINE_CURVE_WITH_KNOTS('',7,(#1198,#1199,#1200,#1201,#1202,
    #1203,#1204,#1205),.UNSPECIFIED.,.F.,.F.,(8,8),(1.570796326795,
    3.14159265359),.PIECEWISE_BEZIER_KNOTS.);
#1198 = CARTESIAN_POINT('',(0.,23.8));
#1199 = CARTESIAN_POINT('',(-0.224399475256,23.620480419795));
#1200 = CARTESIAN_POINT('',(-0.448798950513,23.440961568546));
#1201 = CARTESIAN_POINT('',(-0.673198425769,23.276202539377));
#1202 = CARTESIAN_POINT('',(-0.897597901026,23.140989996307));
#1203 = CARTESIAN_POINT('',(-1.121997376282,23.046998938088));
#1204 = CARTESIAN_POINT('',(-1.346396851538,23.));
#1205 = CARTESIAN_POINT('',(-1.570796326795,23.));
#1206 = ( GEOMETRIC_REPRESENTATION_CONTEXT(2) 
PARAMETRIC_REPRESENTATION_CONTEXT() REPRESENTATION_CONTEXT('2D SPACE',''
  ) );
#1207 = ADVANCED_FACE('',(#1208),#282,.F.);
#1208 = FACE_BOUND('',#1209,.F.);
#1209 = EDGE_LOOP('',(#1210,#1233,#1261,#1282));
#1210 = ORIENTED_EDGE('',*,*,#1211,.F.);
#1211 = EDGE_CURVE('',#1212,#268,#1214,.T.);
#1212 = VERTEX_POINT('',#1213);
#1213 = CARTESIAN_POINT('',(77.,2.,2.));
#1214 = SURFACE_CURVE('',#1215,(#1219,#1226),.PCURVE_S1.);
#1215 = LINE('',#1216,#1217);
#1216 = CARTESIAN_POINT('',(77.,2.,2.));
#1217 = VECTOR('',#1218,1.);
#1218 = DIRECTION('',(0.,0.,1.));
#1219 = PCURVE('',#282,#1220);
#1220 = DEFINITIONAL_REPRESENTATION('',(#1221),#1225);
#1221 = LINE('',#1222,#1223);
#1222 = CARTESIAN_POINT('',(0.,0.));
#1223 = VECTOR('',#1224,1.);
#1224 = DIRECTION('',(1.,0.));
#1225 = ( GEOMETRIC_REPRESENTATION_CONTEXT(2) 
PARAMETRIC_REPRESENTATION_CONTEXT() REPRESENTATION_CONTEXT('2D SPACE',''
  ) );
#1226 = PCURVE('',#720,#1227);
#1227 = DEFINITIONAL_REPRESENTATION('',(#1228),#1232);
#1228 = LINE('',#1229,#1230);
#1229 = CARTESIAN_POINT('',(0.,75.));
#1230 = VECTOR('',#1231,1.);
#1231 = DIRECTION('',(1.,0.));
#1232 = ( GEOMETRIC_REPRESENTATION_CONTEXT(2) 
PARAMETRIC_REPRESENTATION_CONTEXT() REPRESENTATION_CONTEXT('2D SPACE',''
  ) );
#1233 = ORIENTED_EDGE('',*,*,#1234,.T.);
#1234 = EDGE_CURVE('',#1212,#1235,#1237,.T.);
#1235 = VERTEX_POINT('',#1236);
#1236 = CARTESIAN_POINT('',(77.,93.,2.));
#1237 = SURFACE_CURVE('',#1238,(#1242,#1249),.PCURVE_S1.);
#1238 = LINE('',#1239,#1240);
#1239 = CARTESIAN_POINT('',(77.,2.,2.));
#1240 = VECTOR('',#1241,1.);
#1241 = DIRECTION('',(0.,1.,0.));
#1242 = PCURVE('',#282,#1243);
#1243 = DEFINITIONAL_REPRESENTATION('',(#1244),#1248);
#1244 = LINE('',#1245,#1246);
#1245 = CARTESIAN_POINT('',(0.,0.));
#1246 = VECTOR('',#1247,1.);
#1247 = DIRECTION('',(0.,-1.));
#1248 = ( GEOMETRIC_REPRESENTATION_CONTEXT(2) 
PARAMETRIC_REPRESENTATION_CONTEXT() REPRESENTATION_CONTEXT('2D SPACE',''
  ) );
#1249 = PCURVE('',#1250,#1255);
#1250 = PLANE('',#1251);
#1251 = AXIS2_PLACEMENT_3D('',#1252,#1253,#1254);
#1252 = CARTESIAN_POINT('',(2.,2.,2.));
#1253 = DIRECTION('',(0.,0.,1.));
#1254 = DIRECTION('',(1.,0.,0.));
#1255 = DEFINITIONAL_REPRESENTATION('',(#1256),#1260);
#1256 = LINE('',#1257,#1258);
#1257 = CARTESIAN_POINT('',(75.,0.));
#1258 = VECTOR('',#1259,1.);
#1259 = DIRECTION('',(0.,1.));
#1260 = ( GEOMETRIC_REPRESENTATION_CONTEXT(2) 
PARAMETRIC_REPRESENTATION_CONTEXT() REPRESENTATION_CONTEXT('2D SPACE',''
  ) );
#1261 = ORIENTED_EDGE('',*,*,#1262,.T.);
#1262 = EDGE_CURVE('',#1235,#242,#1263,.T.);
#1263 = SURFACE_CURVE('',#1264,(#1268,#1275),.PCURVE_S1.);
#1264 = LINE('',#1265,#1266);
#1265 = CARTESIAN_POINT('',(77.,93.,2.));
#1266 = VECTOR('',#1267,1.);
#1267 = DIRECTION('',(0.,0.,1.));
#1268 = PCURVE('',#282,#1269);
#1269 = DEFINITIONAL_REPRESENTATION('',(#1270),#1274);
#1270 = LINE('',#1271,#1272);
#1271 = CARTESIAN_POINT('',(0.,-91.));
#1272 = VECTOR('',#1273,1.);
#1273 = DIRECTION('',(1.,0.));
#1274 = ( GEOMETRIC_REPRESENTATION_CONTEXT(2) 
PARAMETRIC_REPRESENTATION_CONTEXT() REPRESENTATION_CONTEXT('2D SPACE',''
  ) );
#1275 = PCURVE('',#256,#1276);
#1276 = DEFINITIONAL_REPRESENTATION('',(#1277),#1281);
#1277 = LINE('',#1278,#1279);
#1278 = CARTESIAN_POINT('',(0.,75.));
#1279 = VECTOR('',#1280,1.);
#1280 = DIRECTION('',(1.,0.));
#1281 = ( GEOMETRIC_REPRESENTATION_CONTEXT(2) 
PARAMETRIC_REPRESENTATION_CONTEXT() REPRESENTATION_CONTEXT('2D SPACE',''
  ) );
#1282 = ORIENTED_EDGE('',*,*,#267,.F.);
#1283 = ADVANCED_FACE('',(#1284,#1332),#256,.F.);
#1284 = FACE_BOUND('',#1285,.F.);
#1285 = EDGE_LOOP('',(#1286,#1287,#1310,#1331));
#1286 = ORIENTED_EDGE('',*,*,#1262,.F.);
#1287 = ORIENTED_EDGE('',*,*,#1288,.F.);
#1288 = EDGE_CURVE('',#1289,#1235,#1291,.T.);
#1289 = VERTEX_POINT('',#1290);
#1290 = CARTESIAN_POINT('',(2.,93.,2.));
#1291 = SURFACE_CURVE('',#1292,(#1296,#1303),.PCURVE_S1.);
#1292 = LINE('',#1293,#1294);
#1293 = CARTESIAN_POINT('',(2.,93.,2.));
#1294 = VECTOR('',#1295,1.);
#1295 = DIRECTION('',(1.,0.,0.));
#1296 = PCURVE('',#256,#1297);
#1297 = DEFINITIONAL_REPRESENTATION('',(#1298),#1302);
#1298 = LINE('',#1299,#1300);
#1299 = CARTESIAN_POINT('',(0.,0.));
#1300 = VECTOR('',#1301,1.);
#1301 = DIRECTION('',(0.,1.));
#1302 = ( GEOMETRIC_REPRESENTATION_CONTEXT(2) 
PARAMETRIC_REPRESENTATION_CONTEXT() REPRESENTATION_CONTEXT('2D SPACE',''
  ) );
#1303 = PCURVE('',#1250,#1304);
#1304 = DEFINITIONAL_REPRESENTATION('',(#1305),#1309);
#1305 = LINE('',#1306,#1307);
#1306 = CARTESIAN_POINT('',(0.,91.));
#1307 = VECTOR('',#1308,1.);
#1308 = DIRECTION('',(1.,0.));
#1309 = ( GEOMETRIC_REPRESENTATION_CONTEXT(2) 
PARAMETRIC_REPRESENTATION_CONTEXT() REPRESENTATION_CONTEXT('2D SPACE',''
  ) );
#1310 = ORIENTED_EDGE('',*,*,#1311,.T.);
#1311 = EDGE_CURVE('',#1289,#216,#1312,.T.);
#1312 = SURFACE_CURVE('',#1313,(#1317,#1324),.PCURVE_S1.);
#1313 = LINE('',#1314,#1315);
#1314 = CARTESIAN_POINT('',(2.,93.,2.));
#1315 = VECTOR('',#1316,1.);
#1316 = DIRECTION('',(0.,0.,1.));
#1317 = PCURVE('',#256,#1318);
#1318 = DEFINITIONAL_REPRESENTATION('',(#1319),#1323);
#1319 = LINE('',#1320,#1321);
#1320 = CARTESIAN_POINT('',(0.,0.));
#1321 = VECTOR('',#1322,1.);
#1322 = DIRECTION('',(1.,0.));
#1323 = ( GEOMETRIC_REPRESENTATION_CONTEXT(2) 
PARAMETRIC_REPRESENTATION_CONTEXT() REPRESENTATION_CONTEXT('2D SPACE',''
  ) );
#1324 = PCURVE('',#230,#1325);
#1325 = DEFINITIONAL_REPRESENTATION('',(#1326),#1330);
#1326 = LINE('',#1327,#1328);
#1327 = CARTESIAN_POINT('',(0.,-91.));
#1328 = VECTOR('',#1329,1.);
#1329 = DIRECTION('',(1.,0.));
#1330 = ( GEOMETRIC_REPRESENTATION_CONTEXT(2) 
PARAMETRIC_REPRESENTATION_CONTEXT() REPRESENTATION_CONTEXT('2D SPACE',''
  ) );
#1331 = ORIENTED_EDGE('',*,*,#241,.F.);
#1332 = FACE_BOUND('',#1333,.F.);
#1333 = EDGE_LOOP('',(#1334,#1357,#1381,#1402,#1426,#1447,#1471,#1492));
#1334 = ORIENTED_EDGE('',*,*,#1335,.F.);
#1335 = EDGE_CURVE('',#1336,#1338,#1340,.T.);
#1336 = VERTEX_POINT('',#1337);
#1337 = CARTESIAN_POINT('',(30.5,93.,15.));
#1338 = VERTEX_POINT('',#1339);
#1339 = CARTESIAN_POINT('',(48.5,93.,15.));
#1340 = SURFACE_CURVE('',#1341,(#1345,#1351),.PCURVE_S1.);
#1341 = LINE('',#1342,#1343);
#1342 = CARTESIAN_POINT('',(16.25,93.,15.));
#1343 = VECTOR('',#1344,1.);
#1344 = DIRECTION('',(1.,0.,0.));
#1345 = PCURVE('',#256,#1346);
#1346 = DEFINITIONAL_REPRESENTATION('',(#1347),#1350);
#1347 = B_SPLINE_CURVE_WITH_KNOTS('',1,(#1348,#1349),.UNSPECIFIED.,.F.,
  .F.,(2,2),(14.25,32.25),.PIECEWISE_BEZIER_KNOTS.);
#1348 = CARTESIAN_POINT('',(13.,28.5));
#1349 = CARTESIAN_POINT('',(13.,46.5));
#1350 = ( GEOMETRIC_REPRESENTATION_CONTEXT(2) 
PARAMETRIC_REPRESENTATION_CONTEXT() REPRESENTATION_CONTEXT('2D SPACE',''
  ) );
#1351 = PCURVE('',#825,#1352);
#1352 = DEFINITIONAL_REPRESENTATION('',(#1353),#1356);
#1353 = B_SPLINE_CURVE_WITH_KNOTS('',1,(#1354,#1355),.UNSPECIFIED.,.F.,
  .F.,(2,2),(14.25,32.25),.PIECEWISE_BEZIER_KNOTS.);
#1354 = CARTESIAN_POINT('',(0.,1.));
#1355 = CARTESIAN_POINT('',(18.,1.));
#1356 = ( GEOMETRIC_REPRESENTATION_CONTEXT(2) 
PARAMETRIC_REPRESENTATION_CONTEXT() REPRESENTATION_CONTEXT('2D SPACE',''
  ) );
#1357 = ORIENTED_EDGE('',*,*,#1358,.F.);
#1358 = EDGE_CURVE('',#1359,#1336,#1361,.T.);
#1359 = VERTEX_POINT('',#1360);
#1360 = CARTESIAN_POINT('',(29.5,93.,14.));
#1361 = SURFACE_CURVE('',#1362,(#1367,#1374),.PCURVE_S1.);
#1362 = CIRCLE('',#1363,1.);
#1363 = AXIS2_PLACEMENT_3D('',#1364,#1365,#1366);
#1364 = CARTESIAN_POINT('',(30.5,93.,14.));
#1365 = DIRECTION('',(0.,1.,0.));
#1366 = DIRECTION('',(0.,-0.,1.));
#1367 = PCURVE('',#256,#1368);
#1368 = DEFINITIONAL_REPRESENTATION('',(#1369),#1373);
#1369 = CIRCLE('',#1370,1.);
#1370 = AXIS2_PLACEMENT_2D('',#1371,#1372);
#1371 = CARTESIAN_POINT('',(12.,28.5));
#1372 = DIRECTION('',(1.,0.));
#1373 = ( GEOMETRIC_REPRESENTATION_CONTEXT(2) 
PARAMETRIC_REPRESENTATION_CONTEXT() REPRESENTATION_CONTEXT('2D SPACE',''
  ) );
#1374 = PCURVE('',#853,#1375);
#1375 = DEFINITIONAL_REPRESENTATION('',(#1376),#1380);
#1376 = LINE('',#1377,#1378);
#1377 = CARTESIAN_POINT('',(0.,1.));
#1378 = VECTOR('',#1379,1.);
#1379 = DIRECTION('',(1.,0.));
#1380 = ( GEOMETRIC_REPRESENTATION_CONTEXT(2) 
PARAMETRIC_REPRESENTATION_CONTEXT() REPRESENTATION_CONTEXT('2D SPACE',''
  ) );
#1381 = ORIENTED_EDGE('',*,*,#1382,.T.);
#1382 = EDGE_CURVE('',#1359,#1383,#1385,.T.);
#1383 = VERTEX_POINT('',#1384);
#1384 = CARTESIAN_POINT('',(29.5,93.,8.));
#1385 = SURFACE_CURVE('',#1386,(#1390,#1396),.PCURVE_S1.);
#1386 = LINE('',#1387,#1388);
#1387 = CARTESIAN_POINT('',(29.5,93.,5.));
#1388 = VECTOR('',#1389,1.);
#1389 = DIRECTION('',(0.,0.,-1.));
#1390 = PCURVE('',#256,#1391);
#1391 = DEFINITIONAL_REPRESENTATION('',(#1392),#1395);
#1392 = B_SPLINE_CURVE_WITH_KNOTS('',1,(#1393,#1394),.UNSPECIFIED.,.F.,
  .F.,(2,2),(-9.,-3.),.PIECEWISE_BEZIER_KNOTS.);
#1393 = CARTESIAN_POINT('',(12.,27.5));
#1394 = CARTESIAN_POINT('',(6.,27.5));
#1395 = ( GEOMETRIC_REPRESENTATION_CONTEXT(2) 
PARAMETRIC_REPRESENTATION_CONTEXT() REPRESENTATION_CONTEXT('2D SPACE',''
  ) );
#1396 = PCURVE('',#880,#1397);
#1397 = DEFINITIONAL_REPRESENTATION('',(#1398),#1401);
#1398 = B_SPLINE_CURVE_WITH_KNOTS('',1,(#1399,#1400),.UNSPECIFIED.,.F.,
  .F.,(2,2),(-9.,-3.),.PIECEWISE_BEZIER_KNOTS.);
#1399 = CARTESIAN_POINT('',(6.,-1.));
#1400 = CARTESIAN_POINT('',(0.,-1.));
#1401 = ( GEOMETRIC_REPRESENTATION_CONTEXT(2) 
PARAMETRIC_REPRESENTATION_CONTEXT() REPRESENTATION_CONTEXT('2D SPACE',''
  ) );
#1402 = ORIENTED_EDGE('',*,*,#1403,.F.);
#1403 = EDGE_CURVE('',#1404,#1383,#1406,.T.);
#1404 = VERTEX_POINT('',#1405);
#1405 = CARTESIAN_POINT('',(30.5,93.,7.));
#1406 = SURFACE_CURVE('',#1407,(#1412,#1419),.PCURVE_S1.);
#1407 = CIRCLE('',#1408,1.);
#1408 = AXIS2_PLACEMENT_3D('',#1409,#1410,#1411);
#1409 = CARTESIAN_POINT('',(30.5,93.,8.));
#1410 = DIRECTION('',(0.,1.,0.));
#1411 = DIRECTION('',(0.,-0.,1.));
#1412 = PCURVE('',#256,#1413);
#1413 = DEFINITIONAL_REPRESENTATION('',(#1414),#1418);
#1414 = CIRCLE('',#1415,1.);
#1415 = AXIS2_PLACEMENT_2D('',#1416,#1417);
#1416 = CARTESIAN_POINT('',(6.,28.5));
#1417 = DIRECTION('',(1.,0.));
#1418 = ( GEOMETRIC_REPRESENTATION_CONTEXT(2) 
PARAMETRIC_REPRESENTATION_CONTEXT() REPRESENTATION_CONTEXT('2D SPACE',''
  ) );
#1419 = PCURVE('',#908,#1420);
#1420 = DEFINITIONAL_REPRESENTATION('',(#1421),#1425);
#1421 = LINE('',#1422,#1423);
#1422 = CARTESIAN_POINT('',(0.,1.));
#1423 = VECTOR('',#1424,1.);
#1424 = DIRECTION('',(1.,0.));
#1425 = ( GEOMETRIC_REPRESENTATION_CONTEXT(2) 
PARAMETRIC_REPRESENTATION_CONTEXT() REPRESENTATION_CONTEXT('2D SPACE',''
  ) );
#1426 = ORIENTED_EDGE('',*,*,#1427,.T.);
#1427 = EDGE_CURVE('',#1404,#1428,#1430,.T.);
#1428 = VERTEX_POINT('',#1429);
#1429 = CARTESIAN_POINT('',(48.5,93.,7.));
#1430 = SURFACE_CURVE('',#1431,(#1435,#1441),.PCURVE_S1.);
#1431 = LINE('',#1432,#1433);
#1432 = CARTESIAN_POINT('',(16.25,93.,7.));
#1433 = VECTOR('',#1434,1.);
#1434 = DIRECTION('',(1.,0.,0.));
#1435 = PCURVE('',#256,#1436);
#1436 = DEFINITIONAL_REPRESENTATION('',(#1437),#1440);
#1437 = B_SPLINE_CURVE_WITH_KNOTS('',1,(#1438,#1439),.UNSPECIFIED.,.F.,
  .F.,(2,2),(14.25,32.25),.PIECEWISE_BEZIER_KNOTS.);
#1438 = CARTESIAN_POINT('',(5.,28.5));
#1439 = CARTESIAN_POINT('',(5.,46.5));
#1440 = ( GEOMETRIC_REPRESENTATION_CONTEXT(2) 
PARAMETRIC_REPRESENTATION_CONTEXT() REPRESENTATION_CONTEXT('2D SPACE',''
  ) );
#1441 = PCURVE('',#935,#1442);
#1442 = DEFINITIONAL_REPRESENTATION('',(#1443),#1446);
#1443 = B_SPLINE_CURVE_WITH_KNOTS('',1,(#1444,#1445),.UNSPECIFIED.,.F.,
  .F.,(2,2),(14.25,32.25),.PIECEWISE_BEZIER_KNOTS.);
#1444 = CARTESIAN_POINT('',(0.,1.));
#1445 = CARTESIAN_POINT('',(18.,1.));
#1446 = ( GEOMETRIC_REPRESENTATION_CONTEXT(2) 
PARAMETRIC_REPRESENTATION_CONTEXT() REPRESENTATION_CONTEXT('2D SPACE',''
  ) );
#1447 = ORIENTED_EDGE('',*,*,#1448,.F.);
#1448 = EDGE_CURVE('',#1449,#1428,#1451,.T.);
#1449 = VERTEX_POINT('',#1450);
#1450 = CARTESIAN_POINT('',(49.5,93.,8.));
#1451 = SURFACE_CURVE('',#1452,(#1457,#1464),.PCURVE_S1.);
#1452 = CIRCLE('',#1453,1.);
#1453 = AXIS2_PLACEMENT_3D('',#1454,#1455,#1456);
#1454 = CARTESIAN_POINT('',(48.5,93.,8.));
#1455 = DIRECTION('',(0.,1.,0.));
#1456 = DIRECTION('',(0.,-0.,1.));
#1457 = PCURVE('',#256,#1458);
#1458 = DEFINITIONAL_REPRESENTATION('',(#1459),#1463);
#1459 = CIRCLE('',#1460,1.);
#1460 = AXIS2_PLACEMENT_2D('',#1461,#1462);
#1461 = CARTESIAN_POINT('',(6.,46.5));
#1462 = DIRECTION('',(1.,0.));
#1463 = ( GEOMETRIC_REPRESENTATION_CONTEXT(2) 
PARAMETRIC_REPRESENTATION_CONTEXT() REPRESENTATION_CONTEXT('2D SPACE',''
  ) );
#1464 = PCURVE('',#963,#1465);
#1465 = DEFINITIONAL_REPRESENTATION('',(#1466),#1470);
#1466 = LINE('',#1467,#1468);
#1467 = CARTESIAN_POINT('',(0.,1.));
#1468 = VECTOR('',#1469,1.);
#1469 = DIRECTION('',(1.,0.));
#1470 = ( GEOMETRIC_REPRESENTATION_CONTEXT(2) 
PARAMETRIC_REPRESENTATION_CONTEXT() REPRESENTATION_CONTEXT('2D SPACE',''
  ) );
#1471 = ORIENTED_EDGE('',*,*,#1472,.F.);
#1472 = EDGE_CURVE('',#1473,#1449,#1475,.T.);
#1473 = VERTEX_POINT('',#1474);
#1474 = CARTESIAN_POINT('',(49.5,93.,14.));
#1475 = SURFACE_CURVE('',#1476,(#1480,#1486),.PCURVE_S1.);
#1476 = LINE('',#1477,#1478);
#1477 = CARTESIAN_POINT('',(49.5,93.,5.));
#1478 = VECTOR('',#1479,1.);
#1479 = DIRECTION('',(0.,0.,-1.));
#1480 = PCURVE('',#256,#1481);
#1481 = DEFINITIONAL_REPRESENTATION('',(#1482),#1485);
#1482 = B_SPLINE_CURVE_WITH_KNOTS('',1,(#1483,#1484),.UNSPECIFIED.,.F.,
  .F.,(2,2),(-9.,-3.),.PIECEWISE_BEZIER_KNOTS.);
#1483 = CARTESIAN_POINT('',(12.,47.5));
#1484 = CARTESIAN_POINT('',(6.,47.5));
#1485 = ( GEOMETRIC_REPRESENTATION_CONTEXT(2) 
PARAMETRIC_REPRESENTATION_CONTEXT() REPRESENTATION_CONTEXT('2D SPACE',''
  ) );
#1486 = PCURVE('',#990,#1487);
#1487 = DEFINITIONAL_REPRESENTATION('',(#1488),#1491);
#1488 = B_SPLINE_CURVE_WITH_KNOTS('',1,(#1489,#1490),.UNSPECIFIED.,.F.,
  .F.,(2,2),(-9.,-3.),.PIECEWISE_BEZIER_KNOTS.);
#1489 = CARTESIAN_POINT('',(6.,-1.));
#1490 = CARTESIAN_POINT('',(0.,-1.));
#1491 = ( GEOMETRIC_REPRESENTATION_CONTEXT(2) 
PARAMETRIC_REPRESENTATION_CONTEXT() REPRESENTATION_CONTEXT('2D SPACE',''
  ) );
#1492 = ORIENTED_EDGE('',*,*,#1493,.F.);
#1493 = EDGE_CURVE('',#1338,#1473,#1494,.T.);
#1494 = SURFACE_CURVE('',#1495,(#1500,#1507),.PCURVE_S1.);
#1495 = CIRCLE('',#1496,1.);
#1496 = AXIS2_PLACEMENT_3D('',#1497,#1498,#1499);
#1497 = CARTESIAN_POINT('',(48.5,93.,14.));
#1498 = DIRECTION('',(0.,1.,0.));
#1499 = DIRECTION('',(0.,-0.,1.));
#1500 = PCURVE('',#256,#1501);
#1501 = DEFINITIONAL_REPRESENTATION('',(#1502),#1506);
#1502 = CIRCLE('',#1503,1.);
#1503 = AXIS2_PLACEMENT_2D('',#1504,#1505);
#1504 = CARTESIAN_POINT('',(12.,46.5));
#1505 = DIRECTION('',(1.,0.));
#1506 = ( GEOMETRIC_REPRESENTATION_CONTEXT(2) 
PARAMETRIC_REPRESENTATION_CONTEXT() REPRESENTATION_CONTEXT('2D SPACE',''
  ) );
#1507 = PCURVE('',#1016,#1508);
#1508 = DEFINITIONAL_REPRESENTATION('',(#1509),#1513);
#1509 = LINE('',#1510,#1511);
#1510 = CARTESIAN_POINT('',(0.,1.));
#1511 = VECTOR('',#1512,1.);
#1512 = DIRECTION('',(1.,0.));
#1513 = ( GEOMETRIC_REPRESENTATION_CONTEXT(2) 
PARAMETRIC_REPRESENTATION_CONTEXT() REPRESENTATION_CONTEXT('2D SPACE',''
  ) );
#1514 = ADVANCED_FACE('',(#1515),#230,.T.);
#1515 = FACE_BOUND('',#1516,.T.);
#1516 = EDGE_LOOP('',(#1517,#1540,#1561,#1562));
#1517 = ORIENTED_EDGE('',*,*,#1518,.F.);
#1518 = EDGE_CURVE('',#1519,#193,#1521,.T.);
#1519 = VERTEX_POINT('',#1520);
#1520 = CARTESIAN_POINT('',(2.,2.,2.));
#1521 = SURFACE_CURVE('',#1522,(#1526,#1533),.PCURVE_S1.);
#1522 = LINE('',#1523,#1524);
#1523 = CARTESIAN_POINT('',(2.,2.,2.));
#1524 = VECTOR('',#1525,1.);
#1525 = DIRECTION('',(0.,0.,1.));
#1526 = PCURVE('',#230,#1527);
#1527 = DEFINITIONAL_REPRESENTATION('',(#1528),#1532);
#1528 = LINE('',#1529,#1530);
#1529 = CARTESIAN_POINT('',(0.,0.));
#1530 = VECTOR('',#1531,1.);
#1531 = DIRECTION('',(1.,0.));
#1532 = ( GEOMETRIC_REPRESENTATION_CONTEXT(2) 
PARAMETRIC_REPRESENTATION_CONTEXT() REPRESENTATION_CONTEXT('2D SPACE',''
  ) );
#1533 = PCURVE('',#720,#1534);
#1534 = DEFINITIONAL_REPRESENTATION('',(#1535),#1539);
#1535 = LINE('',#1536,#1537);
#1536 = CARTESIAN_POINT('',(0.,0.));
#1537 = VECTOR('',#1538,1.);
#1538 = DIRECTION('',(1.,0.));
#1539 = ( GEOMETRIC_REPRESENTATION_CONTEXT(2) 
PARAMETRIC_REPRESENTATION_CONTEXT() REPRESENTATION_CONTEXT('2D SPACE',''
  ) );
#1540 = ORIENTED_EDGE('',*,*,#1541,.T.);
#1541 = EDGE_CURVE('',#1519,#1289,#1542,.T.);
#1542 = SURFACE_CURVE('',#1543,(#1547,#1554),.PCURVE_S1.);
#1543 = LINE('',#1544,#1545);
#1544 = CARTESIAN_POINT('',(2.,2.,2.));
#1545 = VECTOR('',#1546,1.);
#1546 = DIRECTION('',(0.,1.,0.));
#1547 = PCURVE('',#230,#1548);
#1548 = DEFINITIONAL_REPRESENTATION('',(#1549),#1553);
#1549 = LINE('',#1550,#1551);
#1550 = CARTESIAN_POINT('',(0.,0.));
#1551 = VECTOR('',#1552,1.);
#1552 = DIRECTION('',(0.,-1.));
#1553 = ( GEOMETRIC_REPRESENTATION_CONTEXT(2) 
PARAMETRIC_REPRESENTATION_CONTEXT() REPRESENTATION_CONTEXT('2D SPACE',''
  ) );
#1554 = PCURVE('',#1250,#1555);
#1555 = DEFINITIONAL_REPRESENTATION('',(#1556),#1560);
#1556 = LINE('',#1557,#1558);
#1557 = CARTESIAN_POINT('',(0.,0.));
#1558 = VECTOR('',#1559,1.);
#1559 = DIRECTION('',(0.,1.));
#1560 = ( GEOMETRIC_REPRESENTATION_CONTEXT(2) 
PARAMETRIC_REPRESENTATION_CONTEXT() REPRESENTATION_CONTEXT('2D SPACE',''
  ) );
#1561 = ORIENTED_EDGE('',*,*,#1311,.T.);
#1562 = ORIENTED_EDGE('',*,*,#215,.F.);
#1563 = ADVANCED_FACE('',(#1564),#530,.F.);
#1564 = FACE_BOUND('',#1565,.F.);
#1565 = EDGE_LOOP('',(#1566,#1567,#1568,#1569,#1590,#1616,#1642,#1670,
    #1696,#1722,#1748,#1776,#1802,#1828,#1847,#1848));
#1566 = ORIENTED_EDGE('',*,*,#514,.F.);
#1567 = ORIENTED_EDGE('',*,*,#649,.T.);
#1568 = ORIENTED_EDGE('',*,*,#757,.T.);
#1569 = ORIENTED_EDGE('',*,*,#1570,.T.);
#1570 = EDGE_CURVE('',#732,#1571,#1573,.T.);
#1571 = VERTEX_POINT('',#1572);
#1572 = CARTESIAN_POINT('',(4.,-9.992007221626E-16,22.031373033403));
#1573 = SURFACE_CURVE('',#1574,(#1578,#1584),.PCURVE_S1.);
#1574 = LINE('',#1575,#1576);
#1575 = CARTESIAN_POINT('',(4.,0.,13.));
#1576 = VECTOR('',#1577,1.);
#1577 = DIRECTION('',(0.,0.,-1.));
#1578 = PCURVE('',#530,#1579);
#1579 = DEFINITIONAL_REPRESENTATION('',(#1580),#1583);
#1580 = B_SPLINE_CURVE_WITH_KNOTS('',1,(#1581,#1582),.UNSPECIFIED.,.F.,
  .F.,(2,2),(-10.,-9.),.PIECEWISE_BEZIER_KNOTS.);
#1581 = CARTESIAN_POINT('',(23.,4.));
#1582 = CARTESIAN_POINT('',(22.,4.));
#1583 = ( GEOMETRIC_REPRESENTATION_CONTEXT(2) 
PARAMETRIC_REPRESENTATION_CONTEXT() REPRESENTATION_CONTEXT('2D SPACE',''
  ) );
#1584 = PCURVE('',#746,#1585);
#1585 = DEFINITIONAL_REPRESENTATION('',(#1586),#1589);
#1586 = B_SPLINE_CURVE_WITH_KNOTS('',1,(#1587,#1588),.UNSPECIFIED.,.F.,
  .F.,(2,2),(-10.,-9.),.PIECEWISE_BEZIER_KNOTS.);
#1587 = CARTESIAN_POINT('',(-3.,0.5));
#1588 = CARTESIAN_POINT('',(-4.,0.5));
#1589 = ( GEOMETRIC_REPRESENTATION_CONTEXT(2) 
PARAMETRIC_REPRESENTATION_CONTEXT() REPRESENTATION_CONTEXT('2D SPACE',''
  ) );
#1590 = ORIENTED_EDGE('',*,*,#1591,.F.);
#1591 = EDGE_CURVE('',#1592,#1571,#1594,.T.);
#1592 = VERTEX_POINT('',#1593);
#1593 = CARTESIAN_POINT('',(17.56,-9.992007221626E-16,22.031373033403));
#1594 = SURFACE_CURVE('',#1595,(#1599,#1605),.PCURVE_S1.);
#1595 = LINE('',#1596,#1597);
#1596 = CARTESIAN_POINT('',(4.,0.,22.031373033403));
#1597 = VECTOR('',#1598,1.);
#1598 = DIRECTION('',(-1.,-0.,-0.));
#1599 = PCURVE('',#530,#1600);
#1600 = DEFINITIONAL_REPRESENTATION('',(#1601),#1604);
#1601 = B_SPLINE_CURVE_WITH_KNOTS('',1,(#1602,#1603),.UNSPECIFIED.,.F.,
  .F.,(2,2),(-13.5600006,5.999999999062E-07),.PIECEWISE_BEZIER_KNOTS.);
#1602 = CARTESIAN_POINT('',(22.031373033403,17.5600006));
#1603 = CARTESIAN_POINT('',(22.031373033403,3.9999994));
#1604 = ( GEOMETRIC_REPRESENTATION_CONTEXT(2) 
PARAMETRIC_REPRESENTATION_CONTEXT() REPRESENTATION_CONTEXT('2D SPACE',''
  ) );
#1605 = PCURVE('',#1606,#1611);
#1606 = CYLINDRICAL_SURFACE('',#1607,4.);
#1607 = AXIS2_PLACEMENT_3D('',#1608,#1609,#1610);
#1608 = CARTESIAN_POINT('',(4.,0.5,26.));
#1609 = DIRECTION('',(-1.,-0.,-0.));
#1610 = DIRECTION('',(0.,1.,0.));
#1611 = DEFINITIONAL_REPRESENTATION('',(#1612),#1615);
#1612 = B_SPLINE_CURVE_WITH_KNOTS('',1,(#1613,#1614),.UNSPECIFIED.,.F.,
  .F.,(2,2),(-13.56,0.),.PIECEWISE_BEZIER_KNOTS.);
#1613 = CARTESIAN_POINT('',(-10.87024645639,-13.56));
#1614 = CARTESIAN_POINT('',(-10.87024645639,0.));
#1615 = ( GEOMETRIC_REPRESENTATION_CONTEXT(2) 
PARAMETRIC_REPRESENTATION_CONTEXT() REPRESENTATION_CONTEXT('2D SPACE',''
  ) );
#1616 = ORIENTED_EDGE('',*,*,#1617,.F.);
#1617 = EDGE_CURVE('',#1618,#1592,#1620,.T.);
#1618 = VERTEX_POINT('',#1619);
#1619 = CARTESIAN_POINT('',(17.56,0.,23.));
#1620 = SURFACE_CURVE('',#1621,(#1625,#1631),.PCURVE_S1.);
#1621 = LINE('',#1622,#1623);
#1622 = CARTESIAN_POINT('',(17.56,0.,13.));
#1623 = VECTOR('',#1624,1.);
#1624 = DIRECTION('',(0.,0.,-1.));
#1625 = PCURVE('',#530,#1626);
#1626 = DEFINITIONAL_REPRESENTATION('',(#1627),#1630);
#1627 = B_SPLINE_CURVE_WITH_KNOTS('',1,(#1628,#1629),.UNSPECIFIED.,.F.,
  .F.,(2,2),(-10.,-9.),.PIECEWISE_BEZIER_KNOTS.);
#1628 = CARTESIAN_POINT('',(23.,17.56));
#1629 = CARTESIAN_POINT('',(22.,17.56));
#1630 = ( GEOMETRIC_REPRESENTATION_CONTEXT(2) 
PARAMETRIC_REPRESENTATION_CONTEXT() REPRESENTATION_CONTEXT('2D SPACE',''
  ) );
#1631 = PCURVE('',#1632,#1637);
#1632 = PLANE('',#1633);
#1633 = AXIS2_PLACEMENT_3D('',#1634,#1635,#1636);
#1634 = CARTESIAN_POINT('',(17.56,0.5,26.));
#1635 = DIRECTION('',(1.,0.,0.));
#1636 = DIRECTION('',(-0.,0.,1.));
#1637 = DEFINITIONAL_REPRESENTATION('',(#1638),#1641);
#1638 = B_SPLINE_CURVE_WITH_KNOTS('',1,(#1639,#1640),.UNSPECIFIED.,.F.,
  .F.,(2,2),(-10.,-9.),.PIECEWISE_BEZIER_KNOTS.);
#1639 = CARTESIAN_POINT('',(-3.,0.5));
#1640 = CARTESIAN_POINT('',(-4.,0.5));
#1641 = ( GEOMETRIC_REPRESENTATION_CONTEXT(2) 
PARAMETRIC_REPRESENTATION_CONTEXT() REPRESENTATION_CONTEXT('2D SPACE',''
  ) );
#1642 = ORIENTED_EDGE('',*,*,#1643,.T.);
#1643 = EDGE_CURVE('',#1618,#1644,#1646,.T.);
#1644 = VERTEX_POINT('',#1645);
#1645 = CARTESIAN_POINT('',(32.72,0.,23.));
#1646 = SURFACE_CURVE('',#1647,(#1651,#1658),.PCURVE_S1.);
#1647 = LINE('',#1648,#1649);
#1648 = CARTESIAN_POINT('',(0.,0.,23.));
#1649 = VECTOR('',#1650,1.);
#1650 = DIRECTION('',(1.,0.,0.));
#1651 = PCURVE('',#530,#1652);
#1652 = DEFINITIONAL_REPRESENTATION('',(#1653),#1657);
#1653 = LINE('',#1654,#1655);
#1654 = CARTESIAN_POINT('',(23.,0.));
#1655 = VECTOR('',#1656,1.);
#1656 = DIRECTION('',(0.,1.));
#1657 = ( GEOMETRIC_REPRESENTATION_CONTEXT(2) 
PARAMETRIC_REPRESENTATION_CONTEXT() REPRESENTATION_CONTEXT('2D SPACE',''
  ) );
#1658 = PCURVE('',#1659,#1664);
#1659 = PLANE('',#1660);
#1660 = AXIS2_PLACEMENT_3D('',#1661,#1662,#1663);
#1661 = CARTESIAN_POINT('',(0.,2.,25.));
#1662 = DIRECTION('',(0.,0.707106781187,-0.707106781187));
#1663 = DIRECTION('',(0.,-0.707106781187,-0.707106781187));
#1664 = DEFINITIONAL_REPRESENTATION('',(#1665),#1669);
#1665 = LINE('',#1666,#1667);
#1666 = CARTESIAN_POINT('',(2.828427124746,0.));
#1667 = VECTOR('',#1668,1.);
#1668 = DIRECTION('',(0.,-1.));
#1669 = ( GEOMETRIC_REPRESENTATION_CONTEXT(2) 
PARAMETRIC_REPRESENTATION_CONTEXT() REPRESENTATION_CONTEXT('2D SPACE',''
  ) );
#1670 = ORIENTED_EDGE('',*,*,#1671,.T.);
#1671 = EDGE_CURVE('',#1644,#1672,#1674,.T.);
#1672 = VERTEX_POINT('',#1673);
#1673 = CARTESIAN_POINT('',(32.72,-9.992007221626E-16,22.031373033403));
#1674 = SURFACE_CURVE('',#1675,(#1679,#1685),.PCURVE_S1.);
#1675 = LINE('',#1676,#1677);
#1676 = CARTESIAN_POINT('',(32.72,0.,13.));
#1677 = VECTOR('',#1678,1.);
#1678 = DIRECTION('',(0.,0.,-1.));
#1679 = PCURVE('',#530,#1680);
#1680 = DEFINITIONAL_REPRESENTATION('',(#1681),#1684);
#1681 = B_SPLINE_CURVE_WITH_KNOTS('',1,(#1682,#1683),.UNSPECIFIED.,.F.,
  .F.,(2,2),(-10.,-9.),.PIECEWISE_BEZIER_KNOTS.);
#1682 = CARTESIAN_POINT('',(23.,32.72));
#1683 = CARTESIAN_POINT('',(22.,32.72));
#1684 = ( GEOMETRIC_REPRESENTATION_CONTEXT(2) 
PARAMETRIC_REPRESENTATION_CONTEXT() REPRESENTATION_CONTEXT('2D SPACE',''
  ) );
#1685 = PCURVE('',#1686,#1691);
#1686 = PLANE('',#1687);
#1687 = AXIS2_PLACEMENT_3D('',#1688,#1689,#1690);
#1688 = CARTESIAN_POINT('',(32.72,0.5,26.));
#1689 = DIRECTION('',(1.,0.,0.));
#1690 = DIRECTION('',(-0.,0.,1.));
#1691 = DEFINITIONAL_REPRESENTATION('',(#1692),#1695);
#1692 = B_SPLINE_CURVE_WITH_KNOTS('',1,(#1693,#1694),.UNSPECIFIED.,.F.,
  .F.,(2,2),(-10.,-9.),.PIECEWISE_BEZIER_KNOTS.);
#1693 = CARTESIAN_POINT('',(-3.,0.5));
#1694 = CARTESIAN_POINT('',(-4.,0.5));
#1695 = ( GEOMETRIC_REPRESENTATION_CONTEXT(2) 
PARAMETRIC_REPRESENTATION_CONTEXT() REPRESENTATION_CONTEXT('2D SPACE',''
  ) );
#1696 = ORIENTED_EDGE('',*,*,#1697,.F.);
#1697 = EDGE_CURVE('',#1698,#1672,#1700,.T.);
#1698 = VERTEX_POINT('',#1699);
#1699 = CARTESIAN_POINT('',(46.28,-9.992007221626E-16,22.031373033403));
#1700 = SURFACE_CURVE('',#1701,(#1705,#1711),.PCURVE_S1.);
#1701 = LINE('',#1702,#1703);
#1702 = CARTESIAN_POINT('',(32.72,0.,22.031373033403));
#1703 = VECTOR('',#1704,1.);
#1704 = DIRECTION('',(-1.,-0.,-0.));
#1705 = PCURVE('',#530,#1706);
#1706 = DEFINITIONAL_REPRESENTATION('',(#1707),#1710);
#1707 = B_SPLINE_CURVE_WITH_KNOTS('',1,(#1708,#1709),.UNSPECIFIED.,.F.,
  .F.,(2,2),(-13.5600006,5.999999999062E-07),.PIECEWISE_BEZIER_KNOTS.);
#1708 = CARTESIAN_POINT('',(22.031373033403,46.2800006));
#1709 = CARTESIAN_POINT('',(22.031373033403,32.7199994));
#1710 = ( GEOMETRIC_REPRESENTATION_CONTEXT(2) 
PARAMETRIC_REPRESENTATION_CONTEXT() REPRESENTATION_CONTEXT('2D SPACE',''
  ) );
#1711 = PCURVE('',#1712,#1717);
#1712 = CYLINDRICAL_SURFACE('',#1713,4.);
#1713 = AXIS2_PLACEMENT_3D('',#1714,#1715,#1716);
#1714 = CARTESIAN_POINT('',(32.72,0.5,26.));
#1715 = DIRECTION('',(-1.,-0.,-0.));
#1716 = DIRECTION('',(0.,1.,0.));
#1717 = DEFINITIONAL_REPRESENTATION('',(#1718),#1721);
#1718 = B_SPLINE_CURVE_WITH_KNOTS('',1,(#1719,#1720),.UNSPECIFIED.,.F.,
  .F.,(2,2),(-13.56,0.),.PIECEWISE_BEZIER_KNOTS.);
#1719 = CARTESIAN_POINT('',(-10.87024645639,-13.56));
#1720 = CARTESIAN_POINT('',(-10.87024645639,0.));
#1721 = ( GEOMETRIC_REPRESENTATION_CONTEXT(2) 
PARAMETRIC_REPRESENTATION_CONTEXT() REPRESENTATION_CONTEXT('2D SPACE',''
  ) );
#1722 = ORIENTED_EDGE('',*,*,#1723,.F.);
#1723 = EDGE_CURVE('',#1724,#1698,#1726,.T.);
#1724 = VERTEX_POINT('',#1725);
#1725 = CARTESIAN_POINT('',(46.28,0.,23.));
#1726 = SURFACE_CURVE('',#1727,(#1731,#1737),.PCURVE_S1.);
#1727 = LINE('',#1728,#1729);
#1728 = CARTESIAN_POINT('',(46.28,0.,13.));
#1729 = VECTOR('',#1730,1.);
#1730 = DIRECTION('',(0.,0.,-1.));
#1731 = PCURVE('',#530,#1732);
#1732 = DEFINITIONAL_REPRESENTATION('',(#1733),#1736);
#1733 = B_SPLINE_CURVE_WITH_KNOTS('',1,(#1734,#1735),.UNSPECIFIED.,.F.,
  .F.,(2,2),(-10.,-9.),.PIECEWISE_BEZIER_KNOTS.);
#1734 = CARTESIAN_POINT('',(23.,46.28));
#1735 = CARTESIAN_POINT('',(22.,46.28));
#1736 = ( GEOMETRIC_REPRESENTATION_CONTEXT(2) 
PARAMETRIC_REPRESENTATION_CONTEXT() REPRESENTATION_CONTEXT('2D SPACE',''
  ) );
#1737 = PCURVE('',#1738,#1743);
#1738 = PLANE('',#1739);
#1739 = AXIS2_PLACEMENT_3D('',#1740,#1741,#1742);
#1740 = CARTESIAN_POINT('',(46.28,0.5,26.));
#1741 = DIRECTION('',(1.,0.,0.));
#1742 = DIRECTION('',(-0.,0.,1.));
#1743 = DEFINITIONAL_REPRESENTATION('',(#1744),#1747);
#1744 = B_SPLINE_CURVE_WITH_KNOTS('',1,(#1745,#1746),.UNSPECIFIED.,.F.,
  .F.,(2,2),(-10.,-9.),.PIECEWISE_BEZIER_KNOTS.);
#1745 = CARTESIAN_POINT('',(-3.,0.5));
#1746 = CARTESIAN_POINT('',(-4.,0.5));
#1747 = ( GEOMETRIC_REPRESENTATION_CONTEXT(2) 
PARAMETRIC_REPRESENTATION_CONTEXT() REPRESENTATION_CONTEXT('2D SPACE',''
  ) );
#1748 = ORIENTED_EDGE('',*,*,#1749,.T.);
#1749 = EDGE_CURVE('',#1724,#1750,#1752,.T.);
#1750 = VERTEX_POINT('',#1751);
#1751 = CARTESIAN_POINT('',(61.44,0.,23.));
#1752 = SURFACE_CURVE('',#1753,(#1757,#1764),.PCURVE_S1.);
#1753 = LINE('',#1754,#1755);
#1754 = CARTESIAN_POINT('',(0.,0.,23.));
#1755 = VECTOR('',#1756,1.);
#1756 = DIRECTION('',(1.,0.,0.));
#1757 = PCURVE('',#530,#1758);
#1758 = DEFINITIONAL_REPRESENTATION('',(#1759),#1763);
#1759 = LINE('',#1760,#1761);
#1760 = CARTESIAN_POINT('',(23.,0.));
#1761 = VECTOR('',#1762,1.);
#1762 = DIRECTION('',(0.,1.));
#1763 = ( GEOMETRIC_REPRESENTATION_CONTEXT(2) 
PARAMETRIC_REPRESENTATION_CONTEXT() REPRESENTATION_CONTEXT('2D SPACE',''
  ) );
#1764 = PCURVE('',#1765,#1770);
#1765 = PLANE('',#1766);
#1766 = AXIS2_PLACEMENT_3D('',#1767,#1768,#1769);
#1767 = CARTESIAN_POINT('',(0.,2.,25.));
#1768 = DIRECTION('',(0.,0.707106781187,-0.707106781187));
#1769 = DIRECTION('',(0.,-0.707106781187,-0.707106781187));
#1770 = DEFINITIONAL_REPRESENTATION('',(#1771),#1775);
#1771 = LINE('',#1772,#1773);
#1772 = CARTESIAN_POINT('',(2.828427124746,0.));
#1773 = VECTOR('',#1774,1.);
#1774 = DIRECTION('',(0.,-1.));
#1775 = ( GEOMETRIC_REPRESENTATION_CONTEXT(2) 
PARAMETRIC_REPRESENTATION_CONTEXT() REPRESENTATION_CONTEXT('2D SPACE',''
  ) );
#1776 = ORIENTED_EDGE('',*,*,#1777,.T.);
#1777 = EDGE_CURVE('',#1750,#1778,#1780,.T.);
#1778 = VERTEX_POINT('',#1779);
#1779 = CARTESIAN_POINT('',(61.44,-9.992007221626E-16,22.031373033403));
#1780 = SURFACE_CURVE('',#1781,(#1785,#1791),.PCURVE_S1.);
#1781 = LINE('',#1782,#1783);
#1782 = CARTESIAN_POINT('',(61.44,0.,13.));
#1783 = VECTOR('',#1784,1.);
#1784 = DIRECTION('',(0.,0.,-1.));
#1785 = PCURVE('',#530,#1786);
#1786 = DEFINITIONAL_REPRESENTATION('',(#1787),#1790);
#1787 = B_SPLINE_CURVE_WITH_KNOTS('',1,(#1788,#1789),.UNSPECIFIED.,.F.,
  .F.,(2,2),(-10.,-9.),.PIECEWISE_BEZIER_KNOTS.);
#1788 = CARTESIAN_POINT('',(23.,61.44));
#1789 = CARTESIAN_POINT('',(22.,61.44));
#1790 = ( GEOMETRIC_REPRESENTATION_CONTEXT(2) 
PARAMETRIC_REPRESENTATION_CONTEXT() REPRESENTATION_CONTEXT('2D SPACE',''
  ) );
#1791 = PCURVE('',#1792,#1797);
#1792 = PLANE('',#1793);
#1793 = AXIS2_PLACEMENT_3D('',#1794,#1795,#1796);
#1794 = CARTESIAN_POINT('',(61.44,0.5,26.));
#1795 = DIRECTION('',(1.,0.,0.));
#1796 = DIRECTION('',(-0.,0.,1.));
#1797 = DEFINITIONAL_REPRESENTATION('',(#1798),#1801);
#1798 = B_SPLINE_CURVE_WITH_KNOTS('',1,(#1799,#1800),.UNSPECIFIED.,.F.,
  .F.,(2,2),(-10.,-9.),.PIECEWISE_BEZIER_KNOTS.);
#1799 = CARTESIAN_POINT('',(-3.,0.5));
#1800 = CARTESIAN_POINT('',(-4.,0.5));
#1801 = ( GEOMETRIC_REPRESENTATION_CONTEXT(2) 
PARAMETRIC_REPRESENTATION_CONTEXT() REPRESENTATION_CONTEXT('2D SPACE',''
  ) );
#1802 = ORIENTED_EDGE('',*,*,#1803,.F.);
#1803 = EDGE_CURVE('',#1804,#1778,#1806,.T.);
#1804 = VERTEX_POINT('',#1805);
#1805 = CARTESIAN_POINT('',(75.,-9.992007221626E-16,22.031373033403));
#1806 = SURFACE_CURVE('',#1807,(#1811,#1817),.PCURVE_S1.);
#1807 = LINE('',#1808,#1809);
#1808 = CARTESIAN_POINT('',(61.44,0.,22.031373033403));
#1809 = VECTOR('',#1810,1.);
#1810 = DIRECTION('',(-1.,-0.,-0.));
#1811 = PCURVE('',#530,#1812);
#1812 = DEFINITIONAL_REPRESENTATION('',(#1813),#1816);
#1813 = B_SPLINE_CURVE_WITH_KNOTS('',1,(#1814,#1815),.UNSPECIFIED.,.F.,
  .F.,(2,2),(-13.5600006,5.999999999062E-07),.PIECEWISE_BEZIER_KNOTS.);
#1814 = CARTESIAN_POINT('',(22.031373033403,75.0000006));
#1815 = CARTESIAN_POINT('',(22.031373033403,61.4399994));
#1816 = ( GEOMETRIC_REPRESENTATION_CONTEXT(2) 
PARAMETRIC_REPRESENTATION_CONTEXT() REPRESENTATION_CONTEXT('2D SPACE',''
  ) );
#1817 = PCURVE('',#1818,#1823);
#1818 = CYLINDRICAL_SURFACE('',#1819,4.);
#1819 = AXIS2_PLACEMENT_3D('',#1820,#1821,#1822);
#1820 = CARTESIAN_POINT('',(61.44,0.5,26.));
#1821 = DIRECTION('',(-1.,-0.,-0.));
#1822 = DIRECTION('',(0.,1.,0.));
#1823 = DEFINITIONAL_REPRESENTATION('',(#1824),#1827);
#1824 = B_SPLINE_CURVE_WITH_KNOTS('',1,(#1825,#1826),.UNSPECIFIED.,.F.,
  .F.,(2,2),(-13.56,0.),.PIECEWISE_BEZIER_KNOTS.);
#1825 = CARTESIAN_POINT('',(-10.87024645639,-13.56));
#1826 = CARTESIAN_POINT('',(-10.87024645639,0.));
#1827 = ( GEOMETRIC_REPRESENTATION_CONTEXT(2) 
PARAMETRIC_REPRESENTATION_CONTEXT() REPRESENTATION_CONTEXT('2D SPACE',''
  ) );
#1828 = ORIENTED_EDGE('',*,*,#1829,.F.);
#1829 = EDGE_CURVE('',#1109,#1804,#1830,.T.);
#1830 = SURFACE_CURVE('',#1831,(#1835,#1841),.PCURVE_S1.);
#1831 = LINE('',#1832,#1833);
#1832 = CARTESIAN_POINT('',(75.,0.,13.));
#1833 = VECTOR('',#1834,1.);
#1834 = DIRECTION('',(0.,0.,-1.));
#1835 = PCURVE('',#530,#1836);
#1836 = DEFINITIONAL_REPRESENTATION('',(#1837),#1840);
#1837 = B_SPLINE_CURVE_WITH_KNOTS('',1,(#1838,#1839),.UNSPECIFIED.,.F.,
  .F.,(2,2),(-10.,-9.),.PIECEWISE_BEZIER_KNOTS.);
#1838 = CARTESIAN_POINT('',(23.,75.));
#1839 = CARTESIAN_POINT('',(22.,75.));
#1840 = ( GEOMETRIC_REPRESENTATION_CONTEXT(2) 
PARAMETRIC_REPRESENTATION_CONTEXT() REPRESENTATION_CONTEXT('2D SPACE',''
  ) );
#1841 = PCURVE('',#1148,#1842);
#1842 = DEFINITIONAL_REPRESENTATION('',(#1843),#1846);
#1843 = B_SPLINE_CURVE_WITH_KNOTS('',1,(#1844,#1845),.UNSPECIFIED.,.F.,
  .F.,(2,2),(-10.,-9.),.PIECEWISE_BEZIER_KNOTS.);
#1844 = CARTESIAN_POINT('',(-3.,0.5));
#1845 = CARTESIAN_POINT('',(-4.,0.5));
#1846 = ( GEOMETRIC_REPRESENTATION_CONTEXT(2) 
PARAMETRIC_REPRESENTATION_CONTEXT() REPRESENTATION_CONTEXT('2D SPACE',''
  ) );
#1847 = ORIENTED_EDGE('',*,*,#1108,.T.);
#1848 = ORIENTED_EDGE('',*,*,#1849,.F.);
#1849 = EDGE_CURVE('',#515,#1111,#1850,.T.);
#1850 = SURFACE_CURVE('',#1851,(#1855,#1862),.PCURVE_S1.);
#1851 = LINE('',#1852,#1853);
#1852 = CARTESIAN_POINT('',(78.2,-1.110223024625E-16,0.));
#1853 = VECTOR('',#1854,1.);
#1854 = DIRECTION('',(0.,0.,1.));
#1855 = PCURVE('',#530,#1856);
#1856 = DEFINITIONAL_REPRESENTATION('',(#1857),#1861);
#1857 = LINE('',#1858,#1859);
#1858 = CARTESIAN_POINT('',(0.,78.2));
#1859 = VECTOR('',#1860,1.);
#1860 = DIRECTION('',(1.,0.));
#1861 = ( GEOMETRIC_REPRESENTATION_CONTEXT(2) 
PARAMETRIC_REPRESENTATION_CONTEXT() REPRESENTATION_CONTEXT('2D SPACE',''
  ) );
#1862 = PCURVE('',#563,#1863);
#1863 = DEFINITIONAL_REPRESENTATION('',(#1864),#1868);
#1864 = LINE('',#1865,#1866);
#1865 = CARTESIAN_POINT('',(-1.570796326795,0.));
#1866 = VECTOR('',#1867,1.);
#1867 = DIRECTION('',(-0.,1.));
#1868 = ( GEOMETRIC_REPRESENTATION_CONTEXT(2) 
PARAMETRIC_REPRESENTATION_CONTEXT() REPRESENTATION_CONTEXT('2D SPACE',''
  ) );
#1869 = ADVANCED_FACE('',(#1870),#563,.T.);
#1870 = FACE_BOUND('',#1871,.F.);
#1871 = EDGE_LOOP('',(#1872,#1873,#1874,#1875));
#1872 = ORIENTED_EDGE('',*,*,#1082,.F.);
#1873 = ORIENTED_EDGE('',*,*,#542,.T.);
#1874 = ORIENTED_EDGE('',*,*,#1849,.T.);
#1875 = ORIENTED_EDGE('',*,*,#1181,.F.);
#1876 = ADVANCED_FACE('',(#1877,#1928),#746,.F.);
#1877 = FACE_BOUND('',#1878,.F.);
#1878 = EDGE_LOOP('',(#1879,#1900,#1926,#1927));
#1879 = ORIENTED_EDGE('',*,*,#1880,.T.);
#1880 = EDGE_CURVE('',#705,#1881,#1883,.T.);
#1881 = VERTEX_POINT('',#1882);
#1882 = CARTESIAN_POINT('',(4.,2.,22.291900756452));
#1883 = SURFACE_CURVE('',#1884,(#1888,#1894),.PCURVE_S1.);
#1884 = LINE('',#1885,#1886);
#1885 = CARTESIAN_POINT('',(4.,2.,14.));
#1886 = VECTOR('',#1887,1.);
#1887 = DIRECTION('',(0.,0.,-1.));
#1888 = PCURVE('',#746,#1889);
#1889 = DEFINITIONAL_REPRESENTATION('',(#1890),#1893);
#1890 = B_SPLINE_CURVE_WITH_KNOTS('',1,(#1891,#1892),.UNSPECIFIED.,.F.,
  .F.,(2,2),(-11.,-8.),.PIECEWISE_BEZIER_KNOTS.);
#1891 = CARTESIAN_POINT('',(-1.,-1.5));
#1892 = CARTESIAN_POINT('',(-4.,-1.5));
#1893 = ( GEOMETRIC_REPRESENTATION_CONTEXT(2) 
PARAMETRIC_REPRESENTATION_CONTEXT() REPRESENTATION_CONTEXT('2D SPACE',''
  ) );
#1894 = PCURVE('',#720,#1895);
#1895 = DEFINITIONAL_REPRESENTATION('',(#1896),#1899);
#1896 = B_SPLINE_CURVE_WITH_KNOTS('',1,(#1897,#1898),.UNSPECIFIED.,.F.,
  .F.,(2,2),(-11.,-8.),.PIECEWISE_BEZIER_KNOTS.);
#1897 = CARTESIAN_POINT('',(23.,2.));
#1898 = CARTESIAN_POINT('',(20.,2.));
#1899 = ( GEOMETRIC_REPRESENTATION_CONTEXT(2) 
PARAMETRIC_REPRESENTATION_CONTEXT() REPRESENTATION_CONTEXT('2D SPACE',''
  ) );
#1900 = ORIENTED_EDGE('',*,*,#1901,.F.);
#1901 = EDGE_CURVE('',#1571,#1881,#1902,.T.);
#1902 = SURFACE_CURVE('',#1903,(#1908,#1919),.PCURVE_S1.);
#1903 = CIRCLE('',#1904,4.);
#1904 = AXIS2_PLACEMENT_3D('',#1905,#1906,#1907);
#1905 = CARTESIAN_POINT('',(4.,0.5,26.));
#1906 = DIRECTION('',(-1.,-0.,0.));
#1907 = DIRECTION('',(0.,-0.125,-0.992156741649));
#1908 = PCURVE('',#746,#1909);
#1909 = DEFINITIONAL_REPRESENTATION('',(#1910),#1918);
#1910 = ( BOUNDED_CURVE() B_SPLINE_CURVE(2,(#1911,#1912,#1913,#1914,
#1915,#1916,#1917),.UNSPECIFIED.,.T.,.F.) B_SPLINE_CURVE_WITH_KNOTS((1,2
    ,2,2,2,1),(-2.094395102393,0.,2.094395102393,4.188790204786,
6.28318530718,8.377580409573),.UNSPECIFIED.) CURVE() 
GEOMETRIC_REPRESENTATION_ITEM() RATIONAL_B_SPLINE_CURVE((1.,0.5,1.,0.5,
1.,0.5,1.)) REPRESENTATION_ITEM('') );
#1911 = CARTESIAN_POINT('',(-3.968626966597,0.5));
#1912 = CARTESIAN_POINT('',(-3.102601562812,7.373863542434));
#1913 = CARTESIAN_POINT('',(2.417326185191,3.186931771217));
#1914 = CARTESIAN_POINT('',(7.937253933194,-1.));
#1915 = CARTESIAN_POINT('',(1.551300781406,-3.686931771217));
#1916 = CARTESIAN_POINT('',(-4.834652370381,-6.373863542434));
#1917 = CARTESIAN_POINT('',(-3.968626966597,0.5));
#1918 = ( GEOMETRIC_REPRESENTATION_CONTEXT(2) 
PARAMETRIC_REPRESENTATION_CONTEXT() REPRESENTATION_CONTEXT('2D SPACE',''
  ) );
#1919 = PCURVE('',#1606,#1920);
#1920 = DEFINITIONAL_REPRESENTATION('',(#1921),#1925);
#1921 = LINE('',#1922,#1923);
#1922 = CARTESIAN_POINT('',(-10.87024645639,0.));
#1923 = VECTOR('',#1924,1.);
#1924 = DIRECTION('',(1.,-0.));
#1925 = ( GEOMETRIC_REPRESENTATION_CONTEXT(2) 
PARAMETRIC_REPRESENTATION_CONTEXT() REPRESENTATION_CONTEXT('2D SPACE',''
  ) );
#1926 = ORIENTED_EDGE('',*,*,#1570,.F.);
#1927 = ORIENTED_EDGE('',*,*,#731,.F.);
#1928 = FACE_BOUND('',#1929,.F.);
#1929 = EDGE_LOOP('',(#1930));
#1930 = ORIENTED_EDGE('',*,*,#1931,.T.);
#1931 = EDGE_CURVE('',#1932,#1932,#1934,.T.);
#1932 = VERTEX_POINT('',#1933);
#1933 = CARTESIAN_POINT('',(4.,2.1,26.));
#1934 = SURFACE_CURVE('',#1935,(#1940,#1951),.PCURVE_S1.);
#1935 = CIRCLE('',#1936,1.6);
#1936 = AXIS2_PLACEMENT_3D('',#1937,#1938,#1939);
#1937 = CARTESIAN_POINT('',(4.,0.5,26.));
#1938 = DIRECTION('',(-1.,0.,0.));
#1939 = DIRECTION('',(0.,1.,0.));
#1940 = PCURVE('',#746,#1941);
#1941 = DEFINITIONAL_REPRESENTATION('',(#1942),#1950);
#1942 = ( BOUNDED_CURVE() B_SPLINE_CURVE(2,(#1943,#1944,#1945,#1946,
#1947,#1948,#1949),.UNSPECIFIED.,.T.,.F.) B_SPLINE_CURVE_WITH_KNOTS((1,2
    ,2,2,2,1),(-2.094395102393,0.,2.094395102393,4.188790204786,
6.28318530718,8.377580409573),.UNSPECIFIED.) CURVE() 
GEOMETRIC_REPRESENTATION_ITEM() RATIONAL_B_SPLINE_CURVE((1.,0.5,1.,0.5,
1.,0.5,1.)) REPRESENTATION_ITEM('') );
#1943 = CARTESIAN_POINT('',(7.105427357601E-15,-1.6));
#1944 = CARTESIAN_POINT('',(-2.77128129211,-1.6));
#1945 = CARTESIAN_POINT('',(-1.385640646055,0.8));
#1946 = CARTESIAN_POINT('',(6.713540381874E-15,3.2));
#1947 = CARTESIAN_POINT('',(1.385640646055,0.8));
#1948 = CARTESIAN_POINT('',(2.77128129211,-1.6));
#1949 = CARTESIAN_POINT('',(7.105427357601E-15,-1.6));
#1950 = ( GEOMETRIC_REPRESENTATION_CONTEXT(2) 
PARAMETRIC_REPRESENTATION_CONTEXT() REPRESENTATION_CONTEXT('2D SPACE',''
  ) );
#1951 = PCURVE('',#1952,#1957);
#1952 = CYLINDRICAL_SURFACE('',#1953,1.6);
#1953 = AXIS2_PLACEMENT_3D('',#1954,#1955,#1956);
#1954 = CARTESIAN_POINT('',(-1.,0.5,26.));
#1955 = DIRECTION('',(-1.,-0.,-0.));
#1956 = DIRECTION('',(0.,1.,0.));
#1957 = DEFINITIONAL_REPRESENTATION('',(#1958),#1962);
#1958 = LINE('',#1959,#1960);
#1959 = CARTESIAN_POINT('',(-6.28318530718,-5.));
#1960 = VECTOR('',#1961,1.);
#1961 = DIRECTION('',(1.,-0.));
#1962 = ( GEOMETRIC_REPRESENTATION_CONTEXT(2) 
PARAMETRIC_REPRESENTATION_CONTEXT() REPRESENTATION_CONTEXT('2D SPACE',''
  ) );
#1963 = ADVANCED_FACE('',(#1964),#720,.T.);
#1964 = FACE_BOUND('',#1965,.T.);
#1965 = EDGE_LOOP('',(#1966,#1967,#1988,#1989,#1990,#1991,#2012,#2033,
    #2055,#2081,#2107,#2133,#2155,#2176,#2197,#2218,#2240,#2266,#2292,
    #2318,#2340,#2361,#2382,#2401));
#1966 = ORIENTED_EDGE('',*,*,#1211,.F.);
#1967 = ORIENTED_EDGE('',*,*,#1968,.F.);
#1968 = EDGE_CURVE('',#1519,#1212,#1969,.T.);
#1969 = SURFACE_CURVE('',#1970,(#1974,#1981),.PCURVE_S1.);
#1970 = LINE('',#1971,#1972);
#1971 = CARTESIAN_POINT('',(2.,2.,2.));
#1972 = VECTOR('',#1973,1.);
#1973 = DIRECTION('',(1.,0.,0.));
#1974 = PCURVE('',#720,#1975);
#1975 = DEFINITIONAL_REPRESENTATION('',(#1976),#1980);
#1976 = LINE('',#1977,#1978);
#1977 = CARTESIAN_POINT('',(0.,0.));
#1978 = VECTOR('',#1979,1.);
#1979 = DIRECTION('',(0.,1.));
#1980 = ( GEOMETRIC_REPRESENTATION_CONTEXT(2) 
PARAMETRIC_REPRESENTATION_CONTEXT() REPRESENTATION_CONTEXT('2D SPACE',''
  ) );
#1981 = PCURVE('',#1250,#1982);
#1982 = DEFINITIONAL_REPRESENTATION('',(#1983),#1987);
#1983 = LINE('',#1984,#1985);
#1984 = CARTESIAN_POINT('',(0.,0.));
#1985 = VECTOR('',#1986,1.);
#1986 = DIRECTION('',(1.,0.));
#1987 = ( GEOMETRIC_REPRESENTATION_CONTEXT(2) 
PARAMETRIC_REPRESENTATION_CONTEXT() REPRESENTATION_CONTEXT('2D SPACE',''
  ) );
#1988 = ORIENTED_EDGE('',*,*,#1518,.T.);
#1989 = ORIENTED_EDGE('',*,*,#704,.F.);
#1990 = ORIENTED_EDGE('',*,*,#1880,.T.);
#1991 = ORIENTED_EDGE('',*,*,#1992,.F.);
#1992 = EDGE_CURVE('',#1993,#1881,#1995,.T.);
#1993 = VERTEX_POINT('',#1994);
#1994 = CARTESIAN_POINT('',(17.56,2.,22.291900756452));
#1995 = SURFACE_CURVE('',#1996,(#2000,#2006),.PCURVE_S1.);
#1996 = LINE('',#1997,#1998);
#1997 = CARTESIAN_POINT('',(4.,2.,22.291900756452));
#1998 = VECTOR('',#1999,1.);
#1999 = DIRECTION('',(-1.,-0.,-0.));
#2000 = PCURVE('',#720,#2001);
#2001 = DEFINITIONAL_REPRESENTATION('',(#2002),#2005);
#2002 = B_SPLINE_CURVE_WITH_KNOTS('',1,(#2003,#2004),.UNSPECIFIED.,.F.,
  .F.,(2,2),(-13.5600006,5.999999999062E-07),.PIECEWISE_BEZIER_KNOTS.);
#2003 = CARTESIAN_POINT('',(20.291900756452,15.5600006));
#2004 = CARTESIAN_POINT('',(20.291900756452,1.9999994));
#2005 = ( GEOMETRIC_REPRESENTATION_CONTEXT(2) 
PARAMETRIC_REPRESENTATION_CONTEXT() REPRESENTATION_CONTEXT('2D SPACE',''
  ) );
#2006 = PCURVE('',#1606,#2007);
#2007 = DEFINITIONAL_REPRESENTATION('',(#2008),#2011);
#2008 = B_SPLINE_CURVE_WITH_KNOTS('',1,(#2009,#2010),.UNSPECIFIED.,.F.,
  .F.,(2,2),(-13.56,0.),.PIECEWISE_BEZIER_KNOTS.);
#2009 = CARTESIAN_POINT('',(-5.09678575488,-13.56));
#2010 = CARTESIAN_POINT('',(-5.09678575488,0.));
#2011 = ( GEOMETRIC_REPRESENTATION_CONTEXT(2) 
PARAMETRIC_REPRESENTATION_CONTEXT() REPRESENTATION_CONTEXT('2D SPACE',''
  ) );
#2012 = ORIENTED_EDGE('',*,*,#2013,.F.);
#2013 = EDGE_CURVE('',#2014,#1993,#2016,.T.);
#2014 = VERTEX_POINT('',#2015);
#2015 = CARTESIAN_POINT('',(17.56,2.,25.));
#2016 = SURFACE_CURVE('',#2017,(#2021,#2027),.PCURVE_S1.);
#2017 = LINE('',#2018,#2019);
#2018 = CARTESIAN_POINT('',(17.56,2.,14.));
#2019 = VECTOR('',#2020,1.);
#2020 = DIRECTION('',(0.,0.,-1.));
#2021 = PCURVE('',#720,#2022);
#2022 = DEFINITIONAL_REPRESENTATION('',(#2023),#2026);
#2023 = B_SPLINE_CURVE_WITH_KNOTS('',1,(#2024,#2025),.UNSPECIFIED.,.F.,
  .F.,(2,2),(-11.,-8.),.PIECEWISE_BEZIER_KNOTS.);
#2024 = CARTESIAN_POINT('',(23.,15.56));
#2025 = CARTESIAN_POINT('',(20.,15.56));
#2026 = ( GEOMETRIC_REPRESENTATION_CONTEXT(2) 
PARAMETRIC_REPRESENTATION_CONTEXT() REPRESENTATION_CONTEXT('2D SPACE',''
  ) );
#2027 = PCURVE('',#1632,#2028);
#2028 = DEFINITIONAL_REPRESENTATION('',(#2029),#2032);
#2029 = B_SPLINE_CURVE_WITH_KNOTS('',1,(#2030,#2031),.UNSPECIFIED.,.F.,
  .F.,(2,2),(-11.,-8.),.PIECEWISE_BEZIER_KNOTS.);
#2030 = CARTESIAN_POINT('',(-1.,-1.5));
#2031 = CARTESIAN_POINT('',(-4.,-1.5));
#2032 = ( GEOMETRIC_REPRESENTATION_CONTEXT(2) 
PARAMETRIC_REPRESENTATION_CONTEXT() REPRESENTATION_CONTEXT('2D SPACE',''
  ) );
#2033 = ORIENTED_EDGE('',*,*,#2034,.F.);
#2034 = EDGE_CURVE('',#2035,#2014,#2037,.T.);
#2035 = VERTEX_POINT('',#2036);
#2036 = CARTESIAN_POINT('',(17.96,2.,25.));
#2037 = SURFACE_CURVE('',#2038,(#2042,#2048),.PCURVE_S1.);
#2038 = LINE('',#2039,#2040);
#2039 = CARTESIAN_POINT('',(1.,2.,25.));
#2040 = VECTOR('',#2041,1.);
#2041 = DIRECTION('',(-1.,0.,0.));
#2042 = PCURVE('',#720,#2043);
#2043 = DEFINITIONAL_REPRESENTATION('',(#2044),#2047);
#2044 = B_SPLINE_CURVE_WITH_KNOTS('',1,(#2045,#2046),.UNSPECIFIED.,.F.,
  .F.,(2,2),(-76.,-1.),.PIECEWISE_BEZIER_KNOTS.);
#2045 = CARTESIAN_POINT('',(23.,75.));
#2046 = CARTESIAN_POINT('',(23.,0.));
#2047 = ( GEOMETRIC_REPRESENTATION_CONTEXT(2) 
PARAMETRIC_REPRESENTATION_CONTEXT() REPRESENTATION_CONTEXT('2D SPACE',''
  ) );
#2048 = PCURVE('',#1659,#2049);
#2049 = DEFINITIONAL_REPRESENTATION('',(#2050),#2054);
#2050 = LINE('',#2051,#2052);
#2051 = CARTESIAN_POINT('',(3.140184917368E-16,-1.));
#2052 = VECTOR('',#2053,1.);
#2053 = DIRECTION('',(-0.,1.));
#2054 = ( GEOMETRIC_REPRESENTATION_CONTEXT(2) 
PARAMETRIC_REPRESENTATION_CONTEXT() REPRESENTATION_CONTEXT('2D SPACE',''
  ) );
#2055 = ORIENTED_EDGE('',*,*,#2056,.T.);
#2056 = EDGE_CURVE('',#2035,#2057,#2059,.T.);
#2057 = VERTEX_POINT('',#2058);
#2058 = CARTESIAN_POINT('',(17.96,2.,23.35));
#2059 = SURFACE_CURVE('',#2060,(#2064,#2070),.PCURVE_S1.);
#2060 = LINE('',#2061,#2062);
#2061 = CARTESIAN_POINT('',(17.96,2.,12.675));
#2062 = VECTOR('',#2063,1.);
#2063 = DIRECTION('',(0.,0.,-1.));
#2064 = PCURVE('',#720,#2065);
#2065 = DEFINITIONAL_REPRESENTATION('',(#2066),#2069);
#2066 = B_SPLINE_CURVE_WITH_KNOTS('',1,(#2067,#2068),.UNSPECIFIED.,.F.,
  .F.,(2,2),(-12.325,-10.675),.PIECEWISE_BEZIER_KNOTS.);
#2067 = CARTESIAN_POINT('',(23.,15.96));
#2068 = CARTESIAN_POINT('',(21.35,15.96));
#2069 = ( GEOMETRIC_REPRESENTATION_CONTEXT(2) 
PARAMETRIC_REPRESENTATION_CONTEXT() REPRESENTATION_CONTEXT('2D SPACE',''
  ) );
#2070 = PCURVE('',#2071,#2076);
#2071 = PLANE('',#2072);
#2072 = AXIS2_PLACEMENT_3D('',#2073,#2074,#2075);
#2073 = CARTESIAN_POINT('',(17.96,-0.15,23.35));
#2074 = DIRECTION('',(1.,0.,0.));
#2075 = DIRECTION('',(0.,0.,1.));
#2076 = DEFINITIONAL_REPRESENTATION('',(#2077),#2080);
#2077 = B_SPLINE_CURVE_WITH_KNOTS('',1,(#2078,#2079),.UNSPECIFIED.,.F.,
  .F.,(2,2),(-12.325,-10.675),.PIECEWISE_BEZIER_KNOTS.);
#2078 = CARTESIAN_POINT('',(1.65,-2.15));
#2079 = CARTESIAN_POINT('',(0.,-2.15));
#2080 = ( GEOMETRIC_REPRESENTATION_CONTEXT(2) 
PARAMETRIC_REPRESENTATION_CONTEXT() REPRESENTATION_CONTEXT('2D SPACE',''
  ) );
#2081 = ORIENTED_EDGE('',*,*,#2082,.T.);
#2082 = EDGE_CURVE('',#2057,#2083,#2085,.T.);
#2083 = VERTEX_POINT('',#2084);
#2084 = CARTESIAN_POINT('',(32.32,2.,23.35));
#2085 = SURFACE_CURVE('',#2086,(#2090,#2096),.PCURVE_S1.);
#2086 = LINE('',#2087,#2088);
#2087 = CARTESIAN_POINT('',(9.98,2.,23.35));
#2088 = VECTOR('',#2089,1.);
#2089 = DIRECTION('',(1.,0.,0.));
#2090 = PCURVE('',#720,#2091);
#2091 = DEFINITIONAL_REPRESENTATION('',(#2092),#2095);
#2092 = B_SPLINE_CURVE_WITH_KNOTS('',1,(#2093,#2094),.UNSPECIFIED.,.F.,
  .F.,(2,2),(7.98,22.34),.PIECEWISE_BEZIER_KNOTS.);
#2093 = CARTESIAN_POINT('',(21.35,15.96));
#2094 = CARTESIAN_POINT('',(21.35,30.32));
#2095 = ( GEOMETRIC_REPRESENTATION_CONTEXT(2) 
PARAMETRIC_REPRESENTATION_CONTEXT() REPRESENTATION_CONTEXT('2D SPACE',''
  ) );
#2096 = PCURVE('',#2097,#2102);
#2097 = PLANE('',#2098);
#2098 = AXIS2_PLACEMENT_3D('',#2099,#2100,#2101);
#2099 = CARTESIAN_POINT('',(17.96,-0.15,23.35));
#2100 = DIRECTION('',(0.,0.,1.));
#2101 = DIRECTION('',(1.,0.,0.));
#2102 = DEFINITIONAL_REPRESENTATION('',(#2103),#2106);
#2103 = B_SPLINE_CURVE_WITH_KNOTS('',1,(#2104,#2105),.UNSPECIFIED.,.F.,
  .F.,(2,2),(7.98,22.34),.PIECEWISE_BEZIER_KNOTS.);
#2104 = CARTESIAN_POINT('',(0.,2.15));
#2105 = CARTESIAN_POINT('',(14.36,2.15));
#2106 = ( GEOMETRIC_REPRESENTATION_CONTEXT(2) 
PARAMETRIC_REPRESENTATION_CONTEXT() REPRESENTATION_CONTEXT('2D SPACE',''
  ) );
#2107 = ORIENTED_EDGE('',*,*,#2108,.F.);
#2108 = EDGE_CURVE('',#2109,#2083,#2111,.T.);
#2109 = VERTEX_POINT('',#2110);
#2110 = CARTESIAN_POINT('',(32.32,2.,25.));
#2111 = SURFACE_CURVE('',#2112,(#2116,#2122),.PCURVE_S1.);
#2112 = LINE('',#2113,#2114);
#2113 = CARTESIAN_POINT('',(32.32,2.,12.675));
#2114 = VECTOR('',#2115,1.);
#2115 = DIRECTION('',(0.,0.,-1.));
#2116 = PCURVE('',#720,#2117);
#2117 = DEFINITIONAL_REPRESENTATION('',(#2118),#2121);
#2118 = B_SPLINE_CURVE_WITH_KNOTS('',1,(#2119,#2120),.UNSPECIFIED.,.F.,
  .F.,(2,2),(-12.325,-10.675),.PIECEWISE_BEZIER_KNOTS.);
#2119 = CARTESIAN_POINT('',(23.,30.32));
#2120 = CARTESIAN_POINT('',(21.35,30.32));
#2121 = ( GEOMETRIC_REPRESENTATION_CONTEXT(2) 
PARAMETRIC_REPRESENTATION_CONTEXT() REPRESENTATION_CONTEXT('2D SPACE',''
  ) );
#2122 = PCURVE('',#2123,#2128);
#2123 = PLANE('',#2124);
#2124 = AXIS2_PLACEMENT_3D('',#2125,#2126,#2127);
#2125 = CARTESIAN_POINT('',(32.32,-0.15,23.35));
#2126 = DIRECTION('',(1.,0.,0.));
#2127 = DIRECTION('',(0.,0.,1.));
#2128 = DEFINITIONAL_REPRESENTATION('',(#2129),#2132);
#2129 = B_SPLINE_CURVE_WITH_KNOTS('',1,(#2130,#2131),.UNSPECIFIED.,.F.,
  .F.,(2,2),(-12.325,-10.675),.PIECEWISE_BEZIER_KNOTS.);
#2130 = CARTESIAN_POINT('',(1.65,-2.15));
#2131 = CARTESIAN_POINT('',(0.,-2.15));
#2132 = ( GEOMETRIC_REPRESENTATION_CONTEXT(2) 
PARAMETRIC_REPRESENTATION_CONTEXT() REPRESENTATION_CONTEXT('2D SPACE',''
  ) );
#2133 = ORIENTED_EDGE('',*,*,#2134,.F.);
#2134 = EDGE_CURVE('',#2135,#2109,#2137,.T.);
#2135 = VERTEX_POINT('',#2136);
#2136 = CARTESIAN_POINT('',(32.72,2.,25.));
#2137 = SURFACE_CURVE('',#2138,(#2142,#2148),.PCURVE_S1.);
#2138 = LINE('',#2139,#2140);
#2139 = CARTESIAN_POINT('',(1.,2.,25.));
#2140 = VECTOR('',#2141,1.);
#2141 = DIRECTION('',(-1.,0.,0.));
#2142 = PCURVE('',#720,#2143);
#2143 = DEFINITIONAL_REPRESENTATION('',(#2144),#2147);
#2144 = B_SPLINE_CURVE_WITH_KNOTS('',1,(#2145,#2146),.UNSPECIFIED.,.F.,
  .F.,(2,2),(-76.,-1.),.PIECEWISE_BEZIER_KNOTS.);
#2145 = CARTESIAN_POINT('',(23.,75.));
#2146 = CARTESIAN_POINT('',(23.,0.));
#2147 = ( GEOMETRIC_REPRESENTATION_CONTEXT(2) 
PARAMETRIC_REPRESENTATION_CONTEXT() REPRESENTATION_CONTEXT('2D SPACE',''
  ) );
#2148 = PCURVE('',#1659,#2149);
#2149 = DEFINITIONAL_REPRESENTATION('',(#2150),#2154);
#2150 = LINE('',#2151,#2152);
#2151 = CARTESIAN_POINT('',(3.140184917368E-16,-1.));
#2152 = VECTOR('',#2153,1.);
#2153 = DIRECTION('',(-0.,1.));
#2154 = ( GEOMETRIC_REPRESENTATION_CONTEXT(2) 
PARAMETRIC_REPRESENTATION_CONTEXT() REPRESENTATION_CONTEXT('2D SPACE',''
  ) );
#2155 = ORIENTED_EDGE('',*,*,#2156,.T.);
#2156 = EDGE_CURVE('',#2135,#2157,#2159,.T.);
#2157 = VERTEX_POINT('',#2158);
#2158 = CARTESIAN_POINT('',(32.72,2.,22.291900756452));
#2159 = SURFACE_CURVE('',#2160,(#2164,#2170),.PCURVE_S1.);
#2160 = LINE('',#2161,#2162);
#2161 = CARTESIAN_POINT('',(32.72,2.,14.));
#2162 = VECTOR('',#2163,1.);
#2163 = DIRECTION('',(0.,0.,-1.));
#2164 = PCURVE('',#720,#2165);
#2165 = DEFINITIONAL_REPRESENTATION('',(#2166),#2169);
#2166 = B_SPLINE_CURVE_WITH_KNOTS('',1,(#2167,#2168),.UNSPECIFIED.,.F.,
  .F.,(2,2),(-11.,-8.),.PIECEWISE_BEZIER_KNOTS.);
#2167 = CARTESIAN_POINT('',(23.,30.72));
#2168 = CARTESIAN_POINT('',(20.,30.72));
#2169 = ( GEOMETRIC_REPRESENTATION_CONTEXT(2) 
PARAMETRIC_REPRESENTATION_CONTEXT() REPRESENTATION_CONTEXT('2D SPACE',''
  ) );
#2170 = PCURVE('',#1686,#2171);
#2171 = DEFINITIONAL_REPRESENTATION('',(#2172),#2175);
#2172 = B_SPLINE_CURVE_WITH_KNOTS('',1,(#2173,#2174),.UNSPECIFIED.,.F.,
  .F.,(2,2),(-11.,-8.),.PIECEWISE_BEZIER_KNOTS.);
#2173 = CARTESIAN_POINT('',(-1.,-1.5));
#2174 = CARTESIAN_POINT('',(-4.,-1.5));
#2175 = ( GEOMETRIC_REPRESENTATION_CONTEXT(2) 
PARAMETRIC_REPRESENTATION_CONTEXT() REPRESENTATION_CONTEXT('2D SPACE',''
  ) );
#2176 = ORIENTED_EDGE('',*,*,#2177,.F.);
#2177 = EDGE_CURVE('',#2178,#2157,#2180,.T.);
#2178 = VERTEX_POINT('',#2179);
#2179 = CARTESIAN_POINT('',(46.28,2.,22.291900756452));
#2180 = SURFACE_CURVE('',#2181,(#2185,#2191),.PCURVE_S1.);
#2181 = LINE('',#2182,#2183);
#2182 = CARTESIAN_POINT('',(32.72,2.,22.291900756452));
#2183 = VECTOR('',#2184,1.);
#2184 = DIRECTION('',(-1.,-0.,-0.));
#2185 = PCURVE('',#720,#2186);
#2186 = DEFINITIONAL_REPRESENTATION('',(#2187),#2190);
#2187 = B_SPLINE_CURVE_WITH_KNOTS('',1,(#2188,#2189),.UNSPECIFIED.,.F.,
  .F.,(2,2),(-13.5600006,5.999999999062E-07),.PIECEWISE_BEZIER_KNOTS.);
#2188 = CARTESIAN_POINT('',(20.291900756452,44.2800006));
#2189 = CARTESIAN_POINT('',(20.291900756452,30.7199994));
#2190 = ( GEOMETRIC_REPRESENTATION_CONTEXT(2) 
PARAMETRIC_REPRESENTATION_CONTEXT() REPRESENTATION_CONTEXT('2D SPACE',''
  ) );
#2191 = PCURVE('',#1712,#2192);
#2192 = DEFINITIONAL_REPRESENTATION('',(#2193),#2196);
#2193 = B_SPLINE_CURVE_WITH_KNOTS('',1,(#2194,#2195),.UNSPECIFIED.,.F.,
  .F.,(2,2),(-13.56,0.),.PIECEWISE_BEZIER_KNOTS.);
#2194 = CARTESIAN_POINT('',(-5.09678575488,-13.56));
#2195 = CARTESIAN_POINT('',(-5.09678575488,0.));
#2196 = ( GEOMETRIC_REPRESENTATION_CONTEXT(2) 
PARAMETRIC_REPRESENTATION_CONTEXT() REPRESENTATION_CONTEXT('2D SPACE',''
  ) );
#2197 = ORIENTED_EDGE('',*,*,#2198,.F.);
#2198 = EDGE_CURVE('',#2199,#2178,#2201,.T.);
#2199 = VERTEX_POINT('',#2200);
#2200 = CARTESIAN_POINT('',(46.28,2.,25.));
#2201 = SURFACE_CURVE('',#2202,(#2206,#2212),.PCURVE_S1.);
#2202 = LINE('',#2203,#2204);
#2203 = CARTESIAN_POINT('',(46.28,2.,14.));
#2204 = VECTOR('',#2205,1.);
#2205 = DIRECTION('',(0.,0.,-1.));
#2206 = PCURVE('',#720,#2207);
#2207 = DEFINITIONAL_REPRESENTATION('',(#2208),#2211);
#2208 = B_SPLINE_CURVE_WITH_KNOTS('',1,(#2209,#2210),.UNSPECIFIED.,.F.,
  .F.,(2,2),(-11.,-8.),.PIECEWISE_BEZIER_KNOTS.);
#2209 = CARTESIAN_POINT('',(23.,44.28));
#2210 = CARTESIAN_POINT('',(20.,44.28));
#2211 = ( GEOMETRIC_REPRESENTATION_CONTEXT(2) 
PARAMETRIC_REPRESENTATION_CONTEXT() REPRESENTATION_CONTEXT('2D SPACE',''
  ) );
#2212 = PCURVE('',#1738,#2213);
#2213 = DEFINITIONAL_REPRESENTATION('',(#2214),#2217);
#2214 = B_SPLINE_CURVE_WITH_KNOTS('',1,(#2215,#2216),.UNSPECIFIED.,.F.,
  .F.,(2,2),(-11.,-8.),.PIECEWISE_BEZIER_KNOTS.);
#2215 = CARTESIAN_POINT('',(-1.,-1.5));
#2216 = CARTESIAN_POINT('',(-4.,-1.5));
#2217 = ( GEOMETRIC_REPRESENTATION_CONTEXT(2) 
PARAMETRIC_REPRESENTATION_CONTEXT() REPRESENTATION_CONTEXT('2D SPACE',''
  ) );
#2218 = ORIENTED_EDGE('',*,*,#2219,.F.);
#2219 = EDGE_CURVE('',#2220,#2199,#2222,.T.);
#2220 = VERTEX_POINT('',#2221);
#2221 = CARTESIAN_POINT('',(46.68,2.,25.));
#2222 = SURFACE_CURVE('',#2223,(#2227,#2233),.PCURVE_S1.);
#2223 = LINE('',#2224,#2225);
#2224 = CARTESIAN_POINT('',(1.,2.,25.));
#2225 = VECTOR('',#2226,1.);
#2226 = DIRECTION('',(-1.,0.,0.));
#2227 = PCURVE('',#720,#2228);
#2228 = DEFINITIONAL_REPRESENTATION('',(#2229),#2232);
#2229 = B_SPLINE_CURVE_WITH_KNOTS('',1,(#2230,#2231),.UNSPECIFIED.,.F.,
  .F.,(2,2),(-76.,-1.),.PIECEWISE_BEZIER_KNOTS.);
#2230 = CARTESIAN_POINT('',(23.,75.));
#2231 = CARTESIAN_POINT('',(23.,0.));
#2232 = ( GEOMETRIC_REPRESENTATION_CONTEXT(2) 
PARAMETRIC_REPRESENTATION_CONTEXT() REPRESENTATION_CONTEXT('2D SPACE',''
  ) );
#2233 = PCURVE('',#1765,#2234);
#2234 = DEFINITIONAL_REPRESENTATION('',(#2235),#2239);
#2235 = LINE('',#2236,#2237);
#2236 = CARTESIAN_POINT('',(3.140184917368E-16,-1.));
#2237 = VECTOR('',#2238,1.);
#2238 = DIRECTION('',(-0.,1.));
#2239 = ( GEOMETRIC_REPRESENTATION_CONTEXT(2) 
PARAMETRIC_REPRESENTATION_CONTEXT() REPRESENTATION_CONTEXT('2D SPACE',''
  ) );
#2240 = ORIENTED_EDGE('',*,*,#2241,.T.);
#2241 = EDGE_CURVE('',#2220,#2242,#2244,.T.);
#2242 = VERTEX_POINT('',#2243);
#2243 = CARTESIAN_POINT('',(46.68,2.,23.35));
#2244 = SURFACE_CURVE('',#2245,(#2249,#2255),.PCURVE_S1.);
#2245 = LINE('',#2246,#2247);
#2246 = CARTESIAN_POINT('',(46.68,2.,12.675));
#2247 = VECTOR('',#2248,1.);
#2248 = DIRECTION('',(0.,0.,-1.));
#2249 = PCURVE('',#720,#2250);
#2250 = DEFINITIONAL_REPRESENTATION('',(#2251),#2254);
#2251 = B_SPLINE_CURVE_WITH_KNOTS('',1,(#2252,#2253),.UNSPECIFIED.,.F.,
  .F.,(2,2),(-12.325,-10.675),.PIECEWISE_BEZIER_KNOTS.);
#2252 = CARTESIAN_POINT('',(23.,44.68));
#2253 = CARTESIAN_POINT('',(21.35,44.68));
#2254 = ( GEOMETRIC_REPRESENTATION_CONTEXT(2) 
PARAMETRIC_REPRESENTATION_CONTEXT() REPRESENTATION_CONTEXT('2D SPACE',''
  ) );
#2255 = PCURVE('',#2256,#2261);
#2256 = PLANE('',#2257);
#2257 = AXIS2_PLACEMENT_3D('',#2258,#2259,#2260);
#2258 = CARTESIAN_POINT('',(46.68,-0.15,23.35));
#2259 = DIRECTION('',(1.,0.,0.));
#2260 = DIRECTION('',(0.,0.,1.));
#2261 = DEFINITIONAL_REPRESENTATION('',(#2262),#2265);
#2262 = B_SPLINE_CURVE_WITH_KNOTS('',1,(#2263,#2264),.UNSPECIFIED.,.F.,
  .F.,(2,2),(-12.325,-10.675),.PIECEWISE_BEZIER_KNOTS.);
#2263 = CARTESIAN_POINT('',(1.65,-2.15));
#2264 = CARTESIAN_POINT('',(0.,-2.15));
#2265 = ( GEOMETRIC_REPRESENTATION_CONTEXT(2) 
PARAMETRIC_REPRESENTATION_CONTEXT() REPRESENTATION_CONTEXT('2D SPACE',''
  ) );
#2266 = ORIENTED_EDGE('',*,*,#2267,.T.);
#2267 = EDGE_CURVE('',#2242,#2268,#2270,.T.);
#2268 = VERTEX_POINT('',#2269);
#2269 = CARTESIAN_POINT('',(61.04,2.,23.35));
#2270 = SURFACE_CURVE('',#2271,(#2275,#2281),.PCURVE_S1.);
#2271 = LINE('',#2272,#2273);
#2272 = CARTESIAN_POINT('',(24.34,2.,23.35));
#2273 = VECTOR('',#2274,1.);
#2274 = DIRECTION('',(1.,0.,0.));
#2275 = PCURVE('',#720,#2276);
#2276 = DEFINITIONAL_REPRESENTATION('',(#2277),#2280);
#2277 = B_SPLINE_CURVE_WITH_KNOTS('',1,(#2278,#2279),.UNSPECIFIED.,.F.,
  .F.,(2,2),(22.34,36.7),.PIECEWISE_BEZIER_KNOTS.);
#2278 = CARTESIAN_POINT('',(21.35,44.68));
#2279 = CARTESIAN_POINT('',(21.35,59.04));
#2280 = ( GEOMETRIC_REPRESENTATION_CONTEXT(2) 
PARAMETRIC_REPRESENTATION_CONTEXT() REPRESENTATION_CONTEXT('2D SPACE',''
  ) );
#2281 = PCURVE('',#2282,#2287);
#2282 = PLANE('',#2283);
#2283 = AXIS2_PLACEMENT_3D('',#2284,#2285,#2286);
#2284 = CARTESIAN_POINT('',(46.68,-0.15,23.35));
#2285 = DIRECTION('',(0.,0.,1.));
#2286 = DIRECTION('',(1.,0.,0.));
#2287 = DEFINITIONAL_REPRESENTATION('',(#2288),#2291);
#2288 = B_SPLINE_CURVE_WITH_KNOTS('',1,(#2289,#2290),.UNSPECIFIED.,.F.,
  .F.,(2,2),(22.34,36.7),.PIECEWISE_BEZIER_KNOTS.);
#2289 = CARTESIAN_POINT('',(0.,2.15));
#2290 = CARTESIAN_POINT('',(14.36,2.15));
#2291 = ( GEOMETRIC_REPRESENTATION_CONTEXT(2) 
PARAMETRIC_REPRESENTATION_CONTEXT() REPRESENTATION_CONTEXT('2D SPACE',''
  ) );
#2292 = ORIENTED_EDGE('',*,*,#2293,.F.);
#2293 = EDGE_CURVE('',#2294,#2268,#2296,.T.);
#2294 = VERTEX_POINT('',#2295);
#2295 = CARTESIAN_POINT('',(61.04,2.,25.));
#2296 = SURFACE_CURVE('',#2297,(#2301,#2307),.PCURVE_S1.);
#2297 = LINE('',#2298,#2299);
#2298 = CARTESIAN_POINT('',(61.04,2.,12.675));
#2299 = VECTOR('',#2300,1.);
#2300 = DIRECTION('',(0.,0.,-1.));
#2301 = PCURVE('',#720,#2302);
#2302 = DEFINITIONAL_REPRESENTATION('',(#2303),#2306);
#2303 = B_SPLINE_CURVE_WITH_KNOTS('',1,(#2304,#2305),.UNSPECIFIED.,.F.,
  .F.,(2,2),(-12.325,-10.675),.PIECEWISE_BEZIER_KNOTS.);
#2304 = CARTESIAN_POINT('',(23.,59.04));
#2305 = CARTESIAN_POINT('',(21.35,59.04));
#2306 = ( GEOMETRIC_REPRESENTATION_CONTEXT(2) 
PARAMETRIC_REPRESENTATION_CONTEXT() REPRESENTATION_CONTEXT('2D SPACE',''
  ) );
#2307 = PCURVE('',#2308,#2313);
#2308 = PLANE('',#2309);
#2309 = AXIS2_PLACEMENT_3D('',#2310,#2311,#2312);
#2310 = CARTESIAN_POINT('',(61.04,-0.15,23.35));
#2311 = DIRECTION('',(1.,0.,0.));
#2312 = DIRECTION('',(0.,0.,1.));
#2313 = DEFINITIONAL_REPRESENTATION('',(#2314),#2317);
#2314 = B_SPLINE_CURVE_WITH_KNOTS('',1,(#2315,#2316),.UNSPECIFIED.,.F.,
  .F.,(2,2),(-12.325,-10.675),.PIECEWISE_BEZIER_KNOTS.);
#2315 = CARTESIAN_POINT('',(1.65,-2.15));
#2316 = CARTESIAN_POINT('',(0.,-2.15));
#2317 = ( GEOMETRIC_REPRESENTATION_CONTEXT(2) 
PARAMETRIC_REPRESENTATION_CONTEXT() REPRESENTATION_CONTEXT('2D SPACE',''
  ) );
#2318 = ORIENTED_EDGE('',*,*,#2319,.F.);
#2319 = EDGE_CURVE('',#2320,#2294,#2322,.T.);
#2320 = VERTEX_POINT('',#2321);
#2321 = CARTESIAN_POINT('',(61.44,2.,25.));
#2322 = SURFACE_CURVE('',#2323,(#2327,#2333),.PCURVE_S1.);
#2323 = LINE('',#2324,#2325);
#2324 = CARTESIAN_POINT('',(1.,2.,25.));
#2325 = VECTOR('',#2326,1.);
#2326 = DIRECTION('',(-1.,0.,0.));
#2327 = PCURVE('',#720,#2328);
#2328 = DEFINITIONAL_REPRESENTATION('',(#2329),#2332);
#2329 = B_SPLINE_CURVE_WITH_KNOTS('',1,(#2330,#2331),.UNSPECIFIED.,.F.,
  .F.,(2,2),(-76.,-1.),.PIECEWISE_BEZIER_KNOTS.);
#2330 = CARTESIAN_POINT('',(23.,75.));
#2331 = CARTESIAN_POINT('',(23.,0.));
#2332 = ( GEOMETRIC_REPRESENTATION_CONTEXT(2) 
PARAMETRIC_REPRESENTATION_CONTEXT() REPRESENTATION_CONTEXT('2D SPACE',''
  ) );
#2333 = PCURVE('',#1765,#2334);
#2334 = DEFINITIONAL_REPRESENTATION('',(#2335),#2339);
#2335 = LINE('',#2336,#2337);
#2336 = CARTESIAN_POINT('',(3.140184917368E-16,-1.));
#2337 = VECTOR('',#2338,1.);
#2338 = DIRECTION('',(-0.,1.));
#2339 = ( GEOMETRIC_REPRESENTATION_CONTEXT(2) 
PARAMETRIC_REPRESENTATION_CONTEXT() REPRESENTATION_CONTEXT('2D SPACE',''
  ) );
#2340 = ORIENTED_EDGE('',*,*,#2341,.T.);
#2341 = EDGE_CURVE('',#2320,#2342,#2344,.T.);
#2342 = VERTEX_POINT('',#2343);
#2343 = CARTESIAN_POINT('',(61.44,2.,22.291900756452));
#2344 = SURFACE_CURVE('',#2345,(#2349,#2355),.PCURVE_S1.);
#2345 = LINE('',#2346,#2347);
#2346 = CARTESIAN_POINT('',(61.44,2.,14.));
#2347 = VECTOR('',#2348,1.);
#2348 = DIRECTION('',(0.,0.,-1.));
#2349 = PCURVE('',#720,#2350);
#2350 = DEFINITIONAL_REPRESENTATION('',(#2351),#2354);
#2351 = B_SPLINE_CURVE_WITH_KNOTS('',1,(#2352,#2353),.UNSPECIFIED.,.F.,
  .F.,(2,2),(-11.,-8.),.PIECEWISE_BEZIER_KNOTS.);
#2352 = CARTESIAN_POINT('',(23.,59.44));
#2353 = CARTESIAN_POINT('',(20.,59.44));
#2354 = ( GEOMETRIC_REPRESENTATION_CONTEXT(2) 
PARAMETRIC_REPRESENTATION_CONTEXT() REPRESENTATION_CONTEXT('2D SPACE',''
  ) );
#2355 = PCURVE('',#1792,#2356);
#2356 = DEFINITIONAL_REPRESENTATION('',(#2357),#2360);
#2357 = B_SPLINE_CURVE_WITH_KNOTS('',1,(#2358,#2359),.UNSPECIFIED.,.F.,
  .F.,(2,2),(-11.,-8.),.PIECEWISE_BEZIER_KNOTS.);
#2358 = CARTESIAN_POINT('',(-1.,-1.5));
#2359 = CARTESIAN_POINT('',(-4.,-1.5));
#2360 = ( GEOMETRIC_REPRESENTATION_CONTEXT(2) 
PARAMETRIC_REPRESENTATION_CONTEXT() REPRESENTATION_CONTEXT('2D SPACE',''
  ) );
#2361 = ORIENTED_EDGE('',*,*,#2362,.F.);
#2362 = EDGE_CURVE('',#2363,#2342,#2365,.T.);
#2363 = VERTEX_POINT('',#2364);
#2364 = CARTESIAN_POINT('',(75.,2.,22.291900756452));
#2365 = SURFACE_CURVE('',#2366,(#2370,#2376),.PCURVE_S1.);
#2366 = LINE('',#2367,#2368);
#2367 = CARTESIAN_POINT('',(61.44,2.,22.291900756452));
#2368 = VECTOR('',#2369,1.);
#2369 = DIRECTION('',(-1.,-0.,-0.));
#2370 = PCURVE('',#720,#2371);
#2371 = DEFINITIONAL_REPRESENTATION('',(#2372),#2375);
#2372 = B_SPLINE_CURVE_WITH_KNOTS('',1,(#2373,#2374),.UNSPECIFIED.,.F.,
  .F.,(2,2),(-13.5600006,5.999999999062E-07),.PIECEWISE_BEZIER_KNOTS.);
#2373 = CARTESIAN_POINT('',(20.291900756452,73.0000006));
#2374 = CARTESIAN_POINT('',(20.291900756452,59.4399994));
#2375 = ( GEOMETRIC_REPRESENTATION_CONTEXT(2) 
PARAMETRIC_REPRESENTATION_CONTEXT() REPRESENTATION_CONTEXT('2D SPACE',''
  ) );
#2376 = PCURVE('',#1818,#2377);
#2377 = DEFINITIONAL_REPRESENTATION('',(#2378),#2381);
#2378 = B_SPLINE_CURVE_WITH_KNOTS('',1,(#2379,#2380),.UNSPECIFIED.,.F.,
  .F.,(2,2),(-13.56,0.),.PIECEWISE_BEZIER_KNOTS.);
#2379 = CARTESIAN_POINT('',(-5.09678575488,-13.56));
#2380 = CARTESIAN_POINT('',(-5.09678575488,0.));
#2381 = ( GEOMETRIC_REPRESENTATION_CONTEXT(2) 
PARAMETRIC_REPRESENTATION_CONTEXT() REPRESENTATION_CONTEXT('2D SPACE',''
  ) );
#2382 = ORIENTED_EDGE('',*,*,#2383,.F.);
#2383 = EDGE_CURVE('',#1134,#2363,#2384,.T.);
#2384 = SURFACE_CURVE('',#2385,(#2389,#2395),.PCURVE_S1.);
#2385 = LINE('',#2386,#2387);
#2386 = CARTESIAN_POINT('',(75.,2.,14.));
#2387 = VECTOR('',#2388,1.);
#2388 = DIRECTION('',(0.,0.,-1.));
#2389 = PCURVE('',#720,#2390);
#2390 = DEFINITIONAL_REPRESENTATION('',(#2391),#2394);
#2391 = B_SPLINE_CURVE_WITH_KNOTS('',1,(#2392,#2393),.UNSPECIFIED.,.F.,
  .F.,(2,2),(-11.,-8.),.PIECEWISE_BEZIER_KNOTS.);
#2392 = CARTESIAN_POINT('',(23.,73.));
#2393 = CARTESIAN_POINT('',(20.,73.));
#2394 = ( GEOMETRIC_REPRESENTATION_CONTEXT(2) 
PARAMETRIC_REPRESENTATION_CONTEXT() REPRESENTATION_CONTEXT('2D SPACE',''
  ) );
#2395 = PCURVE('',#1148,#2396);
#2396 = DEFINITIONAL_REPRESENTATION('',(#2397),#2400);
#2397 = B_SPLINE_CURVE_WITH_KNOTS('',1,(#2398,#2399),.UNSPECIFIED.,.F.,
  .F.,(2,2),(-11.,-8.),.PIECEWISE_BEZIER_KNOTS.);
#2398 = CARTESIAN_POINT('',(-1.,-1.5));
#2399 = CARTESIAN_POINT('',(-4.,-1.5));
#2400 = ( GEOMETRIC_REPRESENTATION_CONTEXT(2) 
PARAMETRIC_REPRESENTATION_CONTEXT() REPRESENTATION_CONTEXT('2D SPACE',''
  ) );
#2401 = ORIENTED_EDGE('',*,*,#1159,.F.);
#2402 = ADVANCED_FACE('',(#2403),#825,.F.);
#2403 = FACE_BOUND('',#2404,.F.);
#2404 = EDGE_LOOP('',(#2405,#2425,#2426,#2446));
#2405 = ORIENTED_EDGE('',*,*,#2406,.F.);
#2406 = EDGE_CURVE('',#1336,#809,#2407,.T.);
#2407 = SURFACE_CURVE('',#2408,(#2412,#2419),.PCURVE_S1.);
#2408 = LINE('',#2409,#2410);
#2409 = CARTESIAN_POINT('',(30.5,92.,15.));
#2410 = VECTOR('',#2411,1.);
#2411 = DIRECTION('',(0.,1.,0.));
#2412 = PCURVE('',#825,#2413);
#2413 = DEFINITIONAL_REPRESENTATION('',(#2414),#2418);
#2414 = LINE('',#2415,#2416);
#2415 = CARTESIAN_POINT('',(0.,0.));
#2416 = VECTOR('',#2417,1.);
#2417 = DIRECTION('',(0.,1.));
#2418 = ( GEOMETRIC_REPRESENTATION_CONTEXT(2) 
PARAMETRIC_REPRESENTATION_CONTEXT() REPRESENTATION_CONTEXT('2D SPACE',''
  ) );
#2419 = PCURVE('',#853,#2420);
#2420 = DEFINITIONAL_REPRESENTATION('',(#2421),#2424);
#2421 = B_SPLINE_CURVE_WITH_KNOTS('',1,(#2422,#2423),.UNSPECIFIED.,.F.,
  .F.,(2,2),(0.,4.),.PIECEWISE_BEZIER_KNOTS.);
#2422 = CARTESIAN_POINT('',(6.28318530718,0.));
#2423 = CARTESIAN_POINT('',(6.28318530718,4.));
#2424 = ( GEOMETRIC_REPRESENTATION_CONTEXT(2) 
PARAMETRIC_REPRESENTATION_CONTEXT() REPRESENTATION_CONTEXT('2D SPACE',''
  ) );
#2425 = ORIENTED_EDGE('',*,*,#1335,.T.);
#2426 = ORIENTED_EDGE('',*,*,#2427,.T.);
#2427 = EDGE_CURVE('',#1338,#811,#2428,.T.);
#2428 = SURFACE_CURVE('',#2429,(#2433,#2440),.PCURVE_S1.);
#2429 = LINE('',#2430,#2431);
#2430 = CARTESIAN_POINT('',(48.5,92.,15.));
#2431 = VECTOR('',#2432,1.);
#2432 = DIRECTION('',(0.,1.,0.));
#2433 = PCURVE('',#825,#2434);
#2434 = DEFINITIONAL_REPRESENTATION('',(#2435),#2439);
#2435 = LINE('',#2436,#2437);
#2436 = CARTESIAN_POINT('',(18.,0.));
#2437 = VECTOR('',#2438,1.);
#2438 = DIRECTION('',(0.,1.));
#2439 = ( GEOMETRIC_REPRESENTATION_CONTEXT(2) 
PARAMETRIC_REPRESENTATION_CONTEXT() REPRESENTATION_CONTEXT('2D SPACE',''
  ) );
#2440 = PCURVE('',#1016,#2441);
#2441 = DEFINITIONAL_REPRESENTATION('',(#2442),#2445);
#2442 = B_SPLINE_CURVE_WITH_KNOTS('',1,(#2443,#2444),.UNSPECIFIED.,.F.,
  .F.,(2,2),(0.,4.),.PIECEWISE_BEZIER_KNOTS.);
#2443 = CARTESIAN_POINT('',(0.,0.));
#2444 = CARTESIAN_POINT('',(0.,4.));
#2445 = ( GEOMETRIC_REPRESENTATION_CONTEXT(2) 
PARAMETRIC_REPRESENTATION_CONTEXT() REPRESENTATION_CONTEXT('2D SPACE',''
  ) );
#2446 = ORIENTED_EDGE('',*,*,#808,.F.);
#2447 = ADVANCED_FACE('',(#2448),#1016,.F.);
#2448 = FACE_BOUND('',#2449,.F.);
#2449 = EDGE_LOOP('',(#2450,#2451,#2452,#2453));
#2450 = ORIENTED_EDGE('',*,*,#1001,.F.);
#2451 = ORIENTED_EDGE('',*,*,#2427,.F.);
#2452 = ORIENTED_EDGE('',*,*,#1493,.T.);
#2453 = ORIENTED_EDGE('',*,*,#2454,.T.);
#2454 = EDGE_CURVE('',#1473,#976,#2455,.T.);
#2455 = SURFACE_CURVE('',#2456,(#2460,#2467),.PCURVE_S1.);
#2456 = LINE('',#2457,#2458);
#2457 = CARTESIAN_POINT('',(49.5,92.,14.));
#2458 = VECTOR('',#2459,1.);
#2459 = DIRECTION('',(0.,1.,0.));
#2460 = PCURVE('',#1016,#2461);
#2461 = DEFINITIONAL_REPRESENTATION('',(#2462),#2466);
#2462 = LINE('',#2463,#2464);
#2463 = CARTESIAN_POINT('',(1.570796326795,0.));
#2464 = VECTOR('',#2465,1.);
#2465 = DIRECTION('',(0.,1.));
#2466 = ( GEOMETRIC_REPRESENTATION_CONTEXT(2) 
PARAMETRIC_REPRESENTATION_CONTEXT() REPRESENTATION_CONTEXT('2D SPACE',''
  ) );
#2467 = PCURVE('',#990,#2468);
#2468 = DEFINITIONAL_REPRESENTATION('',(#2469),#2473);
#2469 = LINE('',#2470,#2471);
#2470 = CARTESIAN_POINT('',(6.,0.));
#2471 = VECTOR('',#2472,1.);
#2472 = DIRECTION('',(0.,-1.));
#2473 = ( GEOMETRIC_REPRESENTATION_CONTEXT(2) 
PARAMETRIC_REPRESENTATION_CONTEXT() REPRESENTATION_CONTEXT('2D SPACE',''
  ) );
#2474 = ADVANCED_FACE('',(#2475),#990,.F.);
#2475 = FACE_BOUND('',#2476,.F.);
#2476 = EDGE_LOOP('',(#2477,#2478,#2479,#2500));
#2477 = ORIENTED_EDGE('',*,*,#2454,.F.);
#2478 = ORIENTED_EDGE('',*,*,#1472,.T.);
#2479 = ORIENTED_EDGE('',*,*,#2480,.T.);
#2480 = EDGE_CURVE('',#1449,#947,#2481,.T.);
#2481 = SURFACE_CURVE('',#2482,(#2486,#2493),.PCURVE_S1.);
#2482 = LINE('',#2483,#2484);
#2483 = CARTESIAN_POINT('',(49.5,92.,8.));
#2484 = VECTOR('',#2485,1.);
#2485 = DIRECTION('',(0.,1.,0.));
#2486 = PCURVE('',#990,#2487);
#2487 = DEFINITIONAL_REPRESENTATION('',(#2488),#2492);
#2488 = LINE('',#2489,#2490);
#2489 = CARTESIAN_POINT('',(0.,0.));
#2490 = VECTOR('',#2491,1.);
#2491 = DIRECTION('',(0.,-1.));
#2492 = ( GEOMETRIC_REPRESENTATION_CONTEXT(2) 
PARAMETRIC_REPRESENTATION_CONTEXT() REPRESENTATION_CONTEXT('2D SPACE',''
  ) );
#2493 = PCURVE('',#963,#2494);
#2494 = DEFINITIONAL_REPRESENTATION('',(#2495),#2499);
#2495 = LINE('',#2496,#2497);
#2496 = CARTESIAN_POINT('',(1.570796326795,0.));
#2497 = VECTOR('',#2498,1.);
#2498 = DIRECTION('',(0.,1.));
#2499 = ( GEOMETRIC_REPRESENTATION_CONTEXT(2) 
PARAMETRIC_REPRESENTATION_CONTEXT() REPRESENTATION_CONTEXT('2D SPACE',''
  ) );
#2500 = ORIENTED_EDGE('',*,*,#975,.F.);
#2501 = ADVANCED_FACE('',(#2502),#963,.F.);
#2502 = FACE_BOUND('',#2503,.F.);
#2503 = EDGE_LOOP('',(#2504,#2505,#2506,#2507));
#2504 = ORIENTED_EDGE('',*,*,#946,.F.);
#2505 = ORIENTED_EDGE('',*,*,#2480,.F.);
#2506 = ORIENTED_EDGE('',*,*,#1448,.T.);
#2507 = ORIENTED_EDGE('',*,*,#2508,.T.);
#2508 = EDGE_CURVE('',#1428,#921,#2509,.T.);
#2509 = SURFACE_CURVE('',#2510,(#2514,#2521),.PCURVE_S1.);
#2510 = LINE('',#2511,#2512);
#2511 = CARTESIAN_POINT('',(48.5,92.,7.));
#2512 = VECTOR('',#2513,1.);
#2513 = DIRECTION('',(0.,1.,0.));
#2514 = PCURVE('',#963,#2515);
#2515 = DEFINITIONAL_REPRESENTATION('',(#2516),#2520);
#2516 = LINE('',#2517,#2518);
#2517 = CARTESIAN_POINT('',(3.14159265359,0.));
#2518 = VECTOR('',#2519,1.);
#2519 = DIRECTION('',(0.,1.));
#2520 = ( GEOMETRIC_REPRESENTATION_CONTEXT(2) 
PARAMETRIC_REPRESENTATION_CONTEXT() REPRESENTATION_CONTEXT('2D SPACE',''
  ) );
#2521 = PCURVE('',#935,#2522);
#2522 = DEFINITIONAL_REPRESENTATION('',(#2523),#2527);
#2523 = LINE('',#2524,#2525);
#2524 = CARTESIAN_POINT('',(18.,0.));
#2525 = VECTOR('',#2526,1.);
#2526 = DIRECTION('',(0.,1.));
#2527 = ( GEOMETRIC_REPRESENTATION_CONTEXT(2) 
PARAMETRIC_REPRESENTATION_CONTEXT() REPRESENTATION_CONTEXT('2D SPACE',''
  ) );
#2528 = ADVANCED_FACE('',(#2529),#935,.T.);
#2529 = FACE_BOUND('',#2530,.T.);
#2530 = EDGE_LOOP('',(#2531,#2552,#2553,#2554));
#2531 = ORIENTED_EDGE('',*,*,#2532,.F.);
#2532 = EDGE_CURVE('',#1404,#892,#2533,.T.);
#2533 = SURFACE_CURVE('',#2534,(#2538,#2545),.PCURVE_S1.);
#2534 = LINE('',#2535,#2536);
#2535 = CARTESIAN_POINT('',(30.5,92.,7.));
#2536 = VECTOR('',#2537,1.);
#2537 = DIRECTION('',(0.,1.,0.));
#2538 = PCURVE('',#935,#2539);
#2539 = DEFINITIONAL_REPRESENTATION('',(#2540),#2544);
#2540 = LINE('',#2541,#2542);
#2541 = CARTESIAN_POINT('',(0.,0.));
#2542 = VECTOR('',#2543,1.);
#2543 = DIRECTION('',(0.,1.));
#2544 = ( GEOMETRIC_REPRESENTATION_CONTEXT(2) 
PARAMETRIC_REPRESENTATION_CONTEXT() REPRESENTATION_CONTEXT('2D SPACE',''
  ) );
#2545 = PCURVE('',#908,#2546);
#2546 = DEFINITIONAL_REPRESENTATION('',(#2547),#2551);
#2547 = LINE('',#2548,#2549);
#2548 = CARTESIAN_POINT('',(3.14159265359,0.));
#2549 = VECTOR('',#2550,1.);
#2550 = DIRECTION('',(0.,1.));
#2551 = ( GEOMETRIC_REPRESENTATION_CONTEXT(2) 
PARAMETRIC_REPRESENTATION_CONTEXT() REPRESENTATION_CONTEXT('2D SPACE',''
  ) );
#2552 = ORIENTED_EDGE('',*,*,#1427,.T.);
#2553 = ORIENTED_EDGE('',*,*,#2508,.T.);
#2554 = ORIENTED_EDGE('',*,*,#920,.F.);
#2555 = ADVANCED_FACE('',(#2556),#908,.F.);
#2556 = FACE_BOUND('',#2557,.F.);
#2557 = EDGE_LOOP('',(#2558,#2559,#2560,#2561));
#2558 = ORIENTED_EDGE('',*,*,#891,.F.);
#2559 = ORIENTED_EDGE('',*,*,#2532,.F.);
#2560 = ORIENTED_EDGE('',*,*,#1403,.T.);
#2561 = ORIENTED_EDGE('',*,*,#2562,.T.);
#2562 = EDGE_CURVE('',#1383,#866,#2563,.T.);
#2563 = SURFACE_CURVE('',#2564,(#2568,#2575),.PCURVE_S1.);
#2564 = LINE('',#2565,#2566);
#2565 = CARTESIAN_POINT('',(29.5,92.,8.));
#2566 = VECTOR('',#2567,1.);
#2567 = DIRECTION('',(0.,1.,0.));
#2568 = PCURVE('',#908,#2569);
#2569 = DEFINITIONAL_REPRESENTATION('',(#2570),#2574);
#2570 = LINE('',#2571,#2572);
#2571 = CARTESIAN_POINT('',(4.712388980385,0.));
#2572 = VECTOR('',#2573,1.);
#2573 = DIRECTION('',(0.,1.));
#2574 = ( GEOMETRIC_REPRESENTATION_CONTEXT(2) 
PARAMETRIC_REPRESENTATION_CONTEXT() REPRESENTATION_CONTEXT('2D SPACE',''
  ) );
#2575 = PCURVE('',#880,#2576);
#2576 = DEFINITIONAL_REPRESENTATION('',(#2577),#2581);
#2577 = LINE('',#2578,#2579);
#2578 = CARTESIAN_POINT('',(0.,0.));
#2579 = VECTOR('',#2580,1.);
#2580 = DIRECTION('',(0.,-1.));
#2581 = ( GEOMETRIC_REPRESENTATION_CONTEXT(2) 
PARAMETRIC_REPRESENTATION_CONTEXT() REPRESENTATION_CONTEXT('2D SPACE',''
  ) );
#2582 = ADVANCED_FACE('',(#2583),#880,.T.);
#2583 = FACE_BOUND('',#2584,.T.);
#2584 = EDGE_LOOP('',(#2585,#2606,#2607,#2608));
#2585 = ORIENTED_EDGE('',*,*,#2586,.F.);
#2586 = EDGE_CURVE('',#1359,#837,#2587,.T.);
#2587 = SURFACE_CURVE('',#2588,(#2592,#2599),.PCURVE_S1.);
#2588 = LINE('',#2589,#2590);
#2589 = CARTESIAN_POINT('',(29.5,92.,14.));
#2590 = VECTOR('',#2591,1.);
#2591 = DIRECTION('',(0.,1.,0.));
#2592 = PCURVE('',#880,#2593);
#2593 = DEFINITIONAL_REPRESENTATION('',(#2594),#2598);
#2594 = LINE('',#2595,#2596);
#2595 = CARTESIAN_POINT('',(6.,0.));
#2596 = VECTOR('',#2597,1.);
#2597 = DIRECTION('',(0.,-1.));
#2598 = ( GEOMETRIC_REPRESENTATION_CONTEXT(2) 
PARAMETRIC_REPRESENTATION_CONTEXT() REPRESENTATION_CONTEXT('2D SPACE',''
  ) );
#2599 = PCURVE('',#853,#2600);
#2600 = DEFINITIONAL_REPRESENTATION('',(#2601),#2605);
#2601 = LINE('',#2602,#2603);
#2602 = CARTESIAN_POINT('',(4.712388980385,0.));
#2603 = VECTOR('',#2604,1.);
#2604 = DIRECTION('',(0.,1.));
#2605 = ( GEOMETRIC_REPRESENTATION_CONTEXT(2) 
PARAMETRIC_REPRESENTATION_CONTEXT() REPRESENTATION_CONTEXT('2D SPACE',''
  ) );
#2606 = ORIENTED_EDGE('',*,*,#1382,.T.);
#2607 = ORIENTED_EDGE('',*,*,#2562,.T.);
#2608 = ORIENTED_EDGE('',*,*,#865,.F.);
#2609 = ADVANCED_FACE('',(#2610),#853,.F.);
#2610 = FACE_BOUND('',#2611,.F.);
#2611 = EDGE_LOOP('',(#2612,#2613,#2614,#2615));
#2612 = ORIENTED_EDGE('',*,*,#1358,.T.);
#2613 = ORIENTED_EDGE('',*,*,#2406,.T.);
#2614 = ORIENTED_EDGE('',*,*,#836,.F.);
#2615 = ORIENTED_EDGE('',*,*,#2586,.F.);
#2616 = ADVANCED_FACE('',(#2617,#2644),#1148,.T.);
#2617 = FACE_BOUND('',#2618,.T.);
#2618 = EDGE_LOOP('',(#2619,#2641,#2642,#2643));
#2619 = ORIENTED_EDGE('',*,*,#2620,.T.);
#2620 = EDGE_CURVE('',#2363,#1804,#2621,.T.);
#2621 = SURFACE_CURVE('',#2622,(#2627,#2634),.PCURVE_S1.);
#2622 = CIRCLE('',#2623,4.);
#2623 = AXIS2_PLACEMENT_3D('',#2624,#2625,#2626);
#2624 = CARTESIAN_POINT('',(75.,0.5,26.));
#2625 = DIRECTION('',(1.,-0.,0.));
#2626 = DIRECTION('',(0.,0.375,-0.927024810887));
#2627 = PCURVE('',#1148,#2628);
#2628 = DEFINITIONAL_REPRESENTATION('',(#2629),#2633);
#2629 = CIRCLE('',#2630,4.);
#2630 = AXIS2_PLACEMENT_2D('',#2631,#2632);
#2631 = CARTESIAN_POINT('',(7.105427357601E-15,-1.110223024625E-16));
#2632 = DIRECTION('',(-0.927024810887,-0.375));
#2633 = ( GEOMETRIC_REPRESENTATION_CONTEXT(2) 
PARAMETRIC_REPRESENTATION_CONTEXT() REPRESENTATION_CONTEXT('2D SPACE',''
  ) );
#2634 = PCURVE('',#1818,#2635);
#2635 = DEFINITIONAL_REPRESENTATION('',(#2636),#2640);
#2636 = LINE('',#2637,#2638);
#2637 = CARTESIAN_POINT('',(-5.09678575488,-13.56));
#2638 = VECTOR('',#2639,1.);
#2639 = DIRECTION('',(-1.,0.));
#2640 = ( GEOMETRIC_REPRESENTATION_CONTEXT(2) 
PARAMETRIC_REPRESENTATION_CONTEXT() REPRESENTATION_CONTEXT('2D SPACE',''
  ) );
#2641 = ORIENTED_EDGE('',*,*,#1829,.F.);
#2642 = ORIENTED_EDGE('',*,*,#1133,.F.);
#2643 = ORIENTED_EDGE('',*,*,#2383,.T.);
#2644 = FACE_BOUND('',#2645,.T.);
#2645 = EDGE_LOOP('',(#2646));
#2646 = ORIENTED_EDGE('',*,*,#2647,.T.);
#2647 = EDGE_CURVE('',#2648,#2648,#2650,.T.);
#2648 = VERTEX_POINT('',#2649);
#2649 = CARTESIAN_POINT('',(75.,2.1,26.));
#2650 = SURFACE_CURVE('',#2651,(#2656,#2667),.PCURVE_S1.);
#2651 = CIRCLE('',#2652,1.6);
#2652 = AXIS2_PLACEMENT_3D('',#2653,#2654,#2655);
#2653 = CARTESIAN_POINT('',(75.,0.5,26.));
#2654 = DIRECTION('',(-1.,0.,0.));
#2655 = DIRECTION('',(0.,1.,0.));
#2656 = PCURVE('',#1148,#2657);
#2657 = DEFINITIONAL_REPRESENTATION('',(#2658),#2666);
#2658 = ( BOUNDED_CURVE() B_SPLINE_CURVE(2,(#2659,#2660,#2661,#2662,
#2663,#2664,#2665),.UNSPECIFIED.,.T.,.F.) B_SPLINE_CURVE_WITH_KNOTS((1,2
    ,2,2,2,1),(-2.094395102393,0.,2.094395102393,4.188790204786,
6.28318530718,8.377580409573),.UNSPECIFIED.) CURVE() 
GEOMETRIC_REPRESENTATION_ITEM() RATIONAL_B_SPLINE_CURVE((1.,0.5,1.,0.5,
1.,0.5,1.)) REPRESENTATION_ITEM('') );
#2659 = CARTESIAN_POINT('',(7.105427357601E-15,-1.6));
#2660 = CARTESIAN_POINT('',(-2.77128129211,-1.6));
#2661 = CARTESIAN_POINT('',(-1.385640646055,0.8));
#2662 = CARTESIAN_POINT('',(6.713540381874E-15,3.2));
#2663 = CARTESIAN_POINT('',(1.385640646055,0.8));
#2664 = CARTESIAN_POINT('',(2.77128129211,-1.6));
#2665 = CARTESIAN_POINT('',(7.105427357601E-15,-1.6));
#2666 = ( GEOMETRIC_REPRESENTATION_CONTEXT(2) 
PARAMETRIC_REPRESENTATION_CONTEXT() REPRESENTATION_CONTEXT('2D SPACE',''
  ) );
#2667 = PCURVE('',#2668,#2673);
#2668 = CYLINDRICAL_SURFACE('',#2669,1.6);
#2669 = AXIS2_PLACEMENT_3D('',#2670,#2671,#2672);
#2670 = CARTESIAN_POINT('',(-1.,0.5,26.));
#2671 = DIRECTION('',(-1.,-0.,-0.));
#2672 = DIRECTION('',(0.,1.,0.));
#2673 = DEFINITIONAL_REPRESENTATION('',(#2674),#2678);
#2674 = LINE('',#2675,#2676);
#2675 = CARTESIAN_POINT('',(-6.28318530718,-76.));
#2676 = VECTOR('',#2677,1.);
#2677 = DIRECTION('',(1.,-0.));
#2678 = ( GEOMETRIC_REPRESENTATION_CONTEXT(2) 
PARAMETRIC_REPRESENTATION_CONTEXT() REPRESENTATION_CONTEXT('2D SPACE',''
  ) );
#2679 = ADVANCED_FACE('',(#2680,#2686,#2721,#2756,#2791,#2826,#2861,
    #2896,#2931),#1250,.T.);
#2680 = FACE_BOUND('',#2681,.T.);
#2681 = EDGE_LOOP('',(#2682,#2683,#2684,#2685));
#2682 = ORIENTED_EDGE('',*,*,#1541,.F.);
#2683 = ORIENTED_EDGE('',*,*,#1968,.T.);
#2684 = ORIENTED_EDGE('',*,*,#1234,.T.);
#2685 = ORIENTED_EDGE('',*,*,#1288,.F.);
#2686 = FACE_BOUND('',#2687,.T.);
#2687 = EDGE_LOOP('',(#2688));
#2688 = ORIENTED_EDGE('',*,*,#2689,.T.);
#2689 = EDGE_CURVE('',#2690,#2690,#2692,.T.);
#2690 = VERTEX_POINT('',#2691);
#2691 = CARTESIAN_POINT('',(20.,7.5,2.));
#2692 = SURFACE_CURVE('',#2693,(#2698,#2709),.PCURVE_S1.);
#2693 = CIRCLE('',#2694,3.);
#2694 = AXIS2_PLACEMENT_3D('',#2695,#2696,#2697);
#2695 = CARTESIAN_POINT('',(17.,7.5,2.));
#2696 = DIRECTION('',(0.,0.,-1.));
#2697 = DIRECTION('',(1.,0.,0.));
#2698 = PCURVE('',#1250,#2699);
#2699 = DEFINITIONAL_REPRESENTATION('',(#2700),#2708);
#2700 = ( BOUNDED_CURVE() B_SPLINE_CURVE(2,(#2701,#2702,#2703,#2704,
#2705,#2706,#2707),.UNSPECIFIED.,.T.,.F.) B_SPLINE_CURVE_WITH_KNOTS((1,2
    ,2,2,2,1),(-2.094395102393,0.,2.094395102393,4.188790204786,
6.28318530718,8.377580409573),.UNSPECIFIED.) CURVE() 
GEOMETRIC_REPRESENTATION_ITEM() RATIONAL_B_SPLINE_CURVE((1.,0.5,1.,0.5,
1.,0.5,1.)) REPRESENTATION_ITEM('') );
#2701 = CARTESIAN_POINT('',(18.,5.5));
#2702 = CARTESIAN_POINT('',(18.,0.303847577293));
#2703 = CARTESIAN_POINT('',(13.5,2.901923788647));
#2704 = CARTESIAN_POINT('',(9.,5.5));
#2705 = CARTESIAN_POINT('',(13.5,8.098076211353));
#2706 = CARTESIAN_POINT('',(18.,10.696152422707));
#2707 = CARTESIAN_POINT('',(18.,5.5));
#2708 = ( GEOMETRIC_REPRESENTATION_CONTEXT(2) 
PARAMETRIC_REPRESENTATION_CONTEXT() REPRESENTATION_CONTEXT('2D SPACE',''
  ) );
#2709 = PCURVE('',#2710,#2715);
#2710 = CYLINDRICAL_SURFACE('',#2711,3.);
#2711 = AXIS2_PLACEMENT_3D('',#2712,#2713,#2714);
#2712 = CARTESIAN_POINT('',(17.,7.5,1.85));
#2713 = DIRECTION('',(-0.,-0.,-1.));
#2714 = DIRECTION('',(1.,0.,0.));
#2715 = DEFINITIONAL_REPRESENTATION('',(#2716),#2720);
#2716 = LINE('',#2717,#2718);
#2717 = CARTESIAN_POINT('',(-6.28318530718,-0.15));
#2718 = VECTOR('',#2719,1.);
#2719 = DIRECTION('',(1.,-0.));
#2720 = ( GEOMETRIC_REPRESENTATION_CONTEXT(2) 
PARAMETRIC_REPRESENTATION_CONTEXT() REPRESENTATION_CONTEXT('2D SPACE',''
  ) );
#2721 = FACE_BOUND('',#2722,.T.);
#2722 = EDGE_LOOP('',(#2723));
#2723 = ORIENTED_EDGE('',*,*,#2724,.T.);
#2724 = EDGE_CURVE('',#2725,#2725,#2727,.T.);
#2725 = VERTEX_POINT('',#2726);
#2726 = CARTESIAN_POINT('',(26.5,7.5,2.));
#2727 = SURFACE_CURVE('',#2728,(#2733,#2744),.PCURVE_S1.);
#2728 = CIRCLE('',#2729,3.);
#2729 = AXIS2_PLACEMENT_3D('',#2730,#2731,#2732);
#2730 = CARTESIAN_POINT('',(23.5,7.5,2.));
#2731 = DIRECTION('',(0.,0.,-1.));
#2732 = DIRECTION('',(1.,0.,0.));
#2733 = PCURVE('',#1250,#2734);
#2734 = DEFINITIONAL_REPRESENTATION('',(#2735),#2743);
#2735 = ( BOUNDED_CURVE() B_SPLINE_CURVE(2,(#2736,#2737,#2738,#2739,
#2740,#2741,#2742),.UNSPECIFIED.,.T.,.F.) B_SPLINE_CURVE_WITH_KNOTS((1,2
    ,2,2,2,1),(-2.094395102393,0.,2.094395102393,4.188790204786,
6.28318530718,8.377580409573),.UNSPECIFIED.) CURVE() 
GEOMETRIC_REPRESENTATION_ITEM() RATIONAL_B_SPLINE_CURVE((1.,0.5,1.,0.5,
1.,0.5,1.)) REPRESENTATION_ITEM('') );
#2736 = CARTESIAN_POINT('',(24.5,5.5));
#2737 = CARTESIAN_POINT('',(24.5,0.303847577293));
#2738 = CARTESIAN_POINT('',(20.,2.901923788647));
#2739 = CARTESIAN_POINT('',(15.5,5.5));
#2740 = CARTESIAN_POINT('',(20.,8.098076211353));
#2741 = CARTESIAN_POINT('',(24.5,10.696152422707));
#2742 = CARTESIAN_POINT('',(24.5,5.5));
#2743 = ( GEOMETRIC_REPRESENTATION_CONTEXT(2) 
PARAMETRIC_REPRESENTATION_CONTEXT() REPRESENTATION_CONTEXT('2D SPACE',''
  ) );
#2744 = PCURVE('',#2745,#2750);
#2745 = CYLINDRICAL_SURFACE('',#2746,3.);
#2746 = AXIS2_PLACEMENT_3D('',#2747,#2748,#2749);
#2747 = CARTESIAN_POINT('',(23.5,7.5,1.85));
#2748 = DIRECTION('',(-0.,-0.,-1.));
#2749 = DIRECTION('',(1.,0.,0.));
#2750 = DEFINITIONAL_REPRESENTATION('',(#2751),#2755);
#2751 = LINE('',#2752,#2753);
#2752 = CARTESIAN_POINT('',(-6.28318530718,-0.15));
#2753 = VECTOR('',#2754,1.);
#2754 = DIRECTION('',(1.,-0.));
#2755 = ( GEOMETRIC_REPRESENTATION_CONTEXT(2) 
PARAMETRIC_REPRESENTATION_CONTEXT() REPRESENTATION_CONTEXT('2D SPACE',''
  ) );
#2756 = FACE_BOUND('',#2757,.T.);
#2757 = EDGE_LOOP('',(#2758));
#2758 = ORIENTED_EDGE('',*,*,#2759,.T.);
#2759 = EDGE_CURVE('',#2760,#2760,#2762,.T.);
#2760 = VERTEX_POINT('',#2761);
#2761 = CARTESIAN_POINT('',(69.,7.5,2.));
#2762 = SURFACE_CURVE('',#2763,(#2768,#2779),.PCURVE_S1.);
#2763 = CIRCLE('',#2764,3.);
#2764 = AXIS2_PLACEMENT_3D('',#2765,#2766,#2767);
#2765 = CARTESIAN_POINT('',(66.,7.5,2.));
#2766 = DIRECTION('',(0.,0.,-1.));
#2767 = DIRECTION('',(1.,0.,0.));
#2768 = PCURVE('',#1250,#2769);
#2769 = DEFINITIONAL_REPRESENTATION('',(#2770),#2778);
#2770 = ( BOUNDED_CURVE() B_SPLINE_CURVE(2,(#2771,#2772,#2773,#2774,
#2775,#2776,#2777),.UNSPECIFIED.,.T.,.F.) B_SPLINE_CURVE_WITH_KNOTS((1,2
    ,2,2,2,1),(-2.094395102393,0.,2.094395102393,4.188790204786,
6.28318530718,8.377580409573),.UNSPECIFIED.) CURVE() 
GEOMETRIC_REPRESENTATION_ITEM() RATIONAL_B_SPLINE_CURVE((1.,0.5,1.,0.5,
1.,0.5,1.)) REPRESENTATION_ITEM('') );
#2771 = CARTESIAN_POINT('',(67.,5.5));
#2772 = CARTESIAN_POINT('',(67.,0.303847577293));
#2773 = CARTESIAN_POINT('',(62.5,2.901923788647));
#2774 = CARTESIAN_POINT('',(58.,5.5));
#2775 = CARTESIAN_POINT('',(62.5,8.098076211353));
#2776 = CARTESIAN_POINT('',(67.,10.696152422707));
#2777 = CARTESIAN_POINT('',(67.,5.5));
#2778 = ( GEOMETRIC_REPRESENTATION_CONTEXT(2) 
PARAMETRIC_REPRESENTATION_CONTEXT() REPRESENTATION_CONTEXT('2D SPACE',''
  ) );
#2779 = PCURVE('',#2780,#2785);
#2780 = CYLINDRICAL_SURFACE('',#2781,3.);
#2781 = AXIS2_PLACEMENT_3D('',#2782,#2783,#2784);
#2782 = CARTESIAN_POINT('',(66.,7.5,1.85));
#2783 = DIRECTION('',(-0.,-0.,-1.));
#2784 = DIRECTION('',(1.,0.,0.));
#2785 = DEFINITIONAL_REPRESENTATION('',(#2786),#2790);
#2786 = LINE('',#2787,#2788);
#2787 = CARTESIAN_POINT('',(-6.28318530718,-0.15));
#2788 = VECTOR('',#2789,1.);
#2789 = DIRECTION('',(1.,-0.));
#2790 = ( GEOMETRIC_REPRESENTATION_CONTEXT(2) 
PARAMETRIC_REPRESENTATION_CONTEXT() REPRESENTATION_CONTEXT('2D SPACE',''
  ) );
#2791 = FACE_BOUND('',#2792,.T.);
#2792 = EDGE_LOOP('',(#2793));
#2793 = ORIENTED_EDGE('',*,*,#2794,.T.);
#2794 = EDGE_CURVE('',#2795,#2795,#2797,.T.);
#2795 = VERTEX_POINT('',#2796);
#2796 = CARTESIAN_POINT('',(75.5,7.5,2.));
#2797 = SURFACE_CURVE('',#2798,(#2803,#2814),.PCURVE_S1.);
#2798 = CIRCLE('',#2799,3.);
#2799 = AXIS2_PLACEMENT_3D('',#2800,#2801,#2802);
#2800 = CARTESIAN_POINT('',(72.5,7.5,2.));
#2801 = DIRECTION('',(0.,0.,-1.));
#2802 = DIRECTION('',(1.,0.,0.));
#2803 = PCURVE('',#1250,#2804);
#2804 = DEFINITIONAL_REPRESENTATION('',(#2805),#2813);
#2805 = ( BOUNDED_CURVE() B_SPLINE_CURVE(2,(#2806,#2807,#2808,#2809,
#2810,#2811,#2812),.UNSPECIFIED.,.T.,.F.) B_SPLINE_CURVE_WITH_KNOTS((1,2
    ,2,2,2,1),(-2.094395102393,0.,2.094395102393,4.188790204786,
6.28318530718,8.377580409573),.UNSPECIFIED.) CURVE() 
GEOMETRIC_REPRESENTATION_ITEM() RATIONAL_B_SPLINE_CURVE((1.,0.5,1.,0.5,
1.,0.5,1.)) REPRESENTATION_ITEM('') );
#2806 = CARTESIAN_POINT('',(73.5,5.5));
#2807 = CARTESIAN_POINT('',(73.5,0.303847577293));
#2808 = CARTESIAN_POINT('',(69.,2.901923788647));
#2809 = CARTESIAN_POINT('',(64.5,5.5));
#2810 = CARTESIAN_POINT('',(69.,8.098076211353));
#2811 = CARTESIAN_POINT('',(73.5,10.696152422707));
#2812 = CARTESIAN_POINT('',(73.5,5.5));
#2813 = ( GEOMETRIC_REPRESENTATION_CONTEXT(2) 
PARAMETRIC_REPRESENTATION_CONTEXT() REPRESENTATION_CONTEXT('2D SPACE',''
  ) );
#2814 = PCURVE('',#2815,#2820);
#2815 = CYLINDRICAL_SURFACE('',#2816,3.);
#2816 = AXIS2_PLACEMENT_3D('',#2817,#2818,#2819);
#2817 = CARTESIAN_POINT('',(72.5,7.5,1.85));
#2818 = DIRECTION('',(-0.,-0.,-1.));
#2819 = DIRECTION('',(1.,0.,0.));
#2820 = DEFINITIONAL_REPRESENTATION('',(#2821),#2825);
#2821 = LINE('',#2822,#2823);
#2822 = CARTESIAN_POINT('',(-6.28318530718,-0.15));
#2823 = VECTOR('',#2824,1.);
#2824 = DIRECTION('',(1.,-0.));
#2825 = ( GEOMETRIC_REPRESENTATION_CONTEXT(2) 
PARAMETRIC_REPRESENTATION_CONTEXT() REPRESENTATION_CONTEXT('2D SPACE',''
  ) );
#2826 = FACE_BOUND('',#2827,.T.);
#2827 = EDGE_LOOP('',(#2828));
#2828 = ORIENTED_EDGE('',*,*,#2829,.T.);
#2829 = EDGE_CURVE('',#2830,#2830,#2832,.T.);
#2830 = VERTEX_POINT('',#2831);
#2831 = CARTESIAN_POINT('',(20.,65.5,2.));
#2832 = SURFACE_CURVE('',#2833,(#2838,#2849),.PCURVE_S1.);
#2833 = CIRCLE('',#2834,3.);
#2834 = AXIS2_PLACEMENT_3D('',#2835,#2836,#2837);
#2835 = CARTESIAN_POINT('',(17.,65.5,2.));
#2836 = DIRECTION('',(0.,0.,-1.));
#2837 = DIRECTION('',(1.,0.,0.));
#2838 = PCURVE('',#1250,#2839);
#2839 = DEFINITIONAL_REPRESENTATION('',(#2840),#2848);
#2840 = ( BOUNDED_CURVE() B_SPLINE_CURVE(2,(#2841,#2842,#2843,#2844,
#2845,#2846,#2847),.UNSPECIFIED.,.T.,.F.) B_SPLINE_CURVE_WITH_KNOTS((1,2
    ,2,2,2,1),(-2.094395102393,0.,2.094395102393,4.188790204786,
6.28318530718,8.377580409573),.UNSPECIFIED.) CURVE() 
GEOMETRIC_REPRESENTATION_ITEM() RATIONAL_B_SPLINE_CURVE((1.,0.5,1.,0.5,
1.,0.5,1.)) REPRESENTATION_ITEM('') );
#2841 = CARTESIAN_POINT('',(18.,63.5));
#2842 = CARTESIAN_POINT('',(18.,58.303847577293));
#2843 = CARTESIAN_POINT('',(13.5,60.901923788647));
#2844 = CARTESIAN_POINT('',(9.,63.5));
#2845 = CARTESIAN_POINT('',(13.5,66.098076211353));
#2846 = CARTESIAN_POINT('',(18.,68.696152422707));
#2847 = CARTESIAN_POINT('',(18.,63.5));
#2848 = ( GEOMETRIC_REPRESENTATION_CONTEXT(2) 
PARAMETRIC_REPRESENTATION_CONTEXT() REPRESENTATION_CONTEXT('2D SPACE',''
  ) );
#2849 = PCURVE('',#2850,#2855);
#2850 = CYLINDRICAL_SURFACE('',#2851,3.);
#2851 = AXIS2_PLACEMENT_3D('',#2852,#2853,#2854);
#2852 = CARTESIAN_POINT('',(17.,65.5,1.85));
#2853 = DIRECTION('',(-0.,-0.,-1.));
#2854 = DIRECTION('',(1.,0.,0.));
#2855 = DEFINITIONAL_REPRESENTATION('',(#2856),#2860);
#2856 = LINE('',#2857,#2858);
#2857 = CARTESIAN_POINT('',(-6.28318530718,-0.15));
#2858 = VECTOR('',#2859,1.);
#2859 = DIRECTION('',(1.,-0.));
#2860 = ( GEOMETRIC_REPRESENTATION_CONTEXT(2) 
PARAMETRIC_REPRESENTATION_CONTEXT() REPRESENTATION_CONTEXT('2D SPACE',''
  ) );
#2861 = FACE_BOUND('',#2862,.T.);
#2862 = EDGE_LOOP('',(#2863));
#2863 = ORIENTED_EDGE('',*,*,#2864,.T.);
#2864 = EDGE_CURVE('',#2865,#2865,#2867,.T.);
#2865 = VERTEX_POINT('',#2866);
#2866 = CARTESIAN_POINT('',(26.5,65.5,2.));
#2867 = SURFACE_CURVE('',#2868,(#2873,#2884),.PCURVE_S1.);
#2868 = CIRCLE('',#2869,3.);
#2869 = AXIS2_PLACEMENT_3D('',#2870,#2871,#2872);
#2870 = CARTESIAN_POINT('',(23.5,65.5,2.));
#2871 = DIRECTION('',(0.,0.,-1.));
#2872 = DIRECTION('',(1.,0.,0.));
#2873 = PCURVE('',#1250,#2874);
#2874 = DEFINITIONAL_REPRESENTATION('',(#2875),#2883);
#2875 = ( BOUNDED_CURVE() B_SPLINE_CURVE(2,(#2876,#2877,#2878,#2879,
#2880,#2881,#2882),.UNSPECIFIED.,.T.,.F.) B_SPLINE_CURVE_WITH_KNOTS((1,2
    ,2,2,2,1),(-2.094395102393,0.,2.094395102393,4.188790204786,
6.28318530718,8.377580409573),.UNSPECIFIED.) CURVE() 
GEOMETRIC_REPRESENTATION_ITEM() RATIONAL_B_SPLINE_CURVE((1.,0.5,1.,0.5,
1.,0.5,1.)) REPRESENTATION_ITEM('') );
#2876 = CARTESIAN_POINT('',(24.5,63.5));
#2877 = CARTESIAN_POINT('',(24.5,58.303847577293));
#2878 = CARTESIAN_POINT('',(20.,60.901923788647));
#2879 = CARTESIAN_POINT('',(15.5,63.5));
#2880 = CARTESIAN_POINT('',(20.,66.098076211353));
#2881 = CARTESIAN_POINT('',(24.5,68.696152422707));
#2882 = CARTESIAN_POINT('',(24.5,63.5));
#2883 = ( GEOMETRIC_REPRESENTATION_CONTEXT(2) 
PARAMETRIC_REPRESENTATION_CONTEXT() REPRESENTATION_CONTEXT('2D SPACE',''
  ) );
#2884 = PCURVE('',#2885,#2890);
#2885 = CYLINDRICAL_SURFACE('',#2886,3.);
#2886 = AXIS2_PLACEMENT_3D('',#2887,#2888,#2889);
#2887 = CARTESIAN_POINT('',(23.5,65.5,1.85));
#2888 = DIRECTION('',(-0.,-0.,-1.));
#2889 = DIRECTION('',(1.,0.,0.));
#2890 = DEFINITIONAL_REPRESENTATION('',(#2891),#2895);
#2891 = LINE('',#2892,#2893);
#2892 = CARTESIAN_POINT('',(-6.28318530718,-0.15));
#2893 = VECTOR('',#2894,1.);
#2894 = DIRECTION('',(1.,-0.));
#2895 = ( GEOMETRIC_REPRESENTATION_CONTEXT(2) 
PARAMETRIC_REPRESENTATION_CONTEXT() REPRESENTATION_CONTEXT('2D SPACE',''
  ) );
#2896 = FACE_BOUND('',#2897,.T.);
#2897 = EDGE_LOOP('',(#2898));
#2898 = ORIENTED_EDGE('',*,*,#2899,.T.);
#2899 = EDGE_CURVE('',#2900,#2900,#2902,.T.);
#2900 = VERTEX_POINT('',#2901);
#2901 = CARTESIAN_POINT('',(69.,65.5,2.));
#2902 = SURFACE_CURVE('',#2903,(#2908,#2919),.PCURVE_S1.);
#2903 = CIRCLE('',#2904,3.);
#2904 = AXIS2_PLACEMENT_3D('',#2905,#2906,#2907);
#2905 = CARTESIAN_POINT('',(66.,65.5,2.));
#2906 = DIRECTION('',(0.,0.,-1.));
#2907 = DIRECTION('',(1.,0.,0.));
#2908 = PCURVE('',#1250,#2909);
#2909 = DEFINITIONAL_REPRESENTATION('',(#2910),#2918);
#2910 = ( BOUNDED_CURVE() B_SPLINE_CURVE(2,(#2911,#2912,#2913,#2914,
#2915,#2916,#2917),.UNSPECIFIED.,.T.,.F.) B_SPLINE_CURVE_WITH_KNOTS((1,2
    ,2,2,2,1),(-2.094395102393,0.,2.094395102393,4.188790204786,
6.28318530718,8.377580409573),.UNSPECIFIED.) CURVE() 
GEOMETRIC_REPRESENTATION_ITEM() RATIONAL_B_SPLINE_CURVE((1.,0.5,1.,0.5,
1.,0.5,1.)) REPRESENTATION_ITEM('') );
#2911 = CARTESIAN_POINT('',(67.,63.5));
#2912 = CARTESIAN_POINT('',(67.,58.303847577293));
#2913 = CARTESIAN_POINT('',(62.5,60.901923788647));
#2914 = CARTESIAN_POINT('',(58.,63.5));
#2915 = CARTESIAN_POINT('',(62.5,66.098076211353));
#2916 = CARTESIAN_POINT('',(67.,68.696152422707));
#2917 = CARTESIAN_POINT('',(67.,63.5));
#2918 = ( GEOMETRIC_REPRESENTATION_CONTEXT(2) 
PARAMETRIC_REPRESENTATION_CONTEXT() REPRESENTATION_CONTEXT('2D SPACE',''
  ) );
#2919 = PCURVE('',#2920,#2925);
#2920 = CYLINDRICAL_SURFACE('',#2921,3.);
#2921 = AXIS2_PLACEMENT_3D('',#2922,#2923,#2924);
#2922 = CARTESIAN_POINT('',(66.,65.5,1.85));
#2923 = DIRECTION('',(-0.,-0.,-1.));
#2924 = DIRECTION('',(1.,0.,0.));
#2925 = DEFINITIONAL_REPRESENTATION('',(#2926),#2930);
#2926 = LINE('',#2927,#2928);
#2927 = CARTESIAN_POINT('',(-6.28318530718,-0.15));
#2928 = VECTOR('',#2929,1.);
#2929 = DIRECTION('',(1.,-0.));
#2930 = ( GEOMETRIC_REPRESENTATION_CONTEXT(2) 
PARAMETRIC_REPRESENTATION_CONTEXT() REPRESENTATION_CONTEXT('2D SPACE',''
  ) );
#2931 = FACE_BOUND('',#2932,.T.);
#2932 = EDGE_LOOP('',(#2933));
#2933 = ORIENTED_EDGE('',*,*,#2934,.T.);
#2934 = EDGE_CURVE('',#2935,#2935,#2937,.T.);
#2935 = VERTEX_POINT('',#2936);
#2936 = CARTESIAN_POINT('',(75.5,65.5,2.));
#2937 = SURFACE_CURVE('',#2938,(#2943,#2954),.PCURVE_S1.);
#2938 = CIRCLE('',#2939,3.);
#2939 = AXIS2_PLACEMENT_3D('',#2940,#2941,#2942);
#2940 = CARTESIAN_POINT('',(72.5,65.5,2.));
#2941 = DIRECTION('',(0.,0.,-1.));
#2942 = DIRECTION('',(1.,0.,0.));
#2943 = PCURVE('',#1250,#2944);
#2944 = DEFINITIONAL_REPRESENTATION('',(#2945),#2953);
#2945 = ( BOUNDED_CURVE() B_SPLINE_CURVE(2,(#2946,#2947,#2948,#2949,
#2950,#2951,#2952),.UNSPECIFIED.,.T.,.F.) B_SPLINE_CURVE_WITH_KNOTS((1,2
    ,2,2,2,1),(-2.094395102393,0.,2.094395102393,4.188790204786,
6.28318530718,8.377580409573),.UNSPECIFIED.) CURVE() 
GEOMETRIC_REPRESENTATION_ITEM() RATIONAL_B_SPLINE_CURVE((1.,0.5,1.,0.5,
1.,0.5,1.)) REPRESENTATION_ITEM('') );
#2946 = CARTESIAN_POINT('',(73.5,63.5));
#2947 = CARTESIAN_POINT('',(73.5,58.303847577293));
#2948 = CARTESIAN_POINT('',(69.,60.901923788647));
#2949 = CARTESIAN_POINT('',(64.5,63.5));
#2950 = CARTESIAN_POINT('',(69.,66.098076211353));
#2951 = CARTESIAN_POINT('',(73.5,68.696152422707));
#2952 = CARTESIAN_POINT('',(73.5,63.5));
#2953 = ( GEOMETRIC_REPRESENTATION_CONTEXT(2) 
PARAMETRIC_REPRESENTATION_CONTEXT() REPRESENTATION_CONTEXT('2D SPACE',''
  ) );
#2954 = PCURVE('',#2955,#2960);
#2955 = CYLINDRICAL_SURFACE('',#2956,3.);
#2956 = AXIS2_PLACEMENT_3D('',#2957,#2958,#2959);
#2957 = CARTESIAN_POINT('',(72.5,65.5,1.85));
#2958 = DIRECTION('',(-0.,-0.,-1.));
#2959 = DIRECTION('',(1.,0.,0.));
#2960 = DEFINITIONAL_REPRESENTATION('',(#2961),#2965);
#2961 = LINE('',#2962,#2963);
#2962 = CARTESIAN_POINT('',(-6.28318530718,-0.15));
#2963 = VECTOR('',#2964,1.);
#2964 = DIRECTION('',(1.,-0.));
#2965 = ( GEOMETRIC_REPRESENTATION_CONTEXT(2) 
PARAMETRIC_REPRESENTATION_CONTEXT() REPRESENTATION_CONTEXT('2D SPACE',''
  ) );
#2966 = ADVANCED_FACE('',(#2967),#1818,.T.);
#2967 = FACE_BOUND('',#2968,.F.);
#2968 = EDGE_LOOP('',(#2969,#2991,#2992,#2993));
#2969 = ORIENTED_EDGE('',*,*,#2970,.F.);
#2970 = EDGE_CURVE('',#2342,#1778,#2971,.T.);
#2971 = SURFACE_CURVE('',#2972,(#2977,#2984),.PCURVE_S1.);
#2972 = CIRCLE('',#2973,4.);
#2973 = AXIS2_PLACEMENT_3D('',#2974,#2975,#2976);
#2974 = CARTESIAN_POINT('',(61.44,0.5,26.));
#2975 = DIRECTION('',(1.,-0.,0.));
#2976 = DIRECTION('',(0.,0.375,-0.927024810887));
#2977 = PCURVE('',#1818,#2978);
#2978 = DEFINITIONAL_REPRESENTATION('',(#2979),#2983);
#2979 = LINE('',#2980,#2981);
#2980 = CARTESIAN_POINT('',(-5.09678575488,0.));
#2981 = VECTOR('',#2982,1.);
#2982 = DIRECTION('',(-1.,0.));
#2983 = ( GEOMETRIC_REPRESENTATION_CONTEXT(2) 
PARAMETRIC_REPRESENTATION_CONTEXT() REPRESENTATION_CONTEXT('2D SPACE',''
  ) );
#2984 = PCURVE('',#1792,#2985);
#2985 = DEFINITIONAL_REPRESENTATION('',(#2986),#2990);
#2986 = CIRCLE('',#2987,4.);
#2987 = AXIS2_PLACEMENT_2D('',#2988,#2989);
#2988 = CARTESIAN_POINT('',(7.105427357601E-15,-1.110223024625E-16));
#2989 = DIRECTION('',(-0.927024810887,-0.375));
#2990 = ( GEOMETRIC_REPRESENTATION_CONTEXT(2) 
PARAMETRIC_REPRESENTATION_CONTEXT() REPRESENTATION_CONTEXT('2D SPACE',''
  ) );
#2991 = ORIENTED_EDGE('',*,*,#2362,.F.);
#2992 = ORIENTED_EDGE('',*,*,#2620,.T.);
#2993 = ORIENTED_EDGE('',*,*,#1803,.T.);
#2994 = ADVANCED_FACE('',(#2995,#3019),#1792,.F.);
#2995 = FACE_BOUND('',#2996,.F.);
#2996 = EDGE_LOOP('',(#2997,#2998,#2999,#3018));
#2997 = ORIENTED_EDGE('',*,*,#2970,.T.);
#2998 = ORIENTED_EDGE('',*,*,#1777,.F.);
#2999 = ORIENTED_EDGE('',*,*,#3000,.F.);
#3000 = EDGE_CURVE('',#2320,#1750,#3001,.T.);
#3001 = SURFACE_CURVE('',#3002,(#3006,#3012),.PCURVE_S1.);
#3002 = LINE('',#3003,#3004);
#3003 = CARTESIAN_POINT('',(61.44,1.875,24.875));
#3004 = VECTOR('',#3005,1.);
#3005 = DIRECTION('',(0.,-0.707106781187,-0.707106781187));
#3006 = PCURVE('',#1792,#3007);
#3007 = DEFINITIONAL_REPRESENTATION('',(#3008),#3011);
#3008 = B_SPLINE_CURVE_WITH_KNOTS('',1,(#3009,#3010),.UNSPECIFIED.,.F.,
  .F.,(2,2),(-0.176776695297,2.65165042945),.PIECEWISE_BEZIER_KNOTS.);
#3009 = CARTESIAN_POINT('',(-1.,-1.5));
#3010 = CARTESIAN_POINT('',(-3.,0.5));
#3011 = ( GEOMETRIC_REPRESENTATION_CONTEXT(2) 
PARAMETRIC_REPRESENTATION_CONTEXT() REPRESENTATION_CONTEXT('2D SPACE',''
  ) );
#3012 = PCURVE('',#1765,#3013);
#3013 = DEFINITIONAL_REPRESENTATION('',(#3014),#3017);
#3014 = B_SPLINE_CURVE_WITH_KNOTS('',1,(#3015,#3016),.UNSPECIFIED.,.F.,
  .F.,(2,2),(-0.176776695297,2.65165042945),.PIECEWISE_BEZIER_KNOTS.);
#3015 = CARTESIAN_POINT('',(0.,-61.44));
#3016 = CARTESIAN_POINT('',(2.828427124746,-61.44));
#3017 = ( GEOMETRIC_REPRESENTATION_CONTEXT(2) 
PARAMETRIC_REPRESENTATION_CONTEXT() REPRESENTATION_CONTEXT('2D SPACE',''
  ) );
#3018 = ORIENTED_EDGE('',*,*,#2341,.T.);
#3019 = FACE_BOUND('',#3020,.F.);
#3020 = EDGE_LOOP('',(#3021));
#3021 = ORIENTED_EDGE('',*,*,#3022,.T.);
#3022 = EDGE_CURVE('',#3023,#3023,#3025,.T.);
#3023 = VERTEX_POINT('',#3024);
#3024 = CARTESIAN_POINT('',(61.44,2.1,26.));
#3025 = SURFACE_CURVE('',#3026,(#3031,#3042),.PCURVE_S1.);
#3026 = CIRCLE('',#3027,1.6);
#3027 = AXIS2_PLACEMENT_3D('',#3028,#3029,#3030);
#3028 = CARTESIAN_POINT('',(61.44,0.5,26.));
#3029 = DIRECTION('',(-1.,0.,0.));
#3030 = DIRECTION('',(0.,1.,0.));
#3031 = PCURVE('',#1792,#3032);
#3032 = DEFINITIONAL_REPRESENTATION('',(#3033),#3041);
#3033 = ( BOUNDED_CURVE() B_SPLINE_CURVE(2,(#3034,#3035,#3036,#3037,
#3038,#3039,#3040),.UNSPECIFIED.,.T.,.F.) B_SPLINE_CURVE_WITH_KNOTS((1,2
    ,2,2,2,1),(-2.094395102393,0.,2.094395102393,4.188790204786,
6.28318530718,8.377580409573),.UNSPECIFIED.) CURVE() 
GEOMETRIC_REPRESENTATION_ITEM() RATIONAL_B_SPLINE_CURVE((1.,0.5,1.,0.5,
1.,0.5,1.)) REPRESENTATION_ITEM('') );
#3034 = CARTESIAN_POINT('',(7.105427357601E-15,-1.6));
#3035 = CARTESIAN_POINT('',(-2.77128129211,-1.6));
#3036 = CARTESIAN_POINT('',(-1.385640646055,0.8));
#3037 = CARTESIAN_POINT('',(6.713540381874E-15,3.2));
#3038 = CARTESIAN_POINT('',(1.385640646055,0.8));
#3039 = CARTESIAN_POINT('',(2.77128129211,-1.6));
#3040 = CARTESIAN_POINT('',(7.105427357601E-15,-1.6));
#3041 = ( GEOMETRIC_REPRESENTATION_CONTEXT(2) 
PARAMETRIC_REPRESENTATION_CONTEXT() REPRESENTATION_CONTEXT('2D SPACE',''
  ) );
#3042 = PCURVE('',#2668,#3043);
#3043 = DEFINITIONAL_REPRESENTATION('',(#3044),#3048);
#3044 = LINE('',#3045,#3046);
#3045 = CARTESIAN_POINT('',(-6.28318530718,-62.44));
#3046 = VECTOR('',#3047,1.);
#3047 = DIRECTION('',(1.,-0.));
#3048 = ( GEOMETRIC_REPRESENTATION_CONTEXT(2) 
PARAMETRIC_REPRESENTATION_CONTEXT() REPRESENTATION_CONTEXT('2D SPACE',''
  ) );
#3049 = ADVANCED_FACE('',(#3050),#1765,.F.);
#3050 = FACE_BOUND('',#3051,.F.);
#3051 = EDGE_LOOP('',(#3052,#3053,#3072,#3073,#3094,#3115,#3134,#3135));
#3052 = ORIENTED_EDGE('',*,*,#1749,.F.);
#3053 = ORIENTED_EDGE('',*,*,#3054,.F.);
#3054 = EDGE_CURVE('',#2199,#1724,#3055,.T.);
#3055 = SURFACE_CURVE('',#3056,(#3060,#3066),.PCURVE_S1.);
#3056 = LINE('',#3057,#3058);
#3057 = CARTESIAN_POINT('',(46.28,1.875,24.875));
#3058 = VECTOR('',#3059,1.);
#3059 = DIRECTION('',(0.,-0.707106781187,-0.707106781187));
#3060 = PCURVE('',#1765,#3061);
#3061 = DEFINITIONAL_REPRESENTATION('',(#3062),#3065);
#3062 = B_SPLINE_CURVE_WITH_KNOTS('',1,(#3063,#3064),.UNSPECIFIED.,.F.,
  .F.,(2,2),(-0.176776695297,2.65165042945),.PIECEWISE_BEZIER_KNOTS.);
#3063 = CARTESIAN_POINT('',(0.,-46.28));
#3064 = CARTESIAN_POINT('',(2.828427124746,-46.28));
#3065 = ( GEOMETRIC_REPRESENTATION_CONTEXT(2) 
PARAMETRIC_REPRESENTATION_CONTEXT() REPRESENTATION_CONTEXT('2D SPACE',''
  ) );
#3066 = PCURVE('',#1738,#3067);
#3067 = DEFINITIONAL_REPRESENTATION('',(#3068),#3071);
#3068 = B_SPLINE_CURVE_WITH_KNOTS('',1,(#3069,#3070),.UNSPECIFIED.,.F.,
  .F.,(2,2),(-0.176776695297,2.65165042945),.PIECEWISE_BEZIER_KNOTS.);
#3069 = CARTESIAN_POINT('',(-1.,-1.5));
#3070 = CARTESIAN_POINT('',(-3.,0.5));
#3071 = ( GEOMETRIC_REPRESENTATION_CONTEXT(2) 
PARAMETRIC_REPRESENTATION_CONTEXT() REPRESENTATION_CONTEXT('2D SPACE',''
  ) );
#3072 = ORIENTED_EDGE('',*,*,#2219,.F.);
#3073 = ORIENTED_EDGE('',*,*,#3074,.T.);
#3074 = EDGE_CURVE('',#2220,#3075,#3077,.T.);
#3075 = VERTEX_POINT('',#3076);
#3076 = CARTESIAN_POINT('',(46.68,0.35,23.35));
#3077 = SURFACE_CURVE('',#3078,(#3082,#3088),.PCURVE_S1.);
#3078 = LINE('',#3079,#3080);
#3079 = CARTESIAN_POINT('',(46.68,1.05,24.05));
#3080 = VECTOR('',#3081,1.);
#3081 = DIRECTION('',(0.,-0.707106781187,-0.707106781187));
#3082 = PCURVE('',#1765,#3083);
#3083 = DEFINITIONAL_REPRESENTATION('',(#3084),#3087);
#3084 = B_SPLINE_CURVE_WITH_KNOTS('',1,(#3085,#3086),.UNSPECIFIED.,.F.,
  .F.,(2,2),(-1.343502884254,0.989949493661),.PIECEWISE_BEZIER_KNOTS.);
#3085 = CARTESIAN_POINT('',(0.,-46.68));
#3086 = CARTESIAN_POINT('',(2.333452377916,-46.68));
#3087 = ( GEOMETRIC_REPRESENTATION_CONTEXT(2) 
PARAMETRIC_REPRESENTATION_CONTEXT() REPRESENTATION_CONTEXT('2D SPACE',''
  ) );
#3088 = PCURVE('',#2256,#3089);
#3089 = DEFINITIONAL_REPRESENTATION('',(#3090),#3093);
#3090 = B_SPLINE_CURVE_WITH_KNOTS('',1,(#3091,#3092),.UNSPECIFIED.,.F.,
  .F.,(2,2),(-1.343502884254,0.989949493661),.PIECEWISE_BEZIER_KNOTS.);
#3091 = CARTESIAN_POINT('',(1.65,-2.15));
#3092 = CARTESIAN_POINT('',(-1.110223024625E-16,-0.5));
#3093 = ( GEOMETRIC_REPRESENTATION_CONTEXT(2) 
PARAMETRIC_REPRESENTATION_CONTEXT() REPRESENTATION_CONTEXT('2D SPACE',''
  ) );
#3094 = ORIENTED_EDGE('',*,*,#3095,.T.);
#3095 = EDGE_CURVE('',#3075,#3096,#3098,.T.);
#3096 = VERTEX_POINT('',#3097);
#3097 = CARTESIAN_POINT('',(61.04,0.35,23.35));
#3098 = SURFACE_CURVE('',#3099,(#3103,#3109),.PCURVE_S1.);
#3099 = LINE('',#3100,#3101);
#3100 = CARTESIAN_POINT('',(23.34,0.35,23.35));
#3101 = VECTOR('',#3102,1.);
#3102 = DIRECTION('',(1.,-0.,0.));
#3103 = PCURVE('',#1765,#3104);
#3104 = DEFINITIONAL_REPRESENTATION('',(#3105),#3108);
#3105 = B_SPLINE_CURVE_WITH_KNOTS('',1,(#3106,#3107),.UNSPECIFIED.,.F.,
  .F.,(2,2),(23.34,37.7),.PIECEWISE_BEZIER_KNOTS.);
#3106 = CARTESIAN_POINT('',(2.333452377916,-46.68));
#3107 = CARTESIAN_POINT('',(2.333452377916,-61.04));
#3108 = ( GEOMETRIC_REPRESENTATION_CONTEXT(2) 
PARAMETRIC_REPRESENTATION_CONTEXT() REPRESENTATION_CONTEXT('2D SPACE',''
  ) );
#3109 = PCURVE('',#2282,#3110);
#3110 = DEFINITIONAL_REPRESENTATION('',(#3111),#3114);
#3111 = B_SPLINE_CURVE_WITH_KNOTS('',1,(#3112,#3113),.UNSPECIFIED.,.F.,
  .F.,(2,2),(23.34,37.7),.PIECEWISE_BEZIER_KNOTS.);
#3112 = CARTESIAN_POINT('',(0.,0.5));
#3113 = CARTESIAN_POINT('',(14.36,0.5));
#3114 = ( GEOMETRIC_REPRESENTATION_CONTEXT(2) 
PARAMETRIC_REPRESENTATION_CONTEXT() REPRESENTATION_CONTEXT('2D SPACE',''
  ) );
#3115 = ORIENTED_EDGE('',*,*,#3116,.F.);
#3116 = EDGE_CURVE('',#2294,#3096,#3117,.T.);
#3117 = SURFACE_CURVE('',#3118,(#3122,#3128),.PCURVE_S1.);
#3118 = LINE('',#3119,#3120);
#3119 = CARTESIAN_POINT('',(61.04,1.05,24.05));
#3120 = VECTOR('',#3121,1.);
#3121 = DIRECTION('',(0.,-0.707106781187,-0.707106781187));
#3122 = PCURVE('',#1765,#3123);
#3123 = DEFINITIONAL_REPRESENTATION('',(#3124),#3127);
#3124 = B_SPLINE_CURVE_WITH_KNOTS('',1,(#3125,#3126),.UNSPECIFIED.,.F.,
  .F.,(2,2),(-1.343502884254,0.989949493661),.PIECEWISE_BEZIER_KNOTS.);
#3125 = CARTESIAN_POINT('',(0.,-61.04));
#3126 = CARTESIAN_POINT('',(2.333452377916,-61.04));
#3127 = ( GEOMETRIC_REPRESENTATION_CONTEXT(2) 
PARAMETRIC_REPRESENTATION_CONTEXT() REPRESENTATION_CONTEXT('2D SPACE',''
  ) );
#3128 = PCURVE('',#2308,#3129);
#3129 = DEFINITIONAL_REPRESENTATION('',(#3130),#3133);
#3130 = B_SPLINE_CURVE_WITH_KNOTS('',1,(#3131,#3132),.UNSPECIFIED.,.F.,
  .F.,(2,2),(-1.343502884254,0.989949493661),.PIECEWISE_BEZIER_KNOTS.);
#3131 = CARTESIAN_POINT('',(1.65,-2.15));
#3132 = CARTESIAN_POINT('',(-1.110223024625E-16,-0.5));
#3133 = ( GEOMETRIC_REPRESENTATION_CONTEXT(2) 
PARAMETRIC_REPRESENTATION_CONTEXT() REPRESENTATION_CONTEXT('2D SPACE',''
  ) );
#3134 = ORIENTED_EDGE('',*,*,#2319,.F.);
#3135 = ORIENTED_EDGE('',*,*,#3000,.T.);
#3136 = ADVANCED_FACE('',(#3137,#3164),#1738,.T.);
#3137 = FACE_BOUND('',#3138,.T.);
#3138 = EDGE_LOOP('',(#3139,#3161,#3162,#3163));
#3139 = ORIENTED_EDGE('',*,*,#3140,.T.);
#3140 = EDGE_CURVE('',#2178,#1698,#3141,.T.);
#3141 = SURFACE_CURVE('',#3142,(#3147,#3154),.PCURVE_S1.);
#3142 = CIRCLE('',#3143,4.);
#3143 = AXIS2_PLACEMENT_3D('',#3144,#3145,#3146);
#3144 = CARTESIAN_POINT('',(46.28,0.5,26.));
#3145 = DIRECTION('',(1.,-0.,0.));
#3146 = DIRECTION('',(0.,0.375,-0.927024810887));
#3147 = PCURVE('',#1738,#3148);
#3148 = DEFINITIONAL_REPRESENTATION('',(#3149),#3153);
#3149 = CIRCLE('',#3150,4.);
#3150 = AXIS2_PLACEMENT_2D('',#3151,#3152);
#3151 = CARTESIAN_POINT('',(7.105427357601E-15,-1.110223024625E-16));
#3152 = DIRECTION('',(-0.927024810887,-0.375));
#3153 = ( GEOMETRIC_REPRESENTATION_CONTEXT(2) 
PARAMETRIC_REPRESENTATION_CONTEXT() REPRESENTATION_CONTEXT('2D SPACE',''
  ) );
#3154 = PCURVE('',#1712,#3155);
#3155 = DEFINITIONAL_REPRESENTATION('',(#3156),#3160);
#3156 = LINE('',#3157,#3158);
#3157 = CARTESIAN_POINT('',(-5.09678575488,-13.56));
#3158 = VECTOR('',#3159,1.);
#3159 = DIRECTION('',(-1.,0.));
#3160 = ( GEOMETRIC_REPRESENTATION_CONTEXT(2) 
PARAMETRIC_REPRESENTATION_CONTEXT() REPRESENTATION_CONTEXT('2D SPACE',''
  ) );
#3161 = ORIENTED_EDGE('',*,*,#1723,.F.);
#3162 = ORIENTED_EDGE('',*,*,#3054,.F.);
#3163 = ORIENTED_EDGE('',*,*,#2198,.T.);
#3164 = FACE_BOUND('',#3165,.T.);
#3165 = EDGE_LOOP('',(#3166));
#3166 = ORIENTED_EDGE('',*,*,#3167,.T.);
#3167 = EDGE_CURVE('',#3168,#3168,#3170,.T.);
#3168 = VERTEX_POINT('',#3169);
#3169 = CARTESIAN_POINT('',(46.28,2.1,26.));
#3170 = SURFACE_CURVE('',#3171,(#3176,#3187),.PCURVE_S1.);
#3171 = CIRCLE('',#3172,1.6);
#3172 = AXIS2_PLACEMENT_3D('',#3173,#3174,#3175);
#3173 = CARTESIAN_POINT('',(46.28,0.5,26.));
#3174 = DIRECTION('',(-1.,0.,0.));
#3175 = DIRECTION('',(0.,1.,0.));
#3176 = PCURVE('',#1738,#3177);
#3177 = DEFINITIONAL_REPRESENTATION('',(#3178),#3186);
#3178 = ( BOUNDED_CURVE() B_SPLINE_CURVE(2,(#3179,#3180,#3181,#3182,
#3183,#3184,#3185),.UNSPECIFIED.,.T.,.F.) B_SPLINE_CURVE_WITH_KNOTS((1,2
    ,2,2,2,1),(-2.094395102393,0.,2.094395102393,4.188790204786,
6.28318530718,8.377580409573),.UNSPECIFIED.) CURVE() 
GEOMETRIC_REPRESENTATION_ITEM() RATIONAL_B_SPLINE_CURVE((1.,0.5,1.,0.5,
1.,0.5,1.)) REPRESENTATION_ITEM('') );
#3179 = CARTESIAN_POINT('',(7.105427357601E-15,-1.6));
#3180 = CARTESIAN_POINT('',(-2.77128129211,-1.6));
#3181 = CARTESIAN_POINT('',(-1.385640646055,0.8));
#3182 = CARTESIAN_POINT('',(6.713540381874E-15,3.2));
#3183 = CARTESIAN_POINT('',(1.385640646055,0.8));
#3184 = CARTESIAN_POINT('',(2.77128129211,-1.6));
#3185 = CARTESIAN_POINT('',(7.105427357601E-15,-1.6));
#3186 = ( GEOMETRIC_REPRESENTATION_CONTEXT(2) 
PARAMETRIC_REPRESENTATION_CONTEXT() REPRESENTATION_CONTEXT('2D SPACE',''
  ) );
#3187 = PCURVE('',#3188,#3193);
#3188 = CYLINDRICAL_SURFACE('',#3189,1.6);
#3189 = AXIS2_PLACEMENT_3D('',#3190,#3191,#3192);
#3190 = CARTESIAN_POINT('',(-1.,0.5,26.));
#3191 = DIRECTION('',(-1.,-0.,-0.));
#3192 = DIRECTION('',(0.,1.,0.));
#3193 = DEFINITIONAL_REPRESENTATION('',(#3194),#3198);
#3194 = LINE('',#3195,#3196);
#3195 = CARTESIAN_POINT('',(-6.28318530718,-47.28));
#3196 = VECTOR('',#3197,1.);
#3197 = DIRECTION('',(1.,-0.));
#3198 = ( GEOMETRIC_REPRESENTATION_CONTEXT(2) 
PARAMETRIC_REPRESENTATION_CONTEXT() REPRESENTATION_CONTEXT('2D SPACE',''
  ) );
#3199 = ADVANCED_FACE('',(#3200),#1712,.T.);
#3200 = FACE_BOUND('',#3201,.F.);
#3201 = EDGE_LOOP('',(#3202,#3224,#3225,#3226));
#3202 = ORIENTED_EDGE('',*,*,#3203,.F.);
#3203 = EDGE_CURVE('',#2157,#1672,#3204,.T.);
#3204 = SURFACE_CURVE('',#3205,(#3210,#3217),.PCURVE_S1.);
#3205 = CIRCLE('',#3206,4.);
#3206 = AXIS2_PLACEMENT_3D('',#3207,#3208,#3209);
#3207 = CARTESIAN_POINT('',(32.72,0.5,26.));
#3208 = DIRECTION('',(1.,-0.,0.));
#3209 = DIRECTION('',(0.,0.375,-0.927024810887));
#3210 = PCURVE('',#1712,#3211);
#3211 = DEFINITIONAL_REPRESENTATION('',(#3212),#3216);
#3212 = LINE('',#3213,#3214);
#3213 = CARTESIAN_POINT('',(-5.09678575488,0.));
#3214 = VECTOR('',#3215,1.);
#3215 = DIRECTION('',(-1.,0.));
#3216 = ( GEOMETRIC_REPRESENTATION_CONTEXT(2) 
PARAMETRIC_REPRESENTATION_CONTEXT() REPRESENTATION_CONTEXT('2D SPACE',''
  ) );
#3217 = PCURVE('',#1686,#3218);
#3218 = DEFINITIONAL_REPRESENTATION('',(#3219),#3223);
#3219 = CIRCLE('',#3220,4.);
#3220 = AXIS2_PLACEMENT_2D('',#3221,#3222);
#3221 = CARTESIAN_POINT('',(7.105427357601E-15,-1.110223024625E-16));
#3222 = DIRECTION('',(-0.927024810887,-0.375));
#3223 = ( GEOMETRIC_REPRESENTATION_CONTEXT(2) 
PARAMETRIC_REPRESENTATION_CONTEXT() REPRESENTATION_CONTEXT('2D SPACE',''
  ) );
#3224 = ORIENTED_EDGE('',*,*,#2177,.F.);
#3225 = ORIENTED_EDGE('',*,*,#3140,.T.);
#3226 = ORIENTED_EDGE('',*,*,#1697,.T.);
#3227 = ADVANCED_FACE('',(#3228,#3252),#1686,.F.);
#3228 = FACE_BOUND('',#3229,.F.);
#3229 = EDGE_LOOP('',(#3230,#3231,#3232,#3251));
#3230 = ORIENTED_EDGE('',*,*,#3203,.T.);
#3231 = ORIENTED_EDGE('',*,*,#1671,.F.);
#3232 = ORIENTED_EDGE('',*,*,#3233,.F.);
#3233 = EDGE_CURVE('',#2135,#1644,#3234,.T.);
#3234 = SURFACE_CURVE('',#3235,(#3239,#3245),.PCURVE_S1.);
#3235 = LINE('',#3236,#3237);
#3236 = CARTESIAN_POINT('',(32.72,1.875,24.875));
#3237 = VECTOR('',#3238,1.);
#3238 = DIRECTION('',(0.,-0.707106781187,-0.707106781187));
#3239 = PCURVE('',#1686,#3240);
#3240 = DEFINITIONAL_REPRESENTATION('',(#3241),#3244);
#3241 = B_SPLINE_CURVE_WITH_KNOTS('',1,(#3242,#3243),.UNSPECIFIED.,.F.,
  .F.,(2,2),(-0.176776695297,2.65165042945),.PIECEWISE_BEZIER_KNOTS.);
#3242 = CARTESIAN_POINT('',(-1.,-1.5));
#3243 = CARTESIAN_POINT('',(-3.,0.5));
#3244 = ( GEOMETRIC_REPRESENTATION_CONTEXT(2) 
PARAMETRIC_REPRESENTATION_CONTEXT() REPRESENTATION_CONTEXT('2D SPACE',''
  ) );
#3245 = PCURVE('',#1659,#3246);
#3246 = DEFINITIONAL_REPRESENTATION('',(#3247),#3250);
#3247 = B_SPLINE_CURVE_WITH_KNOTS('',1,(#3248,#3249),.UNSPECIFIED.,.F.,
  .F.,(2,2),(-0.176776695297,2.65165042945),.PIECEWISE_BEZIER_KNOTS.);
#3248 = CARTESIAN_POINT('',(0.,-32.72));
#3249 = CARTESIAN_POINT('',(2.828427124746,-32.72));
#3250 = ( GEOMETRIC_REPRESENTATION_CONTEXT(2) 
PARAMETRIC_REPRESENTATION_CONTEXT() REPRESENTATION_CONTEXT('2D SPACE',''
  ) );
#3251 = ORIENTED_EDGE('',*,*,#2156,.T.);
#3252 = FACE_BOUND('',#3253,.F.);
#3253 = EDGE_LOOP('',(#3254));
#3254 = ORIENTED_EDGE('',*,*,#3255,.T.);
#3255 = EDGE_CURVE('',#3256,#3256,#3258,.T.);
#3256 = VERTEX_POINT('',#3257);
#3257 = CARTESIAN_POINT('',(32.72,2.1,26.));
#3258 = SURFACE_CURVE('',#3259,(#3264,#3275),.PCURVE_S1.);
#3259 = CIRCLE('',#3260,1.6);
#3260 = AXIS2_PLACEMENT_3D('',#3261,#3262,#3263);
#3261 = CARTESIAN_POINT('',(32.72,0.5,26.));
#3262 = DIRECTION('',(-1.,0.,0.));
#3263 = DIRECTION('',(0.,1.,0.));
#3264 = PCURVE('',#1686,#3265);
#3265 = DEFINITIONAL_REPRESENTATION('',(#3266),#3274);
#3266 = ( BOUNDED_CURVE() B_SPLINE_CURVE(2,(#3267,#3268,#3269,#3270,
#3271,#3272,#3273),.UNSPECIFIED.,.T.,.F.) B_SPLINE_CURVE_WITH_KNOTS((1,2
    ,2,2,2,1),(-2.094395102393,0.,2.094395102393,4.188790204786,
6.28318530718,8.377580409573),.UNSPECIFIED.) CURVE() 
GEOMETRIC_REPRESENTATION_ITEM() RATIONAL_B_SPLINE_CURVE((1.,0.5,1.,0.5,
1.,0.5,1.)) REPRESENTATION_ITEM('') );
#3267 = CARTESIAN_POINT('',(7.105427357601E-15,-1.6));
#3268 = CARTESIAN_POINT('',(-2.77128129211,-1.6));
#3269 = CARTESIAN_POINT('',(-1.385640646055,0.8));
#3270 = CARTESIAN_POINT('',(6.713540381874E-15,3.2));
#3271 = CARTESIAN_POINT('',(1.385640646055,0.8));
#3272 = CARTESIAN_POINT('',(2.77128129211,-1.6));
#3273 = CARTESIAN_POINT('',(7.105427357601E-15,-1.6));
#3274 = ( GEOMETRIC_REPRESENTATION_CONTEXT(2) 
PARAMETRIC_REPRESENTATION_CONTEXT() REPRESENTATION_CONTEXT('2D SPACE',''
  ) );
#3275 = PCURVE('',#3188,#3276);
#3276 = DEFINITIONAL_REPRESENTATION('',(#3277),#3281);
#3277 = LINE('',#3278,#3279);
#3278 = CARTESIAN_POINT('',(-6.28318530718,-33.72));
#3279 = VECTOR('',#3280,1.);
#3280 = DIRECTION('',(1.,-0.));
#3281 = ( GEOMETRIC_REPRESENTATION_CONTEXT(2) 
PARAMETRIC_REPRESENTATION_CONTEXT() REPRESENTATION_CONTEXT('2D SPACE',''
  ) );
#3282 = ADVANCED_FACE('',(#3283),#1659,.F.);
#3283 = FACE_BOUND('',#3284,.F.);
#3284 = EDGE_LOOP('',(#3285,#3304,#3305,#3326,#3347,#3366,#3367,#3368));
#3285 = ORIENTED_EDGE('',*,*,#3286,.F.);
#3286 = EDGE_CURVE('',#2014,#1618,#3287,.T.);
#3287 = SURFACE_CURVE('',#3288,(#3292,#3298),.PCURVE_S1.);
#3288 = LINE('',#3289,#3290);
#3289 = CARTESIAN_POINT('',(17.56,1.875,24.875));
#3290 = VECTOR('',#3291,1.);
#3291 = DIRECTION('',(0.,-0.707106781187,-0.707106781187));
#3292 = PCURVE('',#1659,#3293);
#3293 = DEFINITIONAL_REPRESENTATION('',(#3294),#3297);
#3294 = B_SPLINE_CURVE_WITH_KNOTS('',1,(#3295,#3296),.UNSPECIFIED.,.F.,
  .F.,(2,2),(-0.176776695297,2.65165042945),.PIECEWISE_BEZIER_KNOTS.);
#3295 = CARTESIAN_POINT('',(0.,-17.56));
#3296 = CARTESIAN_POINT('',(2.828427124746,-17.56));
#3297 = ( GEOMETRIC_REPRESENTATION_CONTEXT(2) 
PARAMETRIC_REPRESENTATION_CONTEXT() REPRESENTATION_CONTEXT('2D SPACE',''
  ) );
#3298 = PCURVE('',#1632,#3299);
#3299 = DEFINITIONAL_REPRESENTATION('',(#3300),#3303);
#3300 = B_SPLINE_CURVE_WITH_KNOTS('',1,(#3301,#3302),.UNSPECIFIED.,.F.,
  .F.,(2,2),(-0.176776695297,2.65165042945),.PIECEWISE_BEZIER_KNOTS.);
#3301 = CARTESIAN_POINT('',(-1.,-1.5));
#3302 = CARTESIAN_POINT('',(-3.,0.5));
#3303 = ( GEOMETRIC_REPRESENTATION_CONTEXT(2) 
PARAMETRIC_REPRESENTATION_CONTEXT() REPRESENTATION_CONTEXT('2D SPACE',''
  ) );
#3304 = ORIENTED_EDGE('',*,*,#2034,.F.);
#3305 = ORIENTED_EDGE('',*,*,#3306,.T.);
#3306 = EDGE_CURVE('',#2035,#3307,#3309,.T.);
#3307 = VERTEX_POINT('',#3308);
#3308 = CARTESIAN_POINT('',(17.96,0.35,23.35));
#3309 = SURFACE_CURVE('',#3310,(#3314,#3320),.PCURVE_S1.);
#3310 = LINE('',#3311,#3312);
#3311 = CARTESIAN_POINT('',(17.96,1.05,24.05));
#3312 = VECTOR('',#3313,1.);
#3313 = DIRECTION('',(0.,-0.707106781187,-0.707106781187));
#3314 = PCURVE('',#1659,#3315);
#3315 = DEFINITIONAL_REPRESENTATION('',(#3316),#3319);
#3316 = B_SPLINE_CURVE_WITH_KNOTS('',1,(#3317,#3318),.UNSPECIFIED.,.F.,
  .F.,(2,2),(-1.343502884254,0.989949493661),.PIECEWISE_BEZIER_KNOTS.);
#3317 = CARTESIAN_POINT('',(0.,-17.96));
#3318 = CARTESIAN_POINT('',(2.333452377916,-17.96));
#3319 = ( GEOMETRIC_REPRESENTATION_CONTEXT(2) 
PARAMETRIC_REPRESENTATION_CONTEXT() REPRESENTATION_CONTEXT('2D SPACE',''
  ) );
#3320 = PCURVE('',#2071,#3321);
#3321 = DEFINITIONAL_REPRESENTATION('',(#3322),#3325);
#3322 = B_SPLINE_CURVE_WITH_KNOTS('',1,(#3323,#3324),.UNSPECIFIED.,.F.,
  .F.,(2,2),(-1.343502884254,0.989949493661),.PIECEWISE_BEZIER_KNOTS.);
#3323 = CARTESIAN_POINT('',(1.65,-2.15));
#3324 = CARTESIAN_POINT('',(-1.110223024625E-16,-0.5));
#3325 = ( GEOMETRIC_REPRESENTATION_CONTEXT(2) 
PARAMETRIC_REPRESENTATION_CONTEXT() REPRESENTATION_CONTEXT('2D SPACE',''
  ) );
#3326 = ORIENTED_EDGE('',*,*,#3327,.T.);
#3327 = EDGE_CURVE('',#3307,#3328,#3330,.T.);
#3328 = VERTEX_POINT('',#3329);
#3329 = CARTESIAN_POINT('',(32.32,0.35,23.35));
#3330 = SURFACE_CURVE('',#3331,(#3335,#3341),.PCURVE_S1.);
#3331 = LINE('',#3332,#3333);
#3332 = CARTESIAN_POINT('',(8.98,0.35,23.35));
#3333 = VECTOR('',#3334,1.);
#3334 = DIRECTION('',(1.,-0.,0.));
#3335 = PCURVE('',#1659,#3336);
#3336 = DEFINITIONAL_REPRESENTATION('',(#3337),#3340);
#3337 = B_SPLINE_CURVE_WITH_KNOTS('',1,(#3338,#3339),.UNSPECIFIED.,.F.,
  .F.,(2,2),(8.98,23.34),.PIECEWISE_BEZIER_KNOTS.);
#3338 = CARTESIAN_POINT('',(2.333452377916,-17.96));
#3339 = CARTESIAN_POINT('',(2.333452377916,-32.32));
#3340 = ( GEOMETRIC_REPRESENTATION_CONTEXT(2) 
PARAMETRIC_REPRESENTATION_CONTEXT() REPRESENTATION_CONTEXT('2D SPACE',''
  ) );
#3341 = PCURVE('',#2097,#3342);
#3342 = DEFINITIONAL_REPRESENTATION('',(#3343),#3346);
#3343 = B_SPLINE_CURVE_WITH_KNOTS('',1,(#3344,#3345),.UNSPECIFIED.,.F.,
  .F.,(2,2),(8.98,23.34),.PIECEWISE_BEZIER_KNOTS.);
#3344 = CARTESIAN_POINT('',(0.,0.5));
#3345 = CARTESIAN_POINT('',(14.36,0.5));
#3346 = ( GEOMETRIC_REPRESENTATION_CONTEXT(2) 
PARAMETRIC_REPRESENTATION_CONTEXT() REPRESENTATION_CONTEXT('2D SPACE',''
  ) );
#3347 = ORIENTED_EDGE('',*,*,#3348,.F.);
#3348 = EDGE_CURVE('',#2109,#3328,#3349,.T.);
#3349 = SURFACE_CURVE('',#3350,(#3354,#3360),.PCURVE_S1.);
#3350 = LINE('',#3351,#3352);
#3351 = CARTESIAN_POINT('',(32.32,1.05,24.05));
#3352 = VECTOR('',#3353,1.);
#3353 = DIRECTION('',(0.,-0.707106781187,-0.707106781187));
#3354 = PCURVE('',#1659,#3355);
#3355 = DEFINITIONAL_REPRESENTATION('',(#3356),#3359);
#3356 = B_SPLINE_CURVE_WITH_KNOTS('',1,(#3357,#3358),.UNSPECIFIED.,.F.,
  .F.,(2,2),(-1.343502884254,0.989949493661),.PIECEWISE_BEZIER_KNOTS.);
#3357 = CARTESIAN_POINT('',(0.,-32.32));
#3358 = CARTESIAN_POINT('',(2.333452377916,-32.32));
#3359 = ( GEOMETRIC_REPRESENTATION_CONTEXT(2) 
PARAMETRIC_REPRESENTATION_CONTEXT() REPRESENTATION_CONTEXT('2D SPACE',''
  ) );
#3360 = PCURVE('',#2123,#3361);
#3361 = DEFINITIONAL_REPRESENTATION('',(#3362),#3365);
#3362 = B_SPLINE_CURVE_WITH_KNOTS('',1,(#3363,#3364),.UNSPECIFIED.,.F.,
  .F.,(2,2),(-1.343502884254,0.989949493661),.PIECEWISE_BEZIER_KNOTS.);
#3363 = CARTESIAN_POINT('',(1.65,-2.15));
#3364 = CARTESIAN_POINT('',(-1.110223024625E-16,-0.5));
#3365 = ( GEOMETRIC_REPRESENTATION_CONTEXT(2) 
PARAMETRIC_REPRESENTATION_CONTEXT() REPRESENTATION_CONTEXT('2D SPACE',''
  ) );
#3366 = ORIENTED_EDGE('',*,*,#2134,.F.);
#3367 = ORIENTED_EDGE('',*,*,#3233,.T.);
#3368 = ORIENTED_EDGE('',*,*,#1643,.F.);
#3369 = ADVANCED_FACE('',(#3370,#3397),#1632,.T.);
#3370 = FACE_BOUND('',#3371,.T.);
#3371 = EDGE_LOOP('',(#3372,#3394,#3395,#3396));
#3372 = ORIENTED_EDGE('',*,*,#3373,.T.);
#3373 = EDGE_CURVE('',#1993,#1592,#3374,.T.);
#3374 = SURFACE_CURVE('',#3375,(#3380,#3387),.PCURVE_S1.);
#3375 = CIRCLE('',#3376,4.);
#3376 = AXIS2_PLACEMENT_3D('',#3377,#3378,#3379);
#3377 = CARTESIAN_POINT('',(17.56,0.5,26.));
#3378 = DIRECTION('',(1.,-0.,0.));
#3379 = DIRECTION('',(0.,0.375,-0.927024810887));
#3380 = PCURVE('',#1632,#3381);
#3381 = DEFINITIONAL_REPRESENTATION('',(#3382),#3386);
#3382 = CIRCLE('',#3383,4.);
#3383 = AXIS2_PLACEMENT_2D('',#3384,#3385);
#3384 = CARTESIAN_POINT('',(7.105427357601E-15,-1.110223024625E-16));
#3385 = DIRECTION('',(-0.927024810887,-0.375));
#3386 = ( GEOMETRIC_REPRESENTATION_CONTEXT(2) 
PARAMETRIC_REPRESENTATION_CONTEXT() REPRESENTATION_CONTEXT('2D SPACE',''
  ) );
#3387 = PCURVE('',#1606,#3388);
#3388 = DEFINITIONAL_REPRESENTATION('',(#3389),#3393);
#3389 = LINE('',#3390,#3391);
#3390 = CARTESIAN_POINT('',(-5.09678575488,-13.56));
#3391 = VECTOR('',#3392,1.);
#3392 = DIRECTION('',(-1.,0.));
#3393 = ( GEOMETRIC_REPRESENTATION_CONTEXT(2) 
PARAMETRIC_REPRESENTATION_CONTEXT() REPRESENTATION_CONTEXT('2D SPACE',''
  ) );
#3394 = ORIENTED_EDGE('',*,*,#1617,.F.);
#3395 = ORIENTED_EDGE('',*,*,#3286,.F.);
#3396 = ORIENTED_EDGE('',*,*,#2013,.T.);
#3397 = FACE_BOUND('',#3398,.T.);
#3398 = EDGE_LOOP('',(#3399));
#3399 = ORIENTED_EDGE('',*,*,#3400,.T.);
#3400 = EDGE_CURVE('',#3401,#3401,#3403,.T.);
#3401 = VERTEX_POINT('',#3402);
#3402 = CARTESIAN_POINT('',(17.56,2.1,26.));
#3403 = SURFACE_CURVE('',#3404,(#3409,#3420),.PCURVE_S1.);
#3404 = CIRCLE('',#3405,1.6);
#3405 = AXIS2_PLACEMENT_3D('',#3406,#3407,#3408);
#3406 = CARTESIAN_POINT('',(17.56,0.5,26.));
#3407 = DIRECTION('',(-1.,0.,0.));
#3408 = DIRECTION('',(0.,1.,0.));
#3409 = PCURVE('',#1632,#3410);
#3410 = DEFINITIONAL_REPRESENTATION('',(#3411),#3419);
#3411 = ( BOUNDED_CURVE() B_SPLINE_CURVE(2,(#3412,#3413,#3414,#3415,
#3416,#3417,#3418),.UNSPECIFIED.,.T.,.F.) B_SPLINE_CURVE_WITH_KNOTS((1,2
    ,2,2,2,1),(-2.094395102393,0.,2.094395102393,4.188790204786,
6.28318530718,8.377580409573),.UNSPECIFIED.) CURVE() 
GEOMETRIC_REPRESENTATION_ITEM() RATIONAL_B_SPLINE_CURVE((1.,0.5,1.,0.5,
1.,0.5,1.)) REPRESENTATION_ITEM('') );
#3412 = CARTESIAN_POINT('',(7.105427357601E-15,-1.6));
#3413 = CARTESIAN_POINT('',(-2.77128129211,-1.6));
#3414 = CARTESIAN_POINT('',(-1.385640646055,0.8));
#3415 = CARTESIAN_POINT('',(6.713540381874E-15,3.2));
#3416 = CARTESIAN_POINT('',(1.385640646055,0.8));
#3417 = CARTESIAN_POINT('',(2.77128129211,-1.6));
#3418 = CARTESIAN_POINT('',(7.105427357601E-15,-1.6));
#3419 = ( GEOMETRIC_REPRESENTATION_CONTEXT(2) 
PARAMETRIC_REPRESENTATION_CONTEXT() REPRESENTATION_CONTEXT('2D SPACE',''
  ) );
#3420 = PCURVE('',#1952,#3421);
#3421 = DEFINITIONAL_REPRESENTATION('',(#3422),#3426);
#3422 = LINE('',#3423,#3424);
#3423 = CARTESIAN_POINT('',(-6.28318530718,-18.56));
#3424 = VECTOR('',#3425,1.);
#3425 = DIRECTION('',(1.,-0.));
#3426 = ( GEOMETRIC_REPRESENTATION_CONTEXT(2) 
PARAMETRIC_REPRESENTATION_CONTEXT() REPRESENTATION_CONTEXT('2D SPACE',''
  ) );
#3427 = ADVANCED_FACE('',(#3428),#1606,.T.);
#3428 = FACE_BOUND('',#3429,.F.);
#3429 = EDGE_LOOP('',(#3430,#3431,#3432,#3433));
#3430 = ORIENTED_EDGE('',*,*,#1901,.T.);
#3431 = ORIENTED_EDGE('',*,*,#1992,.F.);
#3432 = ORIENTED_EDGE('',*,*,#3373,.T.);
#3433 = ORIENTED_EDGE('',*,*,#1591,.T.);
#3434 = ADVANCED_FACE('',(#3435),#1952,.F.);
#3435 = FACE_BOUND('',#3436,.T.);
#3436 = EDGE_LOOP('',(#3437,#3438,#3459,#3460));
#3437 = ORIENTED_EDGE('',*,*,#1931,.T.);
#3438 = ORIENTED_EDGE('',*,*,#3439,.T.);
#3439 = EDGE_CURVE('',#1932,#3401,#3440,.T.);
#3440 = SEAM_CURVE('',#3441,(#3445,#3452),.PCURVE_S1.);
#3441 = LINE('',#3442,#3443);
#3442 = CARTESIAN_POINT('',(-1.,2.1,26.));
#3443 = VECTOR('',#3444,1.);
#3444 = DIRECTION('',(1.,0.,0.));
#3445 = PCURVE('',#1952,#3446);
#3446 = DEFINITIONAL_REPRESENTATION('',(#3447),#3451);
#3447 = LINE('',#3448,#3449);
#3448 = CARTESIAN_POINT('',(-6.28318530718,0.));
#3449 = VECTOR('',#3450,1.);
#3450 = DIRECTION('',(-0.,-1.));
#3451 = ( GEOMETRIC_REPRESENTATION_CONTEXT(2) 
PARAMETRIC_REPRESENTATION_CONTEXT() REPRESENTATION_CONTEXT('2D SPACE',''
  ) );
#3452 = PCURVE('',#1952,#3453);
#3453 = DEFINITIONAL_REPRESENTATION('',(#3454),#3458);
#3454 = LINE('',#3455,#3456);
#3455 = CARTESIAN_POINT('',(-0.,0.));
#3456 = VECTOR('',#3457,1.);
#3457 = DIRECTION('',(-0.,-1.));
#3458 = ( GEOMETRIC_REPRESENTATION_CONTEXT(2) 
PARAMETRIC_REPRESENTATION_CONTEXT() REPRESENTATION_CONTEXT('2D SPACE',''
  ) );
#3459 = ORIENTED_EDGE('',*,*,#3400,.F.);
#3460 = ORIENTED_EDGE('',*,*,#3439,.F.);
#3461 = ADVANCED_FACE('',(#3462),#2308,.F.);
#3462 = FACE_BOUND('',#3463,.F.);
#3463 = EDGE_LOOP('',(#3464,#3465,#3486));
#3464 = ORIENTED_EDGE('',*,*,#3116,.T.);
#3465 = ORIENTED_EDGE('',*,*,#3466,.T.);
#3466 = EDGE_CURVE('',#3096,#2268,#3467,.T.);
#3467 = SURFACE_CURVE('',#3468,(#3472,#3479),.PCURVE_S1.);
#3468 = LINE('',#3469,#3470);
#3469 = CARTESIAN_POINT('',(61.04,-0.15,23.35));
#3470 = VECTOR('',#3471,1.);
#3471 = DIRECTION('',(0.,1.,0.));
#3472 = PCURVE('',#2308,#3473);
#3473 = DEFINITIONAL_REPRESENTATION('',(#3474),#3478);
#3474 = LINE('',#3475,#3476);
#3475 = CARTESIAN_POINT('',(0.,0.));
#3476 = VECTOR('',#3477,1.);
#3477 = DIRECTION('',(0.,-1.));
#3478 = ( GEOMETRIC_REPRESENTATION_CONTEXT(2) 
PARAMETRIC_REPRESENTATION_CONTEXT() REPRESENTATION_CONTEXT('2D SPACE',''
  ) );
#3479 = PCURVE('',#2282,#3480);
#3480 = DEFINITIONAL_REPRESENTATION('',(#3481),#3485);
#3481 = LINE('',#3482,#3483);
#3482 = CARTESIAN_POINT('',(14.36,0.));
#3483 = VECTOR('',#3484,1.);
#3484 = DIRECTION('',(0.,1.));
#3485 = ( GEOMETRIC_REPRESENTATION_CONTEXT(2) 
PARAMETRIC_REPRESENTATION_CONTEXT() REPRESENTATION_CONTEXT('2D SPACE',''
  ) );
#3486 = ORIENTED_EDGE('',*,*,#2293,.F.);
#3487 = ADVANCED_FACE('',(#3488),#2282,.T.);
#3488 = FACE_BOUND('',#3489,.T.);
#3489 = EDGE_LOOP('',(#3490,#3511,#3512,#3513));
#3490 = ORIENTED_EDGE('',*,*,#3491,.F.);
#3491 = EDGE_CURVE('',#3075,#2242,#3492,.T.);
#3492 = SURFACE_CURVE('',#3493,(#3497,#3504),.PCURVE_S1.);
#3493 = LINE('',#3494,#3495);
#3494 = CARTESIAN_POINT('',(46.68,-0.15,23.35));
#3495 = VECTOR('',#3496,1.);
#3496 = DIRECTION('',(0.,1.,0.));
#3497 = PCURVE('',#2282,#3498);
#3498 = DEFINITIONAL_REPRESENTATION('',(#3499),#3503);
#3499 = LINE('',#3500,#3501);
#3500 = CARTESIAN_POINT('',(0.,0.));
#3501 = VECTOR('',#3502,1.);
#3502 = DIRECTION('',(0.,1.));
#3503 = ( GEOMETRIC_REPRESENTATION_CONTEXT(2) 
PARAMETRIC_REPRESENTATION_CONTEXT() REPRESENTATION_CONTEXT('2D SPACE',''
  ) );
#3504 = PCURVE('',#2256,#3505);
#3505 = DEFINITIONAL_REPRESENTATION('',(#3506),#3510);
#3506 = LINE('',#3507,#3508);
#3507 = CARTESIAN_POINT('',(0.,0.));
#3508 = VECTOR('',#3509,1.);
#3509 = DIRECTION('',(0.,-1.));
#3510 = ( GEOMETRIC_REPRESENTATION_CONTEXT(2) 
PARAMETRIC_REPRESENTATION_CONTEXT() REPRESENTATION_CONTEXT('2D SPACE',''
  ) );
#3511 = ORIENTED_EDGE('',*,*,#3095,.T.);
#3512 = ORIENTED_EDGE('',*,*,#3466,.T.);
#3513 = ORIENTED_EDGE('',*,*,#2267,.F.);
#3514 = ADVANCED_FACE('',(#3515),#2256,.T.);
#3515 = FACE_BOUND('',#3516,.T.);
#3516 = EDGE_LOOP('',(#3517,#3518,#3519));
#3517 = ORIENTED_EDGE('',*,*,#3074,.T.);
#3518 = ORIENTED_EDGE('',*,*,#3491,.T.);
#3519 = ORIENTED_EDGE('',*,*,#2241,.F.);
#3520 = ADVANCED_FACE('',(#3521),#2123,.F.);
#3521 = FACE_BOUND('',#3522,.F.);
#3522 = EDGE_LOOP('',(#3523,#3524,#3545));
#3523 = ORIENTED_EDGE('',*,*,#3348,.T.);
#3524 = ORIENTED_EDGE('',*,*,#3525,.T.);
#3525 = EDGE_CURVE('',#3328,#2083,#3526,.T.);
#3526 = SURFACE_CURVE('',#3527,(#3531,#3538),.PCURVE_S1.);
#3527 = LINE('',#3528,#3529);
#3528 = CARTESIAN_POINT('',(32.32,-0.15,23.35));
#3529 = VECTOR('',#3530,1.);
#3530 = DIRECTION('',(0.,1.,0.));
#3531 = PCURVE('',#2123,#3532);
#3532 = DEFINITIONAL_REPRESENTATION('',(#3533),#3537);
#3533 = LINE('',#3534,#3535);
#3534 = CARTESIAN_POINT('',(0.,0.));
#3535 = VECTOR('',#3536,1.);
#3536 = DIRECTION('',(0.,-1.));
#3537 = ( GEOMETRIC_REPRESENTATION_CONTEXT(2) 
PARAMETRIC_REPRESENTATION_CONTEXT() REPRESENTATION_CONTEXT('2D SPACE',''
  ) );
#3538 = PCURVE('',#2097,#3539);
#3539 = DEFINITIONAL_REPRESENTATION('',(#3540),#3544);
#3540 = LINE('',#3541,#3542);
#3541 = CARTESIAN_POINT('',(14.36,0.));
#3542 = VECTOR('',#3543,1.);
#3543 = DIRECTION('',(0.,1.));
#3544 = ( GEOMETRIC_REPRESENTATION_CONTEXT(2) 
PARAMETRIC_REPRESENTATION_CONTEXT() REPRESENTATION_CONTEXT('2D SPACE',''
  ) );
#3545 = ORIENTED_EDGE('',*,*,#2108,.F.);
#3546 = ADVANCED_FACE('',(#3547),#2097,.T.);
#3547 = FACE_BOUND('',#3548,.T.);
#3548 = EDGE_LOOP('',(#3549,#3570,#3571,#3572));
#3549 = ORIENTED_EDGE('',*,*,#3550,.F.);
#3550 = EDGE_CURVE('',#3307,#2057,#3551,.T.);
#3551 = SURFACE_CURVE('',#3552,(#3556,#3563),.PCURVE_S1.);
#3552 = LINE('',#3553,#3554);
#3553 = CARTESIAN_POINT('',(17.96,-0.15,23.35));
#3554 = VECTOR('',#3555,1.);
#3555 = DIRECTION('',(0.,1.,0.));
#3556 = PCURVE('',#2097,#3557);
#3557 = DEFINITIONAL_REPRESENTATION('',(#3558),#3562);
#3558 = LINE('',#3559,#3560);
#3559 = CARTESIAN_POINT('',(0.,0.));
#3560 = VECTOR('',#3561,1.);
#3561 = DIRECTION('',(0.,1.));
#3562 = ( GEOMETRIC_REPRESENTATION_CONTEXT(2) 
PARAMETRIC_REPRESENTATION_CONTEXT() REPRESENTATION_CONTEXT('2D SPACE',''
  ) );
#3563 = PCURVE('',#2071,#3564);
#3564 = DEFINITIONAL_REPRESENTATION('',(#3565),#3569);
#3565 = LINE('',#3566,#3567);
#3566 = CARTESIAN_POINT('',(0.,0.));
#3567 = VECTOR('',#3568,1.);
#3568 = DIRECTION('',(0.,-1.));
#3569 = ( GEOMETRIC_REPRESENTATION_CONTEXT(2) 
PARAMETRIC_REPRESENTATION_CONTEXT() REPRESENTATION_CONTEXT('2D SPACE',''
  ) );
#3570 = ORIENTED_EDGE('',*,*,#3327,.T.);
#3571 = ORIENTED_EDGE('',*,*,#3525,.T.);
#3572 = ORIENTED_EDGE('',*,*,#2082,.F.);
#3573 = ADVANCED_FACE('',(#3574),#2071,.T.);
#3574 = FACE_BOUND('',#3575,.T.);
#3575 = EDGE_LOOP('',(#3576,#3577,#3578));
#3576 = ORIENTED_EDGE('',*,*,#3306,.T.);
#3577 = ORIENTED_EDGE('',*,*,#3550,.T.);
#3578 = ORIENTED_EDGE('',*,*,#2056,.F.);
#3579 = ADVANCED_FACE('',(#3580),#2668,.F.);
#3580 = FACE_BOUND('',#3581,.T.);
#3581 = EDGE_LOOP('',(#3582,#3583,#3604,#3605));
#3582 = ORIENTED_EDGE('',*,*,#3022,.T.);
#3583 = ORIENTED_EDGE('',*,*,#3584,.T.);
#3584 = EDGE_CURVE('',#3023,#2648,#3585,.T.);
#3585 = SEAM_CURVE('',#3586,(#3590,#3597),.PCURVE_S1.);
#3586 = LINE('',#3587,#3588);
#3587 = CARTESIAN_POINT('',(-1.,2.1,26.));
#3588 = VECTOR('',#3589,1.);
#3589 = DIRECTION('',(1.,0.,0.));
#3590 = PCURVE('',#2668,#3591);
#3591 = DEFINITIONAL_REPRESENTATION('',(#3592),#3596);
#3592 = LINE('',#3593,#3594);
#3593 = CARTESIAN_POINT('',(-6.28318530718,0.));
#3594 = VECTOR('',#3595,1.);
#3595 = DIRECTION('',(-0.,-1.));
#3596 = ( GEOMETRIC_REPRESENTATION_CONTEXT(2) 
PARAMETRIC_REPRESENTATION_CONTEXT() REPRESENTATION_CONTEXT('2D SPACE',''
  ) );
#3597 = PCURVE('',#2668,#3598);
#3598 = DEFINITIONAL_REPRESENTATION('',(#3599),#3603);
#3599 = LINE('',#3600,#3601);
#3600 = CARTESIAN_POINT('',(-0.,0.));
#3601 = VECTOR('',#3602,1.);
#3602 = DIRECTION('',(-0.,-1.));
#3603 = ( GEOMETRIC_REPRESENTATION_CONTEXT(2) 
PARAMETRIC_REPRESENTATION_CONTEXT() REPRESENTATION_CONTEXT('2D SPACE',''
  ) );
#3604 = ORIENTED_EDGE('',*,*,#2647,.F.);
#3605 = ORIENTED_EDGE('',*,*,#3584,.F.);
#3606 = ADVANCED_FACE('',(#3607),#2710,.T.);
#3607 = FACE_BOUND('',#3608,.F.);
#3608 = EDGE_LOOP('',(#3609,#3610,#3633,#3660));
#3609 = ORIENTED_EDGE('',*,*,#2689,.T.);
#3610 = ORIENTED_EDGE('',*,*,#3611,.T.);
#3611 = EDGE_CURVE('',#2690,#3612,#3614,.T.);
#3612 = VERTEX_POINT('',#3613);
#3613 = CARTESIAN_POINT('',(20.,7.5,5.));
#3614 = SEAM_CURVE('',#3615,(#3619,#3626),.PCURVE_S1.);
#3615 = LINE('',#3616,#3617);
#3616 = CARTESIAN_POINT('',(20.,7.5,1.85));
#3617 = VECTOR('',#3618,1.);
#3618 = DIRECTION('',(0.,0.,1.));
#3619 = PCURVE('',#2710,#3620);
#3620 = DEFINITIONAL_REPRESENTATION('',(#3621),#3625);
#3621 = LINE('',#3622,#3623);
#3622 = CARTESIAN_POINT('',(-6.28318530718,0.));
#3623 = VECTOR('',#3624,1.);
#3624 = DIRECTION('',(-0.,-1.));
#3625 = ( GEOMETRIC_REPRESENTATION_CONTEXT(2) 
PARAMETRIC_REPRESENTATION_CONTEXT() REPRESENTATION_CONTEXT('2D SPACE',''
  ) );
#3626 = PCURVE('',#2710,#3627);
#3627 = DEFINITIONAL_REPRESENTATION('',(#3628),#3632);
#3628 = LINE('',#3629,#3630);
#3629 = CARTESIAN_POINT('',(-0.,0.));
#3630 = VECTOR('',#3631,1.);
#3631 = DIRECTION('',(-0.,-1.));
#3632 = ( GEOMETRIC_REPRESENTATION_CONTEXT(2) 
PARAMETRIC_REPRESENTATION_CONTEXT() REPRESENTATION_CONTEXT('2D SPACE',''
  ) );
#3633 = ORIENTED_EDGE('',*,*,#3634,.T.);
#3634 = EDGE_CURVE('',#3612,#3612,#3635,.T.);
#3635 = SURFACE_CURVE('',#3636,(#3641,#3648),.PCURVE_S1.);
#3636 = CIRCLE('',#3637,3.);
#3637 = AXIS2_PLACEMENT_3D('',#3638,#3639,#3640);
#3638 = CARTESIAN_POINT('',(17.,7.5,5.));
#3639 = DIRECTION('',(0.,0.,1.));
#3640 = DIRECTION('',(1.,0.,0.));
#3641 = PCURVE('',#2710,#3642);
#3642 = DEFINITIONAL_REPRESENTATION('',(#3643),#3647);
#3643 = LINE('',#3644,#3645);
#3644 = CARTESIAN_POINT('',(-0.,-3.15));
#3645 = VECTOR('',#3646,1.);
#3646 = DIRECTION('',(-1.,0.));
#3647 = ( GEOMETRIC_REPRESENTATION_CONTEXT(2) 
PARAMETRIC_REPRESENTATION_CONTEXT() REPRESENTATION_CONTEXT('2D SPACE',''
  ) );
#3648 = PCURVE('',#3649,#3654);
#3649 = PLANE('',#3650);
#3650 = AXIS2_PLACEMENT_3D('',#3651,#3652,#3653);
#3651 = CARTESIAN_POINT('',(17.,7.5,5.));
#3652 = DIRECTION('',(0.,0.,1.));
#3653 = DIRECTION('',(1.,0.,-0.));
#3654 = DEFINITIONAL_REPRESENTATION('',(#3655),#3659);
#3655 = CIRCLE('',#3656,3.);
#3656 = AXIS2_PLACEMENT_2D('',#3657,#3658);
#3657 = CARTESIAN_POINT('',(0.,0.));
#3658 = DIRECTION('',(1.,0.));
#3659 = ( GEOMETRIC_REPRESENTATION_CONTEXT(2) 
PARAMETRIC_REPRESENTATION_CONTEXT() REPRESENTATION_CONTEXT('2D SPACE',''
  ) );
#3660 = ORIENTED_EDGE('',*,*,#3611,.F.);
#3661 = ADVANCED_FACE('',(#3662),#2745,.T.);
#3662 = FACE_BOUND('',#3663,.F.);
#3663 = EDGE_LOOP('',(#3664,#3665,#3688,#3715));
#3664 = ORIENTED_EDGE('',*,*,#2724,.T.);
#3665 = ORIENTED_EDGE('',*,*,#3666,.T.);
#3666 = EDGE_CURVE('',#2725,#3667,#3669,.T.);
#3667 = VERTEX_POINT('',#3668);
#3668 = CARTESIAN_POINT('',(26.5,7.5,5.));
#3669 = SEAM_CURVE('',#3670,(#3674,#3681),.PCURVE_S1.);
#3670 = LINE('',#3671,#3672);
#3671 = CARTESIAN_POINT('',(26.5,7.5,1.85));
#3672 = VECTOR('',#3673,1.);
#3673 = DIRECTION('',(0.,0.,1.));
#3674 = PCURVE('',#2745,#3675);
#3675 = DEFINITIONAL_REPRESENTATION('',(#3676),#3680);
#3676 = LINE('',#3677,#3678);
#3677 = CARTESIAN_POINT('',(-6.28318530718,0.));
#3678 = VECTOR('',#3679,1.);
#3679 = DIRECTION('',(-0.,-1.));
#3680 = ( GEOMETRIC_REPRESENTATION_CONTEXT(2) 
PARAMETRIC_REPRESENTATION_CONTEXT() REPRESENTATION_CONTEXT('2D SPACE',''
  ) );
#3681 = PCURVE('',#2745,#3682);
#3682 = DEFINITIONAL_REPRESENTATION('',(#3683),#3687);
#3683 = LINE('',#3684,#3685);
#3684 = CARTESIAN_POINT('',(-0.,0.));
#3685 = VECTOR('',#3686,1.);
#3686 = DIRECTION('',(-0.,-1.));
#3687 = ( GEOMETRIC_REPRESENTATION_CONTEXT(2) 
PARAMETRIC_REPRESENTATION_CONTEXT() REPRESENTATION_CONTEXT('2D SPACE',''
  ) );
#3688 = ORIENTED_EDGE('',*,*,#3689,.T.);
#3689 = EDGE_CURVE('',#3667,#3667,#3690,.T.);
#3690 = SURFACE_CURVE('',#3691,(#3696,#3703),.PCURVE_S1.);
#3691 = CIRCLE('',#3692,3.);
#3692 = AXIS2_PLACEMENT_3D('',#3693,#3694,#3695);
#3693 = CARTESIAN_POINT('',(23.5,7.5,5.));
#3694 = DIRECTION('',(0.,0.,1.));
#3695 = DIRECTION('',(1.,0.,0.));
#3696 = PCURVE('',#2745,#3697);
#3697 = DEFINITIONAL_REPRESENTATION('',(#3698),#3702);
#3698 = LINE('',#3699,#3700);
#3699 = CARTESIAN_POINT('',(-0.,-3.15));
#3700 = VECTOR('',#3701,1.);
#3701 = DIRECTION('',(-1.,0.));
#3702 = ( GEOMETRIC_REPRESENTATION_CONTEXT(2) 
PARAMETRIC_REPRESENTATION_CONTEXT() REPRESENTATION_CONTEXT('2D SPACE',''
  ) );
#3703 = PCURVE('',#3704,#3709);
#3704 = PLANE('',#3705);
#3705 = AXIS2_PLACEMENT_3D('',#3706,#3707,#3708);
#3706 = CARTESIAN_POINT('',(23.5,7.5,5.));
#3707 = DIRECTION('',(0.,0.,1.));
#3708 = DIRECTION('',(1.,0.,-0.));
#3709 = DEFINITIONAL_REPRESENTATION('',(#3710),#3714);
#3710 = CIRCLE('',#3711,3.);
#3711 = AXIS2_PLACEMENT_2D('',#3712,#3713);
#3712 = CARTESIAN_POINT('',(3.552713678801E-15,0.));
#3713 = DIRECTION('',(1.,0.));
#3714 = ( GEOMETRIC_REPRESENTATION_CONTEXT(2) 
PARAMETRIC_REPRESENTATION_CONTEXT() REPRESENTATION_CONTEXT('2D SPACE',''
  ) );
#3715 = ORIENTED_EDGE('',*,*,#3666,.F.);
#3716 = ADVANCED_FACE('',(#3717),#2780,.T.);
#3717 = FACE_BOUND('',#3718,.F.);
#3718 = EDGE_LOOP('',(#3719,#3720,#3743,#3770));
#3719 = ORIENTED_EDGE('',*,*,#2759,.T.);
#3720 = ORIENTED_EDGE('',*,*,#3721,.T.);
#3721 = EDGE_CURVE('',#2760,#3722,#3724,.T.);
#3722 = VERTEX_POINT('',#3723);
#3723 = CARTESIAN_POINT('',(69.,7.5,5.));
#3724 = SEAM_CURVE('',#3725,(#3729,#3736),.PCURVE_S1.);
#3725 = LINE('',#3726,#3727);
#3726 = CARTESIAN_POINT('',(69.,7.5,1.85));
#3727 = VECTOR('',#3728,1.);
#3728 = DIRECTION('',(0.,0.,1.));
#3729 = PCURVE('',#2780,#3730);
#3730 = DEFINITIONAL_REPRESENTATION('',(#3731),#3735);
#3731 = LINE('',#3732,#3733);
#3732 = CARTESIAN_POINT('',(-6.28318530718,0.));
#3733 = VECTOR('',#3734,1.);
#3734 = DIRECTION('',(-0.,-1.));
#3735 = ( GEOMETRIC_REPRESENTATION_CONTEXT(2) 
PARAMETRIC_REPRESENTATION_CONTEXT() REPRESENTATION_CONTEXT('2D SPACE',''
  ) );
#3736 = PCURVE('',#2780,#3737);
#3737 = DEFINITIONAL_REPRESENTATION('',(#3738),#3742);
#3738 = LINE('',#3739,#3740);
#3739 = CARTESIAN_POINT('',(-0.,0.));
#3740 = VECTOR('',#3741,1.);
#3741 = DIRECTION('',(-0.,-1.));
#3742 = ( GEOMETRIC_REPRESENTATION_CONTEXT(2) 
PARAMETRIC_REPRESENTATION_CONTEXT() REPRESENTATION_CONTEXT('2D SPACE',''
  ) );
#3743 = ORIENTED_EDGE('',*,*,#3744,.T.);
#3744 = EDGE_CURVE('',#3722,#3722,#3745,.T.);
#3745 = SURFACE_CURVE('',#3746,(#3751,#3758),.PCURVE_S1.);
#3746 = CIRCLE('',#3747,3.);
#3747 = AXIS2_PLACEMENT_3D('',#3748,#3749,#3750);
#3748 = CARTESIAN_POINT('',(66.,7.5,5.));
#3749 = DIRECTION('',(0.,0.,1.));
#3750 = DIRECTION('',(1.,0.,0.));
#3751 = PCURVE('',#2780,#3752);
#3752 = DEFINITIONAL_REPRESENTATION('',(#3753),#3757);
#3753 = LINE('',#3754,#3755);
#3754 = CARTESIAN_POINT('',(-0.,-3.15));
#3755 = VECTOR('',#3756,1.);
#3756 = DIRECTION('',(-1.,0.));
#3757 = ( GEOMETRIC_REPRESENTATION_CONTEXT(2) 
PARAMETRIC_REPRESENTATION_CONTEXT() REPRESENTATION_CONTEXT('2D SPACE',''
  ) );
#3758 = PCURVE('',#3759,#3764);
#3759 = PLANE('',#3760);
#3760 = AXIS2_PLACEMENT_3D('',#3761,#3762,#3763);
#3761 = CARTESIAN_POINT('',(66.,7.5,5.));
#3762 = DIRECTION('',(0.,0.,1.));
#3763 = DIRECTION('',(1.,0.,-0.));
#3764 = DEFINITIONAL_REPRESENTATION('',(#3765),#3769);
#3765 = CIRCLE('',#3766,3.);
#3766 = AXIS2_PLACEMENT_2D('',#3767,#3768);
#3767 = CARTESIAN_POINT('',(0.,0.));
#3768 = DIRECTION('',(1.,0.));
#3769 = ( GEOMETRIC_REPRESENTATION_CONTEXT(2) 
PARAMETRIC_REPRESENTATION_CONTEXT() REPRESENTATION_CONTEXT('2D SPACE',''
  ) );
#3770 = ORIENTED_EDGE('',*,*,#3721,.F.);
#3771 = ADVANCED_FACE('',(#3772),#2815,.T.);
#3772 = FACE_BOUND('',#3773,.F.);
#3773 = EDGE_LOOP('',(#3774,#3775,#3798,#3825));
#3774 = ORIENTED_EDGE('',*,*,#2794,.T.);
#3775 = ORIENTED_EDGE('',*,*,#3776,.T.);
#3776 = EDGE_CURVE('',#2795,#3777,#3779,.T.);
#3777 = VERTEX_POINT('',#3778);
#3778 = CARTESIAN_POINT('',(75.5,7.5,5.));
#3779 = SEAM_CURVE('',#3780,(#3784,#3791),.PCURVE_S1.);
#3780 = LINE('',#3781,#3782);
#3781 = CARTESIAN_POINT('',(75.5,7.5,1.85));
#3782 = VECTOR('',#3783,1.);
#3783 = DIRECTION('',(0.,0.,1.));
#3784 = PCURVE('',#2815,#3785);
#3785 = DEFINITIONAL_REPRESENTATION('',(#3786),#3790);
#3786 = LINE('',#3787,#3788);
#3787 = CARTESIAN_POINT('',(-6.28318530718,0.));
#3788 = VECTOR('',#3789,1.);
#3789 = DIRECTION('',(-0.,-1.));
#3790 = ( GEOMETRIC_REPRESENTATION_CONTEXT(2) 
PARAMETRIC_REPRESENTATION_CONTEXT() REPRESENTATION_CONTEXT('2D SPACE',''
  ) );
#3791 = PCURVE('',#2815,#3792);
#3792 = DEFINITIONAL_REPRESENTATION('',(#3793),#3797);
#3793 = LINE('',#3794,#3795);
#3794 = CARTESIAN_POINT('',(-0.,0.));
#3795 = VECTOR('',#3796,1.);
#3796 = DIRECTION('',(-0.,-1.));
#3797 = ( GEOMETRIC_REPRESENTATION_CONTEXT(2) 
PARAMETRIC_REPRESENTATION_CONTEXT() REPRESENTATION_CONTEXT('2D SPACE',''
  ) );
#3798 = ORIENTED_EDGE('',*,*,#3799,.T.);
#3799 = EDGE_CURVE('',#3777,#3777,#3800,.T.);
#3800 = SURFACE_CURVE('',#3801,(#3806,#3813),.PCURVE_S1.);
#3801 = CIRCLE('',#3802,3.);
#3802 = AXIS2_PLACEMENT_3D('',#3803,#3804,#3805);
#3803 = CARTESIAN_POINT('',(72.5,7.5,5.));
#3804 = DIRECTION('',(0.,0.,1.));
#3805 = DIRECTION('',(1.,0.,0.));
#3806 = PCURVE('',#2815,#3807);
#3807 = DEFINITIONAL_REPRESENTATION('',(#3808),#3812);
#3808 = LINE('',#3809,#3810);
#3809 = CARTESIAN_POINT('',(-0.,-3.15));
#3810 = VECTOR('',#3811,1.);
#3811 = DIRECTION('',(-1.,0.));
#3812 = ( GEOMETRIC_REPRESENTATION_CONTEXT(2) 
PARAMETRIC_REPRESENTATION_CONTEXT() REPRESENTATION_CONTEXT('2D SPACE',''
  ) );
#3813 = PCURVE('',#3814,#3819);
#3814 = PLANE('',#3815);
#3815 = AXIS2_PLACEMENT_3D('',#3816,#3817,#3818);
#3816 = CARTESIAN_POINT('',(72.5,7.5,5.));
#3817 = DIRECTION('',(0.,0.,1.));
#3818 = DIRECTION('',(1.,0.,-0.));
#3819 = DEFINITIONAL_REPRESENTATION('',(#3820),#3824);
#3820 = CIRCLE('',#3821,3.);
#3821 = AXIS2_PLACEMENT_2D('',#3822,#3823);
#3822 = CARTESIAN_POINT('',(0.,0.));
#3823 = DIRECTION('',(1.,0.));
#3824 = ( GEOMETRIC_REPRESENTATION_CONTEXT(2) 
PARAMETRIC_REPRESENTATION_CONTEXT() REPRESENTATION_CONTEXT('2D SPACE',''
  ) );
#3825 = ORIENTED_EDGE('',*,*,#3776,.F.);
#3826 = ADVANCED_FACE('',(#3827),#2850,.T.);
#3827 = FACE_BOUND('',#3828,.F.);
#3828 = EDGE_LOOP('',(#3829,#3830,#3853,#3880));
#3829 = ORIENTED_EDGE('',*,*,#2829,.T.);
#3830 = ORIENTED_EDGE('',*,*,#3831,.T.);
#3831 = EDGE_CURVE('',#2830,#3832,#3834,.T.);
#3832 = VERTEX_POINT('',#3833);
#3833 = CARTESIAN_POINT('',(20.,65.5,5.));
#3834 = SEAM_CURVE('',#3835,(#3839,#3846),.PCURVE_S1.);
#3835 = LINE('',#3836,#3837);
#3836 = CARTESIAN_POINT('',(20.,65.5,1.85));
#3837 = VECTOR('',#3838,1.);
#3838 = DIRECTION('',(0.,0.,1.));
#3839 = PCURVE('',#2850,#3840);
#3840 = DEFINITIONAL_REPRESENTATION('',(#3841),#3845);
#3841 = LINE('',#3842,#3843);
#3842 = CARTESIAN_POINT('',(-6.28318530718,0.));
#3843 = VECTOR('',#3844,1.);
#3844 = DIRECTION('',(-0.,-1.));
#3845 = ( GEOMETRIC_REPRESENTATION_CONTEXT(2) 
PARAMETRIC_REPRESENTATION_CONTEXT() REPRESENTATION_CONTEXT('2D SPACE',''
  ) );
#3846 = PCURVE('',#2850,#3847);
#3847 = DEFINITIONAL_REPRESENTATION('',(#3848),#3852);
#3848 = LINE('',#3849,#3850);
#3849 = CARTESIAN_POINT('',(-0.,0.));
#3850 = VECTOR('',#3851,1.);
#3851 = DIRECTION('',(-0.,-1.));
#3852 = ( GEOMETRIC_REPRESENTATION_CONTEXT(2) 
PARAMETRIC_REPRESENTATION_CONTEXT() REPRESENTATION_CONTEXT('2D SPACE',''
  ) );
#3853 = ORIENTED_EDGE('',*,*,#3854,.T.);
#3854 = EDGE_CURVE('',#3832,#3832,#3855,.T.);
#3855 = SURFACE_CURVE('',#3856,(#3861,#3868),.PCURVE_S1.);
#3856 = CIRCLE('',#3857,3.);
#3857 = AXIS2_PLACEMENT_3D('',#3858,#3859,#3860);
#3858 = CARTESIAN_POINT('',(17.,65.5,5.));
#3859 = DIRECTION('',(0.,0.,1.));
#3860 = DIRECTION('',(1.,0.,0.));
#3861 = PCURVE('',#2850,#3862);
#3862 = DEFINITIONAL_REPRESENTATION('',(#3863),#3867);
#3863 = LINE('',#3864,#3865);
#3864 = CARTESIAN_POINT('',(-0.,-3.15));
#3865 = VECTOR('',#3866,1.);
#3866 = DIRECTION('',(-1.,0.));
#3867 = ( GEOMETRIC_REPRESENTATION_CONTEXT(2) 
PARAMETRIC_REPRESENTATION_CONTEXT() REPRESENTATION_CONTEXT('2D SPACE',''
  ) );
#3868 = PCURVE('',#3869,#3874);
#3869 = PLANE('',#3870);
#3870 = AXIS2_PLACEMENT_3D('',#3871,#3872,#3873);
#3871 = CARTESIAN_POINT('',(17.,65.5,5.));
#3872 = DIRECTION('',(0.,0.,1.));
#3873 = DIRECTION('',(1.,0.,-0.));
#3874 = DEFINITIONAL_REPRESENTATION('',(#3875),#3879);
#3875 = CIRCLE('',#3876,3.);
#3876 = AXIS2_PLACEMENT_2D('',#3877,#3878);
#3877 = CARTESIAN_POINT('',(0.,-1.42108547152E-14));
#3878 = DIRECTION('',(1.,0.));
#3879 = ( GEOMETRIC_REPRESENTATION_CONTEXT(2) 
PARAMETRIC_REPRESENTATION_CONTEXT() REPRESENTATION_CONTEXT('2D SPACE',''
  ) );
#3880 = ORIENTED_EDGE('',*,*,#3831,.F.);
#3881 = ADVANCED_FACE('',(#3882),#2885,.T.);
#3882 = FACE_BOUND('',#3883,.F.);
#3883 = EDGE_LOOP('',(#3884,#3885,#3908,#3935));
#3884 = ORIENTED_EDGE('',*,*,#2864,.T.);
#3885 = ORIENTED_EDGE('',*,*,#3886,.T.);
#3886 = EDGE_CURVE('',#2865,#3887,#3889,.T.);
#3887 = VERTEX_POINT('',#3888);
#3888 = CARTESIAN_POINT('',(26.5,65.5,5.));
#3889 = SEAM_CURVE('',#3890,(#3894,#3901),.PCURVE_S1.);
#3890 = LINE('',#3891,#3892);
#3891 = CARTESIAN_POINT('',(26.5,65.5,1.85));
#3892 = VECTOR('',#3893,1.);
#3893 = DIRECTION('',(0.,0.,1.));
#3894 = PCURVE('',#2885,#3895);
#3895 = DEFINITIONAL_REPRESENTATION('',(#3896),#3900);
#3896 = LINE('',#3897,#3898);
#3897 = CARTESIAN_POINT('',(-6.28318530718,0.));
#3898 = VECTOR('',#3899,1.);
#3899 = DIRECTION('',(-0.,-1.));
#3900 = ( GEOMETRIC_REPRESENTATION_CONTEXT(2) 
PARAMETRIC_REPRESENTATION_CONTEXT() REPRESENTATION_CONTEXT('2D SPACE',''
  ) );
#3901 = PCURVE('',#2885,#3902);
#3902 = DEFINITIONAL_REPRESENTATION('',(#3903),#3907);
#3903 = LINE('',#3904,#3905);
#3904 = CARTESIAN_POINT('',(-0.,0.));
#3905 = VECTOR('',#3906,1.);
#3906 = DIRECTION('',(-0.,-1.));
#3907 = ( GEOMETRIC_REPRESENTATION_CONTEXT(2) 
PARAMETRIC_REPRESENTATION_CONTEXT() REPRESENTATION_CONTEXT('2D SPACE',''
  ) );
#3908 = ORIENTED_EDGE('',*,*,#3909,.T.);
#3909 = EDGE_CURVE('',#3887,#3887,#3910,.T.);
#3910 = SURFACE_CURVE('',#3911,(#3916,#3923),.PCURVE_S1.);
#3911 = CIRCLE('',#3912,3.);
#3912 = AXIS2_PLACEMENT_3D('',#3913,#3914,#3915);
#3913 = CARTESIAN_POINT('',(23.5,65.5,5.));
#3914 = DIRECTION('',(0.,0.,1.));
#3915 = DIRECTION('',(1.,0.,0.));
#3916 = PCURVE('',#2885,#3917);
#3917 = DEFINITIONAL_REPRESENTATION('',(#3918),#3922);
#3918 = LINE('',#3919,#3920);
#3919 = CARTESIAN_POINT('',(-0.,-3.15));
#3920 = VECTOR('',#3921,1.);
#3921 = DIRECTION('',(-1.,0.));
#3922 = ( GEOMETRIC_REPRESENTATION_CONTEXT(2) 
PARAMETRIC_REPRESENTATION_CONTEXT() REPRESENTATION_CONTEXT('2D SPACE',''
  ) );
#3923 = PCURVE('',#3924,#3929);
#3924 = PLANE('',#3925);
#3925 = AXIS2_PLACEMENT_3D('',#3926,#3927,#3928);
#3926 = CARTESIAN_POINT('',(23.5,65.5,5.));
#3927 = DIRECTION('',(0.,0.,1.));
#3928 = DIRECTION('',(1.,0.,-0.));
#3929 = DEFINITIONAL_REPRESENTATION('',(#3930),#3934);
#3930 = CIRCLE('',#3931,3.);
#3931 = AXIS2_PLACEMENT_2D('',#3932,#3933);
#3932 = CARTESIAN_POINT('',(-3.552713678801E-15,0.));
#3933 = DIRECTION('',(1.,0.));
#3934 = ( GEOMETRIC_REPRESENTATION_CONTEXT(2) 
PARAMETRIC_REPRESENTATION_CONTEXT() REPRESENTATION_CONTEXT('2D SPACE',''
  ) );
#3935 = ORIENTED_EDGE('',*,*,#3886,.F.);
#3936 = ADVANCED_FACE('',(#3937),#2920,.T.);
#3937 = FACE_BOUND('',#3938,.F.);
#3938 = EDGE_LOOP('',(#3939,#3940,#3963,#3990));
#3939 = ORIENTED_EDGE('',*,*,#2899,.T.);
#3940 = ORIENTED_EDGE('',*,*,#3941,.T.);
#3941 = EDGE_CURVE('',#2900,#3942,#3944,.T.);
#3942 = VERTEX_POINT('',#3943);
#3943 = CARTESIAN_POINT('',(69.,65.5,5.));
#3944 = SEAM_CURVE('',#3945,(#3949,#3956),.PCURVE_S1.);
#3945 = LINE('',#3946,#3947);
#3946 = CARTESIAN_POINT('',(69.,65.5,1.85));
#3947 = VECTOR('',#3948,1.);
#3948 = DIRECTION('',(0.,0.,1.));
#3949 = PCURVE('',#2920,#3950);
#3950 = DEFINITIONAL_REPRESENTATION('',(#3951),#3955);
#3951 = LINE('',#3952,#3953);
#3952 = CARTESIAN_POINT('',(-6.28318530718,0.));
#3953 = VECTOR('',#3954,1.);
#3954 = DIRECTION('',(-0.,-1.));
#3955 = ( GEOMETRIC_REPRESENTATION_CONTEXT(2) 
PARAMETRIC_REPRESENTATION_CONTEXT() REPRESENTATION_CONTEXT('2D SPACE',''
  ) );
#3956 = PCURVE('',#2920,#3957);
#3957 = DEFINITIONAL_REPRESENTATION('',(#3958),#3962);
#3958 = LINE('',#3959,#3960);
#3959 = CARTESIAN_POINT('',(-0.,0.));
#3960 = VECTOR('',#3961,1.);
#3961 = DIRECTION('',(-0.,-1.));
#3962 = ( GEOMETRIC_REPRESENTATION_CONTEXT(2) 
PARAMETRIC_REPRESENTATION_CONTEXT() REPRESENTATION_CONTEXT('2D SPACE',''
  ) );
#3963 = ORIENTED_EDGE('',*,*,#3964,.T.);
#3964 = EDGE_CURVE('',#3942,#3942,#3965,.T.);
#3965 = SURFACE_CURVE('',#3966,(#3971,#3978),.PCURVE_S1.);
#3966 = CIRCLE('',#3967,3.);
#3967 = AXIS2_PLACEMENT_3D('',#3968,#3969,#3970);
#3968 = CARTESIAN_POINT('',(66.,65.5,5.));
#3969 = DIRECTION('',(0.,0.,1.));
#3970 = DIRECTION('',(1.,0.,0.));
#3971 = PCURVE('',#2920,#3972);
#3972 = DEFINITIONAL_REPRESENTATION('',(#3973),#3977);
#3973 = LINE('',#3974,#3975);
#3974 = CARTESIAN_POINT('',(-0.,-3.15));
#3975 = VECTOR('',#3976,1.);
#3976 = DIRECTION('',(-1.,0.));
#3977 = ( GEOMETRIC_REPRESENTATION_CONTEXT(2) 
PARAMETRIC_REPRESENTATION_CONTEXT() REPRESENTATION_CONTEXT('2D SPACE',''
  ) );
#3978 = PCURVE('',#3979,#3984);
#3979 = PLANE('',#3980);
#3980 = AXIS2_PLACEMENT_3D('',#3981,#3982,#3983);
#3981 = CARTESIAN_POINT('',(66.,65.5,5.));
#3982 = DIRECTION('',(0.,0.,1.));
#3983 = DIRECTION('',(1.,0.,-0.));
#3984 = DEFINITIONAL_REPRESENTATION('',(#3985),#3989);
#3985 = CIRCLE('',#3986,3.);
#3986 = AXIS2_PLACEMENT_2D('',#3987,#3988);
#3987 = CARTESIAN_POINT('',(0.,0.));
#3988 = DIRECTION('',(1.,0.));
#3989 = ( GEOMETRIC_REPRESENTATION_CONTEXT(2) 
PARAMETRIC_REPRESENTATION_CONTEXT() REPRESENTATION_CONTEXT('2D SPACE',''
  ) );
#3990 = ORIENTED_EDGE('',*,*,#3941,.F.);
#3991 = ADVANCED_FACE('',(#3992),#2955,.T.);
#3992 = FACE_BOUND('',#3993,.F.);
#3993 = EDGE_LOOP('',(#3994,#3995,#4018,#4045));
#3994 = ORIENTED_EDGE('',*,*,#2934,.T.);
#3995 = ORIENTED_EDGE('',*,*,#3996,.T.);
#3996 = EDGE_CURVE('',#2935,#3997,#3999,.T.);
#3997 = VERTEX_POINT('',#3998);
#3998 = CARTESIAN_POINT('',(75.5,65.5,5.));
#3999 = SEAM_CURVE('',#4000,(#4004,#4011),.PCURVE_S1.);
#4000 = LINE('',#4001,#4002);
#4001 = CARTESIAN_POINT('',(75.5,65.5,1.85));
#4002 = VECTOR('',#4003,1.);
#4003 = DIRECTION('',(0.,0.,1.));
#4004 = PCURVE('',#2955,#4005);
#4005 = DEFINITIONAL_REPRESENTATION('',(#4006),#4010);
#4006 = LINE('',#4007,#4008);
#4007 = CARTESIAN_POINT('',(-6.28318530718,0.));
#4008 = VECTOR('',#4009,1.);
#4009 = DIRECTION('',(-0.,-1.));
#4010 = ( GEOMETRIC_REPRESENTATION_CONTEXT(2) 
PARAMETRIC_REPRESENTATION_CONTEXT() REPRESENTATION_CONTEXT('2D SPACE',''
  ) );
#4011 = PCURVE('',#2955,#4012);
#4012 = DEFINITIONAL_REPRESENTATION('',(#4013),#4017);
#4013 = LINE('',#4014,#4015);
#4014 = CARTESIAN_POINT('',(-0.,0.));
#4015 = VECTOR('',#4016,1.);
#4016 = DIRECTION('',(-0.,-1.));
#4017 = ( GEOMETRIC_REPRESENTATION_CONTEXT(2) 
PARAMETRIC_REPRESENTATION_CONTEXT() REPRESENTATION_CONTEXT('2D SPACE',''
  ) );
#4018 = ORIENTED_EDGE('',*,*,#4019,.T.);
#4019 = EDGE_CURVE('',#3997,#3997,#4020,.T.);
#4020 = SURFACE_CURVE('',#4021,(#4026,#4033),.PCURVE_S1.);
#4021 = CIRCLE('',#4022,3.);
#4022 = AXIS2_PLACEMENT_3D('',#4023,#4024,#4025);
#4023 = CARTESIAN_POINT('',(72.5,65.5,5.));
#4024 = DIRECTION('',(0.,0.,1.));
#4025 = DIRECTION('',(1.,0.,0.));
#4026 = PCURVE('',#2955,#4027);
#4027 = DEFINITIONAL_REPRESENTATION('',(#4028),#4032);
#4028 = LINE('',#4029,#4030);
#4029 = CARTESIAN_POINT('',(-0.,-3.15));
#4030 = VECTOR('',#4031,1.);
#4031 = DIRECTION('',(-1.,0.));
#4032 = ( GEOMETRIC_REPRESENTATION_CONTEXT(2) 
PARAMETRIC_REPRESENTATION_CONTEXT() REPRESENTATION_CONTEXT('2D SPACE',''
  ) );
#4033 = PCURVE('',#4034,#4039);
#4034 = PLANE('',#4035);
#4035 = AXIS2_PLACEMENT_3D('',#4036,#4037,#4038);
#4036 = CARTESIAN_POINT('',(72.5,65.5,5.));
#4037 = DIRECTION('',(0.,0.,1.));
#4038 = DIRECTION('',(1.,0.,-0.));
#4039 = DEFINITIONAL_REPRESENTATION('',(#4040),#4044);
#4040 = CIRCLE('',#4041,3.);
#4041 = AXIS2_PLACEMENT_2D('',#4042,#4043);
#4042 = CARTESIAN_POINT('',(0.,0.));
#4043 = DIRECTION('',(1.,0.));
#4044 = ( GEOMETRIC_REPRESENTATION_CONTEXT(2) 
PARAMETRIC_REPRESENTATION_CONTEXT() REPRESENTATION_CONTEXT('2D SPACE',''
  ) );
#4045 = ORIENTED_EDGE('',*,*,#3996,.F.);
#4046 = ADVANCED_FACE('',(#4047),#3188,.F.);
#4047 = FACE_BOUND('',#4048,.T.);
#4048 = EDGE_LOOP('',(#4049,#4050,#4071,#4072));
#4049 = ORIENTED_EDGE('',*,*,#3255,.T.);
#4050 = ORIENTED_EDGE('',*,*,#4051,.T.);
#4051 = EDGE_CURVE('',#3256,#3168,#4052,.T.);
#4052 = SEAM_CURVE('',#4053,(#4057,#4064),.PCURVE_S1.);
#4053 = LINE('',#4054,#4055);
#4054 = CARTESIAN_POINT('',(-1.,2.1,26.));
#4055 = VECTOR('',#4056,1.);
#4056 = DIRECTION('',(1.,0.,0.));
#4057 = PCURVE('',#3188,#4058);
#4058 = DEFINITIONAL_REPRESENTATION('',(#4059),#4063);
#4059 = LINE('',#4060,#4061);
#4060 = CARTESIAN_POINT('',(-6.28318530718,0.));
#4061 = VECTOR('',#4062,1.);
#4062 = DIRECTION('',(-0.,-1.));
#4063 = ( GEOMETRIC_REPRESENTATION_CONTEXT(2) 
PARAMETRIC_REPRESENTATION_CONTEXT() REPRESENTATION_CONTEXT('2D SPACE',''
  ) );
#4064 = PCURVE('',#3188,#4065);
#4065 = DEFINITIONAL_REPRESENTATION('',(#4066),#4070);
#4066 = LINE('',#4067,#4068);
#4067 = CARTESIAN_POINT('',(-0.,0.));
#4068 = VECTOR('',#4069,1.);
#4069 = DIRECTION('',(-0.,-1.));
#4070 = ( GEOMETRIC_REPRESENTATION_CONTEXT(2) 
PARAMETRIC_REPRESENTATION_CONTEXT() REPRESENTATION_CONTEXT('2D SPACE',''
  ) );
#4071 = ORIENTED_EDGE('',*,*,#3167,.F.);
#4072 = ORIENTED_EDGE('',*,*,#4051,.F.);
#4073 = ADVANCED_FACE('',(#4074,#4077),#3649,.T.);
#4074 = FACE_BOUND('',#4075,.T.);
#4075 = EDGE_LOOP('',(#4076));
#4076 = ORIENTED_EDGE('',*,*,#3634,.T.);
#4077 = FACE_BOUND('',#4078,.T.);
#4078 = EDGE_LOOP('',(#4079));
#4079 = ORIENTED_EDGE('',*,*,#4080,.T.);
#4080 = EDGE_CURVE('',#4081,#4081,#4083,.T.);
#4081 = VERTEX_POINT('',#4082);
#4082 = CARTESIAN_POINT('',(17.5,7.5,5.));
#4083 = SURFACE_CURVE('',#4084,(#4089,#4100),.PCURVE_S1.);
#4084 = CIRCLE('',#4085,0.5);
#4085 = AXIS2_PLACEMENT_3D('',#4086,#4087,#4088);
#4086 = CARTESIAN_POINT('',(17.,7.5,5.));
#4087 = DIRECTION('',(0.,0.,-1.));
#4088 = DIRECTION('',(1.,0.,0.));
#4089 = PCURVE('',#3649,#4090);
#4090 = DEFINITIONAL_REPRESENTATION('',(#4091),#4099);
#4091 = ( BOUNDED_CURVE() B_SPLINE_CURVE(2,(#4092,#4093,#4094,#4095,
#4096,#4097,#4098),.UNSPECIFIED.,.T.,.F.) B_SPLINE_CURVE_WITH_KNOTS((1,2
    ,2,2,2,1),(-2.094395102393,0.,2.094395102393,4.188790204786,
6.28318530718,8.377580409573),.UNSPECIFIED.) CURVE() 
GEOMETRIC_REPRESENTATION_ITEM() RATIONAL_B_SPLINE_CURVE((1.,0.5,1.,0.5,
1.,0.5,1.)) REPRESENTATION_ITEM('') );
#4092 = CARTESIAN_POINT('',(0.5,0.));
#4093 = CARTESIAN_POINT('',(0.5,-0.866025403784));
#4094 = CARTESIAN_POINT('',(-0.25,-0.433012701892));
#4095 = CARTESIAN_POINT('',(-1.,-1.224646799147E-16));
#4096 = CARTESIAN_POINT('',(-0.25,0.433012701892));
#4097 = CARTESIAN_POINT('',(0.5,0.866025403784));
#4098 = CARTESIAN_POINT('',(0.5,0.));
#4099 = ( GEOMETRIC_REPRESENTATION_CONTEXT(2) 
PARAMETRIC_REPRESENTATION_CONTEXT() REPRESENTATION_CONTEXT('2D SPACE',''
  ) );
#4100 = PCURVE('',#4101,#4106);
#4101 = CYLINDRICAL_SURFACE('',#4102,0.5);
#4102 = AXIS2_PLACEMENT_3D('',#4103,#4104,#4105);
#4103 = CARTESIAN_POINT('',(17.,7.5,1.7));
#4104 = DIRECTION('',(-0.,-0.,-1.));
#4105 = DIRECTION('',(1.,0.,0.));
#4106 = DEFINITIONAL_REPRESENTATION('',(#4107),#4111);
#4107 = LINE('',#4108,#4109);
#4108 = CARTESIAN_POINT('',(-6.28318530718,-3.3));
#4109 = VECTOR('',#4110,1.);
#4110 = DIRECTION('',(1.,-0.));
#4111 = ( GEOMETRIC_REPRESENTATION_CONTEXT(2) 
PARAMETRIC_REPRESENTATION_CONTEXT() REPRESENTATION_CONTEXT('2D SPACE',''
  ) );
#4112 = ADVANCED_FACE('',(#4113,#4116),#3704,.T.);
#4113 = FACE_BOUND('',#4114,.T.);
#4114 = EDGE_LOOP('',(#4115));
#4115 = ORIENTED_EDGE('',*,*,#3689,.T.);
#4116 = FACE_BOUND('',#4117,.T.);
#4117 = EDGE_LOOP('',(#4118));
#4118 = ORIENTED_EDGE('',*,*,#4119,.T.);
#4119 = EDGE_CURVE('',#4120,#4120,#4122,.T.);
#4120 = VERTEX_POINT('',#4121);
#4121 = CARTESIAN_POINT('',(24.,7.5,5.));
#4122 = SURFACE_CURVE('',#4123,(#4128,#4139),.PCURVE_S1.);
#4123 = CIRCLE('',#4124,0.5);
#4124 = AXIS2_PLACEMENT_3D('',#4125,#4126,#4127);
#4125 = CARTESIAN_POINT('',(23.5,7.5,5.));
#4126 = DIRECTION('',(0.,0.,-1.));
#4127 = DIRECTION('',(1.,0.,0.));
#4128 = PCURVE('',#3704,#4129);
#4129 = DEFINITIONAL_REPRESENTATION('',(#4130),#4138);
#4130 = ( BOUNDED_CURVE() B_SPLINE_CURVE(2,(#4131,#4132,#4133,#4134,
#4135,#4136,#4137),.UNSPECIFIED.,.T.,.F.) B_SPLINE_CURVE_WITH_KNOTS((1,2
    ,2,2,2,1),(-2.094395102393,0.,2.094395102393,4.188790204786,
6.28318530718,8.377580409573),.UNSPECIFIED.) CURVE() 
GEOMETRIC_REPRESENTATION_ITEM() RATIONAL_B_SPLINE_CURVE((1.,0.5,1.,0.5,
1.,0.5,1.)) REPRESENTATION_ITEM('') );
#4131 = CARTESIAN_POINT('',(0.5,0.));
#4132 = CARTESIAN_POINT('',(0.5,-0.866025403784));
#4133 = CARTESIAN_POINT('',(-0.25,-0.433012701892));
#4134 = CARTESIAN_POINT('',(-1.,-1.224646799147E-16));
#4135 = CARTESIAN_POINT('',(-0.25,0.433012701892));
#4136 = CARTESIAN_POINT('',(0.5,0.866025403784));
#4137 = CARTESIAN_POINT('',(0.5,0.));
#4138 = ( GEOMETRIC_REPRESENTATION_CONTEXT(2) 
PARAMETRIC_REPRESENTATION_CONTEXT() REPRESENTATION_CONTEXT('2D SPACE',''
  ) );
#4139 = PCURVE('',#4140,#4145);
#4140 = CYLINDRICAL_SURFACE('',#4141,0.5);
#4141 = AXIS2_PLACEMENT_3D('',#4142,#4143,#4144);
#4142 = CARTESIAN_POINT('',(23.5,7.5,1.7));
#4143 = DIRECTION('',(-0.,-0.,-1.));
#4144 = DIRECTION('',(1.,0.,0.));
#4145 = DEFINITIONAL_REPRESENTATION('',(#4146),#4150);
#4146 = LINE('',#4147,#4148);
#4147 = CARTESIAN_POINT('',(-6.28318530718,-3.3));
#4148 = VECTOR('',#4149,1.);
#4149 = DIRECTION('',(1.,-0.));
#4150 = ( GEOMETRIC_REPRESENTATION_CONTEXT(2) 
PARAMETRIC_REPRESENTATION_CONTEXT() REPRESENTATION_CONTEXT('2D SPACE',''
  ) );
#4151 = ADVANCED_FACE('',(#4152,#4155),#3759,.T.);
#4152 = FACE_BOUND('',#4153,.T.);
#4153 = EDGE_LOOP('',(#4154));
#4154 = ORIENTED_EDGE('',*,*,#3744,.T.);
#4155 = FACE_BOUND('',#4156,.T.);
#4156 = EDGE_LOOP('',(#4157));
#4157 = ORIENTED_EDGE('',*,*,#4158,.T.);
#4158 = EDGE_CURVE('',#4159,#4159,#4161,.T.);
#4159 = VERTEX_POINT('',#4160);
#4160 = CARTESIAN_POINT('',(66.5,7.5,5.));
#4161 = SURFACE_CURVE('',#4162,(#4167,#4178),.PCURVE_S1.);
#4162 = CIRCLE('',#4163,0.5);
#4163 = AXIS2_PLACEMENT_3D('',#4164,#4165,#4166);
#4164 = CARTESIAN_POINT('',(66.,7.5,5.));
#4165 = DIRECTION('',(0.,0.,-1.));
#4166 = DIRECTION('',(1.,0.,0.));
#4167 = PCURVE('',#3759,#4168);
#4168 = DEFINITIONAL_REPRESENTATION('',(#4169),#4177);
#4169 = ( BOUNDED_CURVE() B_SPLINE_CURVE(2,(#4170,#4171,#4172,#4173,
#4174,#4175,#4176),.UNSPECIFIED.,.T.,.F.) B_SPLINE_CURVE_WITH_KNOTS((1,2
    ,2,2,2,1),(-2.094395102393,0.,2.094395102393,4.188790204786,
6.28318530718,8.377580409573),.UNSPECIFIED.) CURVE() 
GEOMETRIC_REPRESENTATION_ITEM() RATIONAL_B_SPLINE_CURVE((1.,0.5,1.,0.5,
1.,0.5,1.)) REPRESENTATION_ITEM('') );
#4170 = CARTESIAN_POINT('',(0.5,0.));
#4171 = CARTESIAN_POINT('',(0.5,-0.866025403784));
#4172 = CARTESIAN_POINT('',(-0.25,-0.433012701892));
#4173 = CARTESIAN_POINT('',(-1.,-1.224646799147E-16));
#4174 = CARTESIAN_POINT('',(-0.25,0.433012701892));
#4175 = CARTESIAN_POINT('',(0.5,0.866025403784));
#4176 = CARTESIAN_POINT('',(0.5,0.));
#4177 = ( GEOMETRIC_REPRESENTATION_CONTEXT(2) 
PARAMETRIC_REPRESENTATION_CONTEXT() REPRESENTATION_CONTEXT('2D SPACE',''
  ) );
#4178 = PCURVE('',#4179,#4184);
#4179 = CYLINDRICAL_SURFACE('',#4180,0.5);
#4180 = AXIS2_PLACEMENT_3D('',#4181,#4182,#4183);
#4181 = CARTESIAN_POINT('',(66.,7.5,1.7));
#4182 = DIRECTION('',(-0.,-0.,-1.));
#4183 = DIRECTION('',(1.,0.,0.));
#4184 = DEFINITIONAL_REPRESENTATION('',(#4185),#4189);
#4185 = LINE('',#4186,#4187);
#4186 = CARTESIAN_POINT('',(-6.28318530718,-3.3));
#4187 = VECTOR('',#4188,1.);
#4188 = DIRECTION('',(1.,-0.));
#4189 = ( GEOMETRIC_REPRESENTATION_CONTEXT(2) 
PARAMETRIC_REPRESENTATION_CONTEXT() REPRESENTATION_CONTEXT('2D SPACE',''
  ) );
#4190 = ADVANCED_FACE('',(#4191,#4194),#3814,.T.);
#4191 = FACE_BOUND('',#4192,.T.);
#4192 = EDGE_LOOP('',(#4193));
#4193 = ORIENTED_EDGE('',*,*,#3799,.T.);
#4194 = FACE_BOUND('',#4195,.T.);
#4195 = EDGE_LOOP('',(#4196));
#4196 = ORIENTED_EDGE('',*,*,#4197,.T.);
#4197 = EDGE_CURVE('',#4198,#4198,#4200,.T.);
#4198 = VERTEX_POINT('',#4199);
#4199 = CARTESIAN_POINT('',(73.,7.5,5.));
#4200 = SURFACE_CURVE('',#4201,(#4206,#4217),.PCURVE_S1.);
#4201 = CIRCLE('',#4202,0.5);
#4202 = AXIS2_PLACEMENT_3D('',#4203,#4204,#4205);
#4203 = CARTESIAN_POINT('',(72.5,7.5,5.));
#4204 = DIRECTION('',(0.,0.,-1.));
#4205 = DIRECTION('',(1.,0.,0.));
#4206 = PCURVE('',#3814,#4207);
#4207 = DEFINITIONAL_REPRESENTATION('',(#4208),#4216);
#4208 = ( BOUNDED_CURVE() B_SPLINE_CURVE(2,(#4209,#4210,#4211,#4212,
#4213,#4214,#4215),.UNSPECIFIED.,.T.,.F.) B_SPLINE_CURVE_WITH_KNOTS((1,2
    ,2,2,2,1),(-2.094395102393,0.,2.094395102393,4.188790204786,
6.28318530718,8.377580409573),.UNSPECIFIED.) CURVE() 
GEOMETRIC_REPRESENTATION_ITEM() RATIONAL_B_SPLINE_CURVE((1.,0.5,1.,0.5,
1.,0.5,1.)) REPRESENTATION_ITEM('') );
#4209 = CARTESIAN_POINT('',(0.5,0.));
#4210 = CARTESIAN_POINT('',(0.5,-0.866025403784));
#4211 = CARTESIAN_POINT('',(-0.25,-0.433012701892));
#4212 = CARTESIAN_POINT('',(-1.,-1.224646799147E-16));
#4213 = CARTESIAN_POINT('',(-0.25,0.433012701892));
#4214 = CARTESIAN_POINT('',(0.5,0.866025403784));
#4215 = CARTESIAN_POINT('',(0.5,0.));
#4216 = ( GEOMETRIC_REPRESENTATION_CONTEXT(2) 
PARAMETRIC_REPRESENTATION_CONTEXT() REPRESENTATION_CONTEXT('2D SPACE',''
  ) );
#4217 = PCURVE('',#4218,#4223);
#4218 = CYLINDRICAL_SURFACE('',#4219,0.5);
#4219 = AXIS2_PLACEMENT_3D('',#4220,#4221,#4222);
#4220 = CARTESIAN_POINT('',(72.5,7.5,1.7));
#4221 = DIRECTION('',(-0.,-0.,-1.));
#4222 = DIRECTION('',(1.,0.,0.));
#4223 = DEFINITIONAL_REPRESENTATION('',(#4224),#4228);
#4224 = LINE('',#4225,#4226);
#4225 = CARTESIAN_POINT('',(-6.28318530718,-3.3));
#4226 = VECTOR('',#4227,1.);
#4227 = DIRECTION('',(1.,-0.));
#4228 = ( GEOMETRIC_REPRESENTATION_CONTEXT(2) 
PARAMETRIC_REPRESENTATION_CONTEXT() REPRESENTATION_CONTEXT('2D SPACE',''
  ) );
#4229 = ADVANCED_FACE('',(#4230,#4233),#3869,.T.);
#4230 = FACE_BOUND('',#4231,.T.);
#4231 = EDGE_LOOP('',(#4232));
#4232 = ORIENTED_EDGE('',*,*,#3854,.T.);
#4233 = FACE_BOUND('',#4234,.T.);
#4234 = EDGE_LOOP('',(#4235));
#4235 = ORIENTED_EDGE('',*,*,#4236,.T.);
#4236 = EDGE_CURVE('',#4237,#4237,#4239,.T.);
#4237 = VERTEX_POINT('',#4238);
#4238 = CARTESIAN_POINT('',(17.5,65.5,5.));
#4239 = SURFACE_CURVE('',#4240,(#4245,#4256),.PCURVE_S1.);
#4240 = CIRCLE('',#4241,0.5);
#4241 = AXIS2_PLACEMENT_3D('',#4242,#4243,#4244);
#4242 = CARTESIAN_POINT('',(17.,65.5,5.));
#4243 = DIRECTION('',(0.,0.,-1.));
#4244 = DIRECTION('',(1.,0.,0.));
#4245 = PCURVE('',#3869,#4246);
#4246 = DEFINITIONAL_REPRESENTATION('',(#4247),#4255);
#4247 = ( BOUNDED_CURVE() B_SPLINE_CURVE(2,(#4248,#4249,#4250,#4251,
#4252,#4253,#4254),.UNSPECIFIED.,.T.,.F.) B_SPLINE_CURVE_WITH_KNOTS((1,2
    ,2,2,2,1),(-2.094395102393,0.,2.094395102393,4.188790204786,
6.28318530718,8.377580409573),.UNSPECIFIED.) CURVE() 
GEOMETRIC_REPRESENTATION_ITEM() RATIONAL_B_SPLINE_CURVE((1.,0.5,1.,0.5,
1.,0.5,1.)) REPRESENTATION_ITEM('') );
#4248 = CARTESIAN_POINT('',(0.5,-1.42108547152E-14));
#4249 = CARTESIAN_POINT('',(0.5,-0.866025403784));
#4250 = CARTESIAN_POINT('',(-0.25,-0.433012701892));
#4251 = CARTESIAN_POINT('',(-1.,-1.433331939512E-14));
#4252 = CARTESIAN_POINT('',(-0.25,0.433012701892));
#4253 = CARTESIAN_POINT('',(0.5,0.866025403784));
#4254 = CARTESIAN_POINT('',(0.5,-1.42108547152E-14));
#4255 = ( GEOMETRIC_REPRESENTATION_CONTEXT(2) 
PARAMETRIC_REPRESENTATION_CONTEXT() REPRESENTATION_CONTEXT('2D SPACE',''
  ) );
#4256 = PCURVE('',#4257,#4262);
#4257 = CYLINDRICAL_SURFACE('',#4258,0.5);
#4258 = AXIS2_PLACEMENT_3D('',#4259,#4260,#4261);
#4259 = CARTESIAN_POINT('',(17.,65.5,1.7));
#4260 = DIRECTION('',(-0.,-0.,-1.));
#4261 = DIRECTION('',(1.,0.,0.));
#4262 = DEFINITIONAL_REPRESENTATION('',(#4263),#4267);
#4263 = LINE('',#4264,#4265);
#4264 = CARTESIAN_POINT('',(-6.28318530718,-3.3));
#4265 = VECTOR('',#4266,1.);
#4266 = DIRECTION('',(1.,-0.));
#4267 = ( GEOMETRIC_REPRESENTATION_CONTEXT(2) 
PARAMETRIC_REPRESENTATION_CONTEXT() REPRESENTATION_CONTEXT('2D SPACE',''
  ) );
#4268 = ADVANCED_FACE('',(#4269,#4272),#3924,.T.);
#4269 = FACE_BOUND('',#4270,.T.);
#4270 = EDGE_LOOP('',(#4271));
#4271 = ORIENTED_EDGE('',*,*,#3909,.T.);
#4272 = FACE_BOUND('',#4273,.T.);
#4273 = EDGE_LOOP('',(#4274));
#4274 = ORIENTED_EDGE('',*,*,#4275,.T.);
#4275 = EDGE_CURVE('',#4276,#4276,#4278,.T.);
#4276 = VERTEX_POINT('',#4277);
#4277 = CARTESIAN_POINT('',(24.,65.5,5.));
#4278 = SURFACE_CURVE('',#4279,(#4284,#4295),.PCURVE_S1.);
#4279 = CIRCLE('',#4280,0.5);
#4280 = AXIS2_PLACEMENT_3D('',#4281,#4282,#4283);
#4281 = CARTESIAN_POINT('',(23.5,65.5,5.));
#4282 = DIRECTION('',(0.,0.,-1.));
#4283 = DIRECTION('',(1.,0.,0.));
#4284 = PCURVE('',#3924,#4285);
#4285 = DEFINITIONAL_REPRESENTATION('',(#4286),#4294);
#4286 = ( BOUNDED_CURVE() B_SPLINE_CURVE(2,(#4287,#4288,#4289,#4290,
#4291,#4292,#4293),.UNSPECIFIED.,.T.,.F.) B_SPLINE_CURVE_WITH_KNOTS((1,2
    ,2,2,2,1),(-2.094395102393,0.,2.094395102393,4.188790204786,
6.28318530718,8.377580409573),.UNSPECIFIED.) CURVE() 
GEOMETRIC_REPRESENTATION_ITEM() RATIONAL_B_SPLINE_CURVE((1.,0.5,1.,0.5,
1.,0.5,1.)) REPRESENTATION_ITEM('') );
#4287 = CARTESIAN_POINT('',(0.5,0.));
#4288 = CARTESIAN_POINT('',(0.5,-0.866025403784));
#4289 = CARTESIAN_POINT('',(-0.25,-0.433012701892));
#4290 = CARTESIAN_POINT('',(-1.,-1.224646799147E-16));
#4291 = CARTESIAN_POINT('',(-0.25,0.433012701892));
#4292 = CARTESIAN_POINT('',(0.5,0.866025403784));
#4293 = CARTESIAN_POINT('',(0.5,0.));
#4294 = ( GEOMETRIC_REPRESENTATION_CONTEXT(2) 
PARAMETRIC_REPRESENTATION_CONTEXT() REPRESENTATION_CONTEXT('2D SPACE',''
  ) );
#4295 = PCURVE('',#4296,#4301);
#4296 = CYLINDRICAL_SURFACE('',#4297,0.5);
#4297 = AXIS2_PLACEMENT_3D('',#4298,#4299,#4300);
#4298 = CARTESIAN_POINT('',(23.5,65.5,1.7));
#4299 = DIRECTION('',(-0.,-0.,-1.));
#4300 = DIRECTION('',(1.,0.,0.));
#4301 = DEFINITIONAL_REPRESENTATION('',(#4302),#4306);
#4302 = LINE('',#4303,#4304);
#4303 = CARTESIAN_POINT('',(-6.28318530718,-3.3));
#4304 = VECTOR('',#4305,1.);
#4305 = DIRECTION('',(1.,-0.));
#4306 = ( GEOMETRIC_REPRESENTATION_CONTEXT(2) 
PARAMETRIC_REPRESENTATION_CONTEXT() REPRESENTATION_CONTEXT('2D SPACE',''
  ) );
#4307 = ADVANCED_FACE('',(#4308,#4311),#3979,.T.);
#4308 = FACE_BOUND('',#4309,.T.);
#4309 = EDGE_LOOP('',(#4310));
#4310 = ORIENTED_EDGE('',*,*,#3964,.T.);
#4311 = FACE_BOUND('',#4312,.T.);
#4312 = EDGE_LOOP('',(#4313));
#4313 = ORIENTED_EDGE('',*,*,#4314,.T.);
#4314 = EDGE_CURVE('',#4315,#4315,#4317,.T.);
#4315 = VERTEX_POINT('',#4316);
#4316 = CARTESIAN_POINT('',(66.5,65.5,5.));
#4317 = SURFACE_CURVE('',#4318,(#4323,#4334),.PCURVE_S1.);
#4318 = CIRCLE('',#4319,0.5);
#4319 = AXIS2_PLACEMENT_3D('',#4320,#4321,#4322);
#4320 = CARTESIAN_POINT('',(66.,65.5,5.));
#4321 = DIRECTION('',(0.,0.,-1.));
#4322 = DIRECTION('',(1.,0.,0.));
#4323 = PCURVE('',#3979,#4324);
#4324 = DEFINITIONAL_REPRESENTATION('',(#4325),#4333);
#4325 = ( BOUNDED_CURVE() B_SPLINE_CURVE(2,(#4326,#4327,#4328,#4329,
#4330,#4331,#4332),.UNSPECIFIED.,.T.,.F.) B_SPLINE_CURVE_WITH_KNOTS((1,2
    ,2,2,2,1),(-2.094395102393,0.,2.094395102393,4.188790204786,
6.28318530718,8.377580409573),.UNSPECIFIED.) CURVE() 
GEOMETRIC_REPRESENTATION_ITEM() RATIONAL_B_SPLINE_CURVE((1.,0.5,1.,0.5,
1.,0.5,1.)) REPRESENTATION_ITEM('') );
#4326 = CARTESIAN_POINT('',(0.5,0.));
#4327 = CARTESIAN_POINT('',(0.5,-0.866025403784));
#4328 = CARTESIAN_POINT('',(-0.25,-0.433012701892));
#4329 = CARTESIAN_POINT('',(-1.,-1.224646799147E-16));
#4330 = CARTESIAN_POINT('',(-0.25,0.433012701892));
#4331 = CARTESIAN_POINT('',(0.5,0.866025403784));
#4332 = CARTESIAN_POINT('',(0.5,0.));
#4333 = ( GEOMETRIC_REPRESENTATION_CONTEXT(2) 
PARAMETRIC_REPRESENTATION_CONTEXT() REPRESENTATION_CONTEXT('2D SPACE',''
  ) );
#4334 = PCURVE('',#4335,#4340);
#4335 = CYLINDRICAL_SURFACE('',#4336,0.5);
#4336 = AXIS2_PLACEMENT_3D('',#4337,#4338,#4339);
#4337 = CARTESIAN_POINT('',(66.,65.5,1.7));
#4338 = DIRECTION('',(-0.,-0.,-1.));
#4339 = DIRECTION('',(1.,0.,0.));
#4340 = DEFINITIONAL_REPRESENTATION('',(#4341),#4345);
#4341 = LINE('',#4342,#4343);
#4342 = CARTESIAN_POINT('',(-6.28318530718,-3.3));
#4343 = VECTOR('',#4344,1.);
#4344 = DIRECTION('',(1.,-0.));
#4345 = ( GEOMETRIC_REPRESENTATION_CONTEXT(2) 
PARAMETRIC_REPRESENTATION_CONTEXT() REPRESENTATION_CONTEXT('2D SPACE',''
  ) );
#4346 = ADVANCED_FACE('',(#4347,#4350),#4034,.T.);
#4347 = FACE_BOUND('',#4348,.T.);
#4348 = EDGE_LOOP('',(#4349));
#4349 = ORIENTED_EDGE('',*,*,#4019,.T.);
#4350 = FACE_BOUND('',#4351,.T.);
#4351 = EDGE_LOOP('',(#4352));
#4352 = ORIENTED_EDGE('',*,*,#4353,.T.);
#4353 = EDGE_CURVE('',#4354,#4354,#4356,.T.);
#4354 = VERTEX_POINT('',#4355);
#4355 = CARTESIAN_POINT('',(73.,65.5,5.));
#4356 = SURFACE_CURVE('',#4357,(#4362,#4373),.PCURVE_S1.);
#4357 = CIRCLE('',#4358,0.5);
#4358 = AXIS2_PLACEMENT_3D('',#4359,#4360,#4361);
#4359 = CARTESIAN_POINT('',(72.5,65.5,5.));
#4360 = DIRECTION('',(0.,0.,-1.));
#4361 = DIRECTION('',(1.,0.,0.));
#4362 = PCURVE('',#4034,#4363);
#4363 = DEFINITIONAL_REPRESENTATION('',(#4364),#4372);
#4364 = ( BOUNDED_CURVE() B_SPLINE_CURVE(2,(#4365,#4366,#4367,#4368,
#4369,#4370,#4371),.UNSPECIFIED.,.T.,.F.) B_SPLINE_CURVE_WITH_KNOTS((1,2
    ,2,2,2,1),(-2.094395102393,0.,2.094395102393,4.188790204786,
6.28318530718,8.377580409573),.UNSPECIFIED.) CURVE() 
GEOMETRIC_REPRESENTATION_ITEM() RATIONAL_B_SPLINE_CURVE((1.,0.5,1.,0.5,
1.,0.5,1.)) REPRESENTATION_ITEM('') );
#4365 = CARTESIAN_POINT('',(0.5,0.));
#4366 = CARTESIAN_POINT('',(0.5,-0.866025403784));
#4367 = CARTESIAN_POINT('',(-0.25,-0.433012701892));
#4368 = CARTESIAN_POINT('',(-1.,-1.224646799147E-16));
#4369 = CARTESIAN_POINT('',(-0.25,0.433012701892));
#4370 = CARTESIAN_POINT('',(0.5,0.866025403784));
#4371 = CARTESIAN_POINT('',(0.5,0.));
#4372 = ( GEOMETRIC_REPRESENTATION_CONTEXT(2) 
PARAMETRIC_REPRESENTATION_CONTEXT() REPRESENTATION_CONTEXT('2D SPACE',''
  ) );
#4373 = PCURVE('',#4374,#4379);
#4374 = CYLINDRICAL_SURFACE('',#4375,0.5);
#4375 = AXIS2_PLACEMENT_3D('',#4376,#4377,#4378);
#4376 = CARTESIAN_POINT('',(72.5,65.5,1.7));
#4377 = DIRECTION('',(-0.,-0.,-1.));
#4378 = DIRECTION('',(1.,0.,0.));
#4379 = DEFINITIONAL_REPRESENTATION('',(#4380),#4384);
#4380 = LINE('',#4381,#4382);
#4381 = CARTESIAN_POINT('',(-6.28318530718,-3.3));
#4382 = VECTOR('',#4383,1.);
#4383 = DIRECTION('',(1.,-0.));
#4384 = ( GEOMETRIC_REPRESENTATION_CONTEXT(2) 
PARAMETRIC_REPRESENTATION_CONTEXT() REPRESENTATION_CONTEXT('2D SPACE',''
  ) );
#4385 = ADVANCED_FACE('',(#4386),#4101,.F.);
#4386 = FACE_BOUND('',#4387,.T.);
#4387 = EDGE_LOOP('',(#4388,#4417,#4438,#4439));
#4388 = ORIENTED_EDGE('',*,*,#4389,.F.);
#4389 = EDGE_CURVE('',#4390,#4390,#4392,.T.);
#4390 = VERTEX_POINT('',#4391);
#4391 = CARTESIAN_POINT('',(17.5,7.5,1.7));
#4392 = SURFACE_CURVE('',#4393,(#4398,#4405),.PCURVE_S1.);
#4393 = CIRCLE('',#4394,0.5);
#4394 = AXIS2_PLACEMENT_3D('',#4395,#4396,#4397);
#4395 = CARTESIAN_POINT('',(17.,7.5,1.7));
#4396 = DIRECTION('',(0.,0.,1.));
#4397 = DIRECTION('',(1.,0.,0.));
#4398 = PCURVE('',#4101,#4399);
#4399 = DEFINITIONAL_REPRESENTATION('',(#4400),#4404);
#4400 = LINE('',#4401,#4402);
#4401 = CARTESIAN_POINT('',(-0.,0.));
#4402 = VECTOR('',#4403,1.);
#4403 = DIRECTION('',(-1.,0.));
#4404 = ( GEOMETRIC_REPRESENTATION_CONTEXT(2) 
PARAMETRIC_REPRESENTATION_CONTEXT() REPRESENTATION_CONTEXT('2D SPACE',''
  ) );
#4405 = PCURVE('',#4406,#4411);
#4406 = PLANE('',#4407);
#4407 = AXIS2_PLACEMENT_3D('',#4408,#4409,#4410);
#4408 = CARTESIAN_POINT('',(17.,7.5,1.7));
#4409 = DIRECTION('',(0.,0.,1.));
#4410 = DIRECTION('',(1.,0.,-0.));
#4411 = DEFINITIONAL_REPRESENTATION('',(#4412),#4416);
#4412 = CIRCLE('',#4413,0.5);
#4413 = AXIS2_PLACEMENT_2D('',#4414,#4415);
#4414 = CARTESIAN_POINT('',(0.,-8.881784197001E-16));
#4415 = DIRECTION('',(1.,0.));
#4416 = ( GEOMETRIC_REPRESENTATION_CONTEXT(2) 
PARAMETRIC_REPRESENTATION_CONTEXT() REPRESENTATION_CONTEXT('2D SPACE',''
  ) );
#4417 = ORIENTED_EDGE('',*,*,#4418,.T.);
#4418 = EDGE_CURVE('',#4390,#4081,#4419,.T.);
#4419 = SEAM_CURVE('',#4420,(#4424,#4431),.PCURVE_S1.);
#4420 = LINE('',#4421,#4422);
#4421 = CARTESIAN_POINT('',(17.5,7.5,1.7));
#4422 = VECTOR('',#4423,1.);
#4423 = DIRECTION('',(0.,0.,1.));
#4424 = PCURVE('',#4101,#4425);
#4425 = DEFINITIONAL_REPRESENTATION('',(#4426),#4430);
#4426 = LINE('',#4427,#4428);
#4427 = CARTESIAN_POINT('',(-6.28318530718,0.));
#4428 = VECTOR('',#4429,1.);
#4429 = DIRECTION('',(-0.,-1.));
#4430 = ( GEOMETRIC_REPRESENTATION_CONTEXT(2) 
PARAMETRIC_REPRESENTATION_CONTEXT() REPRESENTATION_CONTEXT('2D SPACE',''
  ) );
#4431 = PCURVE('',#4101,#4432);
#4432 = DEFINITIONAL_REPRESENTATION('',(#4433),#4437);
#4433 = LINE('',#4434,#4435);
#4434 = CARTESIAN_POINT('',(-0.,0.));
#4435 = VECTOR('',#4436,1.);
#4436 = DIRECTION('',(-0.,-1.));
#4437 = ( GEOMETRIC_REPRESENTATION_CONTEXT(2) 
PARAMETRIC_REPRESENTATION_CONTEXT() REPRESENTATION_CONTEXT('2D SPACE',''
  ) );
#4438 = ORIENTED_EDGE('',*,*,#4080,.F.);
#4439 = ORIENTED_EDGE('',*,*,#4418,.F.);
#4440 = ADVANCED_FACE('',(#4441),#4140,.F.);
#4441 = FACE_BOUND('',#4442,.T.);
#4442 = EDGE_LOOP('',(#4443,#4472,#4493,#4494));
#4443 = ORIENTED_EDGE('',*,*,#4444,.F.);
#4444 = EDGE_CURVE('',#4445,#4445,#4447,.T.);
#4445 = VERTEX_POINT('',#4446);
#4446 = CARTESIAN_POINT('',(24.,7.5,1.7));
#4447 = SURFACE_CURVE('',#4448,(#4453,#4460),.PCURVE_S1.);
#4448 = CIRCLE('',#4449,0.5);
#4449 = AXIS2_PLACEMENT_3D('',#4450,#4451,#4452);
#4450 = CARTESIAN_POINT('',(23.5,7.5,1.7));
#4451 = DIRECTION('',(0.,0.,1.));
#4452 = DIRECTION('',(1.,0.,0.));
#4453 = PCURVE('',#4140,#4454);
#4454 = DEFINITIONAL_REPRESENTATION('',(#4455),#4459);
#4455 = LINE('',#4456,#4457);
#4456 = CARTESIAN_POINT('',(-0.,0.));
#4457 = VECTOR('',#4458,1.);
#4458 = DIRECTION('',(-1.,0.));
#4459 = ( GEOMETRIC_REPRESENTATION_CONTEXT(2) 
PARAMETRIC_REPRESENTATION_CONTEXT() REPRESENTATION_CONTEXT('2D SPACE',''
  ) );
#4460 = PCURVE('',#4461,#4466);
#4461 = PLANE('',#4462);
#4462 = AXIS2_PLACEMENT_3D('',#4463,#4464,#4465);
#4463 = CARTESIAN_POINT('',(23.5,7.5,1.7));
#4464 = DIRECTION('',(0.,0.,1.));
#4465 = DIRECTION('',(1.,0.,-0.));
#4466 = DEFINITIONAL_REPRESENTATION('',(#4467),#4471);
#4467 = CIRCLE('',#4468,0.5);
#4468 = AXIS2_PLACEMENT_2D('',#4469,#4470);
#4469 = CARTESIAN_POINT('',(0.,-8.881784197001E-16));
#4470 = DIRECTION('',(1.,0.));
#4471 = ( GEOMETRIC_REPRESENTATION_CONTEXT(2) 
PARAMETRIC_REPRESENTATION_CONTEXT() REPRESENTATION_CONTEXT('2D SPACE',''
  ) );
#4472 = ORIENTED_EDGE('',*,*,#4473,.T.);
#4473 = EDGE_CURVE('',#4445,#4120,#4474,.T.);
#4474 = SEAM_CURVE('',#4475,(#4479,#4486),.PCURVE_S1.);
#4475 = LINE('',#4476,#4477);
#4476 = CARTESIAN_POINT('',(24.,7.5,1.7));
#4477 = VECTOR('',#4478,1.);
#4478 = DIRECTION('',(0.,0.,1.));
#4479 = PCURVE('',#4140,#4480);
#4480 = DEFINITIONAL_REPRESENTATION('',(#4481),#4485);
#4481 = LINE('',#4482,#4483);
#4482 = CARTESIAN_POINT('',(-6.28318530718,0.));
#4483 = VECTOR('',#4484,1.);
#4484 = DIRECTION('',(-0.,-1.));
#4485 = ( GEOMETRIC_REPRESENTATION_CONTEXT(2) 
PARAMETRIC_REPRESENTATION_CONTEXT() REPRESENTATION_CONTEXT('2D SPACE',''
  ) );
#4486 = PCURVE('',#4140,#4487);
#4487 = DEFINITIONAL_REPRESENTATION('',(#4488),#4492);
#4488 = LINE('',#4489,#4490);
#4489 = CARTESIAN_POINT('',(-0.,0.));
#4490 = VECTOR('',#4491,1.);
#4491 = DIRECTION('',(-0.,-1.));
#4492 = ( GEOMETRIC_REPRESENTATION_CONTEXT(2) 
PARAMETRIC_REPRESENTATION_CONTEXT() REPRESENTATION_CONTEXT('2D SPACE',''
  ) );
#4493 = ORIENTED_EDGE('',*,*,#4119,.F.);
#4494 = ORIENTED_EDGE('',*,*,#4473,.F.);
#4495 = ADVANCED_FACE('',(#4496),#4179,.F.);
#4496 = FACE_BOUND('',#4497,.T.);
#4497 = EDGE_LOOP('',(#4498,#4527,#4548,#4549));
#4498 = ORIENTED_EDGE('',*,*,#4499,.F.);
#4499 = EDGE_CURVE('',#4500,#4500,#4502,.T.);
#4500 = VERTEX_POINT('',#4501);
#4501 = CARTESIAN_POINT('',(66.5,7.5,1.7));
#4502 = SURFACE_CURVE('',#4503,(#4508,#4515),.PCURVE_S1.);
#4503 = CIRCLE('',#4504,0.5);
#4504 = AXIS2_PLACEMENT_3D('',#4505,#4506,#4507);
#4505 = CARTESIAN_POINT('',(66.,7.5,1.7));
#4506 = DIRECTION('',(0.,0.,1.));
#4507 = DIRECTION('',(1.,0.,0.));
#4508 = PCURVE('',#4179,#4509);
#4509 = DEFINITIONAL_REPRESENTATION('',(#4510),#4514);
#4510 = LINE('',#4511,#4512);
#4511 = CARTESIAN_POINT('',(-0.,0.));
#4512 = VECTOR('',#4513,1.);
#4513 = DIRECTION('',(-1.,0.));
#4514 = ( GEOMETRIC_REPRESENTATION_CONTEXT(2) 
PARAMETRIC_REPRESENTATION_CONTEXT() REPRESENTATION_CONTEXT('2D SPACE',''
  ) );
#4515 = PCURVE('',#4516,#4521);
#4516 = PLANE('',#4517);
#4517 = AXIS2_PLACEMENT_3D('',#4518,#4519,#4520);
#4518 = CARTESIAN_POINT('',(66.,7.5,1.7));
#4519 = DIRECTION('',(0.,0.,1.));
#4520 = DIRECTION('',(1.,0.,-0.));
#4521 = DEFINITIONAL_REPRESENTATION('',(#4522),#4526);
#4522 = CIRCLE('',#4523,0.5);
#4523 = AXIS2_PLACEMENT_2D('',#4524,#4525);
#4524 = CARTESIAN_POINT('',(0.,-8.881784197001E-16));
#4525 = DIRECTION('',(1.,0.));
#4526 = ( GEOMETRIC_REPRESENTATION_CONTEXT(2) 
PARAMETRIC_REPRESENTATION_CONTEXT() REPRESENTATION_CONTEXT('2D SPACE',''
  ) );
#4527 = ORIENTED_EDGE('',*,*,#4528,.T.);
#4528 = EDGE_CURVE('',#4500,#4159,#4529,.T.);
#4529 = SEAM_CURVE('',#4530,(#4534,#4541),.PCURVE_S1.);
#4530 = LINE('',#4531,#4532);
#4531 = CARTESIAN_POINT('',(66.5,7.5,1.7));
#4532 = VECTOR('',#4533,1.);
#4533 = DIRECTION('',(0.,0.,1.));
#4534 = PCURVE('',#4179,#4535);
#4535 = DEFINITIONAL_REPRESENTATION('',(#4536),#4540);
#4536 = LINE('',#4537,#4538);
#4537 = CARTESIAN_POINT('',(-6.28318530718,0.));
#4538 = VECTOR('',#4539,1.);
#4539 = DIRECTION('',(-0.,-1.));
#4540 = ( GEOMETRIC_REPRESENTATION_CONTEXT(2) 
PARAMETRIC_REPRESENTATION_CONTEXT() REPRESENTATION_CONTEXT('2D SPACE',''
  ) );
#4541 = PCURVE('',#4179,#4542);
#4542 = DEFINITIONAL_REPRESENTATION('',(#4543),#4547);
#4543 = LINE('',#4544,#4545);
#4544 = CARTESIAN_POINT('',(-0.,0.));
#4545 = VECTOR('',#4546,1.);
#4546 = DIRECTION('',(-0.,-1.));
#4547 = ( GEOMETRIC_REPRESENTATION_CONTEXT(2) 
PARAMETRIC_REPRESENTATION_CONTEXT() REPRESENTATION_CONTEXT('2D SPACE',''
  ) );
#4548 = ORIENTED_EDGE('',*,*,#4158,.F.);
#4549 = ORIENTED_EDGE('',*,*,#4528,.F.);
#4550 = ADVANCED_FACE('',(#4551),#4218,.F.);
#4551 = FACE_BOUND('',#4552,.T.);
#4552 = EDGE_LOOP('',(#4553,#4582,#4603,#4604));
#4553 = ORIENTED_EDGE('',*,*,#4554,.F.);
#4554 = EDGE_CURVE('',#4555,#4555,#4557,.T.);
#4555 = VERTEX_POINT('',#4556);
#4556 = CARTESIAN_POINT('',(73.,7.5,1.7));
#4557 = SURFACE_CURVE('',#4558,(#4563,#4570),.PCURVE_S1.);
#4558 = CIRCLE('',#4559,0.5);
#4559 = AXIS2_PLACEMENT_3D('',#4560,#4561,#4562);
#4560 = CARTESIAN_POINT('',(72.5,7.5,1.7));
#4561 = DIRECTION('',(0.,0.,1.));
#4562 = DIRECTION('',(1.,0.,0.));
#4563 = PCURVE('',#4218,#4564);
#4564 = DEFINITIONAL_REPRESENTATION('',(#4565),#4569);
#4565 = LINE('',#4566,#4567);
#4566 = CARTESIAN_POINT('',(-0.,0.));
#4567 = VECTOR('',#4568,1.);
#4568 = DIRECTION('',(-1.,0.));
#4569 = ( GEOMETRIC_REPRESENTATION_CONTEXT(2) 
PARAMETRIC_REPRESENTATION_CONTEXT() REPRESENTATION_CONTEXT('2D SPACE',''
  ) );
#4570 = PCURVE('',#4571,#4576);
#4571 = PLANE('',#4572);
#4572 = AXIS2_PLACEMENT_3D('',#4573,#4574,#4575);
#4573 = CARTESIAN_POINT('',(72.5,7.5,1.7));
#4574 = DIRECTION('',(0.,0.,1.));
#4575 = DIRECTION('',(1.,0.,-0.));
#4576 = DEFINITIONAL_REPRESENTATION('',(#4577),#4581);
#4577 = CIRCLE('',#4578,0.5);
#4578 = AXIS2_PLACEMENT_2D('',#4579,#4580);
#4579 = CARTESIAN_POINT('',(0.,-8.881784197001E-16));
#4580 = DIRECTION('',(1.,0.));
#4581 = ( GEOMETRIC_REPRESENTATION_CONTEXT(2) 
PARAMETRIC_REPRESENTATION_CONTEXT() REPRESENTATION_CONTEXT('2D SPACE',''
  ) );
#4582 = ORIENTED_EDGE('',*,*,#4583,.T.);
#4583 = EDGE_CURVE('',#4555,#4198,#4584,.T.);
#4584 = SEAM_CURVE('',#4585,(#4589,#4596),.PCURVE_S1.);
#4585 = LINE('',#4586,#4587);
#4586 = CARTESIAN_POINT('',(73.,7.5,1.7));
#4587 = VECTOR('',#4588,1.);
#4588 = DIRECTION('',(0.,0.,1.));
#4589 = PCURVE('',#4218,#4590);
#4590 = DEFINITIONAL_REPRESENTATION('',(#4591),#4595);
#4591 = LINE('',#4592,#4593);
#4592 = CARTESIAN_POINT('',(-6.28318530718,0.));
#4593 = VECTOR('',#4594,1.);
#4594 = DIRECTION('',(-0.,-1.));
#4595 = ( GEOMETRIC_REPRESENTATION_CONTEXT(2) 
PARAMETRIC_REPRESENTATION_CONTEXT() REPRESENTATION_CONTEXT('2D SPACE',''
  ) );
#4596 = PCURVE('',#4218,#4597);
#4597 = DEFINITIONAL_REPRESENTATION('',(#4598),#4602);
#4598 = LINE('',#4599,#4600);
#4599 = CARTESIAN_POINT('',(-0.,0.));
#4600 = VECTOR('',#4601,1.);
#4601 = DIRECTION('',(-0.,-1.));
#4602 = ( GEOMETRIC_REPRESENTATION_CONTEXT(2) 
PARAMETRIC_REPRESENTATION_CONTEXT() REPRESENTATION_CONTEXT('2D SPACE',''
  ) );
#4603 = ORIENTED_EDGE('',*,*,#4197,.F.);
#4604 = ORIENTED_EDGE('',*,*,#4583,.F.);
#4605 = ADVANCED_FACE('',(#4606),#4257,.F.);
#4606 = FACE_BOUND('',#4607,.T.);
#4607 = EDGE_LOOP('',(#4608,#4637,#4658,#4659));
#4608 = ORIENTED_EDGE('',*,*,#4609,.F.);
#4609 = EDGE_CURVE('',#4610,#4610,#4612,.T.);
#4610 = VERTEX_POINT('',#4611);
#4611 = CARTESIAN_POINT('',(17.5,65.5,1.7));
#4612 = SURFACE_CURVE('',#4613,(#4618,#4625),.PCURVE_S1.);
#4613 = CIRCLE('',#4614,0.5);
#4614 = AXIS2_PLACEMENT_3D('',#4615,#4616,#4617);
#4615 = CARTESIAN_POINT('',(17.,65.5,1.7));
#4616 = DIRECTION('',(0.,0.,1.));
#4617 = DIRECTION('',(1.,0.,0.));
#4618 = PCURVE('',#4257,#4619);
#4619 = DEFINITIONAL_REPRESENTATION('',(#4620),#4624);
#4620 = LINE('',#4621,#4622);
#4621 = CARTESIAN_POINT('',(-0.,0.));
#4622 = VECTOR('',#4623,1.);
#4623 = DIRECTION('',(-1.,0.));
#4624 = ( GEOMETRIC_REPRESENTATION_CONTEXT(2) 
PARAMETRIC_REPRESENTATION_CONTEXT() REPRESENTATION_CONTEXT('2D SPACE',''
  ) );
#4625 = PCURVE('',#4626,#4631);
#4626 = PLANE('',#4627);
#4627 = AXIS2_PLACEMENT_3D('',#4628,#4629,#4630);
#4628 = CARTESIAN_POINT('',(17.,65.5,1.7));
#4629 = DIRECTION('',(0.,0.,1.));
#4630 = DIRECTION('',(1.,0.,-0.));
#4631 = DEFINITIONAL_REPRESENTATION('',(#4632),#4636);
#4632 = CIRCLE('',#4633,0.5);
#4633 = AXIS2_PLACEMENT_2D('',#4634,#4635);
#4634 = CARTESIAN_POINT('',(0.,0.));
#4635 = DIRECTION('',(1.,0.));
#4636 = ( GEOMETRIC_REPRESENTATION_CONTEXT(2) 
PARAMETRIC_REPRESENTATION_CONTEXT() REPRESENTATION_CONTEXT('2D SPACE',''
  ) );
#4637 = ORIENTED_EDGE('',*,*,#4638,.T.);
#4638 = EDGE_CURVE('',#4610,#4237,#4639,.T.);
#4639 = SEAM_CURVE('',#4640,(#4644,#4651),.PCURVE_S1.);
#4640 = LINE('',#4641,#4642);
#4641 = CARTESIAN_POINT('',(17.5,65.5,1.7));
#4642 = VECTOR('',#4643,1.);
#4643 = DIRECTION('',(0.,0.,1.));
#4644 = PCURVE('',#4257,#4645);
#4645 = DEFINITIONAL_REPRESENTATION('',(#4646),#4650);
#4646 = LINE('',#4647,#4648);
#4647 = CARTESIAN_POINT('',(-6.28318530718,0.));
#4648 = VECTOR('',#4649,1.);
#4649 = DIRECTION('',(-0.,-1.));
#4650 = ( GEOMETRIC_REPRESENTATION_CONTEXT(2) 
PARAMETRIC_REPRESENTATION_CONTEXT() REPRESENTATION_CONTEXT('2D SPACE',''
  ) );
#4651 = PCURVE('',#4257,#4652);
#4652 = DEFINITIONAL_REPRESENTATION('',(#4653),#4657);
#4653 = LINE('',#4654,#4655);
#4654 = CARTESIAN_POINT('',(-0.,0.));
#4655 = VECTOR('',#4656,1.);
#4656 = DIRECTION('',(-0.,-1.));
#4657 = ( GEOMETRIC_REPRESENTATION_CONTEXT(2) 
PARAMETRIC_REPRESENTATION_CONTEXT() REPRESENTATION_CONTEXT('2D SPACE',''
  ) );
#4658 = ORIENTED_EDGE('',*,*,#4236,.F.);
#4659 = ORIENTED_EDGE('',*,*,#4638,.F.);
#4660 = ADVANCED_FACE('',(#4661),#4296,.F.);
#4661 = FACE_BOUND('',#4662,.T.);
#4662 = EDGE_LOOP('',(#4663,#4692,#4713,#4714));
#4663 = ORIENTED_EDGE('',*,*,#4664,.F.);
#4664 = EDGE_CURVE('',#4665,#4665,#4667,.T.);
#4665 = VERTEX_POINT('',#4666);
#4666 = CARTESIAN_POINT('',(24.,65.5,1.7));
#4667 = SURFACE_CURVE('',#4668,(#4673,#4680),.PCURVE_S1.);
#4668 = CIRCLE('',#4669,0.5);
#4669 = AXIS2_PLACEMENT_3D('',#4670,#4671,#4672);
#4670 = CARTESIAN_POINT('',(23.5,65.5,1.7));
#4671 = DIRECTION('',(0.,0.,1.));
#4672 = DIRECTION('',(1.,0.,0.));
#4673 = PCURVE('',#4296,#4674);
#4674 = DEFINITIONAL_REPRESENTATION('',(#4675),#4679);
#4675 = LINE('',#4676,#4677);
#4676 = CARTESIAN_POINT('',(-0.,0.));
#4677 = VECTOR('',#4678,1.);
#4678 = DIRECTION('',(-1.,0.));
#4679 = ( GEOMETRIC_REPRESENTATION_CONTEXT(2) 
PARAMETRIC_REPRESENTATION_CONTEXT() REPRESENTATION_CONTEXT('2D SPACE',''
  ) );
#4680 = PCURVE('',#4681,#4686);
#4681 = PLANE('',#4682);
#4682 = AXIS2_PLACEMENT_3D('',#4683,#4684,#4685);
#4683 = CARTESIAN_POINT('',(23.5,65.5,1.7));
#4684 = DIRECTION('',(0.,0.,1.));
#4685 = DIRECTION('',(1.,0.,-0.));
#4686 = DEFINITIONAL_REPRESENTATION('',(#4687),#4691);
#4687 = CIRCLE('',#4688,0.5);
#4688 = AXIS2_PLACEMENT_2D('',#4689,#4690);
#4689 = CARTESIAN_POINT('',(0.,0.));
#4690 = DIRECTION('',(1.,0.));
#4691 = ( GEOMETRIC_REPRESENTATION_CONTEXT(2) 
PARAMETRIC_REPRESENTATION_CONTEXT() REPRESENTATION_CONTEXT('2D SPACE',''
  ) );
#4692 = ORIENTED_EDGE('',*,*,#4693,.T.);
#4693 = EDGE_CURVE('',#4665,#4276,#4694,.T.);
#4694 = SEAM_CURVE('',#4695,(#4699,#4706),.PCURVE_S1.);
#4695 = LINE('',#4696,#4697);
#4696 = CARTESIAN_POINT('',(24.,65.5,1.7));
#4697 = VECTOR('',#4698,1.);
#4698 = DIRECTION('',(0.,0.,1.));
#4699 = PCURVE('',#4296,#4700);
#4700 = DEFINITIONAL_REPRESENTATION('',(#4701),#4705);
#4701 = LINE('',#4702,#4703);
#4702 = CARTESIAN_POINT('',(-6.28318530718,0.));
#4703 = VECTOR('',#4704,1.);
#4704 = DIRECTION('',(-0.,-1.));
#4705 = ( GEOMETRIC_REPRESENTATION_CONTEXT(2) 
PARAMETRIC_REPRESENTATION_CONTEXT() REPRESENTATION_CONTEXT('2D SPACE',''
  ) );
#4706 = PCURVE('',#4296,#4707);
#4707 = DEFINITIONAL_REPRESENTATION('',(#4708),#4712);
#4708 = LINE('',#4709,#4710);
#4709 = CARTESIAN_POINT('',(-0.,0.));
#4710 = VECTOR('',#4711,1.);
#4711 = DIRECTION('',(-0.,-1.));
#4712 = ( GEOMETRIC_REPRESENTATION_CONTEXT(2) 
PARAMETRIC_REPRESENTATION_CONTEXT() REPRESENTATION_CONTEXT('2D SPACE',''
  ) );
#4713 = ORIENTED_EDGE('',*,*,#4275,.F.);
#4714 = ORIENTED_EDGE('',*,*,#4693,.F.);
#4715 = ADVANCED_FACE('',(#4716),#4335,.F.);
#4716 = FACE_BOUND('',#4717,.T.);
#4717 = EDGE_LOOP('',(#4718,#4747,#4768,#4769));
#4718 = ORIENTED_EDGE('',*,*,#4719,.F.);
#4719 = EDGE_CURVE('',#4720,#4720,#4722,.T.);
#4720 = VERTEX_POINT('',#4721);
#4721 = CARTESIAN_POINT('',(66.5,65.5,1.7));
#4722 = SURFACE_CURVE('',#4723,(#4728,#4735),.PCURVE_S1.);
#4723 = CIRCLE('',#4724,0.5);
#4724 = AXIS2_PLACEMENT_3D('',#4725,#4726,#4727);
#4725 = CARTESIAN_POINT('',(66.,65.5,1.7));
#4726 = DIRECTION('',(0.,0.,1.));
#4727 = DIRECTION('',(1.,0.,0.));
#4728 = PCURVE('',#4335,#4729);
#4729 = DEFINITIONAL_REPRESENTATION('',(#4730),#4734);
#4730 = LINE('',#4731,#4732);
#4731 = CARTESIAN_POINT('',(-0.,0.));
#4732 = VECTOR('',#4733,1.);
#4733 = DIRECTION('',(-1.,0.));
#4734 = ( GEOMETRIC_REPRESENTATION_CONTEXT(2) 
PARAMETRIC_REPRESENTATION_CONTEXT() REPRESENTATION_CONTEXT('2D SPACE',''
  ) );
#4735 = PCURVE('',#4736,#4741);
#4736 = PLANE('',#4737);
#4737 = AXIS2_PLACEMENT_3D('',#4738,#4739,#4740);
#4738 = CARTESIAN_POINT('',(66.,65.5,1.7));
#4739 = DIRECTION('',(0.,0.,1.));
#4740 = DIRECTION('',(1.,0.,-0.));
#4741 = DEFINITIONAL_REPRESENTATION('',(#4742),#4746);
#4742 = CIRCLE('',#4743,0.5);
#4743 = AXIS2_PLACEMENT_2D('',#4744,#4745);
#4744 = CARTESIAN_POINT('',(0.,0.));
#4745 = DIRECTION('',(1.,0.));
#4746 = ( GEOMETRIC_REPRESENTATION_CONTEXT(2) 
PARAMETRIC_REPRESENTATION_CONTEXT() REPRESENTATION_CONTEXT('2D SPACE',''
  ) );
#4747 = ORIENTED_EDGE('',*,*,#4748,.T.);
#4748 = EDGE_CURVE('',#4720,#4315,#4749,.T.);
#4749 = SEAM_CURVE('',#4750,(#4754,#4761),.PCURVE_S1.);
#4750 = LINE('',#4751,#4752);
#4751 = CARTESIAN_POINT('',(66.5,65.5,1.7));
#4752 = VECTOR('',#4753,1.);
#4753 = DIRECTION('',(0.,0.,1.));
#4754 = PCURVE('',#4335,#4755);
#4755 = DEFINITIONAL_REPRESENTATION('',(#4756),#4760);
#4756 = LINE('',#4757,#4758);
#4757 = CARTESIAN_POINT('',(-6.28318530718,0.));
#4758 = VECTOR('',#4759,1.);
#4759 = DIRECTION('',(-0.,-1.));
#4760 = ( GEOMETRIC_REPRESENTATION_CONTEXT(2) 
PARAMETRIC_REPRESENTATION_CONTEXT() REPRESENTATION_CONTEXT('2D SPACE',''
  ) );
#4761 = PCURVE('',#4335,#4762);
#4762 = DEFINITIONAL_REPRESENTATION('',(#4763),#4767);
#4763 = LINE('',#4764,#4765);
#4764 = CARTESIAN_POINT('',(-0.,0.));
#4765 = VECTOR('',#4766,1.);
#4766 = DIRECTION('',(-0.,-1.));
#4767 = ( GEOMETRIC_REPRESENTATION_CONTEXT(2) 
PARAMETRIC_REPRESENTATION_CONTEXT() REPRESENTATION_CONTEXT('2D SPACE',''
  ) );
#4768 = ORIENTED_EDGE('',*,*,#4314,.F.);
#4769 = ORIENTED_EDGE('',*,*,#4748,.F.);
#4770 = ADVANCED_FACE('',(#4771),#4374,.F.);
#4771 = FACE_BOUND('',#4772,.T.);
#4772 = EDGE_LOOP('',(#4773,#4802,#4823,#4824));
#4773 = ORIENTED_EDGE('',*,*,#4774,.F.);
#4774 = EDGE_CURVE('',#4775,#4775,#4777,.T.);
#4775 = VERTEX_POINT('',#4776);
#4776 = CARTESIAN_POINT('',(73.,65.5,1.7));
#4777 = SURFACE_CURVE('',#4778,(#4783,#4790),.PCURVE_S1.);
#4778 = CIRCLE('',#4779,0.5);
#4779 = AXIS2_PLACEMENT_3D('',#4780,#4781,#4782);
#4780 = CARTESIAN_POINT('',(72.5,65.5,1.7));
#4781 = DIRECTION('',(0.,0.,1.));
#4782 = DIRECTION('',(1.,0.,0.));
#4783 = PCURVE('',#4374,#4784);
#4784 = DEFINITIONAL_REPRESENTATION('',(#4785),#4789);
#4785 = LINE('',#4786,#4787);
#4786 = CARTESIAN_POINT('',(-0.,0.));
#4787 = VECTOR('',#4788,1.);
#4788 = DIRECTION('',(-1.,0.));
#4789 = ( GEOMETRIC_REPRESENTATION_CONTEXT(2) 
PARAMETRIC_REPRESENTATION_CONTEXT() REPRESENTATION_CONTEXT('2D SPACE',''
  ) );
#4790 = PCURVE('',#4791,#4796);
#4791 = PLANE('',#4792);
#4792 = AXIS2_PLACEMENT_3D('',#4793,#4794,#4795);
#4793 = CARTESIAN_POINT('',(72.5,65.5,1.7));
#4794 = DIRECTION('',(0.,0.,1.));
#4795 = DIRECTION('',(1.,0.,-0.));
#4796 = DEFINITIONAL_REPRESENTATION('',(#4797),#4801);
#4797 = CIRCLE('',#4798,0.5);
#4798 = AXIS2_PLACEMENT_2D('',#4799,#4800);
#4799 = CARTESIAN_POINT('',(0.,0.));
#4800 = DIRECTION('',(1.,0.));
#4801 = ( GEOMETRIC_REPRESENTATION_CONTEXT(2) 
PARAMETRIC_REPRESENTATION_CONTEXT() REPRESENTATION_CONTEXT('2D SPACE',''
  ) );
#4802 = ORIENTED_EDGE('',*,*,#4803,.T.);
#4803 = EDGE_CURVE('',#4775,#4354,#4804,.T.);
#4804 = SEAM_CURVE('',#4805,(#4809,#4816),.PCURVE_S1.);
#4805 = LINE('',#4806,#4807);
#4806 = CARTESIAN_POINT('',(73.,65.5,1.7));
#4807 = VECTOR('',#4808,1.);
#4808 = DIRECTION('',(0.,0.,1.));
#4809 = PCURVE('',#4374,#4810);
#4810 = DEFINITIONAL_REPRESENTATION('',(#4811),#4815);
#4811 = LINE('',#4812,#4813);
#4812 = CARTESIAN_POINT('',(-6.28318530718,0.));
#4813 = VECTOR('',#4814,1.);
#4814 = DIRECTION('',(-0.,-1.));
#4815 = ( GEOMETRIC_REPRESENTATION_CONTEXT(2) 
PARAMETRIC_REPRESENTATION_CONTEXT() REPRESENTATION_CONTEXT('2D SPACE',''
  ) );
#4816 = PCURVE('',#4374,#4817);
#4817 = DEFINITIONAL_REPRESENTATION('',(#4818),#4822);
#4818 = LINE('',#4819,#4820);
#4819 = CARTESIAN_POINT('',(-0.,0.));
#4820 = VECTOR('',#4821,1.);
#4821 = DIRECTION('',(-0.,-1.));
#4822 = ( GEOMETRIC_REPRESENTATION_CONTEXT(2) 
PARAMETRIC_REPRESENTATION_CONTEXT() REPRESENTATION_CONTEXT('2D SPACE',''
  ) );
#4823 = ORIENTED_EDGE('',*,*,#4353,.F.);
#4824 = ORIENTED_EDGE('',*,*,#4803,.F.);
#4825 = ADVANCED_FACE('',(#4826),#4406,.T.);
#4826 = FACE_BOUND('',#4827,.T.);
#4827 = EDGE_LOOP('',(#4828));
#4828 = ORIENTED_EDGE('',*,*,#4389,.T.);
#4829 = ADVANCED_FACE('',(#4830),#4461,.T.);
#4830 = FACE_BOUND('',#4831,.T.);
#4831 = EDGE_LOOP('',(#4832));
#4832 = ORIENTED_EDGE('',*,*,#4444,.T.);
#4833 = ADVANCED_FACE('',(#4834),#4516,.T.);
#4834 = FACE_BOUND('',#4835,.T.);
#4835 = EDGE_LOOP('',(#4836));
#4836 = ORIENTED_EDGE('',*,*,#4499,.T.);
#4837 = ADVANCED_FACE('',(#4838),#4571,.T.);
#4838 = FACE_BOUND('',#4839,.T.);
#4839 = EDGE_LOOP('',(#4840));
#4840 = ORIENTED_EDGE('',*,*,#4554,.T.);
#4841 = ADVANCED_FACE('',(#4842),#4626,.T.);
#4842 = FACE_BOUND('',#4843,.T.);
#4843 = EDGE_LOOP('',(#4844));
#4844 = ORIENTED_EDGE('',*,*,#4609,.T.);
#4845 = ADVANCED_FACE('',(#4846),#4681,.T.);
#4846 = FACE_BOUND('',#4847,.T.);
#4847 = EDGE_LOOP('',(#4848));
#4848 = ORIENTED_EDGE('',*,*,#4664,.T.);
#4849 = ADVANCED_FACE('',(#4850),#4736,.T.);
#4850 = FACE_BOUND('',#4851,.T.);
#4851 = EDGE_LOOP('',(#4852));
#4852 = ORIENTED_EDGE('',*,*,#4719,.T.);
#4853 = ADVANCED_FACE('',(#4854),#4791,.T.);
#4854 = FACE_BOUND('',#4855,.T.);
#4855 = EDGE_LOOP('',(#4856));
#4856 = ORIENTED_EDGE('',*,*,#4774,.T.);
#4857 = ( GEOMETRIC_REPRESENTATION_CONTEXT(3) 
GLOBAL_UNCERTAINTY_ASSIGNED_CONTEXT((#4861)) 
GLOBAL_UNIT_ASSIGNED_CONTEXT((#4858,#4859,#4860)) REPRESENTATION_CONTEXT
('Context #1','3D Context with UNIT and UNCERTAINTY') );
#4858 = ( LENGTH_UNIT() NAMED_UNIT(*) SI_UNIT(.MILLI.,.METRE.) );
#4859 = ( NAMED_UNIT(*) PLANE_ANGLE_UNIT() SI_UNIT($,.RADIAN.) );
#4860 = ( NAMED_UNIT(*) SI_UNIT($,.STERADIAN.) SOLID_ANGLE_UNIT() );
#4861 = UNCERTAINTY_MEASURE_WITH_UNIT(LENGTH_MEASURE(1.E-07),#4858,
  'distance_accuracy_value','confusion accuracy');
#4862 = CONTEXT_DEPENDENT_SHAPE_REPRESENTATION(#4863,#4865);
#4863 = ( REPRESENTATION_RELATIONSHIP('','',#36,#10) 
REPRESENTATION_RELATIONSHIP_WITH_TRANSFORMATION(#4864) 
SHAPE_REPRESENTATION_RELATIONSHIP() );
#4864 = ITEM_DEFINED_TRANSFORMATION('','',#11,#15);
#4865 = PRODUCT_DEFINITION_SHAPE('Placement','Placement of an item',
  #4866);
#4866 = NEXT_ASSEMBLY_USAGE_OCCURRENCE('1','base','',#5,#31,$);
#4867 = PRODUCT_RELATED_PRODUCT_CATEGORY('part',$,(#33));
#4868 = SHAPE_DEFINITION_REPRESENTATION(#4869,#4875);
#4869 = PRODUCT_DEFINITION_SHAPE('','',#4870);
#4870 = PRODUCT_DEFINITION('design','',#4871,#4874);
#4871 = PRODUCT_DEFINITION_FORMATION('','',#4872);
#4872 = PRODUCT('lid','lid','',(#4873));
#4873 = PRODUCT_CONTEXT('',#2,'mechanical');
#4874 = PRODUCT_DEFINITION_CONTEXT('part definition',#2,'design');
#4875 = ADVANCED_BREP_SHAPE_REPRESENTATION('',(#11,#4876),#16059);
#4876 = MANIFOLD_SOLID_BREP('',#4877);
#4877 = CLOSED_SHELL('',(#4878,#6416,#7872,#8041,#8097,#8238,#8402,#8458
    ,#8599,#8998,#9025,#9058,#9141,#9146,#9278,#9355,#9471,#9880,#9934,
    #10017,#10022,#10028,#10108,#10215,#10332,#10379,#10434,#10483,
    #10545,#10572,#10619,#10683,#10732,#10794,#10821,#10868,#10932,
    #10981,#11034,#11080,#11205,#11311,#11358,#11403,#11427,#11434,
    #11479,#11503,#11510,#11555,#11579,#11586,#11631,#11655,#11662,
    #12194,#12242,#12272,#12298,#12303,#12333,#12340,#12366,#12371,
    #12401,#12428,#12537,#12561,#12568,#12702,#13110,#13135,#13544,
    #13550,#13601,#13906,#13936,#14415,#14491,#14567,#14624,#14681,
    #14736,#14791,#14846,#14901,#14956,#15011,#15060,#15109,#15136,
    #15185,#15234,#15261,#15268,#15275,#15314,#15353,#15392,#15431,
    #15470,#15509,#15548,#15587,#15642,#15697,#15752,#15807,#15862,
    #15917,#15972,#16027,#16031,#16035,#16039,#16043,#16047,#16051,
    #16055));
#4878 = ADVANCED_FACE('',(#4879),#4895,.T.);
#4879 = FACE_BOUND('',#4880,.T.);
#4880 = EDGE_LOOP('',(#4881,#4922,#4949,#5154,#5179,#5330,#5355,#5387,
    #5407,#5429,#5474,#5514,#5559,#5586,#5611,#5762,#5787,#5819,#5839,
    #6044,#6066,#6095,#6174,#6208,#6242,#6271,#6305,#6339));
#4881 = ORIENTED_EDGE('',*,*,#4882,.F.);
#4882 = EDGE_CURVE('',#4883,#4885,#4887,.T.);
#4883 = VERTEX_POINT('',#4884);
#4884 = CARTESIAN_POINT('',(78.540727909765,0.597053717305,
    27.597053717305));
#4885 = VERTEX_POINT('',#4886);
#4886 = CARTESIAN_POINT('',(60.64,0.597053717305,27.597053717305));
#4887 = SURFACE_CURVE('',#4888,(#4894,#4908),.PCURVE_S1.);
#4888 = B_SPLINE_CURVE_WITH_KNOTS('',4,(#4889,#4890,#4891,#4892,#4893),
  .UNSPECIFIED.,.F.,.F.,(5,5),(0.,1.),.PIECEWISE_BEZIER_KNOTS.);
#4889 = CARTESIAN_POINT('',(78.540727909765,0.597053717305,
    27.597053717305));
#4890 = CARTESIAN_POINT('',(59.020363954883,0.597053717305,
    27.597053717305));
#4891 = CARTESIAN_POINT('',(39.5,0.597053717305,27.597053717305));
#4892 = CARTESIAN_POINT('',(19.979636045117,0.597053717305,
    27.597053717305));
#4893 = CARTESIAN_POINT('',(0.459272090235,0.597053717305,
    27.597053717305));
#4894 = PCURVE('',#4895,#4900);
#4895 = B_SPLINE_SURFACE_WITH_KNOTS('',1,1,(
    (#4896,#4897)
    ,(#4898,#4899
    )),.UNSPECIFIED.,.F.,.F.,.F.,(2,2),(2,2),(0.,79.),(0.,1.),
  .PIECEWISE_BEZIER_KNOTS.);
#4896 = CARTESIAN_POINT('',(0.,0.,27.));
#4897 = CARTESIAN_POINT('',(10.,13.,40.));
#4898 = CARTESIAN_POINT('',(79.,0.,27.));
#4899 = CARTESIAN_POINT('',(69.,13.,40.));
#4900 = DEFINITIONAL_REPRESENTATION('',(#4901),#4907);
#4901 = B_SPLINE_CURVE_WITH_KNOTS('',4,(#4902,#4903,#4904,#4905,#4906),
  .UNSPECIFIED.,.F.,.F.,(5,5),(0.,1.),.PIECEWISE_BEZIER_KNOTS.);
#4902 = CARTESIAN_POINT('',(79.,4.592720902345E-02));
#4903 = CARTESIAN_POINT('',(59.25,4.592720902345E-02));
#4904 = CARTESIAN_POINT('',(39.5,4.592720902345E-02));
#4905 = CARTESIAN_POINT('',(19.75,4.592720902345E-02));
#4906 = CARTESIAN_POINT('',(0.,4.592720902345E-02));
#4907 = ( GEOMETRIC_REPRESENTATION_CONTEXT(2) 
PARAMETRIC_REPRESENTATION_CONTEXT() REPRESENTATION_CONTEXT('2D SPACE',''
  ) );
#4908 = PCURVE('',#4909,#4914);
#4909 = CYLINDRICAL_SURFACE('',#4910,1.6);
#4910 = AXIS2_PLACEMENT_3D('',#4911,#4912,#4913);
#4911 = CARTESIAN_POINT('',(-1.,0.5,26.));
#4912 = DIRECTION('',(-1.,-0.,-0.));
#4913 = DIRECTION('',(0.,1.,0.));
#4914 = DEFINITIONAL_REPRESENTATION('',(#4915),#4921);
#4915 = B_SPLINE_CURVE_WITH_KNOTS('',4,(#4916,#4917,#4918,#4919,#4920),
  .UNSPECIFIED.,.F.,.F.,(5,5),(0.,1.),.PIECEWISE_BEZIER_KNOTS.);
#4916 = CARTESIAN_POINT('',(-1.510100493261,-79.54072790976));
#4917 = CARTESIAN_POINT('',(-1.510100493261,-60.02036395488));
#4918 = CARTESIAN_POINT('',(-1.510100493261,-40.5));
#4919 = CARTESIAN_POINT('',(-1.510100493261,-20.97963604511));
#4920 = CARTESIAN_POINT('',(-1.510100493261,-1.459272090235));
#4921 = ( GEOMETRIC_REPRESENTATION_CONTEXT(2) 
PARAMETRIC_REPRESENTATION_CONTEXT() REPRESENTATION_CONTEXT('2D SPACE',''
  ) );
#4922 = ORIENTED_EDGE('',*,*,#4923,.T.);
#4923 = EDGE_CURVE('',#4883,#4924,#4926,.T.);
#4924 = VERTEX_POINT('',#4925);
#4925 = CARTESIAN_POINT('',(70.778633338409,10.687776660068,
    37.687776660068));
#4926 = SURFACE_CURVE('',#4927,(#4930,#4937),.PCURVE_S1.);
#4927 = B_SPLINE_CURVE_WITH_KNOTS('',1,(#4928,#4929),.UNSPECIFIED.,.F.,
  .F.,(2,2),(0.,1.),.PIECEWISE_BEZIER_KNOTS.);
#4928 = CARTESIAN_POINT('',(79.,0.,27.));
#4929 = CARTESIAN_POINT('',(69.,13.,40.));
#4930 = PCURVE('',#4895,#4931);
#4931 = DEFINITIONAL_REPRESENTATION('',(#4932),#4936);
#4932 = LINE('',#4933,#4934);
#4933 = CARTESIAN_POINT('',(79.,0.));
#4934 = VECTOR('',#4935,1.);
#4935 = DIRECTION('',(0.,1.));
#4936 = ( GEOMETRIC_REPRESENTATION_CONTEXT(2) 
PARAMETRIC_REPRESENTATION_CONTEXT() REPRESENTATION_CONTEXT('2D SPACE',''
  ) );
#4937 = PCURVE('',#4938,#4943);
#4938 = B_SPLINE_SURFACE_WITH_KNOTS('',1,1,(
    (#4939,#4940)
    ,(#4941,#4942
    )),.UNSPECIFIED.,.F.,.F.,.F.,(2,2),(2,2),(0.,95.),(0.,1.),
  .PIECEWISE_BEZIER_KNOTS.);
#4939 = CARTESIAN_POINT('',(79.,0.,27.));
#4940 = CARTESIAN_POINT('',(69.,13.,40.));
#4941 = CARTESIAN_POINT('',(79.,95.,27.));
#4942 = CARTESIAN_POINT('',(69.,93.,40.));
#4943 = DEFINITIONAL_REPRESENTATION('',(#4944),#4948);
#4944 = LINE('',#4945,#4946);
#4945 = CARTESIAN_POINT('',(0.,0.));
#4946 = VECTOR('',#4947,1.);
#4947 = DIRECTION('',(0.,1.));
#4948 = ( GEOMETRIC_REPRESENTATION_CONTEXT(2) 
PARAMETRIC_REPRESENTATION_CONTEXT() REPRESENTATION_CONTEXT('2D SPACE',''
  ) );
#4949 = ORIENTED_EDGE('',*,*,#4950,.T.);
#4950 = EDGE_CURVE('',#4924,#4951,#4953,.T.);
#4951 = VERTEX_POINT('',#4952);
#4952 = CARTESIAN_POINT('',(63.,12.,39.));
#4953 = SURFACE_CURVE('',#4954,(#5017,#5083),.PCURVE_S1.);
#4954 = B_SPLINE_CURVE_WITH_KNOTS('',7,(#4955,#4956,#4957,#4958,#4959,
    #4960,#4961,#4962,#4963,#4964,#4965,#4966,#4967,#4968,#4969,#4970,
    #4971,#4972,#4973,#4974,#4975,#4976,#4977,#4978,#4979,#4980,#4981,
    #4982,#4983,#4984,#4985,#4986,#4987,#4988,#4989,#4990,#4991,#4992,
    #4993,#4994,#4995,#4996,#4997,#4998,#4999,#5000,#5001,#5002,#5003,
    #5004,#5005,#5006,#5007,#5008,#5009,#5010,#5011,#5012,#5013,#5014,
    #5015,#5016),.UNSPECIFIED.,.F.,.F.,(8,6,6,6,6,6,6,6,6,6,8),(0.,
    3.02887662029E-02,0.165890385202,0.345554025263,0.445510033175,
    0.581045821717,0.637040545283,0.706545363244,0.741330001354,
    0.807353521264,1.),.UNSPECIFIED.);
#4955 = CARTESIAN_POINT('',(70.778633338409,10.687776660068,
    37.687776660068));
#4956 = CARTESIAN_POINT('',(70.765796591717,10.650812404416,
    37.650812404416));
#4957 = CARTESIAN_POINT('',(70.752544730138,10.614014090356,
    37.614014090356));
#4958 = CARTESIAN_POINT('',(70.738879225691,10.577383395948,
    37.577383395948));
#4959 = CARTESIAN_POINT('',(70.724801402769,10.540922079683,
    37.540922079683));
#4960 = CARTESIAN_POINT('',(70.710312438136,10.50463198048,
    37.50463198048));
#4961 = CARTESIAN_POINT('',(70.695413360933,10.46851501769,
    37.46851501769));
#4962 = CARTESIAN_POINT('',(70.61157035667,10.271663042297,
    37.271663042297));
#4963 = CARTESIAN_POINT('',(70.534837177483,10.11427204962,
    37.11427204962));
#4964 = CARTESIAN_POINT('',(70.449980471411,9.960564358521,
    36.960564358521));
#4965 = CARTESIAN_POINT('',(70.357022292818,9.81075897558,36.81075897558
    ));
#4966 = CARTESIAN_POINT('',(70.255945304285,9.665123017516,
    36.665123017516));
#4967 = CARTESIAN_POINT('',(70.146693375259,9.523972997084,
    36.523972997084));
#4968 = CARTESIAN_POINT('',(69.873433950526,9.207109966145,
    36.207109966145));
#4969 = CARTESIAN_POINT('',(69.703244348107,9.035155764816,
    36.035155764816));
#4970 = CARTESIAN_POINT('',(69.518290957611,8.872595667833,
    35.872595667833));
#4971 = CARTESIAN_POINT('',(69.318234092438,8.720579799498,
    35.720579799498));
#4972 = CARTESIAN_POINT('',(69.102754377654,8.580618464037,
    35.580618464037));
#4973 = CARTESIAN_POINT('',(68.871611616174,8.454552157988,
    35.454552157988));
#4974 = CARTESIAN_POINT('',(68.487005173968,8.283623888717,
    35.283623888717));
#4975 = CARTESIAN_POINT('',(68.344625752096,8.227571789219,
    35.227571789219));
#4976 = CARTESIAN_POINT('',(68.197321141814,8.176974219191,
    35.176974219191));
#4977 = CARTESIAN_POINT('',(68.045116672466,8.132306851897,
    35.132306851897));
#4978 = CARTESIAN_POINT('',(67.88810506534,8.094104327688,
    35.094104327688));
#4979 = CARTESIAN_POINT('',(67.726456952666,8.062948220772,
    35.062948220772));
#4980 = CARTESIAN_POINT('',(67.335308313704,8.00759927805,35.00759927805
    ));
#4981 = CARTESIAN_POINT('',(67.102082548935,7.989825257927,
    34.989825257927));
#4982 = CARTESIAN_POINT('',(66.861532678051,7.987699664271,
    34.987699664271));
#4983 = CARTESIAN_POINT('',(66.615023286955,8.002903500229,
    35.002903500229));
#4984 = CARTESIAN_POINT('',(66.364568331494,8.036947004983,
    35.036947004983));
#4985 = CARTESIAN_POINT('',(66.112856322395,8.090943987821,
    35.090943987821));
#4986 = CARTESIAN_POINT('',(65.760216355436,8.19546337203,35.19546337203
    ));
#4987 = CARTESIAN_POINT('',(65.657496989411,8.229425963138,
    35.229425963138));
#4988 = CARTESIAN_POINT('',(65.555403175449,8.266791782914,
    35.266791782914));
#4989 = CARTESIAN_POINT('',(65.454183922477,8.307531118957,
    35.307531118957));
#4990 = CARTESIAN_POINT('',(65.354086745844,8.351584970245,
    35.351584970245));
#4991 = CARTESIAN_POINT('',(65.255356355489,8.398862775197,
    35.398862775197));
#4992 = CARTESIAN_POINT('',(65.037677034591,8.511772273638,
    35.511772273638));
#4993 = CARTESIAN_POINT('',(64.919575958242,8.579091046191,
    35.579091046191));
#4994 = CARTESIAN_POINT('',(64.804398802084,8.650957184272,
    35.650957184272));
#4995 = CARTESIAN_POINT('',(64.692539157701,8.727081163291,
    35.727081163291));
#4996 = CARTESIAN_POINT('',(64.58432559255,8.807136566732,
    35.807136566732));
#4997 = CARTESIAN_POINT('',(64.480028934862,8.890768917647,
    35.890768917647));
#4998 = CARTESIAN_POINT('',(64.329739245922,9.021055777582,
    36.021055777582));
#4999 = CARTESIAN_POINT('',(64.280643802493,9.065315748412,
    36.065315748412));
#5000 = CARTESIAN_POINT('',(64.232605557681,9.110334752036,
    36.110334752036));
#5001 = CARTESIAN_POINT('',(64.185645042136,9.156067816139,
    36.156067816139));
#5002 = CARTESIAN_POINT('',(64.139778643086,9.202470412556,
    36.202470412556));
#5003 = CARTESIAN_POINT('',(64.095019046108,9.249498731189,
    36.249498731189));
#5004 = CARTESIAN_POINT('',(63.968537705542,9.38747917096,36.38747917096
    ));
#5005 = CARTESIAN_POINT('',(63.889722345201,9.479947321639,
    36.479947321639));
#5006 = CARTESIAN_POINT('',(63.81499014687,9.574224068023,
    36.574224068023));
#5007 = CARTESIAN_POINT('',(63.744359287546,9.670035174846,
    36.670035174846));
#5008 = CARTESIAN_POINT('',(63.677813840472,9.767125453311,
    36.767125453311));
#5009 = CARTESIAN_POINT('',(63.615312045379,9.865261704901,
    36.865261704901));
#5010 = CARTESIAN_POINT('',(63.386049609172,10.25302646222,
    37.25302646222));
#5011 = CARTESIAN_POINT('',(63.24945953855,10.548551635809,
    37.548551635809));
#5012 = CARTESIAN_POINT('',(63.14498598149,10.84624350809,37.84624350809
    ));
#5013 = CARTESIAN_POINT('',(63.070264958131,11.142477540545,
    38.142477540545));
#5014 = CARTESIAN_POINT('',(63.022749698631,11.434562614907,
    38.434562614907));
#5015 = CARTESIAN_POINT('',(62.999999958107,11.7207157499,38.7207157499)
  );
#5016 = CARTESIAN_POINT('',(63.,12.0000006,39.0000006));
#5017 = PCURVE('',#4895,#5018);
#5018 = DEFINITIONAL_REPRESENTATION('',(#5019),#5082);
#5019 = B_SPLINE_CURVE_WITH_KNOTS('',7,(#5020,#5021,#5022,#5023,#5024,
    #5025,#5026,#5027,#5028,#5029,#5030,#5031,#5032,#5033,#5034,#5035,
    #5036,#5037,#5038,#5039,#5040,#5041,#5042,#5043,#5044,#5045,#5046,
    #5047,#5048,#5049,#5050,#5051,#5052,#5053,#5054,#5055,#5056,#5057,
    #5058,#5059,#5060,#5061,#5062,#5063,#5064,#5065,#5066,#5067,#5068,
    #5069,#5070,#5071,#5072,#5073,#5074,#5075,#5076,#5077,#5078,#5079,
    #5080,#5081),.UNSPECIFIED.,.F.,.F.,(8,6,6,6,6,6,6,6,6,6,8),(0.,
    3.02887662029E-02,0.165890385202,0.345554025263,0.445510033175,
    0.581045821717,0.637040545283,0.706545363244,0.741330001354,
    0.807353521264,1.),.UNSPECIFIED.);
#5020 = CARTESIAN_POINT('',(79.,0.822136666159));
#5021 = CARTESIAN_POINT('',(78.947881476544,0.819293261878));
#5022 = CARTESIAN_POINT('',(78.895510477306,0.816462622335));
#5023 = CARTESIAN_POINT('',(78.842890561302,0.813644876611));
#5024 = CARTESIAN_POINT('',(78.790025129409,0.810840159976));
#5025 = CARTESIAN_POINT('',(78.736917424368,0.808048613883));
#5026 = CARTESIAN_POINT('',(78.683570530781,0.805270385976));
#5027 = CARTESIAN_POINT('',(78.390097687611,0.790127926331));
#5028 = CARTESIAN_POINT('',(78.145485820496,0.778020926894));
#5029 = CARTESIAN_POINT('',(77.896394173059,0.766197258348));
#5030 = CARTESIAN_POINT('',(77.643032643115,0.754673767352));
#5031 = CARTESIAN_POINT('',(77.385587037351,0.743471001347));
#5032 = CARTESIAN_POINT('',(77.124218180658,0.732613307468));
#5033 = CARTESIAN_POINT('',(76.50772280151,0.708239228165));
#5034 = CARTESIAN_POINT('',(76.149895739519,0.695011981909));
#5035 = CARTESIAN_POINT('',(75.785707396027,0.682507359064));
#5036 = CARTESIAN_POINT('',(75.415514667527,0.670813830731));
#5037 = CARTESIAN_POINT('',(75.039900532999,0.660047574157));
#5038 = CARTESIAN_POINT('',(74.65967712282,0.650350165999));
#5039 = CARTESIAN_POINT('',(74.062222326562,0.637201837594));
#5040 = CARTESIAN_POINT('',(73.847597460121,0.632890137632));
#5041 = CARTESIAN_POINT('',(73.632112188496,0.628998016861));
#5042 = CARTESIAN_POINT('',(73.416063649656,0.625562065531));
#5043 = CARTESIAN_POINT('',(73.199855216875,0.622623409822));
#5044 = CARTESIAN_POINT('',(72.983997095729,0.620226786213));
#5045 = CARTESIAN_POINT('',(72.47772564366,0.615969175235));
#5046 = CARTESIAN_POINT('',(72.188054625534,0.614601942917));
#5047 = CARTESIAN_POINT('',(71.901817144695,0.614438435713));
#5048 = CARTESIAN_POINT('',(71.621443862638,0.615607961556));
#5049 = CARTESIAN_POINT('',(71.3499344775,0.618226692691));
#5050 = CARTESIAN_POINT('',(71.090799100445,0.622380306755));
#5051 = CARTESIAN_POINT('',(70.747356206778,0.630420259387));
#5052 = CARTESIAN_POINT('',(70.649703395014,0.633032766395));
#5053 = CARTESIAN_POINT('',(70.555073858946,0.635907060224));
#5054 = CARTESIAN_POINT('',(70.463721281565,0.639040855304));
#5055 = CARTESIAN_POINT('',(70.375881670231,0.642429613096));
#5056 = CARTESIAN_POINT('',(70.291771159849,0.646066367323));
#5057 = CARTESIAN_POINT('',(70.112049317433,0.654751713357));
#5058 = CARTESIAN_POINT('',(70.018541725496,0.659930080476));
#5059 = CARTESIAN_POINT('',(69.931440957898,0.665458244944));
#5060 = CARTESIAN_POINT('',(69.851017444679,0.671313935638));
#5061 = CARTESIAN_POINT('',(69.777453184529,0.677472043595));
#5062 = CARTESIAN_POINT('',(69.710854694342,0.683905301357));
#5063 = CARTESIAN_POINT('',(69.62143179602,0.693927367506));
#5064 = CARTESIAN_POINT('',(69.593357353325,0.697331980647));
#5065 = CARTESIAN_POINT('',(69.567038007917,0.700794980926));
#5066 = CARTESIAN_POINT('',(69.542472471059,0.704312908934));
#5067 = CARTESIAN_POINT('',(69.519655294097,0.707882339427));
#5068 = CARTESIAN_POINT('',(69.498577481273,0.711499902399));
#5069 = CARTESIAN_POINT('',(69.442498817098,0.722113782382));
#5070 = CARTESIAN_POINT('',(69.411994558724,0.729226717049));
#5071 = CARTESIAN_POINT('',(69.387629992634,0.736478774463));
#5072 = CARTESIAN_POINT('',(69.369284442708,0.743848859604));
#5073 = CARTESIAN_POINT('',(69.356811088317,0.751317342562));
#5074 = CARTESIAN_POINT('',(69.350047161164,0.758866284992));
#5075 = CARTESIAN_POINT('',(69.345255560653,0.788694343248));
#5076 = CARTESIAN_POINT('',(69.388864165603,0.811427048908));
#5077 = CARTESIAN_POINT('',(69.475206413626,0.834326423699));
#5078 = CARTESIAN_POINT('',(69.599998546153,0.857113656965));
#5079 = CARTESIAN_POINT('',(69.759087044113,0.879581739608));
#5080 = CARTESIAN_POINT('',(69.948801517913,0.901593519223));
#5081 = CARTESIAN_POINT('',(70.16645535959,0.923076969231));
#5082 = ( GEOMETRIC_REPRESENTATION_CONTEXT(2) 
PARAMETRIC_REPRESENTATION_CONTEXT() REPRESENTATION_CONTEXT('2D SPACE',''
  ) );
#5083 = PCURVE('',#5084,#5089);
#5084 = CYLINDRICAL_SURFACE('',#5085,4.);
#5085 = AXIS2_PLACEMENT_3D('',#5086,#5087,#5088);
#5086 = CARTESIAN_POINT('',(67.,12.,30.85));
#5087 = DIRECTION('',(-0.,-0.,-1.));
#5088 = DIRECTION('',(1.,0.,0.));
#5089 = DEFINITIONAL_REPRESENTATION('',(#5090),#5153);
#5090 = B_SPLINE_CURVE_WITH_KNOTS('',7,(#5091,#5092,#5093,#5094,#5095,
    #5096,#5097,#5098,#5099,#5100,#5101,#5102,#5103,#5104,#5105,#5106,
    #5107,#5108,#5109,#5110,#5111,#5112,#5113,#5114,#5115,#5116,#5117,
    #5118,#5119,#5120,#5121,#5122,#5123,#5124,#5125,#5126,#5127,#5128,
    #5129,#5130,#5131,#5132,#5133,#5134,#5135,#5136,#5137,#5138,#5139,
    #5140,#5141,#5142,#5143,#5144,#5145,#5146,#5147,#5148,#5149,#5150,
    #5151,#5152),.UNSPECIFIED.,.F.,.F.,(8,6,6,6,6,6,6,6,6,6,8),(0.,
    3.02887662029E-02,0.165890385202,0.345554025263,0.445510033175,
    0.581045821717,0.637040545283,0.706545363244,0.741330001354,
    0.807353521264,0.999999940876),.UNSPECIFIED.);
#5091 = CARTESIAN_POINT('',(-5.94894053104,-6.837776660068));
#5092 = CARTESIAN_POINT('',(-5.93915809058,-6.800812404416));
#5093 = CARTESIAN_POINT('',(-5.929380792808,-6.764014090356));
#5094 = CARTESIAN_POINT('',(-5.919607629631,-6.727383395948));
#5095 = CARTESIAN_POINT('',(-5.909837602146,-6.690922079683));
#5096 = CARTESIAN_POINT('',(-5.900069720645,-6.65463198048));
#5097 = CARTESIAN_POINT('',(-5.890303004608,-6.61851501769));
#5098 = CARTESIAN_POINT('',(-5.836812146989,-6.421663042297));
#5099 = CARTESIAN_POINT('',(-5.793094055942,-6.26427204962));
#5100 = CARTESIAN_POINT('',(-5.749290919121,-6.110564358521));
#5101 = CARTESIAN_POINT('',(-5.705318564005,-5.96075897558));
#5102 = CARTESIAN_POINT('',(-5.661094928313,-5.815123017516));
#5103 = CARTESIAN_POINT('',(-5.616534498703,-5.673972997084));
#5104 = CARTESIAN_POINT('',(-5.51193021653,-5.357109966145));
#5105 = CARTESIAN_POINT('',(-5.451588663112,-5.185155764816));
#5106 = CARTESIAN_POINT('',(-5.390268833673,-5.022595667833));
#5107 = CARTESIAN_POINT('',(-5.327750144908,-4.870579799498));
#5108 = CARTESIAN_POINT('',(-5.26380797722,-4.730618464037));
#5109 = CARTESIAN_POINT('',(-5.198202700315,-4.604552157988));
#5110 = CARTESIAN_POINT('',(-5.092983111887,-4.433623888717));
#5111 = CARTESIAN_POINT('',(-5.054764830874,-4.377571789219));
#5112 = CARTESIAN_POINT('',(-5.015888359904,-4.326974219191));
#5113 = CARTESIAN_POINT('',(-4.976308091786,-4.282306851897));
#5114 = CARTESIAN_POINT('',(-4.935983877137,-4.244104327688));
#5115 = CARTESIAN_POINT('',(-4.894879194059,-4.212948220772));
#5116 = CARTESIAN_POINT('',(-4.796117877232,-4.15759927805));
#5117 = CARTESIAN_POINT('',(-4.737763908257,-4.139825257927));
#5118 = CARTESIAN_POINT('',(-4.677845608774,-4.13769966427));
#5119 = CARTESIAN_POINT('',(-4.616385892499,-4.15290350023));
#5120 = CARTESIAN_POINT('',(-4.553484652349,-4.186947004983));
#5121 = CARTESIAN_POINT('',(-4.489314910927,-4.240943987821));
#5122 = CARTESIAN_POINT('',(-4.39736409256,-4.34546337203));
#5123 = CARTESIAN_POINT('',(-4.370330124871,-4.379425963138));
#5124 = CARTESIAN_POINT('',(-4.343172636734,-4.416791782914));
#5125 = CARTESIAN_POINT('',(-4.315920015755,-4.457531118957));
#5126 = CARTESIAN_POINT('',(-4.288601691724,-4.501584970245));
#5127 = CARTESIAN_POINT('',(-4.261249043014,-4.548862775197));
#5128 = CARTESIAN_POINT('',(-4.199944046488,-4.661772273638));
#5129 = CARTESIAN_POINT('',(-4.165985675033,-4.729091046191));
#5130 = CARTESIAN_POINT('',(-4.13208878654,-4.800957184272));
#5131 = CARTESIAN_POINT('',(-4.098310098416,-4.877081163291));
#5132 = CARTESIAN_POINT('',(-4.064699349991,-4.957136566732));
#5133 = CARTESIAN_POINT('',(-4.031302223069,-5.040768917647));
#5134 = CARTESIAN_POINT('',(-3.98157694248,-5.171055777582));
#5135 = CARTESIAN_POINT('',(-3.965054875993,-5.215315748412));
#5136 = CARTESIAN_POINT('',(-3.948600760208,-5.260334752036));
#5137 = CARTESIAN_POINT('',(-3.932218650106,-5.306067816139));
#5138 = CARTESIAN_POINT('',(-3.915912048354,-5.352470412556));
#5139 = CARTESIAN_POINT('',(-3.899683977099,-5.399498731189));
#5140 = CARTESIAN_POINT('',(-3.852889124771,-5.53747917096));
#5141 = CARTESIAN_POINT('',(-3.822533974506,-5.629947321639));
#5142 = CARTESIAN_POINT('',(-3.792488145307,-5.724224068023));
#5143 = CARTESIAN_POINT('',(-3.762762492905,-5.820035174846));
#5144 = CARTESIAN_POINT('',(-3.733362994295,-5.917125453311));
#5145 = CARTESIAN_POINT('',(-3.704291559633,-6.015261704901));
#5146 = CARTESIAN_POINT('',(-3.591674210029,-6.403026373588));
#5147 = CARTESIAN_POINT('',(-3.510698015476,-6.698551454412));
#5148 = CARTESIAN_POINT('',(-3.432378403121,-6.996243233998));
#5149 = CARTESIAN_POINT('',(-3.356529464559,-7.292477176881));
#5150 = CARTESIAN_POINT('',(-3.282952072526,-7.584562166693));
#5151 = CARTESIAN_POINT('',(-3.211413847848,-7.870715222967));
#5152 = CARTESIAN_POINT('',(-3.14159265359,-8.15));
#5153 = ( GEOMETRIC_REPRESENTATION_CONTEXT(2) 
PARAMETRIC_REPRESENTATION_CONTEXT() REPRESENTATION_CONTEXT('2D SPACE',''
  ) );
#5154 = ORIENTED_EDGE('',*,*,#5155,.F.);
#5155 = EDGE_CURVE('',#5156,#4951,#5158,.T.);
#5156 = VERTEX_POINT('',#5157);
#5157 = CARTESIAN_POINT('',(66.,12.,39.));
#5158 = SURFACE_CURVE('',#5159,(#5162,#5168),.PCURVE_S1.);
#5159 = B_SPLINE_CURVE_WITH_KNOTS('',1,(#5160,#5161),.UNSPECIFIED.,.F.,
  .F.,(2,2),(0.,1.),.PIECEWISE_BEZIER_KNOTS.);
#5160 = CARTESIAN_POINT('',(69.769230769231,12.,39.));
#5161 = CARTESIAN_POINT('',(63.,12.,39.));
#5162 = PCURVE('',#4895,#5163);
#5163 = DEFINITIONAL_REPRESENTATION('',(#5164),#5167);
#5164 = B_SPLINE_CURVE_WITH_KNOTS('',1,(#5165,#5166),.UNSPECIFIED.,.F.,
  .F.,(2,2),(0.,1.),.PIECEWISE_BEZIER_KNOTS.);
#5165 = CARTESIAN_POINT('',(79.,0.923076923077));
#5166 = CARTESIAN_POINT('',(70.166454891995,0.923076923077));
#5167 = ( GEOMETRIC_REPRESENTATION_CONTEXT(2) 
PARAMETRIC_REPRESENTATION_CONTEXT() REPRESENTATION_CONTEXT('2D SPACE',''
  ) );
#5168 = PCURVE('',#5169,#5174);
#5169 = PLANE('',#5170);
#5170 = AXIS2_PLACEMENT_3D('',#5171,#5172,#5173);
#5171 = CARTESIAN_POINT('',(67.,12.,39.));
#5172 = DIRECTION('',(0.,0.,1.));
#5173 = DIRECTION('',(1.,0.,-0.));
#5174 = DEFINITIONAL_REPRESENTATION('',(#5175),#5178);
#5175 = B_SPLINE_CURVE_WITH_KNOTS('',1,(#5176,#5177),.UNSPECIFIED.,.F.,
  .F.,(2,2),(0.,1.),.PIECEWISE_BEZIER_KNOTS.);
#5176 = CARTESIAN_POINT('',(2.769230769231,5.329070518201E-15));
#5177 = CARTESIAN_POINT('',(-4.,5.329070518201E-15));
#5178 = ( GEOMETRIC_REPRESENTATION_CONTEXT(2) 
PARAMETRIC_REPRESENTATION_CONTEXT() REPRESENTATION_CONTEXT('2D SPACE',''
  ) );
#5179 = ORIENTED_EDGE('',*,*,#5180,.T.);
#5180 = EDGE_CURVE('',#5156,#5181,#5183,.T.);
#5181 = VERTEX_POINT('',#5182);
#5182 = CARTESIAN_POINT('',(66.046060798583,12.3,39.3));
#5183 = SURFACE_CURVE('',#5184,(#5229,#5277),.PCURVE_S1.);
#5184 = B_SPLINE_CURVE_WITH_KNOTS('',7,(#5185,#5186,#5187,#5188,#5189,
    #5190,#5191,#5192,#5193,#5194,#5195,#5196,#5197,#5198,#5199,#5200,
    #5201,#5202,#5203,#5204,#5205,#5206,#5207,#5208,#5209,#5210,#5211,
    #5212,#5213,#5214,#5215,#5216,#5217,#5218,#5219,#5220,#5221,#5222,
    #5223,#5224,#5225,#5226,#5227,#5228),.UNSPECIFIED.,.F.,.F.,(8,6,6,6,
    6,6,6,8),(0.,0.167085441204,0.332563400485,0.488035424733,
    0.628830986885,0.723557005793,0.779419640414,1.),.UNSPECIFIED.);
#5185 = CARTESIAN_POINT('',(68.,12.,39.));
#5186 = CARTESIAN_POINT('',(68.,11.923320475516,38.923320475516));
#5187 = CARTESIAN_POINT('',(67.993140761355,11.848337400159,
    38.848337400159));
#5188 = CARTESIAN_POINT('',(67.979965807649,11.775334199319,
    38.775334199319));
#5189 = CARTESIAN_POINT('',(67.960866988027,11.704579178165,
    38.704579178165));
#5190 = CARTESIAN_POINT('',(67.93615091693,11.636316229888,
    38.636316229888));
#5191 = CARTESIAN_POINT('',(67.906052547176,11.570771812187,
    38.570771812187));
#5192 = CARTESIAN_POINT('',(67.835679362178,11.446186767382,
    38.446186767382));
#5193 = CARTESIAN_POINT('',(67.795531299526,11.387135479404,
    38.387135479404));
#5194 = CARTESIAN_POINT('',(67.750391509672,11.331249028472,
    38.331249028472));
#5195 = CARTESIAN_POINT('',(67.700346419762,11.278839079529,
    38.278839079529));
#5196 = CARTESIAN_POINT('',(67.645466219546,11.230285491307,
    38.230285491307));
#5197 = CARTESIAN_POINT('',(67.585811329732,11.186045749879,
    38.186045749879));
#5198 = CARTESIAN_POINT('',(67.460899291291,11.109719024752,
    38.109719024752));
#5199 = CARTESIAN_POINT('',(67.396260157094,11.077096513297,
    38.077096513297));
#5200 = CARTESIAN_POINT('',(67.327489921624,11.049263471032,
    38.049263471032));
#5201 = CARTESIAN_POINT('',(67.254680083315,11.026845343243,
    38.026845343243));
#5202 = CARTESIAN_POINT('',(67.17807199556,11.01060538535,38.01060538535
    ));
#5203 = CARTESIAN_POINT('',(67.098105511158,11.001397263777,
    38.001397263777));
#5204 = CARTESIAN_POINT('',(66.940613834363,10.998962344821,
    37.998962344821));
#5205 = CARTESIAN_POINT('',(66.863477577727,11.004307581461,
    38.004307581461));
#5206 = CARTESIAN_POINT('',(66.784859712868,11.016855948946,
    38.016855948946));
#5207 = CARTESIAN_POINT('',(66.705860152946,11.037184434918,
    38.037184434918));
#5208 = CARTESIAN_POINT('',(66.627843352271,11.065581616278,
    38.065581616278));
#5209 = CARTESIAN_POINT('',(66.552411741145,11.101889725905,
    38.101889725905));
#5210 = CARTESIAN_POINT('',(66.433300546865,11.17417199653,
    38.17417199653));
#5211 = CARTESIAN_POINT('',(66.387273673098,11.206388692111,
    38.206388692111));
#5212 = CARTESIAN_POINT('',(66.343620005213,11.241456963531,
    38.241456963531));
#5213 = CARTESIAN_POINT('',(66.30269038656,11.279007472662,
    38.279007472662));
#5214 = CARTESIAN_POINT('',(66.264719616922,11.318637033666,
    38.318637033666));
#5215 = CARTESIAN_POINT('',(66.229847118091,11.359935838028,
    38.359935838028));
#5216 = CARTESIAN_POINT('',(66.179427434236,11.427601042966,
    38.427601042966));
#5217 = CARTESIAN_POINT('',(66.161814913679,11.453151153511,
    38.453151153511));
#5218 = CARTESIAN_POINT('',(66.145300500546,11.479076404617,
    38.479076404617));
#5219 = CARTESIAN_POINT('',(66.129881428805,11.50530813144,
    38.50530813144));
#5220 = CARTESIAN_POINT('',(66.11554735882,11.531783346654,
    38.531783346654));
#5221 = CARTESIAN_POINT('',(66.102282422202,11.558445317552,
    38.558445317552));
#5222 = CARTESIAN_POINT('',(66.041834249712,11.691062542629,
    38.691062542629));
#5223 = CARTESIAN_POINT('',(66.010130185769,11.798657479966,
    38.798657479966));
#5224 = CARTESIAN_POINT('',(65.993267959885,11.905577551629,
    38.905577551629));
#5225 = CARTESIAN_POINT('',(65.989739648683,12.010086780729,
    39.010086780729));
#5226 = CARTESIAN_POINT('',(65.998064571255,12.111026718631,
    39.111026718631));
#5227 = CARTESIAN_POINT('',(66.017053700469,12.207763509352,
    39.207763509352));
#5228 = CARTESIAN_POINT('',(66.046060987275,12.3000006,39.3000006));
#5229 = PCURVE('',#4895,#5230);
#5230 = DEFINITIONAL_REPRESENTATION('',(#5231),#5276);
#5231 = B_SPLINE_CURVE_WITH_KNOTS('',7,(#5232,#5233,#5234,#5235,#5236,
    #5237,#5238,#5239,#5240,#5241,#5242,#5243,#5244,#5245,#5246,#5247,
    #5248,#5249,#5250,#5251,#5252,#5253,#5254,#5255,#5256,#5257,#5258,
    #5259,#5260,#5261,#5262,#5263,#5264,#5265,#5266,#5267,#5268,#5269,
    #5270,#5271,#5272,#5273,#5274,#5275),.UNSPECIFIED.,.F.,.F.,(8,6,6,6,
    6,6,6,8),(0.,0.167085441204,0.332563400485,0.488035424733,
    0.628830986885,0.723557005793,0.779419640414,1.),.UNSPECIFIED.);
#5232 = CARTESIAN_POINT('',(76.69123252859,0.923076923077));
#5233 = CARTESIAN_POINT('',(76.618759694402,0.917178498117));
#5234 = CARTESIAN_POINT('',(76.539268771797,0.911410569243));
#5235 = CARTESIAN_POINT('',(76.453781177748,0.905794938409));
#5236 = CARTESIAN_POINT('',(76.363084889232,0.900352244474));
#5237 = CARTESIAN_POINT('',(76.267817256571,0.895101248453));
#5238 = CARTESIAN_POINT('',(76.168492995615,0.890059370168));
#5239 = CARTESIAN_POINT('',(75.963452806338,0.880475905183));
#5240 = CARTESIAN_POINT('',(75.857883229999,0.875933498416));
#5241 = CARTESIAN_POINT('',(75.749146632991,0.871634540652));
#5242 = CARTESIAN_POINT('',(75.637620486699,0.867603006118));
#5243 = CARTESIAN_POINT('',(75.523710283131,0.863868114716));
#5244 = CARTESIAN_POINT('',(75.407863726409,0.860465057683));
#5245 = CARTESIAN_POINT('',(75.1803697512,0.854593771135));
#5246 = CARTESIAN_POINT('',(75.069003568076,0.852084347177));
#5247 = CARTESIAN_POINT('',(74.95681536418,0.849943343926));
#5248 = CARTESIAN_POINT('',(74.844421584916,0.848218872557));
#5249 = CARTESIAN_POINT('',(74.732731173715,0.846969645027));
#5250 = CARTESIAN_POINT('',(74.622965507696,0.846261327983));
#5251 = CARTESIAN_POINT('',(74.420425617216,0.846074026525));
#5252 = CARTESIAN_POINT('',(74.326905801415,0.846485198574));
#5253 = CARTESIAN_POINT('',(74.237692327347,0.847450457611));
#5254 = CARTESIAN_POINT('',(74.154614422956,0.849014187301));
#5255 = CARTESIAN_POINT('',(74.079592807336,0.851198585868));
#5256 = CARTESIAN_POINT('',(74.014506713264,0.853991517377));
#5257 = CARTESIAN_POINT('',(73.924331897649,0.859551692041));
#5258 = CARTESIAN_POINT('',(73.893098572419,0.862029899393));
#5259 = CARTESIAN_POINT('',(73.867282570241,0.864727458733));
#5260 = CARTESIAN_POINT('',(73.847027820811,0.867615959436));
#5261 = CARTESIAN_POINT('',(73.832307667319,0.870664387205));
#5262 = CARTESIAN_POINT('',(73.822971396532,0.87384121831));
#5263 = CARTESIAN_POINT('',(73.816291023175,0.879046234074));
#5264 = CARTESIAN_POINT('',(73.815597613767,0.881011627193));
#5265 = CARTESIAN_POINT('',(73.816639011446,0.883005877278));
#5266 = CARTESIAN_POINT('',(73.819357301276,0.885023702418));
#5267 = CARTESIAN_POINT('',(73.823689604431,0.887060257435));
#5268 = CARTESIAN_POINT('',(73.829571082566,0.889111178273));
#5269 = CARTESIAN_POINT('',(73.866026877123,0.899312503279));
#5270 = CARTESIAN_POINT('',(73.918175057812,0.90758903692));
#5271 = CARTESIAN_POINT('',(73.989350170079,0.915813657818));
#5272 = CARTESIAN_POINT('',(74.076294631156,0.923852829287));
#5273 = CARTESIAN_POINT('',(74.17618373149,0.931617439895));
#5274 = CARTESIAN_POINT('',(74.286964315837,0.939058731489));
#5275 = CARTESIAN_POINT('',(74.407560887096,0.946153892308));
#5276 = ( GEOMETRIC_REPRESENTATION_CONTEXT(2) 
PARAMETRIC_REPRESENTATION_CONTEXT() REPRESENTATION_CONTEXT('2D SPACE',''
  ) );
#5277 = PCURVE('',#5278,#5283);
#5278 = CYLINDRICAL_SURFACE('',#5279,1.);
#5279 = AXIS2_PLACEMENT_3D('',#5280,#5281,#5282);
#5280 = CARTESIAN_POINT('',(67.,12.,30.7));
#5281 = DIRECTION('',(-0.,-0.,-1.));
#5282 = DIRECTION('',(1.,0.,0.));
#5283 = DEFINITIONAL_REPRESENTATION('',(#5284),#5329);
#5284 = B_SPLINE_CURVE_WITH_KNOTS('',7,(#5285,#5286,#5287,#5288,#5289,
    #5290,#5291,#5292,#5293,#5294,#5295,#5296,#5297,#5298,#5299,#5300,
    #5301,#5302,#5303,#5304,#5305,#5306,#5307,#5308,#5309,#5310,#5311,
    #5312,#5313,#5314,#5315,#5316,#5317,#5318,#5319,#5320,#5321,#5322,
    #5323,#5324,#5325,#5326,#5327,#5328),.UNSPECIFIED.,.F.,.F.,(8,6,6,6,
    6,6,6,8),(0.,0.167085441204,0.332563400485,0.488035424733,
    0.628830986885,0.723557005793,0.779419640414,1.),.UNSPECIFIED.);
#5285 = CARTESIAN_POINT('',(-6.28318530718,-8.3));
#5286 = CARTESIAN_POINT('',(-6.206505782695,-8.223320475516));
#5287 = CARTESIAN_POINT('',(-6.131522064498,-8.148337400159));
#5288 = CARTESIAN_POINT('',(-6.057784874724,-8.075334199319));
#5289 = CARTESIAN_POINT('',(-5.984963173462,-8.004579178165));
#5290 = CARTESIAN_POINT('',(-5.912766644502,-7.936316229888));
#5291 = CARTESIAN_POINT('',(-5.840893617871,-7.870771812187));
#5292 = CARTESIAN_POINT('',(-5.697806866019,-7.746186767382));
#5293 = CARTESIAN_POINT('',(-5.626644940348,-7.687135479404));
#5294 = CARTESIAN_POINT('',(-5.555196438201,-7.631249028472));
#5295 = CARTESIAN_POINT('',(-5.483181786234,-7.578839079529));
#5296 = CARTESIAN_POINT('',(-5.410335552914,-7.530285491307));
#5297 = CARTESIAN_POINT('',(-5.336364097113,-7.486045749879));
#5298 = CARTESIAN_POINT('',(-5.189978352191,-7.409719024752));
#5299 = CARTESIAN_POINT('',(-5.117811473862,-7.377096513297));
#5300 = CARTESIAN_POINT('',(-5.04403523662,-7.349263471032));
#5301 = CARTESIAN_POINT('',(-4.968375994897,-7.326845343243));
#5302 = CARTESIAN_POINT('',(-4.890604519562,-7.31060538535));
#5303 = CARTESIAN_POINT('',(-4.810504984282,-7.301397263777));
#5304 = CARTESIAN_POINT('',(-4.652994485933,-7.298962344821));
#5305 = CARTESIAN_POINT('',(-4.575949854721,-7.304307581461));
#5306 = CARTESIAN_POINT('',(-4.496851502158,-7.316855948946));
#5307 = CARTESIAN_POINT('',(-4.415936900882,-7.337184434918));
#5308 = CARTESIAN_POINT('',(-4.333563365649,-7.365581616278));
#5309 = CARTESIAN_POINT('',(-4.25024066657,-7.401889725905));
#5310 = CARTESIAN_POINT('',(-4.110912983572,-7.47417199653));
#5311 = CARTESIAN_POINT('',(-4.054850932729,-7.506388692111));
#5312 = CARTESIAN_POINT('',(-3.999050414882,-7.541456963531));
#5313 = CARTESIAN_POINT('',(-3.943715994823,-7.579007472662));
#5314 = CARTESIAN_POINT('',(-3.889006039486,-7.618637033666));
#5315 = CARTESIAN_POINT('',(-3.835053616294,-7.659935838028));
#5316 = CARTESIAN_POINT('',(-3.750669231012,-7.727601042966));
#5317 = CARTESIAN_POINT('',(-3.7196579528,-7.753151153511));
#5318 = CARTESIAN_POINT('',(-3.688951756094,-7.779076404617));
#5319 = CARTESIAN_POINT('',(-3.658558371793,-7.80530813144));
#5320 = CARTESIAN_POINT('',(-3.628480923436,-7.831783346654));
#5321 = CARTESIAN_POINT('',(-3.598718567073,-7.858445317552));
#5322 = CARTESIAN_POINT('',(-3.452974579395,-7.991062542629));
#5323 = CARTESIAN_POINT('',(-3.341920512324,-8.098657479966));
#5324 = CARTESIAN_POINT('',(-3.235070913875,-8.205577551629));
#5325 = CARTESIAN_POINT('',(-3.131834965583,-8.310086780729));
#5326 = CARTESIAN_POINT('',(-3.0315672103,-8.411026718631));
#5327 = CARTESIAN_POINT('',(-2.933590133239,-8.507763509352));
#5328 = CARTESIAN_POINT('',(-2.836899370603,-8.6000006));
#5329 = ( GEOMETRIC_REPRESENTATION_CONTEXT(2) 
PARAMETRIC_REPRESENTATION_CONTEXT() REPRESENTATION_CONTEXT('2D SPACE',''
  ) );
#5330 = ORIENTED_EDGE('',*,*,#5331,.F.);
#5331 = EDGE_CURVE('',#5332,#5181,#5334,.T.);
#5332 = VERTEX_POINT('',#5333);
#5333 = CARTESIAN_POINT('',(67.953939201417,12.3,39.3));
#5334 = SURFACE_CURVE('',#5335,(#5338,#5344),.PCURVE_S1.);
#5335 = B_SPLINE_CURVE_WITH_KNOTS('',1,(#5336,#5337),.UNSPECIFIED.,.F.,
  .F.,(2,2),(0.,1.),.PIECEWISE_BEZIER_KNOTS.);
#5336 = CARTESIAN_POINT('',(68.,12.3,39.3));
#5337 = CARTESIAN_POINT('',(66.,12.3,39.3));
#5338 = PCURVE('',#4895,#5339);
#5339 = DEFINITIONAL_REPRESENTATION('',(#5340),#5343);
#5340 = B_SPLINE_CURVE_WITH_KNOTS('',1,(#5341,#5342),.UNSPECIFIED.,.F.,
  .F.,(2,2),(0.,1.),.PIECEWISE_BEZIER_KNOTS.);
#5341 = CARTESIAN_POINT('',(76.97695262484,0.946153846154));
#5342 = CARTESIAN_POINT('',(74.346991037132,0.946153846154));
#5343 = ( GEOMETRIC_REPRESENTATION_CONTEXT(2) 
PARAMETRIC_REPRESENTATION_CONTEXT() REPRESENTATION_CONTEXT('2D SPACE',''
  ) );
#5344 = PCURVE('',#5345,#5350);
#5345 = PLANE('',#5346);
#5346 = AXIS2_PLACEMENT_3D('',#5347,#5348,#5349);
#5347 = CARTESIAN_POINT('',(67.,12.,39.3));
#5348 = DIRECTION('',(0.,0.,1.));
#5349 = DIRECTION('',(1.,0.,-0.));
#5350 = DEFINITIONAL_REPRESENTATION('',(#5351),#5354);
#5351 = B_SPLINE_CURVE_WITH_KNOTS('',1,(#5352,#5353),.UNSPECIFIED.,.F.,
  .F.,(2,2),(0.,1.),.PIECEWISE_BEZIER_KNOTS.);
#5352 = CARTESIAN_POINT('',(1.,0.3));
#5353 = CARTESIAN_POINT('',(-1.,0.3));
#5354 = ( GEOMETRIC_REPRESENTATION_CONTEXT(2) 
PARAMETRIC_REPRESENTATION_CONTEXT() REPRESENTATION_CONTEXT('2D SPACE',''
  ) );
#5355 = ORIENTED_EDGE('',*,*,#5356,.T.);
#5356 = EDGE_CURVE('',#5332,#5357,#5359,.T.);
#5357 = VERTEX_POINT('',#5358);
#5358 = CARTESIAN_POINT('',(68.,12.,39.));
#5359 = SURFACE_CURVE('',#5360,(#5367,#5377),.PCURVE_S1.);
#5360 = B_SPLINE_CURVE_WITH_KNOTS('',5,(#5361,#5362,#5363,#5364,#5365,
    #5366),.UNSPECIFIED.,.F.,.F.,(6,6),(0.,1.),
  .PIECEWISE_BEZIER_KNOTS.);
#5361 = CARTESIAN_POINT('',(67.953939012725,12.3000006,39.3000006));
#5362 = CARTESIAN_POINT('',(67.973110205342,12.239040226729,
    39.239040226729));
#5363 = CARTESIAN_POINT('',(67.986898979235,12.178180298642,
    39.178180298642));
#5364 = CARTESIAN_POINT('',(67.995733303173,12.117876095877,
    39.117876095877));
#5365 = CARTESIAN_POINT('',(68.,12.058425630544,39.058425630544));
#5366 = CARTESIAN_POINT('',(68.,12.,39.));
#5367 = PCURVE('',#4895,#5368);
#5368 = DEFINITIONAL_REPRESENTATION('',(#5369),#5376);
#5369 = B_SPLINE_CURVE_WITH_KNOTS('',5,(#5370,#5371,#5372,#5373,#5374,
    #5375),.UNSPECIFIED.,.F.,.F.,(6,6),(0.,1.),
  .PIECEWISE_BEZIER_KNOTS.);
#5370 = CARTESIAN_POINT('',(76.916383886128,0.946153892308));
#5371 = CARTESIAN_POINT('',(76.883183476212,0.941464632825));
#5372 = CARTESIAN_POINT('',(76.843131068576,0.936783099896));
#5373 = CARTESIAN_POINT('',(76.797278957188,0.932144315067));
#5374 = CARTESIAN_POINT('',(76.746452889738,0.92757120235));
#5375 = CARTESIAN_POINT('',(76.69123252859,0.923076923077));
#5376 = ( GEOMETRIC_REPRESENTATION_CONTEXT(2) 
PARAMETRIC_REPRESENTATION_CONTEXT() REPRESENTATION_CONTEXT('2D SPACE',''
  ) );
#5377 = PCURVE('',#5278,#5378);
#5378 = DEFINITIONAL_REPRESENTATION('',(#5379),#5386);
#5379 = B_SPLINE_CURVE_WITH_KNOTS('',5,(#5380,#5381,#5382,#5383,#5384,
    #5385),.UNSPECIFIED.,.F.,.F.,(6,6),(0.,1.),
  .PIECEWISE_BEZIER_KNOTS.);
#5380 = CARTESIAN_POINT('',(-0.304693282986,-8.6000006));
#5381 = CARTESIAN_POINT('',(-0.240789435405,-8.539040226729));
#5382 = CARTESIAN_POINT('',(-0.178596052646,-8.478180298642));
#5383 = CARTESIAN_POINT('',(-0.117875996304,-8.417876095877));
#5384 = CARTESIAN_POINT('',(-5.842563054442E-02,-8.358425630544));
#5385 = CARTESIAN_POINT('',(0.,-8.3));
#5386 = ( GEOMETRIC_REPRESENTATION_CONTEXT(2) 
PARAMETRIC_REPRESENTATION_CONTEXT() REPRESENTATION_CONTEXT('2D SPACE',''
  ) );
#5387 = ORIENTED_EDGE('',*,*,#5388,.F.);
#5388 = EDGE_CURVE('',#5389,#5357,#5391,.T.);
#5389 = VERTEX_POINT('',#5390);
#5390 = CARTESIAN_POINT('',(69.769230769231,12.,39.));
#5391 = SURFACE_CURVE('',#5392,(#5395,#5401),.PCURVE_S1.);
#5392 = B_SPLINE_CURVE_WITH_KNOTS('',1,(#5393,#5394),.UNSPECIFIED.,.F.,
  .F.,(2,2),(0.,1.),.PIECEWISE_BEZIER_KNOTS.);
#5393 = CARTESIAN_POINT('',(69.769230769231,12.,39.));
#5394 = CARTESIAN_POINT('',(63.,12.,39.));
#5395 = PCURVE('',#4895,#5396);
#5396 = DEFINITIONAL_REPRESENTATION('',(#5397),#5400);
#5397 = B_SPLINE_CURVE_WITH_KNOTS('',1,(#5398,#5399),.UNSPECIFIED.,.F.,
  .F.,(2,2),(0.,1.),.PIECEWISE_BEZIER_KNOTS.);
#5398 = CARTESIAN_POINT('',(79.,0.923076923077));
#5399 = CARTESIAN_POINT('',(70.166454891995,0.923076923077));
#5400 = ( GEOMETRIC_REPRESENTATION_CONTEXT(2) 
PARAMETRIC_REPRESENTATION_CONTEXT() REPRESENTATION_CONTEXT('2D SPACE',''
  ) );
#5401 = PCURVE('',#5169,#5402);
#5402 = DEFINITIONAL_REPRESENTATION('',(#5403),#5406);
#5403 = B_SPLINE_CURVE_WITH_KNOTS('',1,(#5404,#5405),.UNSPECIFIED.,.F.,
  .F.,(2,2),(0.,1.),.PIECEWISE_BEZIER_KNOTS.);
#5404 = CARTESIAN_POINT('',(2.769230769231,5.329070518201E-15));
#5405 = CARTESIAN_POINT('',(-4.,5.329070518201E-15));
#5406 = ( GEOMETRIC_REPRESENTATION_CONTEXT(2) 
PARAMETRIC_REPRESENTATION_CONTEXT() REPRESENTATION_CONTEXT('2D SPACE',''
  ) );
#5407 = ORIENTED_EDGE('',*,*,#5408,.T.);
#5408 = EDGE_CURVE('',#5389,#5409,#5411,.T.);
#5409 = VERTEX_POINT('',#5410);
#5410 = CARTESIAN_POINT('',(69.240177993323,12.68776860868,
    39.68776860868));
#5411 = SURFACE_CURVE('',#5412,(#5415,#5422),.PCURVE_S1.);
#5412 = B_SPLINE_CURVE_WITH_KNOTS('',1,(#5413,#5414),.UNSPECIFIED.,.F.,
  .F.,(2,2),(0.,1.),.PIECEWISE_BEZIER_KNOTS.);
#5413 = CARTESIAN_POINT('',(79.,0.,27.));
#5414 = CARTESIAN_POINT('',(69.,13.,40.));
#5415 = PCURVE('',#4895,#5416);
#5416 = DEFINITIONAL_REPRESENTATION('',(#5417),#5421);
#5417 = LINE('',#5418,#5419);
#5418 = CARTESIAN_POINT('',(79.,0.));
#5419 = VECTOR('',#5420,1.);
#5420 = DIRECTION('',(0.,1.));
#5421 = ( GEOMETRIC_REPRESENTATION_CONTEXT(2) 
PARAMETRIC_REPRESENTATION_CONTEXT() REPRESENTATION_CONTEXT('2D SPACE',''
  ) );
#5422 = PCURVE('',#4938,#5423);
#5423 = DEFINITIONAL_REPRESENTATION('',(#5424),#5428);
#5424 = LINE('',#5425,#5426);
#5425 = CARTESIAN_POINT('',(0.,0.));
#5426 = VECTOR('',#5427,1.);
#5427 = DIRECTION('',(0.,1.));
#5428 = ( GEOMETRIC_REPRESENTATION_CONTEXT(2) 
PARAMETRIC_REPRESENTATION_CONTEXT() REPRESENTATION_CONTEXT('2D SPACE',''
  ) );
#5429 = ORIENTED_EDGE('',*,*,#5430,.F.);
#5430 = EDGE_CURVE('',#5431,#5409,#5433,.T.);
#5431 = VERTEX_POINT('',#5432);
#5432 = CARTESIAN_POINT('',(69.171764226989,12.765685424949,
    39.765685424949));
#5433 = SURFACE_CURVE('',#5434,(#5440,#5449),.PCURVE_S1.);
#5434 = B_SPLINE_CURVE_WITH_KNOTS('',4,(#5435,#5436,#5437,#5438,#5439),
  .UNSPECIFIED.,.F.,.F.,(5,5),(0.,1.),.PIECEWISE_BEZIER_KNOTS.);
#5435 = CARTESIAN_POINT('',(69.171764226989,12.765685424949,
    39.765685424949));
#5436 = CARTESIAN_POINT('',(69.190332155069,12.747117496869,
    39.747117496869));
#5437 = CARTESIAN_POINT('',(69.207953016663,12.727871211858,
    39.727871211858));
#5438 = CARTESIAN_POINT('',(69.224575469118,12.708051881609,
    39.708051881609));
#5439 = CARTESIAN_POINT('',(69.240177894099,12.687768737672,
    39.687768737672));
#5440 = PCURVE('',#4895,#5441);
#5441 = DEFINITIONAL_REPRESENTATION('',(#5442),#5448);
#5442 = B_SPLINE_CURVE_WITH_KNOTS('',4,(#5443,#5444,#5445,#5446,#5447),
  .UNSPECIFIED.,.F.,.F.,(5,5),(0.,1.),.PIECEWISE_BEZIER_KNOTS.);
#5443 = CARTESIAN_POINT('',(78.988717367059,0.981975801919));
#5444 = CARTESIAN_POINT('',(78.994425371602,0.980547499759));
#5445 = CARTESIAN_POINT('',(78.998171369018,0.979067016297));
#5446 = CARTESIAN_POINT('',(78.999999991277,0.977542452431));
#5447 = CARTESIAN_POINT('',(79.,0.97598221059));
#5448 = ( GEOMETRIC_REPRESENTATION_CONTEXT(2) 
PARAMETRIC_REPRESENTATION_CONTEXT() REPRESENTATION_CONTEXT('2D SPACE',''
  ) );
#5449 = PCURVE('',#5450,#5466);
#5450 = ( BOUNDED_SURFACE() B_SPLINE_SURFACE(2,2,(
    (#5451,#5452,#5453,#5454,#5455)
    ,(#5456,#5457,#5458,#5459,#5460)
    ,(#5461,#5462,#5463,#5464,#5465
)),.UNSPECIFIED.,.F.,.F.,.F.) B_SPLINE_SURFACE_WITH_KNOTS((3,3),(3,1,1,3
    ),(0.,80.360266989985),(-4.22903139132,-0.31223139132,
    80.048035598665,83.964835598665),.UNSPECIFIED.) 
GEOMETRIC_REPRESENTATION_ITEM() RATIONAL_B_SPLINE_SURFACE((
    (1.,1.,1.,1.,1.)
    ,(0.897137325288,0.897137325288,0.897137325288,0.897137325288
      ,0.897137325288)
,(1.,1.,1.,1.,1.))) REPRESENTATION_ITEM('') SURFACE() );
#5451 = CARTESIAN_POINT('',(69.240177993323,8.77096860868,39.68776860868
    ));
#5452 = CARTESIAN_POINT('',(69.240177993323,10.72936860868,
    39.68776860868));
#5453 = CARTESIAN_POINT('',(69.240177993323,52.867902103672,
    39.68776860868));
#5454 = CARTESIAN_POINT('',(69.240177993323,95.006435598665,
    39.68776860868));
#5455 = CARTESIAN_POINT('',(69.240177993323,96.964835598665,
    39.68776860868));
#5456 = CARTESIAN_POINT('',(69.,8.77096860868,40.));
#5457 = CARTESIAN_POINT('',(69.,10.72936860868,40.));
#5458 = CARTESIAN_POINT('',(69.,52.867902103672,40.));
#5459 = CARTESIAN_POINT('',(69.,95.006435598665,40.));
#5460 = CARTESIAN_POINT('',(69.,96.964835598665,40.));
#5461 = CARTESIAN_POINT('',(68.60607880204,8.77096860868,40.));
#5462 = CARTESIAN_POINT('',(68.60607880204,10.72936860868,40.));
#5463 = CARTESIAN_POINT('',(68.60607880204,52.867902103672,40.));
#5464 = CARTESIAN_POINT('',(68.60607880204,95.006435598665,40.));
#5465 = CARTESIAN_POINT('',(68.60607880204,96.964835598665,40.));
#5466 = DEFINITIONAL_REPRESENTATION('',(#5467),#5473);
#5467 = B_SPLINE_CURVE_WITH_KNOTS('',4,(#5468,#5469,#5470,#5471,#5472),
  .UNSPECIFIED.,.F.,.F.,(5,5),(0.,1.),.PIECEWISE_BEZIER_KNOTS.);
#5468 = CARTESIAN_POINT('',(11.63785057125,-0.234314575051));
#5469 = CARTESIAN_POINT('',(8.728387142036,-0.252882503131));
#5470 = CARTESIAN_POINT('',(5.818926808546,-0.272128788142));
#5471 = CARTESIAN_POINT('',(2.909470560225,-0.291948118391));
#5472 = CARTESIAN_POINT('',(1.850285945237E-05,-0.312231262328));
#5473 = ( GEOMETRIC_REPRESENTATION_CONTEXT(2) 
PARAMETRIC_REPRESENTATION_CONTEXT() REPRESENTATION_CONTEXT('2D SPACE',''
  ) );
#5474 = ORIENTED_EDGE('',*,*,#5475,.F.);
#5475 = EDGE_CURVE('',#5476,#5431,#5478,.T.);
#5476 = VERTEX_POINT('',#5477);
#5477 = CARTESIAN_POINT('',(9.828235773011,12.765685424949,
    39.765685424949));
#5478 = SURFACE_CURVE('',#5479,(#5485,#5491),.PCURVE_S1.);
#5479 = B_SPLINE_CURVE_WITH_KNOTS('',2,(#5480,#5481,#5482,#5483,#5484),
  .UNSPECIFIED.,.F.,.F.,(3,1,1,3),(-3.454441980808,-0.180241980808,
    59.180241980808,62.454441980808),.UNSPECIFIED.);
#5480 = CARTESIAN_POINT('',(6.545558019192,12.765685424949,
    39.765685424949));
#5481 = CARTESIAN_POINT('',(8.182658019192,12.765685424949,
    39.765685424949));
#5482 = CARTESIAN_POINT('',(39.5,12.765685424949,39.765685424949));
#5483 = CARTESIAN_POINT('',(70.817341980808,12.765685424949,
    39.765685424949));
#5484 = CARTESIAN_POINT('',(72.454441980808,12.765685424949,
    39.765685424949));
#5485 = PCURVE('',#4895,#5486);
#5486 = DEFINITIONAL_REPRESENTATION('',(#5487),#5490);
#5487 = B_SPLINE_CURVE_WITH_KNOTS('',1,(#5488,#5489),.UNSPECIFIED.,.F.,
  .F.,(2,2),(-0.180241980808,59.180241980808),.PIECEWISE_BEZIER_KNOTS.);
#5488 = CARTESIAN_POINT('',(-7.993605777301E-15,0.981975801919));
#5489 = CARTESIAN_POINT('',(79.,0.981975801919));
#5490 = ( GEOMETRIC_REPRESENTATION_CONTEXT(2) 
PARAMETRIC_REPRESENTATION_CONTEXT() REPRESENTATION_CONTEXT('2D SPACE',''
  ) );
#5491 = PCURVE('',#5492,#5508);
#5492 = ( BOUNDED_SURFACE() B_SPLINE_SURFACE(2,2,(
    (#5493,#5494,#5495,#5496,#5497)
    ,(#5498,#5499,#5500,#5501,#5502)
    ,(#5503,#5504,#5505,#5506,#5507
)),.UNSPECIFIED.,.F.,.F.,.F.) B_SPLINE_SURFACE_WITH_KNOTS((3,3),(3,1,1,3
    ),(0.,59.360483961617),(-3.454441980808,-0.180241980808,
    59.180241980808,62.454441980808),.UNSPECIFIED.) 
GEOMETRIC_REPRESENTATION_ITEM() RATIONAL_B_SPLINE_SURFACE((
    (1.,1.,1.,1.,1.)
    ,(0.923879532511,0.923879532511,0.923879532511,0.923879532511
      ,0.923879532511)
,(1.,1.,1.,1.,1.))) REPRESENTATION_ITEM('') SURFACE() );
#5493 = CARTESIAN_POINT('',(6.545558019192,12.765685424949,
    39.765685424949));
#5494 = CARTESIAN_POINT('',(8.182658019192,12.765685424949,
    39.765685424949));
#5495 = CARTESIAN_POINT('',(39.5,12.765685424949,39.765685424949));
#5496 = CARTESIAN_POINT('',(70.817341980808,12.765685424949,
    39.765685424949));
#5497 = CARTESIAN_POINT('',(72.454441980808,12.765685424949,
    39.765685424949));
#5498 = CARTESIAN_POINT('',(6.545558019192,13.,40.));
#5499 = CARTESIAN_POINT('',(8.182658019192,13.,40.));
#5500 = CARTESIAN_POINT('',(39.5,13.,40.));
#5501 = CARTESIAN_POINT('',(70.817341980808,13.,40.));
#5502 = CARTESIAN_POINT('',(72.454441980808,13.,40.));
#5503 = CARTESIAN_POINT('',(6.545558019192,13.331370849898,40.));
#5504 = CARTESIAN_POINT('',(8.182658019192,13.331370849898,40.));
#5505 = CARTESIAN_POINT('',(39.5,13.331370849898,40.));
#5506 = CARTESIAN_POINT('',(70.817341980808,13.331370849898,40.));
#5507 = CARTESIAN_POINT('',(72.454441980808,13.331370849898,40.));
#5508 = DEFINITIONAL_REPRESENTATION('',(#5509),#5513);
#5509 = LINE('',#5510,#5511);
#5510 = CARTESIAN_POINT('',(0.,0.));
#5511 = VECTOR('',#5512,1.);
#5512 = DIRECTION('',(0.,1.));
#5513 = ( GEOMETRIC_REPRESENTATION_CONTEXT(2) 
PARAMETRIC_REPRESENTATION_CONTEXT() REPRESENTATION_CONTEXT('2D SPACE',''
  ) );
#5514 = ORIENTED_EDGE('',*,*,#5515,.T.);
#5515 = EDGE_CURVE('',#5476,#5516,#5518,.T.);
#5516 = VERTEX_POINT('',#5517);
#5517 = CARTESIAN_POINT('',(9.759822006677,12.68776860868,39.68776860868
    ));
#5518 = SURFACE_CURVE('',#5519,(#5525,#5534),.PCURVE_S1.);
#5519 = B_SPLINE_CURVE_WITH_KNOTS('',4,(#5520,#5521,#5522,#5523,#5524),
  .UNSPECIFIED.,.F.,.F.,(5,5),(0.,1.),.PIECEWISE_BEZIER_KNOTS.);
#5520 = CARTESIAN_POINT('',(9.828235773011,12.765685424949,
    39.765685424949));
#5521 = CARTESIAN_POINT('',(9.809667833016,12.747117484954,
    39.747117484954));
#5522 = CARTESIAN_POINT('',(9.792046960907,12.727871186301,
    39.727871186301));
#5523 = CARTESIAN_POINT('',(9.775424498851,12.7080518434,39.7080518434)
  );
#5524 = CARTESIAN_POINT('',(9.759822066017,12.687768685822,
    39.687768685822));
#5525 = PCURVE('',#4895,#5526);
#5526 = DEFINITIONAL_REPRESENTATION('',(#5527),#5533);
#5527 = B_SPLINE_CURVE_WITH_KNOTS('',4,(#5528,#5529,#5530,#5531,#5532),
  .UNSPECIFIED.,.F.,.F.,(5,5),(0.,1.),.PIECEWISE_BEZIER_KNOTS.);
#5528 = CARTESIAN_POINT('',(1.128263294096E-02,0.981975801919));
#5529 = CARTESIAN_POINT('',(5.574624735604E-03,0.980547498843));
#5530 = CARTESIAN_POINT('',(1.828627413491E-03,0.979067014331));
#5531 = CARTESIAN_POINT('',(5.216642509288E-09,0.977542449492));
#5532 = CARTESIAN_POINT('',(0.,0.975982206602));
#5533 = ( GEOMETRIC_REPRESENTATION_CONTEXT(2) 
PARAMETRIC_REPRESENTATION_CONTEXT() REPRESENTATION_CONTEXT('2D SPACE',''
  ) );
#5534 = PCURVE('',#5535,#5551);
#5535 = ( BOUNDED_SURFACE() B_SPLINE_SURFACE(2,2,(
    (#5536,#5537,#5538,#5539,#5540)
    ,(#5541,#5542,#5543,#5544,#5545)
    ,(#5546,#5547,#5548,#5549,#5550
)),.UNSPECIFIED.,.F.,.F.,.F.) B_SPLINE_SURFACE_WITH_KNOTS((3,3),(3,1,1,3
    ),(0.,80.360266989985),(-3.964835598665,-4.80355986647E-02,
    80.31223139132,84.22903139132),.UNSPECIFIED.) 
GEOMETRIC_REPRESENTATION_ITEM() RATIONAL_B_SPLINE_SURFACE((
    (1.,1.,1.,1.,1.)
    ,(0.897137325288,0.897137325288,0.897137325288,0.897137325288
      ,0.897137325288)
,(1.,1.,1.,1.,1.))) REPRESENTATION_ITEM('') SURFACE() );
#5536 = CARTESIAN_POINT('',(9.759822006677,96.964835598665,
    39.68776860868));
#5537 = CARTESIAN_POINT('',(9.759822006677,95.006435598665,
    39.68776860868));
#5538 = CARTESIAN_POINT('',(9.759822006677,52.867902103672,
    39.68776860868));
#5539 = CARTESIAN_POINT('',(9.759822006677,10.72936860868,39.68776860868
    ));
#5540 = CARTESIAN_POINT('',(9.759822006677,8.77096860868,39.68776860868)
  );
#5541 = CARTESIAN_POINT('',(10.,96.964835598665,40.));
#5542 = CARTESIAN_POINT('',(10.,95.006435598665,40.));
#5543 = CARTESIAN_POINT('',(10.,52.867902103672,40.));
#5544 = CARTESIAN_POINT('',(10.,10.72936860868,40.));
#5545 = CARTESIAN_POINT('',(10.,8.77096860868,40.));
#5546 = CARTESIAN_POINT('',(10.39392119796,96.964835598665,40.));
#5547 = CARTESIAN_POINT('',(10.39392119796,95.006435598665,40.));
#5548 = CARTESIAN_POINT('',(10.39392119796,52.867902103672,40.));
#5549 = CARTESIAN_POINT('',(10.39392119796,10.72936860868,40.));
#5550 = CARTESIAN_POINT('',(10.39392119796,8.77096860868,40.));
#5551 = DEFINITIONAL_REPRESENTATION('',(#5552),#5558);
#5552 = B_SPLINE_CURVE_WITH_KNOTS('',4,(#5553,#5554,#5555,#5556,#5557),
  .UNSPECIFIED.,.F.,.F.,(5,5),(0.,1.),.PIECEWISE_BEZIER_KNOTS.);
#5553 = CARTESIAN_POINT('',(11.637850571251,80.234314575051));
#5554 = CARTESIAN_POINT('',(8.728385275091,80.252882515046));
#5555 = CARTESIAN_POINT('',(5.818923092496,80.272128813699));
#5556 = CARTESIAN_POINT('',(2.909464951857,80.2919481566));
#5557 = CARTESIAN_POINT('',(1.106546078295E-05,80.312231314178));
#5558 = ( GEOMETRIC_REPRESENTATION_CONTEXT(2) 
PARAMETRIC_REPRESENTATION_CONTEXT() REPRESENTATION_CONTEXT('2D SPACE',''
  ) );
#5559 = ORIENTED_EDGE('',*,*,#5560,.F.);
#5560 = EDGE_CURVE('',#5561,#5516,#5563,.T.);
#5561 = VERTEX_POINT('',#5562);
#5562 = CARTESIAN_POINT('',(9.230769230769,12.,39.));
#5563 = SURFACE_CURVE('',#5564,(#5567,#5574),.PCURVE_S1.);
#5564 = B_SPLINE_CURVE_WITH_KNOTS('',1,(#5565,#5566),.UNSPECIFIED.,.F.,
  .F.,(2,2),(0.,1.),.PIECEWISE_BEZIER_KNOTS.);
#5565 = CARTESIAN_POINT('',(0.,0.,27.));
#5566 = CARTESIAN_POINT('',(10.,13.,40.));
#5567 = PCURVE('',#4895,#5568);
#5568 = DEFINITIONAL_REPRESENTATION('',(#5569),#5573);
#5569 = LINE('',#5570,#5571);
#5570 = CARTESIAN_POINT('',(0.,0.));
#5571 = VECTOR('',#5572,1.);
#5572 = DIRECTION('',(0.,1.));
#5573 = ( GEOMETRIC_REPRESENTATION_CONTEXT(2) 
PARAMETRIC_REPRESENTATION_CONTEXT() REPRESENTATION_CONTEXT('2D SPACE',''
  ) );
#5574 = PCURVE('',#5575,#5580);
#5575 = B_SPLINE_SURFACE_WITH_KNOTS('',1,1,(
    (#5576,#5577)
    ,(#5578,#5579
    )),.UNSPECIFIED.,.F.,.F.,.F.,(2,2),(2,2),(0.,95.),(0.,1.),
  .PIECEWISE_BEZIER_KNOTS.);
#5576 = CARTESIAN_POINT('',(0.,95.,27.));
#5577 = CARTESIAN_POINT('',(10.,93.,40.));
#5578 = CARTESIAN_POINT('',(0.,0.,27.));
#5579 = CARTESIAN_POINT('',(10.,13.,40.));
#5580 = DEFINITIONAL_REPRESENTATION('',(#5581),#5585);
#5581 = LINE('',#5582,#5583);
#5582 = CARTESIAN_POINT('',(95.,0.));
#5583 = VECTOR('',#5584,1.);
#5584 = DIRECTION('',(0.,1.));
#5585 = ( GEOMETRIC_REPRESENTATION_CONTEXT(2) 
PARAMETRIC_REPRESENTATION_CONTEXT() REPRESENTATION_CONTEXT('2D SPACE',''
  ) );
#5586 = ORIENTED_EDGE('',*,*,#5587,.F.);
#5587 = EDGE_CURVE('',#5588,#5561,#5590,.T.);
#5588 = VERTEX_POINT('',#5589);
#5589 = CARTESIAN_POINT('',(11.,12.,39.));
#5590 = SURFACE_CURVE('',#5591,(#5594,#5600),.PCURVE_S1.);
#5591 = B_SPLINE_CURVE_WITH_KNOTS('',1,(#5592,#5593),.UNSPECIFIED.,.F.,
  .F.,(2,2),(0.,1.),.PIECEWISE_BEZIER_KNOTS.);
#5592 = CARTESIAN_POINT('',(16.,12.,39.));
#5593 = CARTESIAN_POINT('',(9.230769230769,12.,39.));
#5594 = PCURVE('',#4895,#5595);
#5595 = DEFINITIONAL_REPRESENTATION('',(#5596),#5599);
#5596 = B_SPLINE_CURVE_WITH_KNOTS('',1,(#5597,#5598),.UNSPECIFIED.,.F.,
  .F.,(2,2),(0.,1.),.PIECEWISE_BEZIER_KNOTS.);
#5597 = CARTESIAN_POINT('',(8.833545108005,0.923076923077));
#5598 = CARTESIAN_POINT('',(0.,0.923076923077));
#5599 = ( GEOMETRIC_REPRESENTATION_CONTEXT(2) 
PARAMETRIC_REPRESENTATION_CONTEXT() REPRESENTATION_CONTEXT('2D SPACE',''
  ) );
#5600 = PCURVE('',#5601,#5606);
#5601 = PLANE('',#5602);
#5602 = AXIS2_PLACEMENT_3D('',#5603,#5604,#5605);
#5603 = CARTESIAN_POINT('',(12.,12.,39.));
#5604 = DIRECTION('',(0.,0.,1.));
#5605 = DIRECTION('',(1.,0.,-0.));
#5606 = DEFINITIONAL_REPRESENTATION('',(#5607),#5610);
#5607 = B_SPLINE_CURVE_WITH_KNOTS('',1,(#5608,#5609),.UNSPECIFIED.,.F.,
  .F.,(2,2),(0.,1.),.PIECEWISE_BEZIER_KNOTS.);
#5608 = CARTESIAN_POINT('',(4.,5.329070518201E-15));
#5609 = CARTESIAN_POINT('',(-2.769230769231,3.552713678801E-15));
#5610 = ( GEOMETRIC_REPRESENTATION_CONTEXT(2) 
PARAMETRIC_REPRESENTATION_CONTEXT() REPRESENTATION_CONTEXT('2D SPACE',''
  ) );
#5611 = ORIENTED_EDGE('',*,*,#5612,.T.);
#5612 = EDGE_CURVE('',#5588,#5613,#5615,.T.);
#5613 = VERTEX_POINT('',#5614);
#5614 = CARTESIAN_POINT('',(11.046060798583,12.3,39.3));
#5615 = SURFACE_CURVE('',#5616,(#5661,#5709),.PCURVE_S1.);
#5616 = B_SPLINE_CURVE_WITH_KNOTS('',7,(#5617,#5618,#5619,#5620,#5621,
    #5622,#5623,#5624,#5625,#5626,#5627,#5628,#5629,#5630,#5631,#5632,
    #5633,#5634,#5635,#5636,#5637,#5638,#5639,#5640,#5641,#5642,#5643,
    #5644,#5645,#5646,#5647,#5648,#5649,#5650,#5651,#5652,#5653,#5654,
    #5655,#5656,#5657,#5658,#5659,#5660),.UNSPECIFIED.,.F.,.F.,(8,6,6,6,
    6,6,6,8),(0.,0.139948299696,0.218395662987,0.370681591114,
    0.57460463369,0.738929387019,0.883514810675,1.),.UNSPECIFIED.);
#5617 = CARTESIAN_POINT('',(13.,12.,39.));
#5618 = CARTESIAN_POINT('',(13.,11.935199100383,38.935199100383));
#5619 = CARTESIAN_POINT('',(12.995101148309,11.869210591558,
    38.869210591558));
#5620 = CARTESIAN_POINT('',(12.984979325568,11.802235236344,
    38.802235236344));
#5621 = CARTESIAN_POINT('',(12.969244366586,11.734604798878,
    38.734604798878));
#5622 = CARTESIAN_POINT('',(12.947484288467,11.66679780078,
    38.66679780078));
#5623 = CARTESIAN_POINT('',(12.919316839959,11.599450335663,
    38.599450335663));
#5624 = CARTESIAN_POINT('',(12.86490301583,11.496316402754,
    38.496316402754));
#5625 = CARTESIAN_POINT('',(12.843259619319,11.459680497172,
    38.459680497172));
#5626 = CARTESIAN_POINT('',(12.819478860889,11.423612572131,
    38.423612572131));
#5627 = CARTESIAN_POINT('',(12.793542710976,11.388295353547,
    38.388295353547));
#5628 = CARTESIAN_POINT('',(12.765463160801,11.353933456712,
    38.353933456712));
#5629 = CARTESIAN_POINT('',(12.735295056394,11.320747019737,
    38.320747019737));
#5630 = CARTESIAN_POINT('',(12.640757351097,11.227257748837,
    38.227257748837));
#5631 = CARTESIAN_POINT('',(12.570693996377,11.170606382733,
    38.170606382733));
#5632 = CARTESIAN_POINT('',(12.494167738821,11.12118382154,
    38.12118382154));
#5633 = CARTESIAN_POINT('',(12.412878952774,11.080338846328,
    38.080338846328));
#5634 = CARTESIAN_POINT('',(12.328755431198,11.048757756827,
    38.048757756827));
#5635 = CARTESIAN_POINT('',(12.243839626062,11.026488306955,
    38.026488306955));
#5636 = CARTESIAN_POINT('',(12.048159394851,10.994733682828,
    37.994733682828));
#5637 = CARTESIAN_POINT('',(11.938132604492,10.992102080009,
    37.992102080009));
#5638 = CARTESIAN_POINT('',(11.83259734582,11.003264939609,
    38.00326493961));
#5639 = CARTESIAN_POINT('',(11.733079502615,11.026141848019,
    38.026141848019));
#5640 = CARTESIAN_POINT('',(11.640379413502,11.058852071766,
    38.058852071766));
#5641 = CARTESIAN_POINT('',(11.554735778703,11.09985282498,
    38.09985282498));
#5642 = CARTESIAN_POINT('',(11.41271581622,11.187206648258,
    38.187206648258));
#5643 = CARTESIAN_POINT('',(11.3539630943,11.230926299045,
    38.230926299045));
#5644 = CARTESIAN_POINT('',(11.299857767645,11.27883802544,
    38.27883802544));
#5645 = CARTESIAN_POINT('',(11.250457583063,11.330503079821,
    38.330503079821));
#5646 = CARTESIAN_POINT('',(11.205829791654,11.385556464876,
    38.385556464876));
#5647 = CARTESIAN_POINT('',(11.166057154748,11.443698118833,
    38.443698118833));
#5648 = CARTESIAN_POINT('',(11.100665829706,11.558393087021,
    38.558393087021));
#5649 = CARTESIAN_POINT('',(11.073935445108,11.614272593883,
    38.614272593883));
#5650 = CARTESIAN_POINT('',(11.051166046486,11.672192801293,
    38.672192801293));
#5651 = CARTESIAN_POINT('',(11.032495630552,11.732004254706,
    38.732004254706));
#5652 = CARTESIAN_POINT('',(11.018101653953,11.793554166855,
    38.793554166855));
#5653 = CARTESIAN_POINT('',(11.008207219897,11.856683658476,
    38.856683658476));
#5654 = CARTESIAN_POINT('',(10.998998065038,11.97323523513,
    38.97323523513));
#5655 = CARTESIAN_POINT('',(10.998002804858,12.026137040586,
    39.026137040586));
#5656 = CARTESIAN_POINT('',(11.000270044699,12.079860854129,
    39.079860854129));
#5657 = CARTESIAN_POINT('',(11.005986371581,12.134291550182,
    39.134291550182));
#5658 = CARTESIAN_POINT('',(11.015363905955,12.189270798177,
    39.189270798177));
#5659 = CARTESIAN_POINT('',(11.028636013451,12.244592836394,
    39.244592836394));
#5660 = CARTESIAN_POINT('',(11.046060987275,12.3000006,39.3000006));
#5661 = PCURVE('',#4895,#5662);
#5662 = DEFINITIONAL_REPRESENTATION('',(#5663),#5708);
#5663 = B_SPLINE_CURVE_WITH_KNOTS('',7,(#5664,#5665,#5666,#5667,#5668,
    #5669,#5670,#5671,#5672,#5673,#5674,#5675,#5676,#5677,#5678,#5679,
    #5680,#5681,#5682,#5683,#5684,#5685,#5686,#5687,#5688,#5689,#5690,
    #5691,#5692,#5693,#5694,#5695,#5696,#5697,#5698,#5699,#5700,#5701,
    #5702,#5703,#5704,#5705,#5706,#5707),.UNSPECIFIED.,.F.,.F.,(8,6,6,6,
    6,6,6,8),(0.,0.139948299696,0.218395662987,0.370681591114,
    0.57460463369,0.738929387019,0.883514810675,1.),.UNSPECIFIED.);
#5664 = CARTESIAN_POINT('',(4.918678526048,0.923076923077));
#5665 = CARTESIAN_POINT('',(4.975626448322,0.918092238491));
#5666 = CARTESIAN_POINT('',(5.027006417614,0.913016199351));
#5667 = CARTESIAN_POINT('',(5.072250522032,0.90786424895));
#5668 = CARTESIAN_POINT('',(5.11059959759,0.902661907606));
#5669 = CARTESIAN_POINT('',(5.141154237876,0.897445984675));
#5670 = CARTESIAN_POINT('',(5.162933005627,0.892265410436));
#5671 = CARTESIAN_POINT('',(5.181667103347,0.884332030981));
#5672 = CARTESIAN_POINT('',(5.185322853543,0.881513884398));
#5673 = CARTESIAN_POINT('',(5.185730175124,0.878739428625));
#5674 = CARTESIAN_POINT('',(5.182721527237,0.876022719504));
#5675 = CARTESIAN_POINT('',(5.17614961746,0.87337949667));
#5676 = CARTESIAN_POINT('',(5.165908308684,0.870826693826));
#5677 = CARTESIAN_POINT('',(5.124887452591,0.863635211449));
#5678 = CARTESIAN_POINT('',(5.083750437846,0.859277414056));
#5679 = CARTESIAN_POINT('',(5.028305247332,0.85547567858));
#5680 = CARTESIAN_POINT('',(4.959621972041,0.85233375741));
#5681 = CARTESIAN_POINT('',(4.879553721834,0.849904442833));
#5682 = CARTESIAN_POINT('',(4.790594415291,0.848191408227));
#5683 = CARTESIAN_POINT('',(4.568888126879,0.845748744833));
#5684 = CARTESIAN_POINT('',(4.43122570846,0.845546313847));
#5685 = CARTESIAN_POINT('',(4.287327112286,0.846404995355));
#5686 = CARTESIAN_POINT('',(4.140716890188,0.84816475754));
#5687 = CARTESIAN_POINT('',(3.993891118805,0.850680928597));
#5688 = CARTESIAN_POINT('',(3.848394338537,0.853834832691));
#5689 = CARTESIAN_POINT('',(3.589212572594,0.860554357558));
#5690 = CARTESIAN_POINT('',(3.474978247446,0.863917407619));
#5691 = CARTESIAN_POINT('',(3.36263438591,0.867602925034));
#5692 = CARTESIAN_POINT('',(3.252610171924,0.871577159986));
#5693 = CARTESIAN_POINT('',(3.1452949163,0.87581203576));
#5694 = CARTESIAN_POINT('',(3.041051264501,0.880284470679));
#5695 = CARTESIAN_POINT('',(2.851541666709,0.88910716054));
#5696 = CARTESIAN_POINT('',(2.765542618373,0.893405584145));
#5697 = CARTESIAN_POINT('',(2.682491693499,0.897860984715));
#5698 = CARTESIAN_POINT('',(2.60270527005,0.902461865747));
#5699 = CARTESIAN_POINT('',(2.526561260376,0.907196474373));
#5700 = CARTESIAN_POINT('',(2.454511186062,0.912052589114));
#5701 = CARTESIAN_POINT('',(2.332811829189,0.92101809501));
#5702 = CARTESIAN_POINT('',(2.281553967813,0.92508746466));
#5703 = CARTESIAN_POINT('',(2.233615851236,0.929220065702));
#5704 = CARTESIAN_POINT('',(2.189364641959,0.933407042322));
#5705 = CARTESIAN_POINT('',(2.149247675167,0.937636215244));
#5706 = CARTESIAN_POINT('',(2.113792445898,0.941891756646));
#5707 = CARTESIAN_POINT('',(2.083616113872,0.946153892308));
#5708 = ( GEOMETRIC_REPRESENTATION_CONTEXT(2) 
PARAMETRIC_REPRESENTATION_CONTEXT() REPRESENTATION_CONTEXT('2D SPACE',''
  ) );
#5709 = PCURVE('',#5710,#5715);
#5710 = CYLINDRICAL_SURFACE('',#5711,1.);
#5711 = AXIS2_PLACEMENT_3D('',#5712,#5713,#5714);
#5712 = CARTESIAN_POINT('',(12.,12.,30.7));
#5713 = DIRECTION('',(-0.,-0.,-1.));
#5714 = DIRECTION('',(1.,0.,0.));
#5715 = DEFINITIONAL_REPRESENTATION('',(#5716),#5761);
#5716 = B_SPLINE_CURVE_WITH_KNOTS('',7,(#5717,#5718,#5719,#5720,#5721,
    #5722,#5723,#5724,#5725,#5726,#5727,#5728,#5729,#5730,#5731,#5732,
    #5733,#5734,#5735,#5736,#5737,#5738,#5739,#5740,#5741,#5742,#5743,
    #5744,#5745,#5746,#5747,#5748,#5749,#5750,#5751,#5752,#5753,#5754,
    #5755,#5756,#5757,#5758,#5759,#5760),.UNSPECIFIED.,.F.,.F.,(8,6,6,6,
    6,6,6,8),(0.,0.139948299696,0.218395662987,0.370681591114,
    0.57460463369,0.738929387019,0.883514810675,1.),.UNSPECIFIED.);
#5717 = CARTESIAN_POINT('',(-6.28318530718,-8.3));
#5718 = CARTESIAN_POINT('',(-6.218384407562,-8.235199100383));
#5719 = CARTESIAN_POINT('',(-6.152395921052,-8.169210591558));
#5720 = CARTESIAN_POINT('',(-6.084976078475,-8.102235236344));
#5721 = CARTESIAN_POINT('',(-6.015938916789,-8.034604798878));
#5722 = CARTESIAN_POINT('',(-5.945131638603,-7.96679780078));
#5723 = CARTESIAN_POINT('',(-5.872422257835,-7.899450335663));
#5724 = CARTESIAN_POINT('',(-5.75581405755,-7.796316402754));
#5725 = CARTESIAN_POINT('',(-5.713311895834,-7.759680497172));
#5726 = CARTESIAN_POINT('',(-5.670194521534,-7.723612572131));
#5727 = CARTESIAN_POINT('',(-5.626479655497,-7.688295353547));
#5728 = CARTESIAN_POINT('',(-5.582201345458,-7.653933456712));
#5729 = CARTESIAN_POINT('',(-5.537415549672,-7.620747019737));
#5730 = CARTESIAN_POINT('',(-5.404458332883,-7.527257748837));
#5731 = CARTESIAN_POINT('',(-5.314806086891,-7.470606382733));
#5732 = CARTESIAN_POINT('',(-5.224537214131,-7.42118382154));
#5733 = CARTESIAN_POINT('',(-5.134492266177,-7.380338846328));
#5734 = CARTESIAN_POINT('',(-5.045402629311,-7.348757756827));
#5735 = CARTESIAN_POINT('',(-4.958016007558,-7.326488306955));
#5736 = CARTESIAN_POINT('',(-4.759775978704,-7.294733682828));
#5737 = CARTESIAN_POINT('',(-4.65074881419,-7.292102080009));
#5738 = CARTESIAN_POINT('',(-4.545974619106,-7.303264939609));
#5739 = CARTESIAN_POINT('',(-4.445095945955,-7.326141848019));
#5740 = CARTESIAN_POINT('',(-4.34771597977,-7.358852071766));
#5741 = CARTESIAN_POINT('',(-4.253285840041,-7.39985282498));
#5742 = CARTESIAN_POINT('',(-4.086551439916,-7.487206648258));
#5743 = CARTESIAN_POINT('',(-4.013601771882,-7.530926299045));
#5744 = CARTESIAN_POINT('',(-3.941743864588,-7.57883802544));
#5745 = CARTESIAN_POINT('',(-3.870695559509,-7.630503079821));
#5746 = CARTESIAN_POINT('',(-3.800201302798,-7.685556464876));
#5747 = CARTESIAN_POINT('',(-3.729992576622,-7.743698118833));
#5748 = CARTESIAN_POINT('',(-3.597966211383,-7.858393087021));
#5749 = CARTESIAN_POINT('',(-3.536182607732,-7.914272593883));
#5750 = CARTESIAN_POINT('',(-3.474203638848,-7.972192801293));
#5751 = CARTESIAN_POINT('',(-3.411839846207,-8.032004254706));
#5752 = CARTESIAN_POINT('',(-3.348904775135,-8.093554166855));
#5753 = CARTESIAN_POINT('',(-3.28519185344,-8.156683658476));
#5754 = CARTESIAN_POINT('',(-3.168277018822,-8.27323523513));
#5755 = CARTESIAN_POINT('',(-3.115461098974,-8.326137040586));
#5756 = CARTESIAN_POINT('',(-3.061851229144,-8.379860854129));
#5757 = CARTESIAN_POINT('',(-3.007317944302,-8.434291550182));
#5758 = CARTESIAN_POINT('',(-2.951738071662,-8.489270798177));
#5759 = CARTESIAN_POINT('',(-2.894982500517,-8.544592836394));
#5760 = CARTESIAN_POINT('',(-2.836899370603,-8.6000006));
#5761 = ( GEOMETRIC_REPRESENTATION_CONTEXT(2) 
PARAMETRIC_REPRESENTATION_CONTEXT() REPRESENTATION_CONTEXT('2D SPACE',''
  ) );
#5762 = ORIENTED_EDGE('',*,*,#5763,.F.);
#5763 = EDGE_CURVE('',#5764,#5613,#5766,.T.);
#5764 = VERTEX_POINT('',#5765);
#5765 = CARTESIAN_POINT('',(12.953939201417,12.3,39.3));
#5766 = SURFACE_CURVE('',#5767,(#5770,#5776),.PCURVE_S1.);
#5767 = B_SPLINE_CURVE_WITH_KNOTS('',1,(#5768,#5769),.UNSPECIFIED.,.F.,
  .F.,(2,2),(0.,1.),.PIECEWISE_BEZIER_KNOTS.);
#5768 = CARTESIAN_POINT('',(13.,12.3,39.3));
#5769 = CARTESIAN_POINT('',(11.,12.3,39.3));
#5770 = PCURVE('',#4895,#5771);
#5771 = DEFINITIONAL_REPRESENTATION('',(#5772),#5775);
#5772 = B_SPLINE_CURVE_WITH_KNOTS('',1,(#5773,#5774),.UNSPECIFIED.,.F.,
  .F.,(2,2),(0.,1.),.PIECEWISE_BEZIER_KNOTS.);
#5773 = CARTESIAN_POINT('',(4.653008962868,0.946153846154));
#5774 = CARTESIAN_POINT('',(2.02304737516,0.946153846154));
#5775 = ( GEOMETRIC_REPRESENTATION_CONTEXT(2) 
PARAMETRIC_REPRESENTATION_CONTEXT() REPRESENTATION_CONTEXT('2D SPACE',''
  ) );
#5776 = PCURVE('',#5777,#5782);
#5777 = PLANE('',#5778);
#5778 = AXIS2_PLACEMENT_3D('',#5779,#5780,#5781);
#5779 = CARTESIAN_POINT('',(12.,12.,39.3));
#5780 = DIRECTION('',(0.,0.,1.));
#5781 = DIRECTION('',(1.,0.,-0.));
#5782 = DEFINITIONAL_REPRESENTATION('',(#5783),#5786);
#5783 = B_SPLINE_CURVE_WITH_KNOTS('',1,(#5784,#5785),.UNSPECIFIED.,.F.,
  .F.,(2,2),(0.,1.),.PIECEWISE_BEZIER_KNOTS.);
#5784 = CARTESIAN_POINT('',(1.,0.3));
#5785 = CARTESIAN_POINT('',(-1.,0.3));
#5786 = ( GEOMETRIC_REPRESENTATION_CONTEXT(2) 
PARAMETRIC_REPRESENTATION_CONTEXT() REPRESENTATION_CONTEXT('2D SPACE',''
  ) );
#5787 = ORIENTED_EDGE('',*,*,#5788,.T.);
#5788 = EDGE_CURVE('',#5764,#5789,#5791,.T.);
#5789 = VERTEX_POINT('',#5790);
#5790 = CARTESIAN_POINT('',(13.,12.,39.));
#5791 = SURFACE_CURVE('',#5792,(#5799,#5809),.PCURVE_S1.);
#5792 = B_SPLINE_CURVE_WITH_KNOTS('',5,(#5793,#5794,#5795,#5796,#5797,
    #5798),.UNSPECIFIED.,.F.,.F.,(6,6),(0.,1.),
  .PIECEWISE_BEZIER_KNOTS.);
#5793 = CARTESIAN_POINT('',(12.953939012725,12.3000006,39.3000006));
#5794 = CARTESIAN_POINT('',(12.971739456207,12.2433989216,39.2433989216)
  );
#5795 = CARTESIAN_POINT('',(12.985520263042,12.184910611904,
    39.184910611904));
#5796 = CARTESIAN_POINT('',(12.995044390305,12.124696370361,
    39.124696370361));
#5797 = CARTESIAN_POINT('',(13.,12.062966093245,39.062966093245));
#5798 = CARTESIAN_POINT('',(13.,12.,39.));
#5799 = PCURVE('',#4895,#5800);
#5800 = DEFINITIONAL_REPRESENTATION('',(#5801),#5808);
#5801 = B_SPLINE_CURVE_WITH_KNOTS('',5,(#5802,#5803,#5804,#5805,#5806,
    #5807),.UNSPECIFIED.,.F.,.F.,(6,6),(0.,1.),
  .PIECEWISE_BEZIER_KNOTS.);
#5802 = CARTESIAN_POINT('',(4.592439112904,0.946153892308));
#5803 = CARTESIAN_POINT('',(4.666443705791,0.941799917046));
#5804 = CARTESIAN_POINT('',(4.736580884282,0.9373008163));
#5805 = CARTESIAN_POINT('',(4.802405430424,0.932668951566));
#5806 = CARTESIAN_POINT('',(4.863343056863,0.927920468711));
#5807 = CARTESIAN_POINT('',(4.918678526048,0.923076923077));
#5808 = ( GEOMETRIC_REPRESENTATION_CONTEXT(2) 
PARAMETRIC_REPRESENTATION_CONTEXT() REPRESENTATION_CONTEXT('2D SPACE',''
  ) );
#5809 = PCURVE('',#5710,#5810);
#5810 = DEFINITIONAL_REPRESENTATION('',(#5811),#5818);
#5811 = B_SPLINE_CURVE_WITH_KNOTS('',5,(#5812,#5813,#5814,#5815,#5816,
    #5817),.UNSPECIFIED.,.F.,.F.,(6,6),(0.,1.),
  .PIECEWISE_BEZIER_KNOTS.);
#5812 = CARTESIAN_POINT('',(-0.304693282986,-8.6000006));
#5813 = CARTESIAN_POINT('',(-0.24535859005,-8.5433989216));
#5814 = CARTESIAN_POINT('',(-0.185430207119,-8.484910611904));
#5815 = CARTESIAN_POINT('',(-0.124696489265,-8.424696370361));
#5816 = CARTESIAN_POINT('',(-6.296609324464E-02,-8.362966093245));
#5817 = CARTESIAN_POINT('',(0.,-8.3));
#5818 = ( GEOMETRIC_REPRESENTATION_CONTEXT(2) 
PARAMETRIC_REPRESENTATION_CONTEXT() REPRESENTATION_CONTEXT('2D SPACE',''
  ) );
#5819 = ORIENTED_EDGE('',*,*,#5820,.F.);
#5820 = EDGE_CURVE('',#5821,#5789,#5823,.T.);
#5821 = VERTEX_POINT('',#5822);
#5822 = CARTESIAN_POINT('',(16.,12.,39.));
#5823 = SURFACE_CURVE('',#5824,(#5827,#5833),.PCURVE_S1.);
#5824 = B_SPLINE_CURVE_WITH_KNOTS('',1,(#5825,#5826),.UNSPECIFIED.,.F.,
  .F.,(2,2),(0.,1.),.PIECEWISE_BEZIER_KNOTS.);
#5825 = CARTESIAN_POINT('',(16.,12.,39.));
#5826 = CARTESIAN_POINT('',(9.230769230769,12.,39.));
#5827 = PCURVE('',#4895,#5828);
#5828 = DEFINITIONAL_REPRESENTATION('',(#5829),#5832);
#5829 = B_SPLINE_CURVE_WITH_KNOTS('',1,(#5830,#5831),.UNSPECIFIED.,.F.,
  .F.,(2,2),(0.,1.),.PIECEWISE_BEZIER_KNOTS.);
#5830 = CARTESIAN_POINT('',(8.833545108005,0.923076923077));
#5831 = CARTESIAN_POINT('',(0.,0.923076923077));
#5832 = ( GEOMETRIC_REPRESENTATION_CONTEXT(2) 
PARAMETRIC_REPRESENTATION_CONTEXT() REPRESENTATION_CONTEXT('2D SPACE',''
  ) );
#5833 = PCURVE('',#5601,#5834);
#5834 = DEFINITIONAL_REPRESENTATION('',(#5835),#5838);
#5835 = B_SPLINE_CURVE_WITH_KNOTS('',1,(#5836,#5837),.UNSPECIFIED.,.F.,
  .F.,(2,2),(0.,1.),.PIECEWISE_BEZIER_KNOTS.);
#5836 = CARTESIAN_POINT('',(4.,5.329070518201E-15));
#5837 = CARTESIAN_POINT('',(-2.769230769231,3.552713678801E-15));
#5838 = ( GEOMETRIC_REPRESENTATION_CONTEXT(2) 
PARAMETRIC_REPRESENTATION_CONTEXT() REPRESENTATION_CONTEXT('2D SPACE',''
  ) );
#5839 = ORIENTED_EDGE('',*,*,#5840,.T.);
#5840 = EDGE_CURVE('',#5821,#5841,#5843,.T.);
#5841 = VERTEX_POINT('',#5842);
#5842 = CARTESIAN_POINT('',(8.221366661591,10.687776660068,
    37.687776660068));
#5843 = SURFACE_CURVE('',#5844,(#5907,#5973),.PCURVE_S1.);
#5844 = B_SPLINE_CURVE_WITH_KNOTS('',7,(#5845,#5846,#5847,#5848,#5849,
    #5850,#5851,#5852,#5853,#5854,#5855,#5856,#5857,#5858,#5859,#5860,
    #5861,#5862,#5863,#5864,#5865,#5866,#5867,#5868,#5869,#5870,#5871,
    #5872,#5873,#5874,#5875,#5876,#5877,#5878,#5879,#5880,#5881,#5882,
    #5883,#5884,#5885,#5886,#5887,#5888,#5889,#5890,#5891,#5892,#5893,
    #5894,#5895,#5896,#5897,#5898,#5899,#5900,#5901,#5902,#5903,#5904,
    #5905,#5906),.UNSPECIFIED.,.F.,.F.,(8,6,6,6,6,6,6,6,6,6,8),(0.,
    0.192571463359,0.257745692332,0.293111148812,0.362797940023,
    0.419558186036,0.554333302822,0.656122593349,0.83441020009,
    0.968892203106,1.),.UNSPECIFIED.);
#5845 = CARTESIAN_POINT('',(16.,12.,39.));
#5846 = CARTESIAN_POINT('',(16.,11.720814196073,38.720814196073));
#5847 = CARTESIAN_POINT('',(15.97726634955,11.434763846812,
    38.434763846812));
#5848 = CARTESIAN_POINT('',(15.92978512343,11.142785745322,
    38.142785745322));
#5849 = CARTESIAN_POINT('',(15.855119176621,10.846661129602,
    37.846661129602));
#5850 = CARTESIAN_POINT('',(15.750724750369,10.549077315008,
    37.549077315008));
#5851 = CARTESIAN_POINT('',(15.614240127477,10.253653111894,
    37.253653111894));
#5852 = CARTESIAN_POINT('',(15.385884210133,9.867238994594,
    36.867238994594));
#5853 = CARTESIAN_POINT('',(15.324259111498,9.770344696291,
    36.770344696291));
#5854 = CARTESIAN_POINT('',(15.258694397886,9.674466007402,
    36.674466007402));
#5855 = CARTESIAN_POINT('',(15.18914958156,9.579826833055,
    36.579826833055));
#5856 = CARTESIAN_POINT('',(15.115608586638,9.486671999386,
    36.486671999386));
#5857 = CARTESIAN_POINT('',(15.03808747636,9.395264524133,
    36.395264524133));
#5858 = CARTESIAN_POINT('',(14.912447563608,9.257381778124,
    36.257381778124));
#5859 = CARTESIAN_POINT('',(14.867097811348,9.209477457062,
    36.209477457062));
#5860 = CARTESIAN_POINT('',(14.820602453622,9.162214801707,
    36.162214801707));
#5861 = CARTESIAN_POINT('',(14.772974474802,9.115639777403,
    36.115639777403));
#5862 = CARTESIAN_POINT('',(14.724230793442,9.069799141605,
    36.069799141605));
#5863 = CARTESIAN_POINT('',(14.674392742137,9.024740148297,
    36.024740148297));
#5864 = CARTESIAN_POINT('',(14.523177100836,8.893356294112,
    35.893356294112));
#5865 = CARTESIAN_POINT('',(14.418706334428,8.809409347963,
    35.809409347963));
#5866 = CARTESIAN_POINT('',(14.310292269748,8.729050781128,
    35.729050781128));
#5867 = CARTESIAN_POINT('',(14.198206747072,8.652638217042,
    35.652638217042));
#5868 = CARTESIAN_POINT('',(14.082780009312,8.58050116433,35.58050116433
    ));
#5869 = CARTESIAN_POINT('',(13.964408128992,8.512932044501,
    35.512932044501));
#5870 = CARTESIAN_POINT('',(13.745134532448,8.399054746531,
    35.399054746531));
#5871 = CARTESIAN_POINT('',(13.64505068901,8.351120279824,
    35.351120279824));
#5872 = CARTESIAN_POINT('',(13.543562459394,8.306499244661,
    35.306499244661));
#5873 = CARTESIAN_POINT('',(13.440924828183,8.265285858093,
    35.265285858093));
#5874 = CARTESIAN_POINT('',(13.337395642029,8.227540981754,
    35.227540981754));
#5875 = CARTESIAN_POINT('',(13.23323419861,8.193294575756,
    35.193294575756));
#5876 = CARTESIAN_POINT('',(12.880486834827,8.089541901498,
    35.089541901498));
#5877 = CARTESIAN_POINT('',(12.63022860433,8.036285461673,
    35.036285461673));
#5878 = CARTESIAN_POINT('',(12.381257973847,8.00273423914,35.00273423914
    ));
#5879 = CARTESIAN_POINT('',(12.136201392081,7.987791703215,
    34.987791703215));
#5880 = CARTESIAN_POINT('',(11.897035332008,7.989975436447,
    34.989975436447));
#5881 = CARTESIAN_POINT('',(11.66510993123,8.007635021479,
    35.007635021479));
#5882 = CARTESIAN_POINT('',(11.272107038683,8.063080335718,
    35.063080335718));
#5883 = CARTESIAN_POINT('',(11.107543199732,8.094887769812,
    35.094887769812));
#5884 = CARTESIAN_POINT('',(10.94779044505,8.133994422671,
    35.133994422671));
#5885 = CARTESIAN_POINT('',(10.793027372299,8.179786792723,
    35.179786792723));
#5886 = CARTESIAN_POINT('',(10.643349539437,8.231701945049,
    35.231701945049));
#5887 = CARTESIAN_POINT('',(10.498780872314,8.289240457824,
    35.289240457824));
#5888 = CARTESIAN_POINT('',(10.114953156647,8.461868829875,
    35.461868829875));
#5889 = CARTESIAN_POINT('',(9.886347192811,8.587638982934,
    35.587638982934));
#5890 = CARTESIAN_POINT('',(9.673154861761,8.727018183261,
    35.727018183261));
#5891 = CARTESIAN_POINT('',(9.475137286431,8.878219906123,
    35.878219906123));
#5892 = CARTESIAN_POINT('',(9.291982516745,9.039777279847,
    36.039777279847));
#5893 = CARTESIAN_POINT('',(9.123360621785,9.21057047486,36.21057047486)
  );
#5894 = CARTESIAN_POINT('',(8.85253329016,9.525065861008,36.525065861008
    ));
#5895 = CARTESIAN_POINT('',(8.744229434298,9.665066643164,
    36.665066643164));
#5896 = CARTESIAN_POINT('',(8.64396567511,9.809478644526,36.809478644526
    ));
#5897 = CARTESIAN_POINT('',(8.55168722282,9.957993112068,36.957993112069
    ));
#5898 = CARTESIAN_POINT('',(8.467376843187,10.11034917337,37.11034917337
    ));
#5899 = CARTESIAN_POINT('',(8.391055416238,10.266332593372,
    37.266332593372));
#5900 = CARTESIAN_POINT('',(8.307005020018,10.462665370196,
    37.462665370196));
#5901 = CARTESIAN_POINT('',(8.291646768479,10.49973356842,37.49973356842
    ));
#5902 = CARTESIAN_POINT('',(8.276720960095,10.536984598904,
    37.536984598904));
#5903 = CARTESIAN_POINT('',(8.262228696956,10.574416375522,
    37.574416375522));
#5904 = CARTESIAN_POINT('',(8.248171245265,10.612026901426,
    37.612026901426));
#5905 = CARTESIAN_POINT('',(8.234550035336,10.64981426904,37.64981426904
    ));
#5906 = CARTESIAN_POINT('',(8.221366661591,10.687776660068,
    37.687776660068));
#5907 = PCURVE('',#4895,#5908);
#5908 = DEFINITIONAL_REPRESENTATION('',(#5909),#5972);
#5909 = B_SPLINE_CURVE_WITH_KNOTS('',7,(#5910,#5911,#5912,#5913,#5914,
    #5915,#5916,#5917,#5918,#5919,#5920,#5921,#5922,#5923,#5924,#5925,
    #5926,#5927,#5928,#5929,#5930,#5931,#5932,#5933,#5934,#5935,#5936,
    #5937,#5938,#5939,#5940,#5941,#5942,#5943,#5944,#5945,#5946,#5947,
    #5948,#5949,#5950,#5951,#5952,#5953,#5954,#5955,#5956,#5957,#5958,
    #5959,#5960,#5961,#5962,#5963,#5964,#5965,#5966,#5967,#5968,#5969,
    #5970,#5971),.UNSPECIFIED.,.F.,.F.,(8,6,6,6,6,6,6,6,6,6,8),(0.,
    0.192571463359,0.257745692332,0.293111148812,0.362797940023,
    0.419558186036,0.554333302822,0.656122593349,0.83441020009,
    0.968892203106,1.),.UNSPECIFIED.);
#5910 = CARTESIAN_POINT('',(8.833545108005,0.923076923077));
#5911 = CARTESIAN_POINT('',(9.051121699177,0.901601092006));
#5912 = CARTESIAN_POINT('',(9.240779617214,0.879597218986));
#5913 = CARTESIAN_POINT('',(9.39983350039,0.857137365025));
#5914 = CARTESIAN_POINT('',(9.524617410203,0.834358548431));
#5915 = CARTESIAN_POINT('',(9.610983123938,0.81146748577));
#5916 = CARTESIAN_POINT('',(9.654652093762,0.788742547069));
#5917 = CARTESIAN_POINT('',(9.650010981266,0.7590183842));
#5918 = CARTESIAN_POINT('',(9.643438591027,0.751564976638));
#5919 = CARTESIAN_POINT('',(9.631305204394,0.744189692877));
#5920 = CARTESIAN_POINT('',(9.613454130319,0.736909756389));
#5921 = CARTESIAN_POINT('',(9.589743674119,0.729743999953));
#5922 = CARTESIAN_POINT('',(9.560056655281,0.722712655703));
#5923 = CARTESIAN_POINT('',(9.504912696553,0.712106290625));
#5924 = CARTESIAN_POINT('',(9.483731386103,0.708421342851));
#5925 = CARTESIAN_POINT('',(9.460753122065,0.704785753977));
#5926 = CARTESIAN_POINT('',(9.43596812275,0.7012030598));
#5927 = CARTESIAN_POINT('',(9.409370361028,0.697676857047));
#5928 = CARTESIAN_POINT('',(9.380958228747,0.694210780638));
#5929 = CARTESIAN_POINT('',(9.291181443767,0.684104330316));
#5930 = CARTESIAN_POINT('',(9.22458814539,0.67764687292));
#5931 = CARTESIAN_POINT('',(9.150990016171,0.671465444702));
#5932 = CARTESIAN_POINT('',(9.070493035738,0.665587555157));
#5933 = CARTESIAN_POINT('',(8.983279387105,0.660038551102));
#5934 = CARTESIAN_POINT('',(8.889620634118,0.6548409265));
#5935 = CARTESIAN_POINT('',(8.708675480018,0.646081134349));
#5936 = CARTESIAN_POINT('',(8.623417641977,0.642393867679));
#5937 = CARTESIAN_POINT('',(8.534327651147,0.638961480359));
#5938 = CARTESIAN_POINT('',(8.44163079155,0.635791219853));
#5939 = CARTESIAN_POINT('',(8.345573238005,0.632887767827));
#5940 = CARTESIAN_POINT('',(8.246419685767,0.630253428904));
#5941 = CARTESIAN_POINT('',(7.902330038635,0.622272453961));
#5942 = CARTESIAN_POINT('',(7.644393268806,0.618175804744));
#5943 = CARTESIAN_POINT('',(7.374283304292,0.615594941472));
#5944 = CARTESIAN_POINT('',(7.095432816768,0.614445515632));
#5945 = CARTESIAN_POINT('',(6.810785657177,0.614613495111));
#5946 = CARTESIAN_POINT('',(6.522739670967,0.615971924729));
#5947 = CARTESIAN_POINT('',(6.014201183119,0.620236948901));
#5948 = CARTESIAN_POINT('',(5.794379299762,0.622683674601));
#5949 = CARTESIAN_POINT('',(5.574201772912,0.625691878667));
#5950 = CARTESIAN_POINT('',(5.354205364987,0.629214368671));
#5951 = CARTESIAN_POINT('',(5.134812733701,0.633207841927));
#5952 = CARTESIAN_POINT('',(4.91633309607,0.637633881371));
#5953 = CARTESIAN_POINT('',(4.318231155481,0.650912986913));
#5954 = CARTESIAN_POINT('',(3.941156311296,0.660587614072));
#5955 = CARTESIAN_POINT('',(3.568652790922,0.67130909102));
#5956 = CARTESIAN_POINT('',(3.201503464936,0.682939992779));
#5957 = CARTESIAN_POINT('',(2.840272805007,0.695367483065));
#5958 = CARTESIAN_POINT('',(2.485309406566,0.708505421143));
#5959 = CARTESIAN_POINT('',(1.873835241467,0.732697373924));
#5960 = CARTESIAN_POINT('',(1.614655015658,0.743466664859));
#5961 = CARTESIAN_POINT('',(1.359334007599,0.754575280348));
#5962 = CARTESIAN_POINT('',(1.1080290648,0.765999470159));
#5963 = CARTESIAN_POINT('',(0.860921154148,0.777719167182));
#5964 = CARTESIAN_POINT('',(0.618214486491,0.789717891798));
#5965 = CARTESIAN_POINT('',(0.325075158554,0.804820413092));
#5966 = CARTESIAN_POINT('',(0.270254609942,0.807671812955));
#5967 = CARTESIAN_POINT('',(0.215685990557,0.810537276839));
#5968 = CARTESIAN_POINT('',(0.161372628174,0.813416644271));
#5969 = CARTESIAN_POINT('',(0.107318026517,0.816309761648));
#5970 = CARTESIAN_POINT('',(5.352586525417E-02,0.819216482234));
#5971 = CARTESIAN_POINT('',(0.,0.822136666159));
#5972 = ( GEOMETRIC_REPRESENTATION_CONTEXT(2) 
PARAMETRIC_REPRESENTATION_CONTEXT() REPRESENTATION_CONTEXT('2D SPACE',''
  ) );
#5973 = PCURVE('',#5974,#5979);
#5974 = CYLINDRICAL_SURFACE('',#5975,4.);
#5975 = AXIS2_PLACEMENT_3D('',#5976,#5977,#5978);
#5976 = CARTESIAN_POINT('',(12.,12.,30.85));
#5977 = DIRECTION('',(-0.,-0.,-1.));
#5978 = DIRECTION('',(1.,0.,0.));
#5979 = DEFINITIONAL_REPRESENTATION('',(#5980),#6043);
#5980 = B_SPLINE_CURVE_WITH_KNOTS('',7,(#5981,#5982,#5983,#5984,#5985,
    #5986,#5987,#5988,#5989,#5990,#5991,#5992,#5993,#5994,#5995,#5996,
    #5997,#5998,#5999,#6000,#6001,#6002,#6003,#6004,#6005,#6006,#6007,
    #6008,#6009,#6010,#6011,#6012,#6013,#6014,#6015,#6016,#6017,#6018,
    #6019,#6020,#6021,#6022,#6023,#6024,#6025,#6026,#6027,#6028,#6029,
    #6030,#6031,#6032,#6033,#6034,#6035,#6036,#6037,#6038,#6039,#6040,
    #6041,#6042),.UNSPECIFIED.,.F.,.F.,(8,6,6,6,6,6,6,6,6,6,8),(0.,
    0.192571463359,0.257745692332,0.293111148812,0.362797940023,
    0.419558186036,0.554333302822,0.656122593349,0.83441020009,
    0.968892203106,1.),.UNSPECIFIED.);
#5981 = CARTESIAN_POINT('',(-6.28318530718,-8.15));
#5982 = CARTESIAN_POINT('',(-6.213388856198,-7.870814196073));
#5983 = CARTESIAN_POINT('',(-6.141876308358,-7.584763846812));
#5984 = CARTESIAN_POINT('',(-6.068326228544,-7.292785745322));
#5985 = CARTESIAN_POINT('',(-5.992506551077,-6.996661129602));
#5986 = CARTESIAN_POINT('',(-5.914218271118,-6.699077315008));
#5987 = CARTESIAN_POINT('',(-5.833275498223,-6.403653111894));
#5988 = CARTESIAN_POINT('',(-5.721064119835,-6.017238994594));
#5989 = CARTESIAN_POINT('',(-5.692371698426,-5.920344696291));
#5990 = CARTESIAN_POINT('',(-5.663359589127,-5.824466007402));
#5991 = CARTESIAN_POINT('',(-5.63402956964,-5.729826833055));
#5992 = CARTESIAN_POINT('',(-5.604387269642,-5.636671999386));
#5993 = CARTESIAN_POINT('',(-5.574442925058,-5.545264524133));
#5994 = CARTESIAN_POINT('',(-5.527808013696,-5.407381778124));
#5995 = CARTESIAN_POINT('',(-5.511319669362,-5.359477457062));
#5996 = CARTESIAN_POINT('',(-5.494749793991,-5.312214801707));
#5997 = CARTESIAN_POINT('',(-5.478101516552,-5.265639777403));
#5998 = CARTESIAN_POINT('',(-5.461378477814,-5.219799141605));
#5999 = CARTESIAN_POINT('',(-5.444584907836,-5.174740148297));
#6000 = CARTESIAN_POINT('',(-5.39450504205,-5.043356294112));
#6001 = CARTESIAN_POINT('',(-5.361024917099,-4.959409347963));
#6002 = CARTESIAN_POINT('',(-5.327329090814,-4.879050781128));
#6003 = CARTESIAN_POINT('',(-5.293463485784,-4.802638217042));
#6004 = CARTESIAN_POINT('',(-5.259478140041,-4.73050116433));
#6005 = CARTESIAN_POINT('',(-5.225430165066,-4.662932044501));
#6006 = CARTESIAN_POINT('',(-5.163659951201,-4.549054746531));
#6007 = CARTESIAN_POINT('',(-5.135931803827,-4.501120279824));
#6008 = CARTESIAN_POINT('',(-5.108238993099,-4.456499244661));
#6009 = CARTESIAN_POINT('',(-5.080614201614,-4.415285858093));
#6010 = CARTESIAN_POINT('',(-5.053088034771,-4.377540981754));
#6011 = CARTESIAN_POINT('',(-5.02568998946,-4.343294575756));
#6012 = CARTESIAN_POINT('',(-4.933767698885,-4.239541901498));
#6013 = CARTESIAN_POINT('',(-4.869988724299,-4.186285461673));
#6014 = CARTESIAN_POINT('',(-4.807466287547,-4.15273423914));
#6015 = CARTESIAN_POINT('',(-4.746368144873,-4.137791703215));
#6016 = CARTESIAN_POINT('',(-4.686791986891,-4.139975436447));
#6017 = CARTESIAN_POINT('',(-4.628762366281,-4.157635021479));
#6018 = CARTESIAN_POINT('',(-4.529538674421,-4.213080335718));
#6019 = CARTESIAN_POINT('',(-4.487690315252,-4.244887769812));
#6020 = CARTESIAN_POINT('',(-4.446650805694,-4.283994422671));
#6021 = CARTESIAN_POINT('',(-4.406381472777,-4.329786792723));
#6022 = CARTESIAN_POINT('',(-4.366839861403,-4.381701945049));
#6023 = CARTESIAN_POINT('',(-4.327977713961,-4.439240457824));
#6024 = CARTESIAN_POINT('',(-4.222762378176,-4.611868829875));
#6025 = CARTESIAN_POINT('',(-4.15774282258,-4.737638982933));
#6026 = CARTESIAN_POINT('',(-4.094351604798,-4.877018183262));
#6027 = CARTESIAN_POINT('',(-4.032354491397,-5.028219906122));
#6028 = CARTESIAN_POINT('',(-3.971532159927,-5.189777279847));
#6029 = CARTESIAN_POINT('',(-3.911669257823,-5.36057047486));
#6030 = CARTESIAN_POINT('',(-3.807910284878,-5.675065861008));
#6031 = CARTESIAN_POINT('',(-3.763720560359,-5.815066643164));
#6032 = CARTESIAN_POINT('',(-3.719861882713,-5.959478644526));
#6033 = CARTESIAN_POINT('',(-3.676250823503,-6.107993112068));
#6034 = CARTESIAN_POINT('',(-3.632807283661,-6.26034917337));
#6035 = CARTESIAN_POINT('',(-3.589449158645,-6.416332593372));
#6036 = CARTESIAN_POINT('',(-3.536057312146,-6.612665370196));
#6037 = CARTESIAN_POINT('',(-3.526027022432,-6.64973356842));
#6038 = CARTESIAN_POINT('',(-3.51599561514,-6.686984598904));
#6039 = CARTESIAN_POINT('',(-3.505962028779,-6.724416375522));
#6040 = CARTESIAN_POINT('',(-3.495925191815,-6.762026901426));
#6041 = CARTESIAN_POINT('',(-3.485884022671,-6.79981426904));
#6042 = CARTESIAN_POINT('',(-3.475837429729,-6.837776660068));
#6043 = ( GEOMETRIC_REPRESENTATION_CONTEXT(2) 
PARAMETRIC_REPRESENTATION_CONTEXT() REPRESENTATION_CONTEXT('2D SPACE',''
  ) );
#6044 = ORIENTED_EDGE('',*,*,#6045,.F.);
#6045 = EDGE_CURVE('',#6046,#5841,#6048,.T.);
#6046 = VERTEX_POINT('',#6047);
#6047 = CARTESIAN_POINT('',(0.459272090235,0.597053717305,
    27.597053717305));
#6048 = SURFACE_CURVE('',#6049,(#6052,#6059),.PCURVE_S1.);
#6049 = B_SPLINE_CURVE_WITH_KNOTS('',1,(#6050,#6051),.UNSPECIFIED.,.F.,
  .F.,(2,2),(0.,1.),.PIECEWISE_BEZIER_KNOTS.);
#6050 = CARTESIAN_POINT('',(0.,0.,27.));
#6051 = CARTESIAN_POINT('',(10.,13.,40.));
#6052 = PCURVE('',#4895,#6053);
#6053 = DEFINITIONAL_REPRESENTATION('',(#6054),#6058);
#6054 = LINE('',#6055,#6056);
#6055 = CARTESIAN_POINT('',(0.,0.));
#6056 = VECTOR('',#6057,1.);
#6057 = DIRECTION('',(0.,1.));
#6058 = ( GEOMETRIC_REPRESENTATION_CONTEXT(2) 
PARAMETRIC_REPRESENTATION_CONTEXT() REPRESENTATION_CONTEXT('2D SPACE',''
  ) );
#6059 = PCURVE('',#5575,#6060);
#6060 = DEFINITIONAL_REPRESENTATION('',(#6061),#6065);
#6061 = LINE('',#6062,#6063);
#6062 = CARTESIAN_POINT('',(95.,0.));
#6063 = VECTOR('',#6064,1.);
#6064 = DIRECTION('',(0.,1.));
#6065 = ( GEOMETRIC_REPRESENTATION_CONTEXT(2) 
PARAMETRIC_REPRESENTATION_CONTEXT() REPRESENTATION_CONTEXT('2D SPACE',''
  ) );
#6066 = ORIENTED_EDGE('',*,*,#6067,.F.);
#6067 = EDGE_CURVE('',#6068,#6046,#6070,.T.);
#6068 = VERTEX_POINT('',#6069);
#6069 = CARTESIAN_POINT('',(18.36,0.597053717305,27.597053717305));
#6070 = SURFACE_CURVE('',#6071,(#6077,#6086),.PCURVE_S1.);
#6071 = B_SPLINE_CURVE_WITH_KNOTS('',4,(#6072,#6073,#6074,#6075,#6076),
  .UNSPECIFIED.,.F.,.F.,(5,5),(0.,1.),.PIECEWISE_BEZIER_KNOTS.);
#6072 = CARTESIAN_POINT('',(78.540727909765,0.597053717305,
    27.597053717305));
#6073 = CARTESIAN_POINT('',(59.020363954883,0.597053717305,
    27.597053717305));
#6074 = CARTESIAN_POINT('',(39.5,0.597053717305,27.597053717305));
#6075 = CARTESIAN_POINT('',(19.979636045117,0.597053717305,
    27.597053717305));
#6076 = CARTESIAN_POINT('',(0.459272090235,0.597053717305,
    27.597053717305));
#6077 = PCURVE('',#4895,#6078);
#6078 = DEFINITIONAL_REPRESENTATION('',(#6079),#6085);
#6079 = B_SPLINE_CURVE_WITH_KNOTS('',4,(#6080,#6081,#6082,#6083,#6084),
  .UNSPECIFIED.,.F.,.F.,(5,5),(0.,1.),.PIECEWISE_BEZIER_KNOTS.);
#6080 = CARTESIAN_POINT('',(79.,4.592720902345E-02));
#6081 = CARTESIAN_POINT('',(59.25,4.592720902345E-02));
#6082 = CARTESIAN_POINT('',(39.5,4.592720902345E-02));
#6083 = CARTESIAN_POINT('',(19.75,4.592720902345E-02));
#6084 = CARTESIAN_POINT('',(0.,4.592720902345E-02));
#6085 = ( GEOMETRIC_REPRESENTATION_CONTEXT(2) 
PARAMETRIC_REPRESENTATION_CONTEXT() REPRESENTATION_CONTEXT('2D SPACE',''
  ) );
#6086 = PCURVE('',#4909,#6087);
#6087 = DEFINITIONAL_REPRESENTATION('',(#6088),#6094);
#6088 = B_SPLINE_CURVE_WITH_KNOTS('',4,(#6089,#6090,#6091,#6092,#6093),
  .UNSPECIFIED.,.F.,.F.,(5,5),(0.,1.),.PIECEWISE_BEZIER_KNOTS.);
#6089 = CARTESIAN_POINT('',(-1.510100493261,-79.54072790976));
#6090 = CARTESIAN_POINT('',(-1.510100493261,-60.02036395488));
#6091 = CARTESIAN_POINT('',(-1.510100493261,-40.5));
#6092 = CARTESIAN_POINT('',(-1.510100493261,-20.97963604511));
#6093 = CARTESIAN_POINT('',(-1.510100493261,-1.459272090235));
#6094 = ( GEOMETRIC_REPRESENTATION_CONTEXT(2) 
PARAMETRIC_REPRESENTATION_CONTEXT() REPRESENTATION_CONTEXT('2D SPACE',''
  ) );
#6095 = ORIENTED_EDGE('',*,*,#6096,.T.);
#6096 = EDGE_CURVE('',#6068,#6097,#6099,.T.);
#6097 = VERTEX_POINT('',#6098);
#6098 = CARTESIAN_POINT('',(18.36,2.477178028659,29.477178028659));
#6099 = SURFACE_CURVE('',#6100,(#6121,#6145),.PCURVE_S1.);
#6100 = B_SPLINE_CURVE_WITH_KNOTS('',4,(#6101,#6102,#6103,#6104,#6105,
    #6106,#6107,#6108,#6109,#6110,#6111,#6112,#6113,#6114,#6115,#6116,
    #6117,#6118,#6119,#6120),.UNSPECIFIED.,.F.,.F.,(5,3,3,3,3,3,5),(0.,
    0.500692948839,0.752003812678,0.875785894927,0.93988032524,
    0.969802275897,1.),.UNSPECIFIED.);
#6101 = CARTESIAN_POINT('',(18.36,-1.110223024625E-16,27.));
#6102 = CARTESIAN_POINT('',(18.36,0.377398770986,27.377398770986));
#6103 = CARTESIAN_POINT('',(18.36,0.754221264111,27.754221264111));
#6104 = CARTESIAN_POINT('',(18.36,1.130430481784,28.130430481784));
#6105 = CARTESIAN_POINT('',(18.36,1.694484059665,28.694484059665));
#6106 = CARTESIAN_POINT('',(18.36,1.882818952337,28.882818952337));
#6107 = CARTESIAN_POINT('',(18.36,2.070983263897,29.070983263897));
#6108 = CARTESIAN_POINT('',(18.36,2.351563902022,29.351563902022));
#6109 = CARTESIAN_POINT('',(18.36,2.444113787189,29.444113787189));
#6110 = CARTESIAN_POINT('',(18.36,2.536620203964,29.536620203964));
#6111 = CARTESIAN_POINT('',(18.36,2.67695943767,29.67695943767));
#6112 = CARTESIAN_POINT('',(18.36,2.724824589244,29.724824589244));
#6113 = CARTESIAN_POINT('',(18.36,2.772677796543,29.772677796543));
#6114 = CARTESIAN_POINT('',(18.36,2.842853207041,29.842853207041));
#6115 = CARTESIAN_POINT('',(18.36,2.865187451173,29.865187451173));
#6116 = CARTESIAN_POINT('',(18.36,2.887521691414,29.887521691414));
#6117 = CARTESIAN_POINT('',(18.36,2.932396005937,29.932396005937));
#6118 = CARTESIAN_POINT('',(18.36,2.954933412142,29.954933412142));
#6119 = CARTESIAN_POINT('',(18.36,2.977468043082,29.977468043082));
#6120 = CARTESIAN_POINT('',(18.36,3.,30.));
#6121 = PCURVE('',#4895,#6122);
#6122 = DEFINITIONAL_REPRESENTATION('',(#6123),#6144);
#6123 = B_SPLINE_CURVE_WITH_KNOTS('',4,(#6124,#6125,#6126,#6127,#6128,
    #6129,#6130,#6131,#6132,#6133,#6134,#6135,#6136,#6137,#6138,#6139,
    #6140,#6141,#6142,#6143),.UNSPECIFIED.,.F.,.F.,(5,3,3,3,3,3,5),(0.,
    0.500692948839,0.752003812678,0.875785894927,0.93988032524,
    0.969802275897,1.),.UNSPECIFIED.);
#6124 = CARTESIAN_POINT('',(18.36,0.));
#6125 = CARTESIAN_POINT('',(18.204630768868,2.903067469122E-02));
#6126 = CARTESIAN_POINT('',(18.046453733579,5.801702031621E-02));
#6127 = CARTESIAN_POINT('',(17.885370791539,8.695619090647E-02));
#6128 = CARTESIAN_POINT('',(17.638914598858,0.130344927667));
#6129 = CARTESIAN_POINT('',(17.555793398736,0.144832227103));
#6130 = CARTESIAN_POINT('',(17.47190054858,0.159306404915));
#6131 = CARTESIAN_POINT('',(17.34551457951,0.180889530925));
#6132 = CARTESIAN_POINT('',(17.303616226215,0.188008752861));
#6133 = CARTESIAN_POINT('',(17.261525736652,0.195124631074));
#6134 = CARTESIAN_POINT('',(17.197346637888,0.205919956744));
#6135 = CARTESIAN_POINT('',(17.175399858274,0.20960189148));
#6136 = CARTESIAN_POINT('',(17.153400891684,0.213282907426));
#6137 = CARTESIAN_POINT('',(17.121055002197,0.218681015926));
#6138 = CARTESIAN_POINT('',(17.110747864961,0.220399034706));
#6139 = CARTESIAN_POINT('',(17.100428060671,0.222117053186));
#6140 = CARTESIAN_POINT('',(17.079667818938,0.225568923534));
#6141 = CARTESIAN_POINT('',(17.069228496041,0.227302570165));
#6142 = CARTESIAN_POINT('',(17.058777165117,0.229036003314));
#6143 = CARTESIAN_POINT('',(17.048314281656,0.230769230769));
#6144 = ( GEOMETRIC_REPRESENTATION_CONTEXT(2) 
PARAMETRIC_REPRESENTATION_CONTEXT() REPRESENTATION_CONTEXT('2D SPACE',''
  ) );
#6145 = PCURVE('',#6146,#6151);
#6146 = PLANE('',#6147);
#6147 = AXIS2_PLACEMENT_3D('',#6148,#6149,#6150);
#6148 = CARTESIAN_POINT('',(18.36,0.5,26.));
#6149 = DIRECTION('',(1.,0.,0.));
#6150 = DIRECTION('',(-0.,0.,1.));
#6151 = DEFINITIONAL_REPRESENTATION('',(#6152),#6173);
#6152 = B_SPLINE_CURVE_WITH_KNOTS('',4,(#6153,#6154,#6155,#6156,#6157,
    #6158,#6159,#6160,#6161,#6162,#6163,#6164,#6165,#6166,#6167,#6168,
    #6169,#6170,#6171,#6172),.UNSPECIFIED.,.F.,.F.,(5,3,3,3,3,3,5),(0.,
    0.500692948839,0.752003812678,0.875785894927,0.93988032524,
    0.969802275897,1.),.UNSPECIFIED.);
#6153 = CARTESIAN_POINT('',(1.,0.5));
#6154 = CARTESIAN_POINT('',(1.377398770986,0.122601229014));
#6155 = CARTESIAN_POINT('',(1.754221264111,-0.254221264111));
#6156 = CARTESIAN_POINT('',(2.130430481784,-0.630430481784));
#6157 = CARTESIAN_POINT('',(2.694484059665,-1.194484059665));
#6158 = CARTESIAN_POINT('',(2.882818952337,-1.382818952337));
#6159 = CARTESIAN_POINT('',(3.070983263897,-1.570983263897));
#6160 = CARTESIAN_POINT('',(3.351563902022,-1.851563902022));
#6161 = CARTESIAN_POINT('',(3.444113787189,-1.944113787189));
#6162 = CARTESIAN_POINT('',(3.536620203964,-2.036620203964));
#6163 = CARTESIAN_POINT('',(3.67695943767,-2.17695943767));
#6164 = CARTESIAN_POINT('',(3.724824589244,-2.224824589244));
#6165 = CARTESIAN_POINT('',(3.772677796543,-2.272677796543));
#6166 = CARTESIAN_POINT('',(3.842853207041,-2.342853207041));
#6167 = CARTESIAN_POINT('',(3.865187451173,-2.365187451173));
#6168 = CARTESIAN_POINT('',(3.887521691414,-2.387521691414));
#6169 = CARTESIAN_POINT('',(3.932396005937,-2.432396005937));
#6170 = CARTESIAN_POINT('',(3.954933412142,-2.454933412142));
#6171 = CARTESIAN_POINT('',(3.977468043082,-2.477468043082));
#6172 = CARTESIAN_POINT('',(4.,-2.5));
#6173 = ( GEOMETRIC_REPRESENTATION_CONTEXT(2) 
PARAMETRIC_REPRESENTATION_CONTEXT() REPRESENTATION_CONTEXT('2D SPACE',''
  ) );
#6174 = ORIENTED_EDGE('',*,*,#6175,.F.);
#6175 = EDGE_CURVE('',#6176,#6097,#6178,.T.);
#6176 = VERTEX_POINT('',#6177);
#6177 = CARTESIAN_POINT('',(31.92,2.477178028659,29.477178028659));
#6178 = SURFACE_CURVE('',#6179,(#6185,#6194),.PCURVE_S1.);
#6179 = B_SPLINE_CURVE_WITH_KNOTS('',4,(#6180,#6181,#6182,#6183,#6184),
  .UNSPECIFIED.,.F.,.F.,(5,5),(0.,1.),.PIECEWISE_BEZIER_KNOTS.);
#6180 = CARTESIAN_POINT('',(31.9200006,2.477178028659,29.477178028659));
#6181 = CARTESIAN_POINT('',(28.5300003,2.477178028659,29.477178028659));
#6182 = CARTESIAN_POINT('',(25.14,2.477178028659,29.477178028659));
#6183 = CARTESIAN_POINT('',(21.7499997,2.477178028659,29.477178028659));
#6184 = CARTESIAN_POINT('',(18.3599994,2.477178028659,29.477178028659));
#6185 = PCURVE('',#4895,#6186);
#6186 = DEFINITIONAL_REPRESENTATION('',(#6187),#6193);
#6187 = B_SPLINE_CURVE_WITH_KNOTS('',4,(#6188,#6189,#6190,#6191,#6192),
  .UNSPECIFIED.,.F.,.F.,(5,5),(0.,1.),.PIECEWISE_BEZIER_KNOTS.);
#6188 = CARTESIAN_POINT('',(31.535799172427,0.190552156051));
#6189 = CARTESIAN_POINT('',(27.973972611499,0.190552156051));
#6190 = CARTESIAN_POINT('',(24.412146050572,0.190552156051));
#6191 = CARTESIAN_POINT('',(20.850319489644,0.190552156051));
#6192 = CARTESIAN_POINT('',(17.288492928717,0.190552156051));
#6193 = ( GEOMETRIC_REPRESENTATION_CONTEXT(2) 
PARAMETRIC_REPRESENTATION_CONTEXT() REPRESENTATION_CONTEXT('2D SPACE',''
  ) );
#6194 = PCURVE('',#6195,#6200);
#6195 = CYLINDRICAL_SURFACE('',#6196,4.);
#6196 = AXIS2_PLACEMENT_3D('',#6197,#6198,#6199);
#6197 = CARTESIAN_POINT('',(18.36,0.5,26.));
#6198 = DIRECTION('',(-1.,-0.,-0.));
#6199 = DIRECTION('',(0.,1.,0.));
#6200 = DEFINITIONAL_REPRESENTATION('',(#6201),#6207);
#6201 = B_SPLINE_CURVE_WITH_KNOTS('',4,(#6202,#6203,#6204,#6205,#6206),
  .UNSPECIFIED.,.F.,.F.,(5,5),(4.424778368797E-08,0.999999955752),
  .PIECEWISE_BEZIER_KNOTS.);
#6202 = CARTESIAN_POINT('',(-1.053773252012,-13.56));
#6203 = CARTESIAN_POINT('',(-1.053773252012,-10.17));
#6204 = CARTESIAN_POINT('',(-1.053773252012,-6.78));
#6205 = CARTESIAN_POINT('',(-1.053773252012,-3.39));
#6206 = CARTESIAN_POINT('',(-1.053773252012,3.887623147546E-16));
#6207 = ( GEOMETRIC_REPRESENTATION_CONTEXT(2) 
PARAMETRIC_REPRESENTATION_CONTEXT() REPRESENTATION_CONTEXT('2D SPACE',''
  ) );
#6208 = ORIENTED_EDGE('',*,*,#6209,.F.);
#6209 = EDGE_CURVE('',#6210,#6176,#6212,.T.);
#6210 = VERTEX_POINT('',#6211);
#6211 = CARTESIAN_POINT('',(31.92,0.597053717305,27.597053717305));
#6212 = SURFACE_CURVE('',#6213,(#6219,#6228),.PCURVE_S1.);
#6213 = B_SPLINE_CURVE_WITH_KNOTS('',4,(#6214,#6215,#6216,#6217,#6218),
  .UNSPECIFIED.,.F.,.F.,(5,5),(0.,1.),.PIECEWISE_BEZIER_KNOTS.);
#6214 = CARTESIAN_POINT('',(31.92,-1.110223024625E-16,27.));
#6215 = CARTESIAN_POINT('',(31.92,0.750520863419,27.750520863419));
#6216 = CARTESIAN_POINT('',(31.92,1.500727210227,28.500727210227));
#6217 = CARTESIAN_POINT('',(31.92,2.25057465307,29.25057465307));
#6218 = CARTESIAN_POINT('',(31.92,3.,30.));
#6219 = PCURVE('',#4895,#6220);
#6220 = DEFINITIONAL_REPRESENTATION('',(#6221),#6227);
#6221 = B_SPLINE_CURVE_WITH_KNOTS('',4,(#6222,#6223,#6224,#6225,#6226),
  .UNSPECIFIED.,.F.,.F.,(5,5),(0.,1.),.PIECEWISE_BEZIER_KNOTS.);
#6222 = CARTESIAN_POINT('',(31.92,0.));
#6223 = CARTESIAN_POINT('',(31.809212304874,5.773237410913E-02));
#6224 = CARTESIAN_POINT('',(31.694152653263,0.115440554633));
#6225 = CARTESIAN_POINT('',(31.574459419725,0.173121127159));
#6226 = CARTESIAN_POINT('',(31.449679392546,0.230769230769));
#6227 = ( GEOMETRIC_REPRESENTATION_CONTEXT(2) 
PARAMETRIC_REPRESENTATION_CONTEXT() REPRESENTATION_CONTEXT('2D SPACE',''
  ) );
#6228 = PCURVE('',#6229,#6234);
#6229 = PLANE('',#6230);
#6230 = AXIS2_PLACEMENT_3D('',#6231,#6232,#6233);
#6231 = CARTESIAN_POINT('',(31.92,0.5,26.));
#6232 = DIRECTION('',(1.,0.,0.));
#6233 = DIRECTION('',(-0.,0.,1.));
#6234 = DEFINITIONAL_REPRESENTATION('',(#6235),#6241);
#6235 = B_SPLINE_CURVE_WITH_KNOTS('',4,(#6236,#6237,#6238,#6239,#6240),
  .UNSPECIFIED.,.F.,.F.,(5,5),(0.,1.),.PIECEWISE_BEZIER_KNOTS.);
#6236 = CARTESIAN_POINT('',(1.,0.5));
#6237 = CARTESIAN_POINT('',(1.750520863419,-0.250520863419));
#6238 = CARTESIAN_POINT('',(2.500727210227,-1.000727210227));
#6239 = CARTESIAN_POINT('',(3.25057465307,-1.75057465307));
#6240 = CARTESIAN_POINT('',(4.,-2.5));
#6241 = ( GEOMETRIC_REPRESENTATION_CONTEXT(2) 
PARAMETRIC_REPRESENTATION_CONTEXT() REPRESENTATION_CONTEXT('2D SPACE',''
  ) );
#6242 = ORIENTED_EDGE('',*,*,#6243,.F.);
#6243 = EDGE_CURVE('',#6244,#6210,#6246,.T.);
#6244 = VERTEX_POINT('',#6245);
#6245 = CARTESIAN_POINT('',(47.08,0.597053717305,27.597053717305));
#6246 = SURFACE_CURVE('',#6247,(#6253,#6262),.PCURVE_S1.);
#6247 = B_SPLINE_CURVE_WITH_KNOTS('',4,(#6248,#6249,#6250,#6251,#6252),
  .UNSPECIFIED.,.F.,.F.,(5,5),(0.,1.),.PIECEWISE_BEZIER_KNOTS.);
#6248 = CARTESIAN_POINT('',(78.540727909765,0.597053717305,
    27.597053717305));
#6249 = CARTESIAN_POINT('',(59.020363954883,0.597053717305,
    27.597053717305));
#6250 = CARTESIAN_POINT('',(39.5,0.597053717305,27.597053717305));
#6251 = CARTESIAN_POINT('',(19.979636045117,0.597053717305,
    27.597053717305));
#6252 = CARTESIAN_POINT('',(0.459272090235,0.597053717305,
    27.597053717305));
#6253 = PCURVE('',#4895,#6254);
#6254 = DEFINITIONAL_REPRESENTATION('',(#6255),#6261);
#6255 = B_SPLINE_CURVE_WITH_KNOTS('',4,(#6256,#6257,#6258,#6259,#6260),
  .UNSPECIFIED.,.F.,.F.,(5,5),(0.,1.),.PIECEWISE_BEZIER_KNOTS.);
#6256 = CARTESIAN_POINT('',(79.,4.592720902345E-02));
#6257 = CARTESIAN_POINT('',(59.25,4.592720902345E-02));
#6258 = CARTESIAN_POINT('',(39.5,4.592720902345E-02));
#6259 = CARTESIAN_POINT('',(19.75,4.592720902345E-02));
#6260 = CARTESIAN_POINT('',(0.,4.592720902345E-02));
#6261 = ( GEOMETRIC_REPRESENTATION_CONTEXT(2) 
PARAMETRIC_REPRESENTATION_CONTEXT() REPRESENTATION_CONTEXT('2D SPACE',''
  ) );
#6262 = PCURVE('',#4909,#6263);
#6263 = DEFINITIONAL_REPRESENTATION('',(#6264),#6270);
#6264 = B_SPLINE_CURVE_WITH_KNOTS('',4,(#6265,#6266,#6267,#6268,#6269),
  .UNSPECIFIED.,.F.,.F.,(5,5),(0.,1.),.PIECEWISE_BEZIER_KNOTS.);
#6265 = CARTESIAN_POINT('',(-1.510100493261,-79.54072790976));
#6266 = CARTESIAN_POINT('',(-1.510100493261,-60.02036395488));
#6267 = CARTESIAN_POINT('',(-1.510100493261,-40.5));
#6268 = CARTESIAN_POINT('',(-1.510100493261,-20.97963604511));
#6269 = CARTESIAN_POINT('',(-1.510100493261,-1.459272090235));
#6270 = ( GEOMETRIC_REPRESENTATION_CONTEXT(2) 
PARAMETRIC_REPRESENTATION_CONTEXT() REPRESENTATION_CONTEXT('2D SPACE',''
  ) );
#6271 = ORIENTED_EDGE('',*,*,#6272,.T.);
#6272 = EDGE_CURVE('',#6244,#6273,#6275,.T.);
#6273 = VERTEX_POINT('',#6274);
#6274 = CARTESIAN_POINT('',(47.08,2.477178028659,29.477178028659));
#6275 = SURFACE_CURVE('',#6276,(#6282,#6291),.PCURVE_S1.);
#6276 = B_SPLINE_CURVE_WITH_KNOTS('',4,(#6277,#6278,#6279,#6280,#6281),
  .UNSPECIFIED.,.F.,.F.,(5,5),(0.,1.),.PIECEWISE_BEZIER_KNOTS.);
#6277 = CARTESIAN_POINT('',(47.08,-1.110223024625E-16,27.));
#6278 = CARTESIAN_POINT('',(47.08,0.750520863419,27.750520863419));
#6279 = CARTESIAN_POINT('',(47.08,1.500727210227,28.500727210227));
#6280 = CARTESIAN_POINT('',(47.08,2.25057465307,29.25057465307));
#6281 = CARTESIAN_POINT('',(47.08,3.,30.));
#6282 = PCURVE('',#4895,#6283);
#6283 = DEFINITIONAL_REPRESENTATION('',(#6284),#6290);
#6284 = B_SPLINE_CURVE_WITH_KNOTS('',4,(#6285,#6286,#6287,#6288,#6289),
  .UNSPECIFIED.,.F.,.F.,(5,5),(0.,1.),.PIECEWISE_BEZIER_KNOTS.);
#6285 = CARTESIAN_POINT('',(47.08,0.));
#6286 = CARTESIAN_POINT('',(47.190787695126,5.773237410913E-02));
#6287 = CARTESIAN_POINT('',(47.305847346737,0.115440554633));
#6288 = CARTESIAN_POINT('',(47.425540580275,0.173121127159));
#6289 = CARTESIAN_POINT('',(47.550320607454,0.230769230769));
#6290 = ( GEOMETRIC_REPRESENTATION_CONTEXT(2) 
PARAMETRIC_REPRESENTATION_CONTEXT() REPRESENTATION_CONTEXT('2D SPACE',''
  ) );
#6291 = PCURVE('',#6292,#6297);
#6292 = PLANE('',#6293);
#6293 = AXIS2_PLACEMENT_3D('',#6294,#6295,#6296);
#6294 = CARTESIAN_POINT('',(47.08,0.5,26.));
#6295 = DIRECTION('',(1.,0.,0.));
#6296 = DIRECTION('',(-0.,0.,1.));
#6297 = DEFINITIONAL_REPRESENTATION('',(#6298),#6304);
#6298 = B_SPLINE_CURVE_WITH_KNOTS('',4,(#6299,#6300,#6301,#6302,#6303),
  .UNSPECIFIED.,.F.,.F.,(5,5),(0.,1.),.PIECEWISE_BEZIER_KNOTS.);
#6299 = CARTESIAN_POINT('',(1.,0.5));
#6300 = CARTESIAN_POINT('',(1.750520863419,-0.250520863419));
#6301 = CARTESIAN_POINT('',(2.500727210227,-1.000727210227));
#6302 = CARTESIAN_POINT('',(3.25057465307,-1.75057465307));
#6303 = CARTESIAN_POINT('',(4.,-2.5));
#6304 = ( GEOMETRIC_REPRESENTATION_CONTEXT(2) 
PARAMETRIC_REPRESENTATION_CONTEXT() REPRESENTATION_CONTEXT('2D SPACE',''
  ) );
#6305 = ORIENTED_EDGE('',*,*,#6306,.F.);
#6306 = EDGE_CURVE('',#6307,#6273,#6309,.T.);
#6307 = VERTEX_POINT('',#6308);
#6308 = CARTESIAN_POINT('',(60.64,2.477178028659,29.477178028659));
#6309 = SURFACE_CURVE('',#6310,(#6316,#6325),.PCURVE_S1.);
#6310 = B_SPLINE_CURVE_WITH_KNOTS('',4,(#6311,#6312,#6313,#6314,#6315),
  .UNSPECIFIED.,.F.,.F.,(5,5),(0.,1.),.PIECEWISE_BEZIER_KNOTS.);
#6311 = CARTESIAN_POINT('',(60.6400006,2.477178028659,29.477178028659));
#6312 = CARTESIAN_POINT('',(57.2500003,2.477178028659,29.477178028659));
#6313 = CARTESIAN_POINT('',(53.86,2.477178028659,29.477178028659));
#6314 = CARTESIAN_POINT('',(50.4699997,2.477178028659,29.477178028659));
#6315 = CARTESIAN_POINT('',(47.0799994,2.477178028659,29.477178028659));
#6316 = PCURVE('',#4895,#6317);
#6317 = DEFINITIONAL_REPRESENTATION('',(#6318),#6324);
#6318 = B_SPLINE_CURVE_WITH_KNOTS('',4,(#6319,#6320,#6321,#6322,#6323),
  .UNSPECIFIED.,.F.,.F.,(5,5),(0.,1.),.PIECEWISE_BEZIER_KNOTS.);
#6319 = CARTESIAN_POINT('',(61.711507071283,0.190552156051));
#6320 = CARTESIAN_POINT('',(58.149680510356,0.190552156051));
#6321 = CARTESIAN_POINT('',(54.587853949428,0.190552156051));
#6322 = CARTESIAN_POINT('',(51.026027388501,0.190552156051));
#6323 = CARTESIAN_POINT('',(47.464200827573,0.190552156051));
#6324 = ( GEOMETRIC_REPRESENTATION_CONTEXT(2) 
PARAMETRIC_REPRESENTATION_CONTEXT() REPRESENTATION_CONTEXT('2D SPACE',''
  ) );
#6325 = PCURVE('',#6326,#6331);
#6326 = CYLINDRICAL_SURFACE('',#6327,4.);
#6327 = AXIS2_PLACEMENT_3D('',#6328,#6329,#6330);
#6328 = CARTESIAN_POINT('',(47.08,0.5,26.));
#6329 = DIRECTION('',(-1.,-0.,-0.));
#6330 = DIRECTION('',(0.,1.,0.));
#6331 = DEFINITIONAL_REPRESENTATION('',(#6332),#6338);
#6332 = B_SPLINE_CURVE_WITH_KNOTS('',4,(#6333,#6334,#6335,#6336,#6337),
  .UNSPECIFIED.,.F.,.F.,(5,5),(4.424778316397E-08,0.999999955752),
  .PIECEWISE_BEZIER_KNOTS.);
#6333 = CARTESIAN_POINT('',(-1.053773252012,-13.56));
#6334 = CARTESIAN_POINT('',(-1.053773252012,-10.17));
#6335 = CARTESIAN_POINT('',(-1.053773252012,-6.78));
#6336 = CARTESIAN_POINT('',(-1.053773252012,-3.39));
#6337 = CARTESIAN_POINT('',(-1.053773252012,3.88765755826E-16));
#6338 = ( GEOMETRIC_REPRESENTATION_CONTEXT(2) 
PARAMETRIC_REPRESENTATION_CONTEXT() REPRESENTATION_CONTEXT('2D SPACE',''
  ) );
#6339 = ORIENTED_EDGE('',*,*,#6340,.F.);
#6340 = EDGE_CURVE('',#4885,#6307,#6341,.T.);
#6341 = SURFACE_CURVE('',#6342,(#6363,#6387),.PCURVE_S1.);
#6342 = B_SPLINE_CURVE_WITH_KNOTS('',4,(#6343,#6344,#6345,#6346,#6347,
    #6348,#6349,#6350,#6351,#6352,#6353,#6354,#6355,#6356,#6357,#6358,
    #6359,#6360,#6361,#6362),.UNSPECIFIED.,.F.,.F.,(5,3,3,3,3,3,5),(0.,
    0.500692948839,0.752003812678,0.875785894927,0.939880325239,
    0.969802275897,1.),.UNSPECIFIED.);
#6343 = CARTESIAN_POINT('',(60.64,-1.110223024625E-16,27.));
#6344 = CARTESIAN_POINT('',(60.64,0.377398770986,27.377398770986));
#6345 = CARTESIAN_POINT('',(60.64,0.754221264111,27.754221264111));
#6346 = CARTESIAN_POINT('',(60.64,1.130430481784,28.130430481784));
#6347 = CARTESIAN_POINT('',(60.64,1.694484059665,28.694484059665));
#6348 = CARTESIAN_POINT('',(60.64,1.882818952337,28.882818952337));
#6349 = CARTESIAN_POINT('',(60.64,2.070983263897,29.070983263897));
#6350 = CARTESIAN_POINT('',(60.64,2.351563902022,29.351563902022));
#6351 = CARTESIAN_POINT('',(60.64,2.444113787189,29.444113787189));
#6352 = CARTESIAN_POINT('',(60.64,2.536620203964,29.536620203964));
#6353 = CARTESIAN_POINT('',(60.64,2.67695943767,29.67695943767));
#6354 = CARTESIAN_POINT('',(60.64,2.724824589244,29.724824589244));
#6355 = CARTESIAN_POINT('',(60.64,2.772677796543,29.772677796543));
#6356 = CARTESIAN_POINT('',(60.64,2.842853207041,29.842853207041));
#6357 = CARTESIAN_POINT('',(60.64,2.865187451173,29.865187451173));
#6358 = CARTESIAN_POINT('',(60.64,2.887521691414,29.887521691414));
#6359 = CARTESIAN_POINT('',(60.64,2.932396005936,29.932396005936));
#6360 = CARTESIAN_POINT('',(60.64,2.954933412142,29.954933412142));
#6361 = CARTESIAN_POINT('',(60.64,2.977468043082,29.977468043082));
#6362 = CARTESIAN_POINT('',(60.64,3.,30.));
#6363 = PCURVE('',#4895,#6364);
#6364 = DEFINITIONAL_REPRESENTATION('',(#6365),#6386);
#6365 = B_SPLINE_CURVE_WITH_KNOTS('',4,(#6366,#6367,#6368,#6369,#6370,
    #6371,#6372,#6373,#6374,#6375,#6376,#6377,#6378,#6379,#6380,#6381,
    #6382,#6383,#6384,#6385),.UNSPECIFIED.,.F.,.F.,(5,3,3,3,3,3,5),(0.,
    0.500692948839,0.752003812678,0.875785894927,0.939880325239,
    0.969802275897,1.),.UNSPECIFIED.);
#6366 = CARTESIAN_POINT('',(60.64,0.));
#6367 = CARTESIAN_POINT('',(60.795369231132,2.903067469122E-02));
#6368 = CARTESIAN_POINT('',(60.953546266421,5.801702031621E-02));
#6369 = CARTESIAN_POINT('',(61.114629208461,8.695619090646E-02));
#6370 = CARTESIAN_POINT('',(61.361085401142,0.130344927667));
#6371 = CARTESIAN_POINT('',(61.444206601264,0.144832227103));
#6372 = CARTESIAN_POINT('',(61.52809945142,0.159306404915));
#6373 = CARTESIAN_POINT('',(61.65448542049,0.180889530925));
#6374 = CARTESIAN_POINT('',(61.696383773785,0.188008752861));
#6375 = CARTESIAN_POINT('',(61.738474263348,0.195124631074));
#6376 = CARTESIAN_POINT('',(61.802653362112,0.205919956744));
#6377 = CARTESIAN_POINT('',(61.824600141726,0.20960189148));
#6378 = CARTESIAN_POINT('',(61.846599108315,0.213282907426));
#6379 = CARTESIAN_POINT('',(61.878944997803,0.218681015926));
#6380 = CARTESIAN_POINT('',(61.889252135039,0.220399034706));
#6381 = CARTESIAN_POINT('',(61.899571939329,0.222117053186));
#6382 = CARTESIAN_POINT('',(61.920332181062,0.225568923534));
#6383 = CARTESIAN_POINT('',(61.930771503959,0.227302570165));
#6384 = CARTESIAN_POINT('',(61.941222834883,0.229036003314));
#6385 = CARTESIAN_POINT('',(61.951685718344,0.230769230769));
#6386 = ( GEOMETRIC_REPRESENTATION_CONTEXT(2) 
PARAMETRIC_REPRESENTATION_CONTEXT() REPRESENTATION_CONTEXT('2D SPACE',''
  ) );
#6387 = PCURVE('',#6388,#6393);
#6388 = PLANE('',#6389);
#6389 = AXIS2_PLACEMENT_3D('',#6390,#6391,#6392);
#6390 = CARTESIAN_POINT('',(60.64,0.5,26.));
#6391 = DIRECTION('',(1.,0.,0.));
#6392 = DIRECTION('',(-0.,0.,1.));
#6393 = DEFINITIONAL_REPRESENTATION('',(#6394),#6415);
#6394 = B_SPLINE_CURVE_WITH_KNOTS('',4,(#6395,#6396,#6397,#6398,#6399,
    #6400,#6401,#6402,#6403,#6404,#6405,#6406,#6407,#6408,#6409,#6410,
    #6411,#6412,#6413,#6414),.UNSPECIFIED.,.F.,.F.,(5,3,3,3,3,3,5),(0.,
    0.500692948839,0.752003812678,0.875785894927,0.939880325239,
    0.969802275897,1.),.UNSPECIFIED.);
#6395 = CARTESIAN_POINT('',(1.,0.5));
#6396 = CARTESIAN_POINT('',(1.377398770986,0.122601229014));
#6397 = CARTESIAN_POINT('',(1.754221264111,-0.254221264111));
#6398 = CARTESIAN_POINT('',(2.130430481784,-0.630430481784));
#6399 = CARTESIAN_POINT('',(2.694484059665,-1.194484059665));
#6400 = CARTESIAN_POINT('',(2.882818952337,-1.382818952337));
#6401 = CARTESIAN_POINT('',(3.070983263897,-1.570983263897));
#6402 = CARTESIAN_POINT('',(3.351563902022,-1.851563902022));
#6403 = CARTESIAN_POINT('',(3.444113787189,-1.944113787189));
#6404 = CARTESIAN_POINT('',(3.536620203964,-2.036620203964));
#6405 = CARTESIAN_POINT('',(3.67695943767,-2.17695943767));
#6406 = CARTESIAN_POINT('',(3.724824589244,-2.224824589244));
#6407 = CARTESIAN_POINT('',(3.772677796543,-2.272677796543));
#6408 = CARTESIAN_POINT('',(3.842853207041,-2.342853207041));
#6409 = CARTESIAN_POINT('',(3.865187451173,-2.365187451173));
#6410 = CARTESIAN_POINT('',(3.887521691414,-2.387521691414));
#6411 = CARTESIAN_POINT('',(3.932396005936,-2.432396005936));
#6412 = CARTESIAN_POINT('',(3.954933412142,-2.454933412142));
#6413 = CARTESIAN_POINT('',(3.977468043082,-2.477468043082));
#6414 = CARTESIAN_POINT('',(4.,-2.5));
#6415 = ( GEOMETRIC_REPRESENTATION_CONTEXT(2) 
PARAMETRIC_REPRESENTATION_CONTEXT() REPRESENTATION_CONTEXT('2D SPACE',''
  ) );
#6416 = ADVANCED_FACE('',(#6417),#4909,.F.);
#6417 = FACE_BOUND('',#6418,.T.);
#6418 = EDGE_LOOP('',(#6419,#6450,#6478,#6507,#6533,#6566,#6592,#6625,
    #6651,#6679,#6702,#6730,#6756,#6789,#6815,#6848,#6874,#6902,#6925,
    #6953,#6979,#7012,#7038,#7071,#7097,#7130,#7158,#7191,#7251,#7252,
    #7280,#7306,#7339,#7365,#7391,#7392,#7420,#7446,#7479,#7505,#7531,
    #7532,#7560,#7586,#7619,#7645,#7671,#7672,#7700,#7726,#7759,#7785,
    #7811,#7812));
#6419 = ORIENTED_EDGE('',*,*,#6420,.T.);
#6420 = EDGE_CURVE('',#6421,#6423,#6425,.T.);
#6421 = VERTEX_POINT('',#6422);
#6422 = CARTESIAN_POINT('',(0.,1.748999599679,27.));
#6423 = VERTEX_POINT('',#6424);
#6424 = CARTESIAN_POINT('',(0.,2.1,26.));
#6425 = SURFACE_CURVE('',#6426,(#6431,#6438),.PCURVE_S1.);
#6426 = CIRCLE('',#6427,1.6);
#6427 = AXIS2_PLACEMENT_3D('',#6428,#6429,#6430);
#6428 = CARTESIAN_POINT('',(0.,0.5,26.));
#6429 = DIRECTION('',(-1.,0.,0.));
#6430 = DIRECTION('',(0.,1.,0.));
#6431 = PCURVE('',#4909,#6432);
#6432 = DEFINITIONAL_REPRESENTATION('',(#6433),#6437);
#6433 = LINE('',#6434,#6435);
#6434 = CARTESIAN_POINT('',(-6.28318530718,-1.));
#6435 = VECTOR('',#6436,1.);
#6436 = DIRECTION('',(1.,-0.));
#6437 = ( GEOMETRIC_REPRESENTATION_CONTEXT(2) 
PARAMETRIC_REPRESENTATION_CONTEXT() REPRESENTATION_CONTEXT('2D SPACE',''
  ) );
#6438 = PCURVE('',#6439,#6444);
#6439 = PLANE('',#6440);
#6440 = AXIS2_PLACEMENT_3D('',#6441,#6442,#6443);
#6441 = CARTESIAN_POINT('',(0.,95.,27.));
#6442 = DIRECTION('',(-1.,0.,0.));
#6443 = DIRECTION('',(0.,-1.,0.));
#6444 = DEFINITIONAL_REPRESENTATION('',(#6445),#6449);
#6445 = CIRCLE('',#6446,1.6);
#6446 = AXIS2_PLACEMENT_2D('',#6447,#6448);
#6447 = CARTESIAN_POINT('',(94.5,-1.));
#6448 = DIRECTION('',(-1.,0.));
#6449 = ( GEOMETRIC_REPRESENTATION_CONTEXT(2) 
PARAMETRIC_REPRESENTATION_CONTEXT() REPRESENTATION_CONTEXT('2D SPACE',''
  ) );
#6450 = ORIENTED_EDGE('',*,*,#6451,.T.);
#6451 = EDGE_CURVE('',#6423,#6452,#6454,.T.);
#6452 = VERTEX_POINT('',#6453);
#6453 = CARTESIAN_POINT('',(2.,2.1,26.));
#6454 = SURFACE_CURVE('',#6455,(#6459,#6466),.PCURVE_S1.);
#6455 = LINE('',#6456,#6457);
#6456 = CARTESIAN_POINT('',(-1.,2.1,26.));
#6457 = VECTOR('',#6458,1.);
#6458 = DIRECTION('',(1.,0.,0.));
#6459 = PCURVE('',#4909,#6460);
#6460 = DEFINITIONAL_REPRESENTATION('',(#6461),#6465);
#6461 = LINE('',#6462,#6463);
#6462 = CARTESIAN_POINT('',(-0.,0.));
#6463 = VECTOR('',#6464,1.);
#6464 = DIRECTION('',(-0.,-1.));
#6465 = ( GEOMETRIC_REPRESENTATION_CONTEXT(2) 
PARAMETRIC_REPRESENTATION_CONTEXT() REPRESENTATION_CONTEXT('2D SPACE',''
  ) );
#6466 = PCURVE('',#6467,#6472);
#6467 = CYLINDRICAL_SURFACE('',#6468,1.6);
#6468 = AXIS2_PLACEMENT_3D('',#6469,#6470,#6471);
#6469 = CARTESIAN_POINT('',(-1.,0.5,26.));
#6470 = DIRECTION('',(-1.,-0.,-0.));
#6471 = DIRECTION('',(0.,1.,0.));
#6472 = DEFINITIONAL_REPRESENTATION('',(#6473),#6477);
#6473 = LINE('',#6474,#6475);
#6474 = CARTESIAN_POINT('',(-6.28318530718,0.));
#6475 = VECTOR('',#6476,1.);
#6476 = DIRECTION('',(-0.,-1.));
#6477 = ( GEOMETRIC_REPRESENTATION_CONTEXT(2) 
PARAMETRIC_REPRESENTATION_CONTEXT() REPRESENTATION_CONTEXT('2D SPACE',''
  ) );
#6478 = ORIENTED_EDGE('',*,*,#6479,.F.);
#6479 = EDGE_CURVE('',#6480,#6452,#6482,.T.);
#6480 = VERTEX_POINT('',#6481);
#6481 = CARTESIAN_POINT('',(2.,2.,26.556776436283));
#6482 = SURFACE_CURVE('',#6483,(#6488,#6495),.PCURVE_S1.);
#6483 = CIRCLE('',#6484,1.6);
#6484 = AXIS2_PLACEMENT_3D('',#6485,#6486,#6487);
#6485 = CARTESIAN_POINT('',(2.,0.5,26.));
#6486 = DIRECTION('',(-1.,0.,0.));
#6487 = DIRECTION('',(0.,1.,0.));
#6488 = PCURVE('',#4909,#6489);
#6489 = DEFINITIONAL_REPRESENTATION('',(#6490),#6494);
#6490 = LINE('',#6491,#6492);
#6491 = CARTESIAN_POINT('',(-6.28318530718,-3.));
#6492 = VECTOR('',#6493,1.);
#6493 = DIRECTION('',(1.,-0.));
#6494 = ( GEOMETRIC_REPRESENTATION_CONTEXT(2) 
PARAMETRIC_REPRESENTATION_CONTEXT() REPRESENTATION_CONTEXT('2D SPACE',''
  ) );
#6495 = PCURVE('',#6496,#6501);
#6496 = PLANE('',#6497);
#6497 = AXIS2_PLACEMENT_3D('',#6498,#6499,#6500);
#6498 = CARTESIAN_POINT('',(2.,93.,27.));
#6499 = DIRECTION('',(-1.,0.,0.));
#6500 = DIRECTION('',(0.,-1.,0.));
#6501 = DEFINITIONAL_REPRESENTATION('',(#6502),#6506);
#6502 = CIRCLE('',#6503,1.6);
#6503 = AXIS2_PLACEMENT_2D('',#6504,#6505);
#6504 = CARTESIAN_POINT('',(92.5,-1.));
#6505 = DIRECTION('',(-1.,0.));
#6506 = ( GEOMETRIC_REPRESENTATION_CONTEXT(2) 
PARAMETRIC_REPRESENTATION_CONTEXT() REPRESENTATION_CONTEXT('2D SPACE',''
  ) );
#6507 = ORIENTED_EDGE('',*,*,#6508,.F.);
#6508 = EDGE_CURVE('',#6509,#6480,#6511,.T.);
#6509 = VERTEX_POINT('',#6510);
#6510 = CARTESIAN_POINT('',(3.6,2.,26.556776436283));
#6511 = SURFACE_CURVE('',#6512,(#6516,#6522),.PCURVE_S1.);
#6512 = LINE('',#6513,#6514);
#6513 = CARTESIAN_POINT('',(-1.,2.,26.556776436283));
#6514 = VECTOR('',#6515,1.);
#6515 = DIRECTION('',(-1.,-0.,-0.));
#6516 = PCURVE('',#4909,#6517);
#6517 = DEFINITIONAL_REPRESENTATION('',(#6518),#6521);
#6518 = B_SPLINE_CURVE_WITH_KNOTS('',1,(#6519,#6520),.UNSPECIFIED.,.F.,
  .F.,(2,2),(-4.76,-2.84),.PIECEWISE_BEZIER_KNOTS.);
#6519 = CARTESIAN_POINT('',(-0.35542120169,-4.76));
#6520 = CARTESIAN_POINT('',(-0.35542120169,-2.84));
#6521 = ( GEOMETRIC_REPRESENTATION_CONTEXT(2) 
PARAMETRIC_REPRESENTATION_CONTEXT() REPRESENTATION_CONTEXT('2D SPACE',''
  ) );
#6522 = PCURVE('',#6523,#6528);
#6523 = PLANE('',#6524);
#6524 = AXIS2_PLACEMENT_3D('',#6525,#6526,#6527);
#6525 = CARTESIAN_POINT('',(2.,2.,27.));
#6526 = DIRECTION('',(0.,-1.,0.));
#6527 = DIRECTION('',(1.,0.,0.));
#6528 = DEFINITIONAL_REPRESENTATION('',(#6529),#6532);
#6529 = B_SPLINE_CURVE_WITH_KNOTS('',1,(#6530,#6531),.UNSPECIFIED.,.F.,
  .F.,(2,2),(-4.76,-2.84),.PIECEWISE_BEZIER_KNOTS.);
#6530 = CARTESIAN_POINT('',(1.76,-0.443223563717));
#6531 = CARTESIAN_POINT('',(-0.16,-0.443223563717));
#6532 = ( GEOMETRIC_REPRESENTATION_CONTEXT(2) 
PARAMETRIC_REPRESENTATION_CONTEXT() REPRESENTATION_CONTEXT('2D SPACE',''
  ) );
#6533 = ORIENTED_EDGE('',*,*,#6534,.F.);
#6534 = EDGE_CURVE('',#6535,#6509,#6537,.T.);
#6535 = VERTEX_POINT('',#6536);
#6536 = CARTESIAN_POINT('',(3.6,1.612429773064,27.15));
#6537 = SURFACE_CURVE('',#6538,(#6543,#6550),.PCURVE_S1.);
#6538 = CIRCLE('',#6539,1.6);
#6539 = AXIS2_PLACEMENT_3D('',#6540,#6541,#6542);
#6540 = CARTESIAN_POINT('',(3.6,0.5,26.));
#6541 = DIRECTION('',(-1.,0.,0.));
#6542 = DIRECTION('',(0.,1.,0.));
#6543 = PCURVE('',#4909,#6544);
#6544 = DEFINITIONAL_REPRESENTATION('',(#6545),#6549);
#6545 = LINE('',#6546,#6547);
#6546 = CARTESIAN_POINT('',(-6.28318530718,-4.6));
#6547 = VECTOR('',#6548,1.);
#6548 = DIRECTION('',(1.,-0.));
#6549 = ( GEOMETRIC_REPRESENTATION_CONTEXT(2) 
PARAMETRIC_REPRESENTATION_CONTEXT() REPRESENTATION_CONTEXT('2D SPACE',''
  ) );
#6550 = PCURVE('',#6551,#6556);
#6551 = PLANE('',#6552);
#6552 = AXIS2_PLACEMENT_3D('',#6553,#6554,#6555);
#6553 = CARTESIAN_POINT('',(3.6,-0.15,24.85));
#6554 = DIRECTION('',(1.,0.,0.));
#6555 = DIRECTION('',(0.,0.,1.));
#6556 = DEFINITIONAL_REPRESENTATION('',(#6557),#6565);
#6557 = ( BOUNDED_CURVE() B_SPLINE_CURVE(2,(#6558,#6559,#6560,#6561,
#6562,#6563,#6564),.UNSPECIFIED.,.T.,.F.) B_SPLINE_CURVE_WITH_KNOTS((1,2
    ,2,2,2,1),(-2.094395102393,0.,2.094395102393,4.188790204786,
6.28318530718,8.377580409573),.UNSPECIFIED.) CURVE() 
GEOMETRIC_REPRESENTATION_ITEM() RATIONAL_B_SPLINE_CURVE((1.,0.5,1.,0.5,
1.,0.5,1.)) REPRESENTATION_ITEM('') );
#6558 = CARTESIAN_POINT('',(1.15,-2.25));
#6559 = CARTESIAN_POINT('',(-1.62128129211,-2.25));
#6560 = CARTESIAN_POINT('',(-0.235640646055,0.15));
#6561 = CARTESIAN_POINT('',(1.15,2.55));
#6562 = CARTESIAN_POINT('',(2.535640646055,0.15));
#6563 = CARTESIAN_POINT('',(3.92128129211,-2.25));
#6564 = CARTESIAN_POINT('',(1.15,-2.25));
#6565 = ( GEOMETRIC_REPRESENTATION_CONTEXT(2) 
PARAMETRIC_REPRESENTATION_CONTEXT() REPRESENTATION_CONTEXT('2D SPACE',''
  ) );
#6566 = ORIENTED_EDGE('',*,*,#6567,.F.);
#6567 = EDGE_CURVE('',#6568,#6535,#6570,.T.);
#6568 = VERTEX_POINT('',#6569);
#6569 = CARTESIAN_POINT('',(17.96,1.612429773064,27.15));
#6570 = SURFACE_CURVE('',#6571,(#6575,#6581),.PCURVE_S1.);
#6571 = LINE('',#6572,#6573);
#6572 = CARTESIAN_POINT('',(-1.,1.612429773064,27.15));
#6573 = VECTOR('',#6574,1.);
#6574 = DIRECTION('',(-1.,-0.,-0.));
#6575 = PCURVE('',#4909,#6576);
#6576 = DEFINITIONAL_REPRESENTATION('',(#6577),#6580);
#6577 = B_SPLINE_CURVE_WITH_KNOTS('',1,(#6578,#6579),.UNSPECIFIED.,.F.,
  .F.,(2,2),(-20.396,-3.164),.PIECEWISE_BEZIER_KNOTS.);
#6578 = CARTESIAN_POINT('',(-0.802002777804,-20.396));
#6579 = CARTESIAN_POINT('',(-0.802002777804,-3.164));
#6580 = ( GEOMETRIC_REPRESENTATION_CONTEXT(2) 
PARAMETRIC_REPRESENTATION_CONTEXT() REPRESENTATION_CONTEXT('2D SPACE',''
  ) );
#6581 = PCURVE('',#6582,#6587);
#6582 = PLANE('',#6583);
#6583 = AXIS2_PLACEMENT_3D('',#6584,#6585,#6586);
#6584 = CARTESIAN_POINT('',(3.6,-0.15,27.15));
#6585 = DIRECTION('',(0.,0.,1.));
#6586 = DIRECTION('',(1.,0.,0.));
#6587 = DEFINITIONAL_REPRESENTATION('',(#6588),#6591);
#6588 = B_SPLINE_CURVE_WITH_KNOTS('',1,(#6589,#6590),.UNSPECIFIED.,.F.,
  .F.,(2,2),(-20.396,-3.164),.PIECEWISE_BEZIER_KNOTS.);
#6589 = CARTESIAN_POINT('',(15.796,1.762429773064));
#6590 = CARTESIAN_POINT('',(-1.436,1.762429773064));
#6591 = ( GEOMETRIC_REPRESENTATION_CONTEXT(2) 
PARAMETRIC_REPRESENTATION_CONTEXT() REPRESENTATION_CONTEXT('2D SPACE',''
  ) );
#6592 = ORIENTED_EDGE('',*,*,#6593,.T.);
#6593 = EDGE_CURVE('',#6568,#6594,#6596,.T.);
#6594 = VERTEX_POINT('',#6595);
#6595 = CARTESIAN_POINT('',(17.96,2.,26.556776436283));
#6596 = SURFACE_CURVE('',#6597,(#6602,#6609),.PCURVE_S1.);
#6597 = CIRCLE('',#6598,1.6);
#6598 = AXIS2_PLACEMENT_3D('',#6599,#6600,#6601);
#6599 = CARTESIAN_POINT('',(17.96,0.5,26.));
#6600 = DIRECTION('',(-1.,0.,0.));
#6601 = DIRECTION('',(0.,1.,0.));
#6602 = PCURVE('',#4909,#6603);
#6603 = DEFINITIONAL_REPRESENTATION('',(#6604),#6608);
#6604 = LINE('',#6605,#6606);
#6605 = CARTESIAN_POINT('',(-6.28318530718,-18.96));
#6606 = VECTOR('',#6607,1.);
#6607 = DIRECTION('',(1.,-0.));
#6608 = ( GEOMETRIC_REPRESENTATION_CONTEXT(2) 
PARAMETRIC_REPRESENTATION_CONTEXT() REPRESENTATION_CONTEXT('2D SPACE',''
  ) );
#6609 = PCURVE('',#6610,#6615);
#6610 = PLANE('',#6611);
#6611 = AXIS2_PLACEMENT_3D('',#6612,#6613,#6614);
#6612 = CARTESIAN_POINT('',(17.96,-0.15,24.85));
#6613 = DIRECTION('',(1.,0.,0.));
#6614 = DIRECTION('',(0.,0.,1.));
#6615 = DEFINITIONAL_REPRESENTATION('',(#6616),#6624);
#6616 = ( BOUNDED_CURVE() B_SPLINE_CURVE(2,(#6617,#6618,#6619,#6620,
#6621,#6622,#6623),.UNSPECIFIED.,.T.,.F.) B_SPLINE_CURVE_WITH_KNOTS((1,2
    ,2,2,2,1),(-2.094395102393,0.,2.094395102393,4.188790204786,
6.28318530718,8.377580409573),.UNSPECIFIED.) CURVE() 
GEOMETRIC_REPRESENTATION_ITEM() RATIONAL_B_SPLINE_CURVE((1.,0.5,1.,0.5,
1.,0.5,1.)) REPRESENTATION_ITEM('') );
#6617 = CARTESIAN_POINT('',(1.15,-2.25));
#6618 = CARTESIAN_POINT('',(-1.62128129211,-2.25));
#6619 = CARTESIAN_POINT('',(-0.235640646055,0.15));
#6620 = CARTESIAN_POINT('',(1.15,2.55));
#6621 = CARTESIAN_POINT('',(2.535640646055,0.15));
#6622 = CARTESIAN_POINT('',(3.92128129211,-2.25));
#6623 = CARTESIAN_POINT('',(1.15,-2.25));
#6624 = ( GEOMETRIC_REPRESENTATION_CONTEXT(2) 
PARAMETRIC_REPRESENTATION_CONTEXT() REPRESENTATION_CONTEXT('2D SPACE',''
  ) );
#6625 = ORIENTED_EDGE('',*,*,#6626,.F.);
#6626 = EDGE_CURVE('',#6627,#6594,#6629,.T.);
#6627 = VERTEX_POINT('',#6628);
#6628 = CARTESIAN_POINT('',(18.36,2.,26.556776436283));
#6629 = SURFACE_CURVE('',#6630,(#6634,#6640),.PCURVE_S1.);
#6630 = LINE('',#6631,#6632);
#6631 = CARTESIAN_POINT('',(-1.,2.,26.556776436283));
#6632 = VECTOR('',#6633,1.);
#6633 = DIRECTION('',(-1.,-0.,-0.));
#6634 = PCURVE('',#4909,#6635);
#6635 = DEFINITIONAL_REPRESENTATION('',(#6636),#6639);
#6636 = B_SPLINE_CURVE_WITH_KNOTS('',1,(#6637,#6638),.UNSPECIFIED.,.F.,
  .F.,(2,2),(-19.4,-18.92),.PIECEWISE_BEZIER_KNOTS.);
#6637 = CARTESIAN_POINT('',(-0.35542120169,-19.4));
#6638 = CARTESIAN_POINT('',(-0.35542120169,-18.92));
#6639 = ( GEOMETRIC_REPRESENTATION_CONTEXT(2) 
PARAMETRIC_REPRESENTATION_CONTEXT() REPRESENTATION_CONTEXT('2D SPACE',''
  ) );
#6640 = PCURVE('',#6641,#6646);
#6641 = PLANE('',#6642);
#6642 = AXIS2_PLACEMENT_3D('',#6643,#6644,#6645);
#6643 = CARTESIAN_POINT('',(2.,2.,27.));
#6644 = DIRECTION('',(0.,-1.,0.));
#6645 = DIRECTION('',(1.,0.,0.));
#6646 = DEFINITIONAL_REPRESENTATION('',(#6647),#6650);
#6647 = B_SPLINE_CURVE_WITH_KNOTS('',1,(#6648,#6649),.UNSPECIFIED.,.F.,
  .F.,(2,2),(-19.4,-18.92),.PIECEWISE_BEZIER_KNOTS.);
#6648 = CARTESIAN_POINT('',(16.4,-0.443223563717));
#6649 = CARTESIAN_POINT('',(15.92,-0.443223563717));
#6650 = ( GEOMETRIC_REPRESENTATION_CONTEXT(2) 
PARAMETRIC_REPRESENTATION_CONTEXT() REPRESENTATION_CONTEXT('2D SPACE',''
  ) );
#6651 = ORIENTED_EDGE('',*,*,#6652,.T.);
#6652 = EDGE_CURVE('',#6627,#6653,#6655,.T.);
#6653 = VERTEX_POINT('',#6654);
#6654 = CARTESIAN_POINT('',(18.36,2.1,26.));
#6655 = SURFACE_CURVE('',#6656,(#6661,#6668),.PCURVE_S1.);
#6656 = CIRCLE('',#6657,1.6);
#6657 = AXIS2_PLACEMENT_3D('',#6658,#6659,#6660);
#6658 = CARTESIAN_POINT('',(18.36,0.5,26.));
#6659 = DIRECTION('',(-1.,0.,0.));
#6660 = DIRECTION('',(0.,1.,0.));
#6661 = PCURVE('',#4909,#6662);
#6662 = DEFINITIONAL_REPRESENTATION('',(#6663),#6667);
#6663 = LINE('',#6664,#6665);
#6664 = CARTESIAN_POINT('',(-6.28318530718,-19.36));
#6665 = VECTOR('',#6666,1.);
#6666 = DIRECTION('',(1.,-0.));
#6667 = ( GEOMETRIC_REPRESENTATION_CONTEXT(2) 
PARAMETRIC_REPRESENTATION_CONTEXT() REPRESENTATION_CONTEXT('2D SPACE',''
  ) );
#6668 = PCURVE('',#6146,#6669);
#6669 = DEFINITIONAL_REPRESENTATION('',(#6670),#6678);
#6670 = ( BOUNDED_CURVE() B_SPLINE_CURVE(2,(#6671,#6672,#6673,#6674,
#6675,#6676,#6677),.UNSPECIFIED.,.T.,.F.) B_SPLINE_CURVE_WITH_KNOTS((1,2
    ,2,2,2,1),(-2.094395102393,0.,2.094395102393,4.188790204786,
6.28318530718,8.377580409573),.UNSPECIFIED.) CURVE() 
GEOMETRIC_REPRESENTATION_ITEM() RATIONAL_B_SPLINE_CURVE((1.,0.5,1.,0.5,
1.,0.5,1.)) REPRESENTATION_ITEM('') );
#6671 = CARTESIAN_POINT('',(7.105427357601E-15,-1.6));
#6672 = CARTESIAN_POINT('',(-2.77128129211,-1.6));
#6673 = CARTESIAN_POINT('',(-1.385640646055,0.8));
#6674 = CARTESIAN_POINT('',(6.713540381874E-15,3.2));
#6675 = CARTESIAN_POINT('',(1.385640646055,0.8));
#6676 = CARTESIAN_POINT('',(2.77128129211,-1.6));
#6677 = CARTESIAN_POINT('',(7.105427357601E-15,-1.6));
#6678 = ( GEOMETRIC_REPRESENTATION_CONTEXT(2) 
PARAMETRIC_REPRESENTATION_CONTEXT() REPRESENTATION_CONTEXT('2D SPACE',''
  ) );
#6679 = ORIENTED_EDGE('',*,*,#6680,.T.);
#6680 = EDGE_CURVE('',#6653,#6681,#6683,.T.);
#6681 = VERTEX_POINT('',#6682);
#6682 = CARTESIAN_POINT('',(31.92,2.1,26.));
#6683 = SEAM_CURVE('',#6684,(#6688,#6695),.PCURVE_S1.);
#6684 = LINE('',#6685,#6686);
#6685 = CARTESIAN_POINT('',(-1.,2.1,26.));
#6686 = VECTOR('',#6687,1.);
#6687 = DIRECTION('',(1.,0.,0.));
#6688 = PCURVE('',#4909,#6689);
#6689 = DEFINITIONAL_REPRESENTATION('',(#6690),#6694);
#6690 = LINE('',#6691,#6692);
#6691 = CARTESIAN_POINT('',(-0.,0.));
#6692 = VECTOR('',#6693,1.);
#6693 = DIRECTION('',(-0.,-1.));
#6694 = ( GEOMETRIC_REPRESENTATION_CONTEXT(2) 
PARAMETRIC_REPRESENTATION_CONTEXT() REPRESENTATION_CONTEXT('2D SPACE',''
  ) );
#6695 = PCURVE('',#4909,#6696);
#6696 = DEFINITIONAL_REPRESENTATION('',(#6697),#6701);
#6697 = LINE('',#6698,#6699);
#6698 = CARTESIAN_POINT('',(-6.28318530718,0.));
#6699 = VECTOR('',#6700,1.);
#6700 = DIRECTION('',(-0.,-1.));
#6701 = ( GEOMETRIC_REPRESENTATION_CONTEXT(2) 
PARAMETRIC_REPRESENTATION_CONTEXT() REPRESENTATION_CONTEXT('2D SPACE',''
  ) );
#6702 = ORIENTED_EDGE('',*,*,#6703,.F.);
#6703 = EDGE_CURVE('',#6704,#6681,#6706,.T.);
#6704 = VERTEX_POINT('',#6705);
#6705 = CARTESIAN_POINT('',(31.92,2.,26.556776436283));
#6706 = SURFACE_CURVE('',#6707,(#6712,#6719),.PCURVE_S1.);
#6707 = CIRCLE('',#6708,1.6);
#6708 = AXIS2_PLACEMENT_3D('',#6709,#6710,#6711);
#6709 = CARTESIAN_POINT('',(31.92,0.5,26.));
#6710 = DIRECTION('',(-1.,0.,0.));
#6711 = DIRECTION('',(0.,1.,0.));
#6712 = PCURVE('',#4909,#6713);
#6713 = DEFINITIONAL_REPRESENTATION('',(#6714),#6718);
#6714 = LINE('',#6715,#6716);
#6715 = CARTESIAN_POINT('',(-6.28318530718,-32.92));
#6716 = VECTOR('',#6717,1.);
#6717 = DIRECTION('',(1.,-0.));
#6718 = ( GEOMETRIC_REPRESENTATION_CONTEXT(2) 
PARAMETRIC_REPRESENTATION_CONTEXT() REPRESENTATION_CONTEXT('2D SPACE',''
  ) );
#6719 = PCURVE('',#6229,#6720);
#6720 = DEFINITIONAL_REPRESENTATION('',(#6721),#6729);
#6721 = ( BOUNDED_CURVE() B_SPLINE_CURVE(2,(#6722,#6723,#6724,#6725,
#6726,#6727,#6728),.UNSPECIFIED.,.T.,.F.) B_SPLINE_CURVE_WITH_KNOTS((1,2
    ,2,2,2,1),(-2.094395102393,0.,2.094395102393,4.188790204786,
6.28318530718,8.377580409573),.UNSPECIFIED.) CURVE() 
GEOMETRIC_REPRESENTATION_ITEM() RATIONAL_B_SPLINE_CURVE((1.,0.5,1.,0.5,
1.,0.5,1.)) REPRESENTATION_ITEM('') );
#6722 = CARTESIAN_POINT('',(7.105427357601E-15,-1.6));
#6723 = CARTESIAN_POINT('',(-2.77128129211,-1.6));
#6724 = CARTESIAN_POINT('',(-1.385640646055,0.8));
#6725 = CARTESIAN_POINT('',(6.713540381874E-15,3.2));
#6726 = CARTESIAN_POINT('',(1.385640646055,0.8));
#6727 = CARTESIAN_POINT('',(2.77128129211,-1.6));
#6728 = CARTESIAN_POINT('',(7.105427357601E-15,-1.6));
#6729 = ( GEOMETRIC_REPRESENTATION_CONTEXT(2) 
PARAMETRIC_REPRESENTATION_CONTEXT() REPRESENTATION_CONTEXT('2D SPACE',''
  ) );
#6730 = ORIENTED_EDGE('',*,*,#6731,.F.);
#6731 = EDGE_CURVE('',#6732,#6704,#6734,.T.);
#6732 = VERTEX_POINT('',#6733);
#6733 = CARTESIAN_POINT('',(32.32,2.,26.556776436283));
#6734 = SURFACE_CURVE('',#6735,(#6739,#6745),.PCURVE_S1.);
#6735 = LINE('',#6736,#6737);
#6736 = CARTESIAN_POINT('',(-1.,2.,26.556776436283));
#6737 = VECTOR('',#6738,1.);
#6738 = DIRECTION('',(-1.,-0.,-0.));
#6739 = PCURVE('',#4909,#6740);
#6740 = DEFINITIONAL_REPRESENTATION('',(#6741),#6744);
#6741 = B_SPLINE_CURVE_WITH_KNOTS('',1,(#6742,#6743),.UNSPECIFIED.,.F.,
  .F.,(2,2),(-33.36,-32.88),.PIECEWISE_BEZIER_KNOTS.);
#6742 = CARTESIAN_POINT('',(-0.35542120169,-33.36));
#6743 = CARTESIAN_POINT('',(-0.35542120169,-32.88));
#6744 = ( GEOMETRIC_REPRESENTATION_CONTEXT(2) 
PARAMETRIC_REPRESENTATION_CONTEXT() REPRESENTATION_CONTEXT('2D SPACE',''
  ) );
#6745 = PCURVE('',#6746,#6751);
#6746 = PLANE('',#6747);
#6747 = AXIS2_PLACEMENT_3D('',#6748,#6749,#6750);
#6748 = CARTESIAN_POINT('',(2.,2.,27.));
#6749 = DIRECTION('',(0.,-1.,0.));
#6750 = DIRECTION('',(1.,0.,0.));
#6751 = DEFINITIONAL_REPRESENTATION('',(#6752),#6755);
#6752 = B_SPLINE_CURVE_WITH_KNOTS('',1,(#6753,#6754),.UNSPECIFIED.,.F.,
  .F.,(2,2),(-33.36,-32.88),.PIECEWISE_BEZIER_KNOTS.);
#6753 = CARTESIAN_POINT('',(30.36,-0.443223563717));
#6754 = CARTESIAN_POINT('',(29.88,-0.443223563717));
#6755 = ( GEOMETRIC_REPRESENTATION_CONTEXT(2) 
PARAMETRIC_REPRESENTATION_CONTEXT() REPRESENTATION_CONTEXT('2D SPACE',''
  ) );
#6756 = ORIENTED_EDGE('',*,*,#6757,.F.);
#6757 = EDGE_CURVE('',#6758,#6732,#6760,.T.);
#6758 = VERTEX_POINT('',#6759);
#6759 = CARTESIAN_POINT('',(32.32,1.612429773064,27.15));
#6760 = SURFACE_CURVE('',#6761,(#6766,#6773),.PCURVE_S1.);
#6761 = CIRCLE('',#6762,1.6);
#6762 = AXIS2_PLACEMENT_3D('',#6763,#6764,#6765);
#6763 = CARTESIAN_POINT('',(32.32,0.5,26.));
#6764 = DIRECTION('',(-1.,0.,0.));
#6765 = DIRECTION('',(0.,1.,0.));
#6766 = PCURVE('',#4909,#6767);
#6767 = DEFINITIONAL_REPRESENTATION('',(#6768),#6772);
#6768 = LINE('',#6769,#6770);
#6769 = CARTESIAN_POINT('',(-6.28318530718,-33.32));
#6770 = VECTOR('',#6771,1.);
#6771 = DIRECTION('',(1.,-0.));
#6772 = ( GEOMETRIC_REPRESENTATION_CONTEXT(2) 
PARAMETRIC_REPRESENTATION_CONTEXT() REPRESENTATION_CONTEXT('2D SPACE',''
  ) );
#6773 = PCURVE('',#6774,#6779);
#6774 = PLANE('',#6775);
#6775 = AXIS2_PLACEMENT_3D('',#6776,#6777,#6778);
#6776 = CARTESIAN_POINT('',(32.32,-0.15,24.85));
#6777 = DIRECTION('',(1.,0.,0.));
#6778 = DIRECTION('',(0.,0.,1.));
#6779 = DEFINITIONAL_REPRESENTATION('',(#6780),#6788);
#6780 = ( BOUNDED_CURVE() B_SPLINE_CURVE(2,(#6781,#6782,#6783,#6784,
#6785,#6786,#6787),.UNSPECIFIED.,.T.,.F.) B_SPLINE_CURVE_WITH_KNOTS((1,2
    ,2,2,2,1),(-2.094395102393,0.,2.094395102393,4.188790204786,
6.28318530718,8.377580409573),.UNSPECIFIED.) CURVE() 
GEOMETRIC_REPRESENTATION_ITEM() RATIONAL_B_SPLINE_CURVE((1.,0.5,1.,0.5,
1.,0.5,1.)) REPRESENTATION_ITEM('') );
#6781 = CARTESIAN_POINT('',(1.15,-2.25));
#6782 = CARTESIAN_POINT('',(-1.62128129211,-2.25));
#6783 = CARTESIAN_POINT('',(-0.235640646055,0.15));
#6784 = CARTESIAN_POINT('',(1.15,2.55));
#6785 = CARTESIAN_POINT('',(2.535640646055,0.15));
#6786 = CARTESIAN_POINT('',(3.92128129211,-2.25));
#6787 = CARTESIAN_POINT('',(1.15,-2.25));
#6788 = ( GEOMETRIC_REPRESENTATION_CONTEXT(2) 
PARAMETRIC_REPRESENTATION_CONTEXT() REPRESENTATION_CONTEXT('2D SPACE',''
  ) );
#6789 = ORIENTED_EDGE('',*,*,#6790,.F.);
#6790 = EDGE_CURVE('',#6791,#6758,#6793,.T.);
#6791 = VERTEX_POINT('',#6792);
#6792 = CARTESIAN_POINT('',(46.68,1.612429773064,27.15));
#6793 = SURFACE_CURVE('',#6794,(#6798,#6804),.PCURVE_S1.);
#6794 = LINE('',#6795,#6796);
#6795 = CARTESIAN_POINT('',(-1.,1.612429773064,27.15));
#6796 = VECTOR('',#6797,1.);
#6797 = DIRECTION('',(-1.,-0.,-0.));
#6798 = PCURVE('',#4909,#6799);
#6799 = DEFINITIONAL_REPRESENTATION('',(#6800),#6803);
#6800 = B_SPLINE_CURVE_WITH_KNOTS('',1,(#6801,#6802),.UNSPECIFIED.,.F.,
  .F.,(2,2),(-49.116,-31.884),.PIECEWISE_BEZIER_KNOTS.);
#6801 = CARTESIAN_POINT('',(-0.802002777804,-49.116));
#6802 = CARTESIAN_POINT('',(-0.802002777804,-31.884));
#6803 = ( GEOMETRIC_REPRESENTATION_CONTEXT(2) 
PARAMETRIC_REPRESENTATION_CONTEXT() REPRESENTATION_CONTEXT('2D SPACE',''
  ) );
#6804 = PCURVE('',#6805,#6810);
#6805 = PLANE('',#6806);
#6806 = AXIS2_PLACEMENT_3D('',#6807,#6808,#6809);
#6807 = CARTESIAN_POINT('',(32.32,-0.15,27.15));
#6808 = DIRECTION('',(0.,0.,1.));
#6809 = DIRECTION('',(1.,0.,0.));
#6810 = DEFINITIONAL_REPRESENTATION('',(#6811),#6814);
#6811 = B_SPLINE_CURVE_WITH_KNOTS('',1,(#6812,#6813),.UNSPECIFIED.,.F.,
  .F.,(2,2),(-49.116,-31.884),.PIECEWISE_BEZIER_KNOTS.);
#6812 = CARTESIAN_POINT('',(15.796,1.762429773064));
#6813 = CARTESIAN_POINT('',(-1.436,1.762429773064));
#6814 = ( GEOMETRIC_REPRESENTATION_CONTEXT(2) 
PARAMETRIC_REPRESENTATION_CONTEXT() REPRESENTATION_CONTEXT('2D SPACE',''
  ) );
#6815 = ORIENTED_EDGE('',*,*,#6816,.T.);
#6816 = EDGE_CURVE('',#6791,#6817,#6819,.T.);
#6817 = VERTEX_POINT('',#6818);
#6818 = CARTESIAN_POINT('',(46.68,2.,26.556776436283));
#6819 = SURFACE_CURVE('',#6820,(#6825,#6832),.PCURVE_S1.);
#6820 = CIRCLE('',#6821,1.6);
#6821 = AXIS2_PLACEMENT_3D('',#6822,#6823,#6824);
#6822 = CARTESIAN_POINT('',(46.68,0.5,26.));
#6823 = DIRECTION('',(-1.,0.,0.));
#6824 = DIRECTION('',(0.,1.,0.));
#6825 = PCURVE('',#4909,#6826);
#6826 = DEFINITIONAL_REPRESENTATION('',(#6827),#6831);
#6827 = LINE('',#6828,#6829);
#6828 = CARTESIAN_POINT('',(-6.28318530718,-47.68));
#6829 = VECTOR('',#6830,1.);
#6830 = DIRECTION('',(1.,-0.));
#6831 = ( GEOMETRIC_REPRESENTATION_CONTEXT(2) 
PARAMETRIC_REPRESENTATION_CONTEXT() REPRESENTATION_CONTEXT('2D SPACE',''
  ) );
#6832 = PCURVE('',#6833,#6838);
#6833 = PLANE('',#6834);
#6834 = AXIS2_PLACEMENT_3D('',#6835,#6836,#6837);
#6835 = CARTESIAN_POINT('',(46.68,-0.15,24.85));
#6836 = DIRECTION('',(1.,0.,0.));
#6837 = DIRECTION('',(0.,0.,1.));
#6838 = DEFINITIONAL_REPRESENTATION('',(#6839),#6847);
#6839 = ( BOUNDED_CURVE() B_SPLINE_CURVE(2,(#6840,#6841,#6842,#6843,
#6844,#6845,#6846),.UNSPECIFIED.,.T.,.F.) B_SPLINE_CURVE_WITH_KNOTS((1,2
    ,2,2,2,1),(-2.094395102393,0.,2.094395102393,4.188790204786,
6.28318530718,8.377580409573),.UNSPECIFIED.) CURVE() 
GEOMETRIC_REPRESENTATION_ITEM() RATIONAL_B_SPLINE_CURVE((1.,0.5,1.,0.5,
1.,0.5,1.)) REPRESENTATION_ITEM('') );
#6840 = CARTESIAN_POINT('',(1.15,-2.25));
#6841 = CARTESIAN_POINT('',(-1.62128129211,-2.25));
#6842 = CARTESIAN_POINT('',(-0.235640646055,0.15));
#6843 = CARTESIAN_POINT('',(1.15,2.55));
#6844 = CARTESIAN_POINT('',(2.535640646055,0.15));
#6845 = CARTESIAN_POINT('',(3.92128129211,-2.25));
#6846 = CARTESIAN_POINT('',(1.15,-2.25));
#6847 = ( GEOMETRIC_REPRESENTATION_CONTEXT(2) 
PARAMETRIC_REPRESENTATION_CONTEXT() REPRESENTATION_CONTEXT('2D SPACE',''
  ) );
#6848 = ORIENTED_EDGE('',*,*,#6849,.F.);
#6849 = EDGE_CURVE('',#6850,#6817,#6852,.T.);
#6850 = VERTEX_POINT('',#6851);
#6851 = CARTESIAN_POINT('',(47.08,2.,26.556776436283));
#6852 = SURFACE_CURVE('',#6853,(#6857,#6863),.PCURVE_S1.);
#6853 = LINE('',#6854,#6855);
#6854 = CARTESIAN_POINT('',(-1.,2.,26.556776436283));
#6855 = VECTOR('',#6856,1.);
#6856 = DIRECTION('',(-1.,-0.,-0.));
#6857 = PCURVE('',#4909,#6858);
#6858 = DEFINITIONAL_REPRESENTATION('',(#6859),#6862);
#6859 = B_SPLINE_CURVE_WITH_KNOTS('',1,(#6860,#6861),.UNSPECIFIED.,.F.,
  .F.,(2,2),(-48.12,-47.64),.PIECEWISE_BEZIER_KNOTS.);
#6860 = CARTESIAN_POINT('',(-0.35542120169,-48.12));
#6861 = CARTESIAN_POINT('',(-0.35542120169,-47.64));
#6862 = ( GEOMETRIC_REPRESENTATION_CONTEXT(2) 
PARAMETRIC_REPRESENTATION_CONTEXT() REPRESENTATION_CONTEXT('2D SPACE',''
  ) );
#6863 = PCURVE('',#6864,#6869);
#6864 = PLANE('',#6865);
#6865 = AXIS2_PLACEMENT_3D('',#6866,#6867,#6868);
#6866 = CARTESIAN_POINT('',(2.,2.,27.));
#6867 = DIRECTION('',(0.,-1.,0.));
#6868 = DIRECTION('',(1.,0.,0.));
#6869 = DEFINITIONAL_REPRESENTATION('',(#6870),#6873);
#6870 = B_SPLINE_CURVE_WITH_KNOTS('',1,(#6871,#6872),.UNSPECIFIED.,.F.,
  .F.,(2,2),(-48.12,-47.64),.PIECEWISE_BEZIER_KNOTS.);
#6871 = CARTESIAN_POINT('',(45.12,-0.443223563717));
#6872 = CARTESIAN_POINT('',(44.64,-0.443223563717));
#6873 = ( GEOMETRIC_REPRESENTATION_CONTEXT(2) 
PARAMETRIC_REPRESENTATION_CONTEXT() REPRESENTATION_CONTEXT('2D SPACE',''
  ) );
#6874 = ORIENTED_EDGE('',*,*,#6875,.T.);
#6875 = EDGE_CURVE('',#6850,#6876,#6878,.T.);
#6876 = VERTEX_POINT('',#6877);
#6877 = CARTESIAN_POINT('',(47.08,2.1,26.));
#6878 = SURFACE_CURVE('',#6879,(#6884,#6891),.PCURVE_S1.);
#6879 = CIRCLE('',#6880,1.6);
#6880 = AXIS2_PLACEMENT_3D('',#6881,#6882,#6883);
#6881 = CARTESIAN_POINT('',(47.08,0.5,26.));
#6882 = DIRECTION('',(-1.,0.,0.));
#6883 = DIRECTION('',(0.,1.,0.));
#6884 = PCURVE('',#4909,#6885);
#6885 = DEFINITIONAL_REPRESENTATION('',(#6886),#6890);
#6886 = LINE('',#6887,#6888);
#6887 = CARTESIAN_POINT('',(-6.28318530718,-48.08));
#6888 = VECTOR('',#6889,1.);
#6889 = DIRECTION('',(1.,-0.));
#6890 = ( GEOMETRIC_REPRESENTATION_CONTEXT(2) 
PARAMETRIC_REPRESENTATION_CONTEXT() REPRESENTATION_CONTEXT('2D SPACE',''
  ) );
#6891 = PCURVE('',#6292,#6892);
#6892 = DEFINITIONAL_REPRESENTATION('',(#6893),#6901);
#6893 = ( BOUNDED_CURVE() B_SPLINE_CURVE(2,(#6894,#6895,#6896,#6897,
#6898,#6899,#6900),.UNSPECIFIED.,.T.,.F.) B_SPLINE_CURVE_WITH_KNOTS((1,2
    ,2,2,2,1),(-2.094395102393,0.,2.094395102393,4.188790204786,
6.28318530718,8.377580409573),.UNSPECIFIED.) CURVE() 
GEOMETRIC_REPRESENTATION_ITEM() RATIONAL_B_SPLINE_CURVE((1.,0.5,1.,0.5,
1.,0.5,1.)) REPRESENTATION_ITEM('') );
#6894 = CARTESIAN_POINT('',(7.105427357601E-15,-1.6));
#6895 = CARTESIAN_POINT('',(-2.77128129211,-1.6));
#6896 = CARTESIAN_POINT('',(-1.385640646055,0.8));
#6897 = CARTESIAN_POINT('',(6.713540381874E-15,3.2));
#6898 = CARTESIAN_POINT('',(1.385640646055,0.8));
#6899 = CARTESIAN_POINT('',(2.77128129211,-1.6));
#6900 = CARTESIAN_POINT('',(7.105427357601E-15,-1.6));
#6901 = ( GEOMETRIC_REPRESENTATION_CONTEXT(2) 
PARAMETRIC_REPRESENTATION_CONTEXT() REPRESENTATION_CONTEXT('2D SPACE',''
  ) );
#6902 = ORIENTED_EDGE('',*,*,#6903,.T.);
#6903 = EDGE_CURVE('',#6876,#6904,#6906,.T.);
#6904 = VERTEX_POINT('',#6905);
#6905 = CARTESIAN_POINT('',(60.64,2.1,26.));
#6906 = SEAM_CURVE('',#6907,(#6911,#6918),.PCURVE_S1.);
#6907 = LINE('',#6908,#6909);
#6908 = CARTESIAN_POINT('',(-1.,2.1,26.));
#6909 = VECTOR('',#6910,1.);
#6910 = DIRECTION('',(1.,0.,0.));
#6911 = PCURVE('',#4909,#6912);
#6912 = DEFINITIONAL_REPRESENTATION('',(#6913),#6917);
#6913 = LINE('',#6914,#6915);
#6914 = CARTESIAN_POINT('',(-0.,0.));
#6915 = VECTOR('',#6916,1.);
#6916 = DIRECTION('',(-0.,-1.));
#6917 = ( GEOMETRIC_REPRESENTATION_CONTEXT(2) 
PARAMETRIC_REPRESENTATION_CONTEXT() REPRESENTATION_CONTEXT('2D SPACE',''
  ) );
#6918 = PCURVE('',#4909,#6919);
#6919 = DEFINITIONAL_REPRESENTATION('',(#6920),#6924);
#6920 = LINE('',#6921,#6922);
#6921 = CARTESIAN_POINT('',(-6.28318530718,0.));
#6922 = VECTOR('',#6923,1.);
#6923 = DIRECTION('',(-0.,-1.));
#6924 = ( GEOMETRIC_REPRESENTATION_CONTEXT(2) 
PARAMETRIC_REPRESENTATION_CONTEXT() REPRESENTATION_CONTEXT('2D SPACE',''
  ) );
#6925 = ORIENTED_EDGE('',*,*,#6926,.F.);
#6926 = EDGE_CURVE('',#6927,#6904,#6929,.T.);
#6927 = VERTEX_POINT('',#6928);
#6928 = CARTESIAN_POINT('',(60.64,2.,26.556776436283));
#6929 = SURFACE_CURVE('',#6930,(#6935,#6942),.PCURVE_S1.);
#6930 = CIRCLE('',#6931,1.6);
#6931 = AXIS2_PLACEMENT_3D('',#6932,#6933,#6934);
#6932 = CARTESIAN_POINT('',(60.64,0.5,26.));
#6933 = DIRECTION('',(-1.,0.,0.));
#6934 = DIRECTION('',(0.,1.,0.));
#6935 = PCURVE('',#4909,#6936);
#6936 = DEFINITIONAL_REPRESENTATION('',(#6937),#6941);
#6937 = LINE('',#6938,#6939);
#6938 = CARTESIAN_POINT('',(-6.28318530718,-61.64));
#6939 = VECTOR('',#6940,1.);
#6940 = DIRECTION('',(1.,-0.));
#6941 = ( GEOMETRIC_REPRESENTATION_CONTEXT(2) 
PARAMETRIC_REPRESENTATION_CONTEXT() REPRESENTATION_CONTEXT('2D SPACE',''
  ) );
#6942 = PCURVE('',#6388,#6943);
#6943 = DEFINITIONAL_REPRESENTATION('',(#6944),#6952);
#6944 = ( BOUNDED_CURVE() B_SPLINE_CURVE(2,(#6945,#6946,#6947,#6948,
#6949,#6950,#6951),.UNSPECIFIED.,.T.,.F.) B_SPLINE_CURVE_WITH_KNOTS((1,2
    ,2,2,2,1),(-2.094395102393,0.,2.094395102393,4.188790204786,
6.28318530718,8.377580409573),.UNSPECIFIED.) CURVE() 
GEOMETRIC_REPRESENTATION_ITEM() RATIONAL_B_SPLINE_CURVE((1.,0.5,1.,0.5,
1.,0.5,1.)) REPRESENTATION_ITEM('') );
#6945 = CARTESIAN_POINT('',(7.105427357601E-15,-1.6));
#6946 = CARTESIAN_POINT('',(-2.77128129211,-1.6));
#6947 = CARTESIAN_POINT('',(-1.385640646055,0.8));
#6948 = CARTESIAN_POINT('',(6.713540381874E-15,3.2));
#6949 = CARTESIAN_POINT('',(1.385640646055,0.8));
#6950 = CARTESIAN_POINT('',(2.77128129211,-1.6));
#6951 = CARTESIAN_POINT('',(7.105427357601E-15,-1.6));
#6952 = ( GEOMETRIC_REPRESENTATION_CONTEXT(2) 
PARAMETRIC_REPRESENTATION_CONTEXT() REPRESENTATION_CONTEXT('2D SPACE',''
  ) );
#6953 = ORIENTED_EDGE('',*,*,#6954,.F.);
#6954 = EDGE_CURVE('',#6955,#6927,#6957,.T.);
#6955 = VERTEX_POINT('',#6956);
#6956 = CARTESIAN_POINT('',(61.04,2.,26.556776436283));
#6957 = SURFACE_CURVE('',#6958,(#6962,#6968),.PCURVE_S1.);
#6958 = LINE('',#6959,#6960);
#6959 = CARTESIAN_POINT('',(-1.,2.,26.556776436283));
#6960 = VECTOR('',#6961,1.);
#6961 = DIRECTION('',(-1.,-0.,-0.));
#6962 = PCURVE('',#4909,#6963);
#6963 = DEFINITIONAL_REPRESENTATION('',(#6964),#6967);
#6964 = B_SPLINE_CURVE_WITH_KNOTS('',1,(#6965,#6966),.UNSPECIFIED.,.F.,
  .F.,(2,2),(-62.08,-61.6),.PIECEWISE_BEZIER_KNOTS.);
#6965 = CARTESIAN_POINT('',(-0.35542120169,-62.08));
#6966 = CARTESIAN_POINT('',(-0.35542120169,-61.6));
#6967 = ( GEOMETRIC_REPRESENTATION_CONTEXT(2) 
PARAMETRIC_REPRESENTATION_CONTEXT() REPRESENTATION_CONTEXT('2D SPACE',''
  ) );
#6968 = PCURVE('',#6969,#6974);
#6969 = PLANE('',#6970);
#6970 = AXIS2_PLACEMENT_3D('',#6971,#6972,#6973);
#6971 = CARTESIAN_POINT('',(2.,2.,27.));
#6972 = DIRECTION('',(0.,-1.,0.));
#6973 = DIRECTION('',(1.,0.,0.));
#6974 = DEFINITIONAL_REPRESENTATION('',(#6975),#6978);
#6975 = B_SPLINE_CURVE_WITH_KNOTS('',1,(#6976,#6977),.UNSPECIFIED.,.F.,
  .F.,(2,2),(-62.08,-61.6),.PIECEWISE_BEZIER_KNOTS.);
#6976 = CARTESIAN_POINT('',(59.08,-0.443223563717));
#6977 = CARTESIAN_POINT('',(58.6,-0.443223563717));
#6978 = ( GEOMETRIC_REPRESENTATION_CONTEXT(2) 
PARAMETRIC_REPRESENTATION_CONTEXT() REPRESENTATION_CONTEXT('2D SPACE',''
  ) );
#6979 = ORIENTED_EDGE('',*,*,#6980,.F.);
#6980 = EDGE_CURVE('',#6981,#6955,#6983,.T.);
#6981 = VERTEX_POINT('',#6982);
#6982 = CARTESIAN_POINT('',(61.04,1.612429773064,27.15));
#6983 = SURFACE_CURVE('',#6984,(#6989,#6996),.PCURVE_S1.);
#6984 = CIRCLE('',#6985,1.6);
#6985 = AXIS2_PLACEMENT_3D('',#6986,#6987,#6988);
#6986 = CARTESIAN_POINT('',(61.04,0.5,26.));
#6987 = DIRECTION('',(-1.,0.,0.));
#6988 = DIRECTION('',(0.,1.,0.));
#6989 = PCURVE('',#4909,#6990);
#6990 = DEFINITIONAL_REPRESENTATION('',(#6991),#6995);
#6991 = LINE('',#6992,#6993);
#6992 = CARTESIAN_POINT('',(-6.28318530718,-62.04));
#6993 = VECTOR('',#6994,1.);
#6994 = DIRECTION('',(1.,-0.));
#6995 = ( GEOMETRIC_REPRESENTATION_CONTEXT(2) 
PARAMETRIC_REPRESENTATION_CONTEXT() REPRESENTATION_CONTEXT('2D SPACE',''
  ) );
#6996 = PCURVE('',#6997,#7002);
#6997 = PLANE('',#6998);
#6998 = AXIS2_PLACEMENT_3D('',#6999,#7000,#7001);
#6999 = CARTESIAN_POINT('',(61.04,-0.15,24.85));
#7000 = DIRECTION('',(1.,0.,0.));
#7001 = DIRECTION('',(0.,0.,1.));
#7002 = DEFINITIONAL_REPRESENTATION('',(#7003),#7011);
#7003 = ( BOUNDED_CURVE() B_SPLINE_CURVE(2,(#7004,#7005,#7006,#7007,
#7008,#7009,#7010),.UNSPECIFIED.,.T.,.F.) B_SPLINE_CURVE_WITH_KNOTS((1,2
    ,2,2,2,1),(-2.094395102393,0.,2.094395102393,4.188790204786,
6.28318530718,8.377580409573),.UNSPECIFIED.) CURVE() 
GEOMETRIC_REPRESENTATION_ITEM() RATIONAL_B_SPLINE_CURVE((1.,0.5,1.,0.5,
1.,0.5,1.)) REPRESENTATION_ITEM('') );
#7004 = CARTESIAN_POINT('',(1.15,-2.25));
#7005 = CARTESIAN_POINT('',(-1.62128129211,-2.25));
#7006 = CARTESIAN_POINT('',(-0.235640646055,0.15));
#7007 = CARTESIAN_POINT('',(1.15,2.55));
#7008 = CARTESIAN_POINT('',(2.535640646055,0.15));
#7009 = CARTESIAN_POINT('',(3.92128129211,-2.25));
#7010 = CARTESIAN_POINT('',(1.15,-2.25));
#7011 = ( GEOMETRIC_REPRESENTATION_CONTEXT(2) 
PARAMETRIC_REPRESENTATION_CONTEXT() REPRESENTATION_CONTEXT('2D SPACE',''
  ) );
#7012 = ORIENTED_EDGE('',*,*,#7013,.F.);
#7013 = EDGE_CURVE('',#7014,#6981,#7016,.T.);
#7014 = VERTEX_POINT('',#7015);
#7015 = CARTESIAN_POINT('',(75.4,1.612429773064,27.15));
#7016 = SURFACE_CURVE('',#7017,(#7021,#7027),.PCURVE_S1.);
#7017 = LINE('',#7018,#7019);
#7018 = CARTESIAN_POINT('',(-1.,1.612429773064,27.15));
#7019 = VECTOR('',#7020,1.);
#7020 = DIRECTION('',(-1.,-0.,-0.));
#7021 = PCURVE('',#4909,#7022);
#7022 = DEFINITIONAL_REPRESENTATION('',(#7023),#7026);
#7023 = B_SPLINE_CURVE_WITH_KNOTS('',1,(#7024,#7025),.UNSPECIFIED.,.F.,
  .F.,(2,2),(-77.836,-60.604),.PIECEWISE_BEZIER_KNOTS.);
#7024 = CARTESIAN_POINT('',(-0.802002777804,-77.836));
#7025 = CARTESIAN_POINT('',(-0.802002777804,-60.604));
#7026 = ( GEOMETRIC_REPRESENTATION_CONTEXT(2) 
PARAMETRIC_REPRESENTATION_CONTEXT() REPRESENTATION_CONTEXT('2D SPACE',''
  ) );
#7027 = PCURVE('',#7028,#7033);
#7028 = PLANE('',#7029);
#7029 = AXIS2_PLACEMENT_3D('',#7030,#7031,#7032);
#7030 = CARTESIAN_POINT('',(61.04,-0.15,27.15));
#7031 = DIRECTION('',(0.,0.,1.));
#7032 = DIRECTION('',(1.,0.,0.));
#7033 = DEFINITIONAL_REPRESENTATION('',(#7034),#7037);
#7034 = B_SPLINE_CURVE_WITH_KNOTS('',1,(#7035,#7036),.UNSPECIFIED.,.F.,
  .F.,(2,2),(-77.836,-60.604),.PIECEWISE_BEZIER_KNOTS.);
#7035 = CARTESIAN_POINT('',(15.796,1.762429773064));
#7036 = CARTESIAN_POINT('',(-1.436,1.762429773064));
#7037 = ( GEOMETRIC_REPRESENTATION_CONTEXT(2) 
PARAMETRIC_REPRESENTATION_CONTEXT() REPRESENTATION_CONTEXT('2D SPACE',''
  ) );
#7038 = ORIENTED_EDGE('',*,*,#7039,.T.);
#7039 = EDGE_CURVE('',#7014,#7040,#7042,.T.);
#7040 = VERTEX_POINT('',#7041);
#7041 = CARTESIAN_POINT('',(75.4,2.,26.556776436283));
#7042 = SURFACE_CURVE('',#7043,(#7048,#7055),.PCURVE_S1.);
#7043 = CIRCLE('',#7044,1.6);
#7044 = AXIS2_PLACEMENT_3D('',#7045,#7046,#7047);
#7045 = CARTESIAN_POINT('',(75.4,0.5,26.));
#7046 = DIRECTION('',(-1.,0.,0.));
#7047 = DIRECTION('',(0.,1.,0.));
#7048 = PCURVE('',#4909,#7049);
#7049 = DEFINITIONAL_REPRESENTATION('',(#7050),#7054);
#7050 = LINE('',#7051,#7052);
#7051 = CARTESIAN_POINT('',(-6.28318530718,-76.4));
#7052 = VECTOR('',#7053,1.);
#7053 = DIRECTION('',(1.,-0.));
#7054 = ( GEOMETRIC_REPRESENTATION_CONTEXT(2) 
PARAMETRIC_REPRESENTATION_CONTEXT() REPRESENTATION_CONTEXT('2D SPACE',''
  ) );
#7055 = PCURVE('',#7056,#7061);
#7056 = PLANE('',#7057);
#7057 = AXIS2_PLACEMENT_3D('',#7058,#7059,#7060);
#7058 = CARTESIAN_POINT('',(75.4,-0.15,24.85));
#7059 = DIRECTION('',(1.,0.,0.));
#7060 = DIRECTION('',(0.,0.,1.));
#7061 = DEFINITIONAL_REPRESENTATION('',(#7062),#7070);
#7062 = ( BOUNDED_CURVE() B_SPLINE_CURVE(2,(#7063,#7064,#7065,#7066,
#7067,#7068,#7069),.UNSPECIFIED.,.T.,.F.) B_SPLINE_CURVE_WITH_KNOTS((1,2
    ,2,2,2,1),(-2.094395102393,0.,2.094395102393,4.188790204786,
6.28318530718,8.377580409573),.UNSPECIFIED.) CURVE() 
GEOMETRIC_REPRESENTATION_ITEM() RATIONAL_B_SPLINE_CURVE((1.,0.5,1.,0.5,
1.,0.5,1.)) REPRESENTATION_ITEM('') );
#7063 = CARTESIAN_POINT('',(1.15,-2.25));
#7064 = CARTESIAN_POINT('',(-1.62128129211,-2.25));
#7065 = CARTESIAN_POINT('',(-0.235640646055,0.15));
#7066 = CARTESIAN_POINT('',(1.15,2.55));
#7067 = CARTESIAN_POINT('',(2.535640646055,0.15));
#7068 = CARTESIAN_POINT('',(3.92128129211,-2.25));
#7069 = CARTESIAN_POINT('',(1.15,-2.25));
#7070 = ( GEOMETRIC_REPRESENTATION_CONTEXT(2) 
PARAMETRIC_REPRESENTATION_CONTEXT() REPRESENTATION_CONTEXT('2D SPACE',''
  ) );
#7071 = ORIENTED_EDGE('',*,*,#7072,.F.);
#7072 = EDGE_CURVE('',#7073,#7040,#7075,.T.);
#7073 = VERTEX_POINT('',#7074);
#7074 = CARTESIAN_POINT('',(77.,2.,26.556776436283));
#7075 = SURFACE_CURVE('',#7076,(#7080,#7086),.PCURVE_S1.);
#7076 = LINE('',#7077,#7078);
#7077 = CARTESIAN_POINT('',(-1.,2.,26.556776436283));
#7078 = VECTOR('',#7079,1.);
#7079 = DIRECTION('',(-1.,-0.,-0.));
#7080 = PCURVE('',#4909,#7081);
#7081 = DEFINITIONAL_REPRESENTATION('',(#7082),#7085);
#7082 = B_SPLINE_CURVE_WITH_KNOTS('',1,(#7083,#7084),.UNSPECIFIED.,.F.,
  .F.,(2,2),(-78.16,-76.24),.PIECEWISE_BEZIER_KNOTS.);
#7083 = CARTESIAN_POINT('',(-0.35542120169,-78.16));
#7084 = CARTESIAN_POINT('',(-0.35542120169,-76.24));
#7085 = ( GEOMETRIC_REPRESENTATION_CONTEXT(2) 
PARAMETRIC_REPRESENTATION_CONTEXT() REPRESENTATION_CONTEXT('2D SPACE',''
  ) );
#7086 = PCURVE('',#7087,#7092);
#7087 = PLANE('',#7088);
#7088 = AXIS2_PLACEMENT_3D('',#7089,#7090,#7091);
#7089 = CARTESIAN_POINT('',(2.,2.,27.));
#7090 = DIRECTION('',(0.,-1.,0.));
#7091 = DIRECTION('',(1.,0.,0.));
#7092 = DEFINITIONAL_REPRESENTATION('',(#7093),#7096);
#7093 = B_SPLINE_CURVE_WITH_KNOTS('',1,(#7094,#7095),.UNSPECIFIED.,.F.,
  .F.,(2,2),(-78.16,-76.24),.PIECEWISE_BEZIER_KNOTS.);
#7094 = CARTESIAN_POINT('',(75.16,-0.443223563717));
#7095 = CARTESIAN_POINT('',(73.24,-0.443223563717));
#7096 = ( GEOMETRIC_REPRESENTATION_CONTEXT(2) 
PARAMETRIC_REPRESENTATION_CONTEXT() REPRESENTATION_CONTEXT('2D SPACE',''
  ) );
#7097 = ORIENTED_EDGE('',*,*,#7098,.T.);
#7098 = EDGE_CURVE('',#7073,#7099,#7101,.T.);
#7099 = VERTEX_POINT('',#7100);
#7100 = CARTESIAN_POINT('',(77.,2.1,26.));
#7101 = SURFACE_CURVE('',#7102,(#7107,#7114),.PCURVE_S1.);
#7102 = CIRCLE('',#7103,1.6);
#7103 = AXIS2_PLACEMENT_3D('',#7104,#7105,#7106);
#7104 = CARTESIAN_POINT('',(77.,0.5,26.));
#7105 = DIRECTION('',(-1.,0.,0.));
#7106 = DIRECTION('',(0.,1.,0.));
#7107 = PCURVE('',#4909,#7108);
#7108 = DEFINITIONAL_REPRESENTATION('',(#7109),#7113);
#7109 = LINE('',#7110,#7111);
#7110 = CARTESIAN_POINT('',(-6.28318530718,-78.));
#7111 = VECTOR('',#7112,1.);
#7112 = DIRECTION('',(1.,-0.));
#7113 = ( GEOMETRIC_REPRESENTATION_CONTEXT(2) 
PARAMETRIC_REPRESENTATION_CONTEXT() REPRESENTATION_CONTEXT('2D SPACE',''
  ) );
#7114 = PCURVE('',#7115,#7120);
#7115 = PLANE('',#7116);
#7116 = AXIS2_PLACEMENT_3D('',#7117,#7118,#7119);
#7117 = CARTESIAN_POINT('',(77.,2.,27.));
#7118 = DIRECTION('',(1.,0.,0.));
#7119 = DIRECTION('',(-0.,1.,0.));
#7120 = DEFINITIONAL_REPRESENTATION('',(#7121),#7129);
#7121 = ( BOUNDED_CURVE() B_SPLINE_CURVE(2,(#7122,#7123,#7124,#7125,
#7126,#7127,#7128),.UNSPECIFIED.,.T.,.F.) B_SPLINE_CURVE_WITH_KNOTS((1,2
    ,2,2,2,1),(-2.094395102393,0.,2.094395102393,4.188790204786,
6.28318530718,8.377580409573),.UNSPECIFIED.) CURVE() 
GEOMETRIC_REPRESENTATION_ITEM() RATIONAL_B_SPLINE_CURVE((1.,0.5,1.,0.5,
1.,0.5,1.)) REPRESENTATION_ITEM('') );
#7122 = CARTESIAN_POINT('',(0.1,-1.));
#7123 = CARTESIAN_POINT('',(0.1,-3.77128129211));
#7124 = CARTESIAN_POINT('',(-2.3,-2.385640646055));
#7125 = CARTESIAN_POINT('',(-4.7,-1.));
#7126 = CARTESIAN_POINT('',(-2.3,0.385640646055));
#7127 = CARTESIAN_POINT('',(1.E-01,1.77128129211));
#7128 = CARTESIAN_POINT('',(0.1,-1.));
#7129 = ( GEOMETRIC_REPRESENTATION_CONTEXT(2) 
PARAMETRIC_REPRESENTATION_CONTEXT() REPRESENTATION_CONTEXT('2D SPACE',''
  ) );
#7130 = ORIENTED_EDGE('',*,*,#7131,.T.);
#7131 = EDGE_CURVE('',#7099,#7132,#7134,.T.);
#7132 = VERTEX_POINT('',#7133);
#7133 = CARTESIAN_POINT('',(79.,2.1,26.));
#7134 = SURFACE_CURVE('',#7135,(#7139,#7146),.PCURVE_S1.);
#7135 = LINE('',#7136,#7137);
#7136 = CARTESIAN_POINT('',(-1.,2.1,26.));
#7137 = VECTOR('',#7138,1.);
#7138 = DIRECTION('',(1.,0.,0.));
#7139 = PCURVE('',#4909,#7140);
#7140 = DEFINITIONAL_REPRESENTATION('',(#7141),#7145);
#7141 = LINE('',#7142,#7143);
#7142 = CARTESIAN_POINT('',(-0.,0.));
#7143 = VECTOR('',#7144,1.);
#7144 = DIRECTION('',(-0.,-1.));
#7145 = ( GEOMETRIC_REPRESENTATION_CONTEXT(2) 
PARAMETRIC_REPRESENTATION_CONTEXT() REPRESENTATION_CONTEXT('2D SPACE',''
  ) );
#7146 = PCURVE('',#7147,#7152);
#7147 = CYLINDRICAL_SURFACE('',#7148,1.6);
#7148 = AXIS2_PLACEMENT_3D('',#7149,#7150,#7151);
#7149 = CARTESIAN_POINT('',(-1.,0.5,26.));
#7150 = DIRECTION('',(-1.,-0.,-0.));
#7151 = DIRECTION('',(0.,1.,0.));
#7152 = DEFINITIONAL_REPRESENTATION('',(#7153),#7157);
#7153 = LINE('',#7154,#7155);
#7154 = CARTESIAN_POINT('',(-6.28318530718,0.));
#7155 = VECTOR('',#7156,1.);
#7156 = DIRECTION('',(-0.,-1.));
#7157 = ( GEOMETRIC_REPRESENTATION_CONTEXT(2) 
PARAMETRIC_REPRESENTATION_CONTEXT() REPRESENTATION_CONTEXT('2D SPACE',''
  ) );
#7158 = ORIENTED_EDGE('',*,*,#7159,.F.);
#7159 = EDGE_CURVE('',#7160,#7132,#7162,.T.);
#7160 = VERTEX_POINT('',#7161);
#7161 = CARTESIAN_POINT('',(79.,1.74899959968,27.));
#7162 = SURFACE_CURVE('',#7163,(#7168,#7175),.PCURVE_S1.);
#7163 = CIRCLE('',#7164,1.6);
#7164 = AXIS2_PLACEMENT_3D('',#7165,#7166,#7167);
#7165 = CARTESIAN_POINT('',(79.,0.5,26.));
#7166 = DIRECTION('',(-1.,0.,0.));
#7167 = DIRECTION('',(0.,1.,0.));
#7168 = PCURVE('',#4909,#7169);
#7169 = DEFINITIONAL_REPRESENTATION('',(#7170),#7174);
#7170 = LINE('',#7171,#7172);
#7171 = CARTESIAN_POINT('',(-6.28318530718,-80.));
#7172 = VECTOR('',#7173,1.);
#7173 = DIRECTION('',(1.,-0.));
#7174 = ( GEOMETRIC_REPRESENTATION_CONTEXT(2) 
PARAMETRIC_REPRESENTATION_CONTEXT() REPRESENTATION_CONTEXT('2D SPACE',''
  ) );
#7175 = PCURVE('',#7176,#7181);
#7176 = PLANE('',#7177);
#7177 = AXIS2_PLACEMENT_3D('',#7178,#7179,#7180);
#7178 = CARTESIAN_POINT('',(79.,0.,27.));
#7179 = DIRECTION('',(1.,0.,0.));
#7180 = DIRECTION('',(-0.,1.,0.));
#7181 = DEFINITIONAL_REPRESENTATION('',(#7182),#7190);
#7182 = ( BOUNDED_CURVE() B_SPLINE_CURVE(2,(#7183,#7184,#7185,#7186,
#7187,#7188,#7189),.UNSPECIFIED.,.T.,.F.) B_SPLINE_CURVE_WITH_KNOTS((1,2
    ,2,2,2,1),(-2.094395102393,0.,2.094395102393,4.188790204786,
6.28318530718,8.377580409573),.UNSPECIFIED.) CURVE() 
GEOMETRIC_REPRESENTATION_ITEM() RATIONAL_B_SPLINE_CURVE((1.,0.5,1.,0.5,
1.,0.5,1.)) REPRESENTATION_ITEM('') );
#7183 = CARTESIAN_POINT('',(2.1,-1.));
#7184 = CARTESIAN_POINT('',(2.1,-3.77128129211));
#7185 = CARTESIAN_POINT('',(-0.3,-2.385640646055));
#7186 = CARTESIAN_POINT('',(-2.7,-1.));
#7187 = CARTESIAN_POINT('',(-0.3,0.385640646055));
#7188 = CARTESIAN_POINT('',(2.1,1.77128129211));
#7189 = CARTESIAN_POINT('',(2.1,-1.));
#7190 = ( GEOMETRIC_REPRESENTATION_CONTEXT(2) 
PARAMETRIC_REPRESENTATION_CONTEXT() REPRESENTATION_CONTEXT('2D SPACE',''
  ) );
#7191 = ORIENTED_EDGE('',*,*,#7192,.T.);
#7192 = EDGE_CURVE('',#7160,#4883,#7193,.T.);
#7193 = SURFACE_CURVE('',#7194,(#7211,#7231),.PCURVE_S1.);
#7194 = B_SPLINE_CURVE_WITH_KNOTS('',8,(#7195,#7196,#7197,#7198,#7199,
    #7200,#7201,#7202,#7203,#7204,#7205,#7206,#7207,#7208,#7209,#7210),
  .UNSPECIFIED.,.F.,.F.,(9,7,9),(0.,0.35517337489,1.),.UNSPECIFIED.);
#7195 = CARTESIAN_POINT('',(79.,1.74899959968,27.));
#7196 = CARTESIAN_POINT('',(78.967389406325,1.715057417642,
    27.042393771777));
#7197 = CARTESIAN_POINT('',(78.93570280845,1.679378514437,
    27.083586349015));
#7198 = CARTESIAN_POINT('',(78.904973585012,1.641971239587,
    27.123534339484));
#7199 = CARTESIAN_POINT('',(78.875239758003,1.602840849838,
    27.162188314596));
#7200 = CARTESIAN_POINT('',(78.846544454199,1.561989071542,
    27.199492209541));
#7201 = CARTESIAN_POINT('',(78.8189363666,1.51941366304,27.23538272342)
  );
#7202 = CARTESIAN_POINT('',(78.792470215864,1.475107977052,
    27.269788719377));
#7203 = CARTESIAN_POINT('',(78.721341561778,1.345460156428,
    27.362255969689));
#7204 = CARTESIAN_POINT('',(78.679502769109,1.256228819863,
    27.416646400158));
#7205 = CARTESIAN_POINT('',(78.641969084049,1.16119207683,
    27.465440190736));
#7206 = CARTESIAN_POINT('',(78.609209035453,1.060207901259,
    27.508028253911));
#7207 = CARTESIAN_POINT('',(78.581841565814,0.953218225465,
    27.543605964442));
#7208 = CARTESIAN_POINT('',(78.560649688545,0.840254171458,
    27.571155404892));
#7209 = CARTESIAN_POINT('',(78.546544217765,0.721475980986,
    27.589492516905));
#7210 = CARTESIAN_POINT('',(78.540727909765,0.597053717305,
    27.597053717305));
#7211 = PCURVE('',#4909,#7212);
#7212 = DEFINITIONAL_REPRESENTATION('',(#7213),#7230);
#7213 = B_SPLINE_CURVE_WITH_KNOTS('',8,(#7214,#7215,#7216,#7217,#7218,
    #7219,#7220,#7221,#7222,#7223,#7224,#7225,#7226,#7227,#7228,#7229),
  .UNSPECIFIED.,.F.,.F.,(9,7,9),(0.,0.35517337489,1.),.UNSPECIFIED.);
#7214 = CARTESIAN_POINT('',(-0.675131532937,-80.));
#7215 = CARTESIAN_POINT('',(-0.709073714975,-79.96738940632));
#7216 = CARTESIAN_POINT('',(-0.743108194388,-79.93570280845));
#7217 = CARTESIAN_POINT('',(-0.777270299492,-79.90497358501));
#7218 = CARTESIAN_POINT('',(-0.811594711899,-79.875239758));
#7219 = CARTESIAN_POINT('',(-0.846116668312,-79.84654445419));
#7220 = CARTESIAN_POINT('',(-0.880873162325,-79.8189363666));
#7221 = CARTESIAN_POINT('',(-0.915904146219,-79.79247021586));
#7222 = CARTESIAN_POINT('',(-1.015431838998,-79.72134156177));
#7223 = CARTESIAN_POINT('',(-1.080575453756,-79.6795027691));
#7224 = CARTESIAN_POINT('',(-1.14704430256,-79.64196908404));
#7225 = CARTESIAN_POINT('',(-1.215145471471,-79.60920903545));
#7226 = CARTESIAN_POINT('',(-1.285161134027,-79.58184156581));
#7227 = CARTESIAN_POINT('',(-1.357398181963,-79.56064968854));
#7228 = CARTESIAN_POINT('',(-1.43219311774,-79.54654421776));
#7229 = CARTESIAN_POINT('',(-1.510100493261,-79.54072790976));
#7230 = ( GEOMETRIC_REPRESENTATION_CONTEXT(2) 
PARAMETRIC_REPRESENTATION_CONTEXT() REPRESENTATION_CONTEXT('2D SPACE',''
  ) );
#7231 = PCURVE('',#4938,#7232);
#7232 = DEFINITIONAL_REPRESENTATION('',(#7233),#7250);
#7233 = B_SPLINE_CURVE_WITH_KNOTS('',8,(#7234,#7235,#7236,#7237,#7238,
    #7239,#7240,#7241,#7242,#7243,#7244,#7245,#7246,#7247,#7248,#7249),
  .UNSPECIFIED.,.F.,.F.,(9,7,9),(0.,0.35517337489,1.),.UNSPECIFIED.);
#7234 = CARTESIAN_POINT('',(1.74899959968,0.));
#7235 = CARTESIAN_POINT('',(1.673564212948,3.261059367484E-03));
#7236 = CARTESIAN_POINT('',(1.597478999968,6.429719155032E-03));
#7237 = CARTESIAN_POINT('',(1.520797848035,9.502641498766E-03));
#7238 = CARTESIAN_POINT('',(1.443577991467,1.247602419967E-02));
#7239 = CARTESIAN_POINT('',(1.3658802297,1.534555458006E-02));
#7240 = CARTESIAN_POINT('',(1.287769145368,1.810636333996E-02));
#7241 = CARTESIAN_POINT('',(1.209313322397,2.075297841363E-02));
#7242 = CARTESIAN_POINT('',(0.987653243488,2.786584382224E-02));
#7243 = CARTESIAN_POINT('',(0.84401378961,3.204972308909E-02));
#7244 = CARTESIAN_POINT('',(0.699884607214,3.580309159511E-02));
#7245 = CARTESIAN_POINT('',(0.555766147573,3.90790964547E-02));
#7246 = CARTESIAN_POINT('',(0.412447991845,4.181584341865E-02));
#7247 = CARTESIAN_POINT('',(0.271036321855,4.393503114553E-02));
#7248 = CARTESIAN_POINT('',(0.132947555158,4.534557822347E-02));
#7249 = CARTESIAN_POINT('',(0.,4.592720902345E-02));
#7250 = ( GEOMETRIC_REPRESENTATION_CONTEXT(2) 
PARAMETRIC_REPRESENTATION_CONTEXT() REPRESENTATION_CONTEXT('2D SPACE',''
  ) );
#7251 = ORIENTED_EDGE('',*,*,#4882,.T.);
#7252 = ORIENTED_EDGE('',*,*,#7253,.F.);
#7253 = EDGE_CURVE('',#7254,#4885,#7256,.T.);
#7254 = VERTEX_POINT('',#7255);
#7255 = CARTESIAN_POINT('',(60.64,1.74899959968,25.));
#7256 = SURFACE_CURVE('',#7257,(#7262,#7269),.PCURVE_S1.);
#7257 = CIRCLE('',#7258,1.6);
#7258 = AXIS2_PLACEMENT_3D('',#7259,#7260,#7261);
#7259 = CARTESIAN_POINT('',(60.64,0.5,26.));
#7260 = DIRECTION('',(-1.,0.,0.));
#7261 = DIRECTION('',(0.,1.,0.));
#7262 = PCURVE('',#4909,#7263);
#7263 = DEFINITIONAL_REPRESENTATION('',(#7264),#7268);
#7264 = LINE('',#7265,#7266);
#7265 = CARTESIAN_POINT('',(-6.28318530718,-61.64));
#7266 = VECTOR('',#7267,1.);
#7267 = DIRECTION('',(1.,-0.));
#7268 = ( GEOMETRIC_REPRESENTATION_CONTEXT(2) 
PARAMETRIC_REPRESENTATION_CONTEXT() REPRESENTATION_CONTEXT('2D SPACE',''
  ) );
#7269 = PCURVE('',#6388,#7270);
#7270 = DEFINITIONAL_REPRESENTATION('',(#7271),#7279);
#7271 = ( BOUNDED_CURVE() B_SPLINE_CURVE(2,(#7272,#7273,#7274,#7275,
#7276,#7277,#7278),.UNSPECIFIED.,.T.,.F.) B_SPLINE_CURVE_WITH_KNOTS((1,2
    ,2,2,2,1),(-2.094395102393,0.,2.094395102393,4.188790204786,
6.28318530718,8.377580409573),.UNSPECIFIED.) CURVE() 
GEOMETRIC_REPRESENTATION_ITEM() RATIONAL_B_SPLINE_CURVE((1.,0.5,1.,0.5,
1.,0.5,1.)) REPRESENTATION_ITEM('') );
#7272 = CARTESIAN_POINT('',(7.105427357601E-15,-1.6));
#7273 = CARTESIAN_POINT('',(-2.77128129211,-1.6));
#7274 = CARTESIAN_POINT('',(-1.385640646055,0.8));
#7275 = CARTESIAN_POINT('',(6.713540381874E-15,3.2));
#7276 = CARTESIAN_POINT('',(1.385640646055,0.8));
#7277 = CARTESIAN_POINT('',(2.77128129211,-1.6));
#7278 = CARTESIAN_POINT('',(7.105427357601E-15,-1.6));
#7279 = ( GEOMETRIC_REPRESENTATION_CONTEXT(2) 
PARAMETRIC_REPRESENTATION_CONTEXT() REPRESENTATION_CONTEXT('2D SPACE',''
  ) );
#7280 = ORIENTED_EDGE('',*,*,#7281,.F.);
#7281 = EDGE_CURVE('',#7282,#7254,#7284,.T.);
#7282 = VERTEX_POINT('',#7283);
#7283 = CARTESIAN_POINT('',(61.04,1.74899959968,25.));
#7284 = SURFACE_CURVE('',#7285,(#7289,#7295),.PCURVE_S1.);
#7285 = LINE('',#7286,#7287);
#7286 = CARTESIAN_POINT('',(-1.,1.74899959968,25.));
#7287 = VECTOR('',#7288,1.);
#7288 = DIRECTION('',(-1.,-0.,-0.));
#7289 = PCURVE('',#4909,#7290);
#7290 = DEFINITIONAL_REPRESENTATION('',(#7291),#7294);
#7291 = B_SPLINE_CURVE_WITH_KNOTS('',1,(#7292,#7293),.UNSPECIFIED.,.F.,
  .F.,(2,2),(-62.62234225355,-61.22495756183),.PIECEWISE_BEZIER_KNOTS.);
#7292 = CARTESIAN_POINT('',(-5.608053774243,-62.62234225355));
#7293 = CARTESIAN_POINT('',(-5.608053774243,-61.22495756183));
#7294 = ( GEOMETRIC_REPRESENTATION_CONTEXT(2) 
PARAMETRIC_REPRESENTATION_CONTEXT() REPRESENTATION_CONTEXT('2D SPACE',''
  ) );
#7295 = PCURVE('',#7296,#7301);
#7296 = PLANE('',#7297);
#7297 = AXIS2_PLACEMENT_3D('',#7298,#7299,#7300);
#7298 = CARTESIAN_POINT('',(0.,0.,25.));
#7299 = DIRECTION('',(0.,0.,-1.));
#7300 = DIRECTION('',(0.639387972132,0.768884270286,0.));
#7301 = DEFINITIONAL_REPRESENTATION('',(#7302),#7305);
#7302 = B_SPLINE_CURVE_WITH_KNOTS('',1,(#7303,#7304),.UNSPECIFIED.,.F.,
  .F.,(2,2),(-62.62234225355,-61.22495756183),.PIECEWISE_BEZIER_KNOTS.);
#7303 = CARTESIAN_POINT('',(40.745362732465,46.262160349611));
#7304 = CARTESIAN_POINT('',(39.851891768144,45.187733240617));
#7305 = ( GEOMETRIC_REPRESENTATION_CONTEXT(2) 
PARAMETRIC_REPRESENTATION_CONTEXT() REPRESENTATION_CONTEXT('2D SPACE',''
  ) );
#7306 = ORIENTED_EDGE('',*,*,#7307,.F.);
#7307 = EDGE_CURVE('',#7308,#7282,#7310,.T.);
#7308 = VERTEX_POINT('',#7309);
#7309 = CARTESIAN_POINT('',(61.04,2.,25.443223563717));
#7310 = SURFACE_CURVE('',#7311,(#7316,#7323),.PCURVE_S1.);
#7311 = CIRCLE('',#7312,1.6);
#7312 = AXIS2_PLACEMENT_3D('',#7313,#7314,#7315);
#7313 = CARTESIAN_POINT('',(61.04,0.5,26.));
#7314 = DIRECTION('',(-1.,0.,0.));
#7315 = DIRECTION('',(0.,1.,0.));
#7316 = PCURVE('',#4909,#7317);
#7317 = DEFINITIONAL_REPRESENTATION('',(#7318),#7322);
#7318 = LINE('',#7319,#7320);
#7319 = CARTESIAN_POINT('',(-6.28318530718,-62.04));
#7320 = VECTOR('',#7321,1.);
#7321 = DIRECTION('',(1.,-0.));
#7322 = ( GEOMETRIC_REPRESENTATION_CONTEXT(2) 
PARAMETRIC_REPRESENTATION_CONTEXT() REPRESENTATION_CONTEXT('2D SPACE',''
  ) );
#7323 = PCURVE('',#7324,#7329);
#7324 = PLANE('',#7325);
#7325 = AXIS2_PLACEMENT_3D('',#7326,#7327,#7328);
#7326 = CARTESIAN_POINT('',(61.04,-0.15,24.85));
#7327 = DIRECTION('',(1.,0.,0.));
#7328 = DIRECTION('',(0.,0.,1.));
#7329 = DEFINITIONAL_REPRESENTATION('',(#7330),#7338);
#7330 = ( BOUNDED_CURVE() B_SPLINE_CURVE(2,(#7331,#7332,#7333,#7334,
#7335,#7336,#7337),.UNSPECIFIED.,.T.,.F.) B_SPLINE_CURVE_WITH_KNOTS((1,2
    ,2,2,2,1),(-2.094395102393,0.,2.094395102393,4.188790204786,
6.28318530718,8.377580409573),.UNSPECIFIED.) CURVE() 
GEOMETRIC_REPRESENTATION_ITEM() RATIONAL_B_SPLINE_CURVE((1.,0.5,1.,0.5,
1.,0.5,1.)) REPRESENTATION_ITEM('') );
#7331 = CARTESIAN_POINT('',(1.15,-2.25));
#7332 = CARTESIAN_POINT('',(-1.62128129211,-2.25));
#7333 = CARTESIAN_POINT('',(-0.235640646055,0.15));
#7334 = CARTESIAN_POINT('',(1.15,2.55));
#7335 = CARTESIAN_POINT('',(2.535640646055,0.15));
#7336 = CARTESIAN_POINT('',(3.92128129211,-2.25));
#7337 = CARTESIAN_POINT('',(1.15,-2.25));
#7338 = ( GEOMETRIC_REPRESENTATION_CONTEXT(2) 
PARAMETRIC_REPRESENTATION_CONTEXT() REPRESENTATION_CONTEXT('2D SPACE',''
  ) );
#7339 = ORIENTED_EDGE('',*,*,#7340,.T.);
#7340 = EDGE_CURVE('',#7308,#7341,#7343,.T.);
#7341 = VERTEX_POINT('',#7342);
#7342 = CARTESIAN_POINT('',(60.64,2.,25.443223563717));
#7343 = SURFACE_CURVE('',#7344,(#7348,#7354),.PCURVE_S1.);
#7344 = LINE('',#7345,#7346);
#7345 = CARTESIAN_POINT('',(-1.,2.,25.443223563717));
#7346 = VECTOR('',#7347,1.);
#7347 = DIRECTION('',(-1.,-0.,-0.));
#7348 = PCURVE('',#4909,#7349);
#7349 = DEFINITIONAL_REPRESENTATION('',(#7350),#7353);
#7350 = B_SPLINE_CURVE_WITH_KNOTS('',1,(#7351,#7352),.UNSPECIFIED.,.F.,
  .F.,(2,2),(-62.08,-61.6),.PIECEWISE_BEZIER_KNOTS.);
#7351 = CARTESIAN_POINT('',(-5.927764105489,-62.08));
#7352 = CARTESIAN_POINT('',(-5.927764105489,-61.6));
#7353 = ( GEOMETRIC_REPRESENTATION_CONTEXT(2) 
PARAMETRIC_REPRESENTATION_CONTEXT() REPRESENTATION_CONTEXT('2D SPACE',''
  ) );
#7354 = PCURVE('',#7355,#7360);
#7355 = PLANE('',#7356);
#7356 = AXIS2_PLACEMENT_3D('',#7357,#7358,#7359);
#7357 = CARTESIAN_POINT('',(2.,2.,27.));
#7358 = DIRECTION('',(0.,-1.,0.));
#7359 = DIRECTION('',(1.,0.,0.));
#7360 = DEFINITIONAL_REPRESENTATION('',(#7361),#7364);
#7361 = B_SPLINE_CURVE_WITH_KNOTS('',1,(#7362,#7363),.UNSPECIFIED.,.F.,
  .F.,(2,2),(-62.08,-61.6),.PIECEWISE_BEZIER_KNOTS.);
#7362 = CARTESIAN_POINT('',(59.08,-1.556776436283));
#7363 = CARTESIAN_POINT('',(58.6,-1.556776436283));
#7364 = ( GEOMETRIC_REPRESENTATION_CONTEXT(2) 
PARAMETRIC_REPRESENTATION_CONTEXT() REPRESENTATION_CONTEXT('2D SPACE',''
  ) );
#7365 = ORIENTED_EDGE('',*,*,#7366,.F.);
#7366 = EDGE_CURVE('',#6904,#7341,#7367,.T.);
#7367 = SURFACE_CURVE('',#7368,(#7373,#7380),.PCURVE_S1.);
#7368 = CIRCLE('',#7369,1.6);
#7369 = AXIS2_PLACEMENT_3D('',#7370,#7371,#7372);
#7370 = CARTESIAN_POINT('',(60.64,0.5,26.));
#7371 = DIRECTION('',(-1.,0.,0.));
#7372 = DIRECTION('',(0.,1.,0.));
#7373 = PCURVE('',#4909,#7374);
#7374 = DEFINITIONAL_REPRESENTATION('',(#7375),#7379);
#7375 = LINE('',#7376,#7377);
#7376 = CARTESIAN_POINT('',(-6.28318530718,-61.64));
#7377 = VECTOR('',#7378,1.);
#7378 = DIRECTION('',(1.,-0.));
#7379 = ( GEOMETRIC_REPRESENTATION_CONTEXT(2) 
PARAMETRIC_REPRESENTATION_CONTEXT() REPRESENTATION_CONTEXT('2D SPACE',''
  ) );
#7380 = PCURVE('',#6388,#7381);
#7381 = DEFINITIONAL_REPRESENTATION('',(#7382),#7390);
#7382 = ( BOUNDED_CURVE() B_SPLINE_CURVE(2,(#7383,#7384,#7385,#7386,
#7387,#7388,#7389),.UNSPECIFIED.,.T.,.F.) B_SPLINE_CURVE_WITH_KNOTS((1,2
    ,2,2,2,1),(-2.094395102393,0.,2.094395102393,4.188790204786,
6.28318530718,8.377580409573),.UNSPECIFIED.) CURVE() 
GEOMETRIC_REPRESENTATION_ITEM() RATIONAL_B_SPLINE_CURVE((1.,0.5,1.,0.5,
1.,0.5,1.)) REPRESENTATION_ITEM('') );
#7383 = CARTESIAN_POINT('',(7.105427357601E-15,-1.6));
#7384 = CARTESIAN_POINT('',(-2.77128129211,-1.6));
#7385 = CARTESIAN_POINT('',(-1.385640646055,0.8));
#7386 = CARTESIAN_POINT('',(6.713540381874E-15,3.2));
#7387 = CARTESIAN_POINT('',(1.385640646055,0.8));
#7388 = CARTESIAN_POINT('',(2.77128129211,-1.6));
#7389 = CARTESIAN_POINT('',(7.105427357601E-15,-1.6));
#7390 = ( GEOMETRIC_REPRESENTATION_CONTEXT(2) 
PARAMETRIC_REPRESENTATION_CONTEXT() REPRESENTATION_CONTEXT('2D SPACE',''
  ) );
#7391 = ORIENTED_EDGE('',*,*,#6903,.F.);
#7392 = ORIENTED_EDGE('',*,*,#7393,.T.);
#7393 = EDGE_CURVE('',#6876,#7394,#7396,.T.);
#7394 = VERTEX_POINT('',#7395);
#7395 = CARTESIAN_POINT('',(47.08,2.,25.443223563717));
#7396 = SURFACE_CURVE('',#7397,(#7402,#7409),.PCURVE_S1.);
#7397 = CIRCLE('',#7398,1.6);
#7398 = AXIS2_PLACEMENT_3D('',#7399,#7400,#7401);
#7399 = CARTESIAN_POINT('',(47.08,0.5,26.));
#7400 = DIRECTION('',(-1.,0.,0.));
#7401 = DIRECTION('',(0.,1.,0.));
#7402 = PCURVE('',#4909,#7403);
#7403 = DEFINITIONAL_REPRESENTATION('',(#7404),#7408);
#7404 = LINE('',#7405,#7406);
#7405 = CARTESIAN_POINT('',(-6.28318530718,-48.08));
#7406 = VECTOR('',#7407,1.);
#7407 = DIRECTION('',(1.,-0.));
#7408 = ( GEOMETRIC_REPRESENTATION_CONTEXT(2) 
PARAMETRIC_REPRESENTATION_CONTEXT() REPRESENTATION_CONTEXT('2D SPACE',''
  ) );
#7409 = PCURVE('',#6292,#7410);
#7410 = DEFINITIONAL_REPRESENTATION('',(#7411),#7419);
#7411 = ( BOUNDED_CURVE() B_SPLINE_CURVE(2,(#7412,#7413,#7414,#7415,
#7416,#7417,#7418),.UNSPECIFIED.,.T.,.F.) B_SPLINE_CURVE_WITH_KNOTS((1,2
    ,2,2,2,1),(-2.094395102393,0.,2.094395102393,4.188790204786,
6.28318530718,8.377580409573),.UNSPECIFIED.) CURVE() 
GEOMETRIC_REPRESENTATION_ITEM() RATIONAL_B_SPLINE_CURVE((1.,0.5,1.,0.5,
1.,0.5,1.)) REPRESENTATION_ITEM('') );
#7412 = CARTESIAN_POINT('',(7.105427357601E-15,-1.6));
#7413 = CARTESIAN_POINT('',(-2.77128129211,-1.6));
#7414 = CARTESIAN_POINT('',(-1.385640646055,0.8));
#7415 = CARTESIAN_POINT('',(6.713540381874E-15,3.2));
#7416 = CARTESIAN_POINT('',(1.385640646055,0.8));
#7417 = CARTESIAN_POINT('',(2.77128129211,-1.6));
#7418 = CARTESIAN_POINT('',(7.105427357601E-15,-1.6));
#7419 = ( GEOMETRIC_REPRESENTATION_CONTEXT(2) 
PARAMETRIC_REPRESENTATION_CONTEXT() REPRESENTATION_CONTEXT('2D SPACE',''
  ) );
#7420 = ORIENTED_EDGE('',*,*,#7421,.T.);
#7421 = EDGE_CURVE('',#7394,#7422,#7424,.T.);
#7422 = VERTEX_POINT('',#7423);
#7423 = CARTESIAN_POINT('',(46.68,2.,25.443223563717));
#7424 = SURFACE_CURVE('',#7425,(#7429,#7435),.PCURVE_S1.);
#7425 = LINE('',#7426,#7427);
#7426 = CARTESIAN_POINT('',(-1.,2.,25.443223563717));
#7427 = VECTOR('',#7428,1.);
#7428 = DIRECTION('',(-1.,-0.,-0.));
#7429 = PCURVE('',#4909,#7430);
#7430 = DEFINITIONAL_REPRESENTATION('',(#7431),#7434);
#7431 = B_SPLINE_CURVE_WITH_KNOTS('',1,(#7432,#7433),.UNSPECIFIED.,.F.,
  .F.,(2,2),(-48.12,-47.64),.PIECEWISE_BEZIER_KNOTS.);
#7432 = CARTESIAN_POINT('',(-5.927764105489,-48.12));
#7433 = CARTESIAN_POINT('',(-5.927764105489,-47.64));
#7434 = ( GEOMETRIC_REPRESENTATION_CONTEXT(2) 
PARAMETRIC_REPRESENTATION_CONTEXT() REPRESENTATION_CONTEXT('2D SPACE',''
  ) );
#7435 = PCURVE('',#7436,#7441);
#7436 = PLANE('',#7437);
#7437 = AXIS2_PLACEMENT_3D('',#7438,#7439,#7440);
#7438 = CARTESIAN_POINT('',(2.,2.,27.));
#7439 = DIRECTION('',(0.,-1.,0.));
#7440 = DIRECTION('',(1.,0.,0.));
#7441 = DEFINITIONAL_REPRESENTATION('',(#7442),#7445);
#7442 = B_SPLINE_CURVE_WITH_KNOTS('',1,(#7443,#7444),.UNSPECIFIED.,.F.,
  .F.,(2,2),(-48.12,-47.64),.PIECEWISE_BEZIER_KNOTS.);
#7443 = CARTESIAN_POINT('',(45.12,-1.556776436283));
#7444 = CARTESIAN_POINT('',(44.64,-1.556776436283));
#7445 = ( GEOMETRIC_REPRESENTATION_CONTEXT(2) 
PARAMETRIC_REPRESENTATION_CONTEXT() REPRESENTATION_CONTEXT('2D SPACE',''
  ) );
#7446 = ORIENTED_EDGE('',*,*,#7447,.T.);
#7447 = EDGE_CURVE('',#7422,#7448,#7450,.T.);
#7448 = VERTEX_POINT('',#7449);
#7449 = CARTESIAN_POINT('',(46.68,1.74899959968,25.));
#7450 = SURFACE_CURVE('',#7451,(#7456,#7463),.PCURVE_S1.);
#7451 = CIRCLE('',#7452,1.6);
#7452 = AXIS2_PLACEMENT_3D('',#7453,#7454,#7455);
#7453 = CARTESIAN_POINT('',(46.68,0.5,26.));
#7454 = DIRECTION('',(-1.,0.,0.));
#7455 = DIRECTION('',(0.,1.,0.));
#7456 = PCURVE('',#4909,#7457);
#7457 = DEFINITIONAL_REPRESENTATION('',(#7458),#7462);
#7458 = LINE('',#7459,#7460);
#7459 = CARTESIAN_POINT('',(-6.28318530718,-47.68));
#7460 = VECTOR('',#7461,1.);
#7461 = DIRECTION('',(1.,-0.));
#7462 = ( GEOMETRIC_REPRESENTATION_CONTEXT(2) 
PARAMETRIC_REPRESENTATION_CONTEXT() REPRESENTATION_CONTEXT('2D SPACE',''
  ) );
#7463 = PCURVE('',#7464,#7469);
#7464 = PLANE('',#7465);
#7465 = AXIS2_PLACEMENT_3D('',#7466,#7467,#7468);
#7466 = CARTESIAN_POINT('',(46.68,-0.15,24.85));
#7467 = DIRECTION('',(1.,0.,0.));
#7468 = DIRECTION('',(0.,0.,1.));
#7469 = DEFINITIONAL_REPRESENTATION('',(#7470),#7478);
#7470 = ( BOUNDED_CURVE() B_SPLINE_CURVE(2,(#7471,#7472,#7473,#7474,
#7475,#7476,#7477),.UNSPECIFIED.,.T.,.F.) B_SPLINE_CURVE_WITH_KNOTS((1,2
    ,2,2,2,1),(-2.094395102393,0.,2.094395102393,4.188790204786,
6.28318530718,8.377580409573),.UNSPECIFIED.) CURVE() 
GEOMETRIC_REPRESENTATION_ITEM() RATIONAL_B_SPLINE_CURVE((1.,0.5,1.,0.5,
1.,0.5,1.)) REPRESENTATION_ITEM('') );
#7471 = CARTESIAN_POINT('',(1.15,-2.25));
#7472 = CARTESIAN_POINT('',(-1.62128129211,-2.25));
#7473 = CARTESIAN_POINT('',(-0.235640646055,0.15));
#7474 = CARTESIAN_POINT('',(1.15,2.55));
#7475 = CARTESIAN_POINT('',(2.535640646055,0.15));
#7476 = CARTESIAN_POINT('',(3.92128129211,-2.25));
#7477 = CARTESIAN_POINT('',(1.15,-2.25));
#7478 = ( GEOMETRIC_REPRESENTATION_CONTEXT(2) 
PARAMETRIC_REPRESENTATION_CONTEXT() REPRESENTATION_CONTEXT('2D SPACE',''
  ) );
#7479 = ORIENTED_EDGE('',*,*,#7480,.F.);
#7480 = EDGE_CURVE('',#7481,#7448,#7483,.T.);
#7481 = VERTEX_POINT('',#7482);
#7482 = CARTESIAN_POINT('',(47.08,1.74899959968,25.));
#7483 = SURFACE_CURVE('',#7484,(#7488,#7494),.PCURVE_S1.);
#7484 = LINE('',#7485,#7486);
#7485 = CARTESIAN_POINT('',(-1.,1.74899959968,25.));
#7486 = VECTOR('',#7487,1.);
#7487 = DIRECTION('',(-1.,-0.,-0.));
#7488 = PCURVE('',#4909,#7489);
#7489 = DEFINITIONAL_REPRESENTATION('',(#7490),#7493);
#7490 = B_SPLINE_CURVE_WITH_KNOTS('',1,(#7491,#7492),.UNSPECIFIED.,.F.,
  .F.,(2,2),(-48.66234225355,-47.26495756183),.PIECEWISE_BEZIER_KNOTS.);
#7491 = CARTESIAN_POINT('',(-5.608053774243,-48.66234225355));
#7492 = CARTESIAN_POINT('',(-5.608053774243,-47.26495756183));
#7493 = ( GEOMETRIC_REPRESENTATION_CONTEXT(2) 
PARAMETRIC_REPRESENTATION_CONTEXT() REPRESENTATION_CONTEXT('2D SPACE',''
  ) );
#7494 = PCURVE('',#7495,#7500);
#7495 = PLANE('',#7496);
#7496 = AXIS2_PLACEMENT_3D('',#7497,#7498,#7499);
#7497 = CARTESIAN_POINT('',(0.,0.,25.));
#7498 = DIRECTION('',(0.,0.,-1.));
#7499 = DIRECTION('',(0.639387972132,0.768884270286,0.));
#7500 = DEFINITIONAL_REPRESENTATION('',(#7501),#7504);
#7501 = B_SPLINE_CURVE_WITH_KNOTS('',1,(#7502,#7503),.UNSPECIFIED.,.F.,
  .F.,(2,2),(-48.66234225355,-47.26495756183),.PIECEWISE_BEZIER_KNOTS.);
#7502 = CARTESIAN_POINT('',(31.819506641499,35.528535936424));
#7503 = CARTESIAN_POINT('',(30.926035677178,34.45410882743));
#7504 = ( GEOMETRIC_REPRESENTATION_CONTEXT(2) 
PARAMETRIC_REPRESENTATION_CONTEXT() REPRESENTATION_CONTEXT('2D SPACE',''
  ) );
#7505 = ORIENTED_EDGE('',*,*,#7506,.T.);
#7506 = EDGE_CURVE('',#7481,#6244,#7507,.T.);
#7507 = SURFACE_CURVE('',#7508,(#7513,#7520),.PCURVE_S1.);
#7508 = CIRCLE('',#7509,1.6);
#7509 = AXIS2_PLACEMENT_3D('',#7510,#7511,#7512);
#7510 = CARTESIAN_POINT('',(47.08,0.5,26.));
#7511 = DIRECTION('',(-1.,0.,0.));
#7512 = DIRECTION('',(0.,1.,0.));
#7513 = PCURVE('',#4909,#7514);
#7514 = DEFINITIONAL_REPRESENTATION('',(#7515),#7519);
#7515 = LINE('',#7516,#7517);
#7516 = CARTESIAN_POINT('',(-6.28318530718,-48.08));
#7517 = VECTOR('',#7518,1.);
#7518 = DIRECTION('',(1.,-0.));
#7519 = ( GEOMETRIC_REPRESENTATION_CONTEXT(2) 
PARAMETRIC_REPRESENTATION_CONTEXT() REPRESENTATION_CONTEXT('2D SPACE',''
  ) );
#7520 = PCURVE('',#6292,#7521);
#7521 = DEFINITIONAL_REPRESENTATION('',(#7522),#7530);
#7522 = ( BOUNDED_CURVE() B_SPLINE_CURVE(2,(#7523,#7524,#7525,#7526,
#7527,#7528,#7529),.UNSPECIFIED.,.T.,.F.) B_SPLINE_CURVE_WITH_KNOTS((1,2
    ,2,2,2,1),(-2.094395102393,0.,2.094395102393,4.188790204786,
6.28318530718,8.377580409573),.UNSPECIFIED.) CURVE() 
GEOMETRIC_REPRESENTATION_ITEM() RATIONAL_B_SPLINE_CURVE((1.,0.5,1.,0.5,
1.,0.5,1.)) REPRESENTATION_ITEM('') );
#7523 = CARTESIAN_POINT('',(7.105427357601E-15,-1.6));
#7524 = CARTESIAN_POINT('',(-2.77128129211,-1.6));
#7525 = CARTESIAN_POINT('',(-1.385640646055,0.8));
#7526 = CARTESIAN_POINT('',(6.713540381874E-15,3.2));
#7527 = CARTESIAN_POINT('',(1.385640646055,0.8));
#7528 = CARTESIAN_POINT('',(2.77128129211,-1.6));
#7529 = CARTESIAN_POINT('',(7.105427357601E-15,-1.6));
#7530 = ( GEOMETRIC_REPRESENTATION_CONTEXT(2) 
PARAMETRIC_REPRESENTATION_CONTEXT() REPRESENTATION_CONTEXT('2D SPACE',''
  ) );
#7531 = ORIENTED_EDGE('',*,*,#6243,.T.);
#7532 = ORIENTED_EDGE('',*,*,#7533,.F.);
#7533 = EDGE_CURVE('',#7534,#6210,#7536,.T.);
#7534 = VERTEX_POINT('',#7535);
#7535 = CARTESIAN_POINT('',(31.92,1.74899959968,25.));
#7536 = SURFACE_CURVE('',#7537,(#7542,#7549),.PCURVE_S1.);
#7537 = CIRCLE('',#7538,1.6);
#7538 = AXIS2_PLACEMENT_3D('',#7539,#7540,#7541);
#7539 = CARTESIAN_POINT('',(31.92,0.5,26.));
#7540 = DIRECTION('',(-1.,0.,0.));
#7541 = DIRECTION('',(0.,1.,0.));
#7542 = PCURVE('',#4909,#7543);
#7543 = DEFINITIONAL_REPRESENTATION('',(#7544),#7548);
#7544 = LINE('',#7545,#7546);
#7545 = CARTESIAN_POINT('',(-6.28318530718,-32.92));
#7546 = VECTOR('',#7547,1.);
#7547 = DIRECTION('',(1.,-0.));
#7548 = ( GEOMETRIC_REPRESENTATION_CONTEXT(2) 
PARAMETRIC_REPRESENTATION_CONTEXT() REPRESENTATION_CONTEXT('2D SPACE',''
  ) );
#7549 = PCURVE('',#6229,#7550);
#7550 = DEFINITIONAL_REPRESENTATION('',(#7551),#7559);
#7551 = ( BOUNDED_CURVE() B_SPLINE_CURVE(2,(#7552,#7553,#7554,#7555,
#7556,#7557,#7558),.UNSPECIFIED.,.T.,.F.) B_SPLINE_CURVE_WITH_KNOTS((1,2
    ,2,2,2,1),(-2.094395102393,0.,2.094395102393,4.188790204786,
6.28318530718,8.377580409573),.UNSPECIFIED.) CURVE() 
GEOMETRIC_REPRESENTATION_ITEM() RATIONAL_B_SPLINE_CURVE((1.,0.5,1.,0.5,
1.,0.5,1.)) REPRESENTATION_ITEM('') );
#7552 = CARTESIAN_POINT('',(7.105427357601E-15,-1.6));
#7553 = CARTESIAN_POINT('',(-2.77128129211,-1.6));
#7554 = CARTESIAN_POINT('',(-1.385640646055,0.8));
#7555 = CARTESIAN_POINT('',(6.713540381874E-15,3.2));
#7556 = CARTESIAN_POINT('',(1.385640646055,0.8));
#7557 = CARTESIAN_POINT('',(2.77128129211,-1.6));
#7558 = CARTESIAN_POINT('',(7.105427357601E-15,-1.6));
#7559 = ( GEOMETRIC_REPRESENTATION_CONTEXT(2) 
PARAMETRIC_REPRESENTATION_CONTEXT() REPRESENTATION_CONTEXT('2D SPACE',''
  ) );
#7560 = ORIENTED_EDGE('',*,*,#7561,.F.);
#7561 = EDGE_CURVE('',#7562,#7534,#7564,.T.);
#7562 = VERTEX_POINT('',#7563);
#7563 = CARTESIAN_POINT('',(32.32,1.74899959968,25.));
#7564 = SURFACE_CURVE('',#7565,(#7569,#7575),.PCURVE_S1.);
#7565 = LINE('',#7566,#7567);
#7566 = CARTESIAN_POINT('',(-1.,1.74899959968,25.));
#7567 = VECTOR('',#7568,1.);
#7568 = DIRECTION('',(-1.,-0.,-0.));
#7569 = PCURVE('',#4909,#7570);
#7570 = DEFINITIONAL_REPRESENTATION('',(#7571),#7574);
#7571 = B_SPLINE_CURVE_WITH_KNOTS('',1,(#7572,#7573),.UNSPECIFIED.,.F.,
  .F.,(2,2),(-33.90234225355,-32.50495756183),.PIECEWISE_BEZIER_KNOTS.);
#7572 = CARTESIAN_POINT('',(-5.608053774243,-33.90234225355));
#7573 = CARTESIAN_POINT('',(-5.608053774243,-32.50495756183));
#7574 = ( GEOMETRIC_REPRESENTATION_CONTEXT(2) 
PARAMETRIC_REPRESENTATION_CONTEXT() REPRESENTATION_CONTEXT('2D SPACE',''
  ) );
#7575 = PCURVE('',#7576,#7581);
#7576 = PLANE('',#7577);
#7577 = AXIS2_PLACEMENT_3D('',#7578,#7579,#7580);
#7578 = CARTESIAN_POINT('',(0.,0.,25.));
#7579 = DIRECTION('',(0.,0.,-1.));
#7580 = DIRECTION('',(0.639387972132,0.768884270286,0.));
#7581 = DEFINITIONAL_REPRESENTATION('',(#7582),#7585);
#7582 = B_SPLINE_CURVE_WITH_KNOTS('',1,(#7583,#7584),.UNSPECIFIED.,.F.,
  .F.,(2,2),(-33.90234225355,-32.50495756183),.PIECEWISE_BEZIER_KNOTS.);
#7583 = CARTESIAN_POINT('',(22.382140172828,24.179804107009));
#7584 = CARTESIAN_POINT('',(21.488669208506,23.105376998014));
#7585 = ( GEOMETRIC_REPRESENTATION_CONTEXT(2) 
PARAMETRIC_REPRESENTATION_CONTEXT() REPRESENTATION_CONTEXT('2D SPACE',''
  ) );
#7586 = ORIENTED_EDGE('',*,*,#7587,.F.);
#7587 = EDGE_CURVE('',#7588,#7562,#7590,.T.);
#7588 = VERTEX_POINT('',#7589);
#7589 = CARTESIAN_POINT('',(32.32,2.,25.443223563717));
#7590 = SURFACE_CURVE('',#7591,(#7596,#7603),.PCURVE_S1.);
#7591 = CIRCLE('',#7592,1.6);
#7592 = AXIS2_PLACEMENT_3D('',#7593,#7594,#7595);
#7593 = CARTESIAN_POINT('',(32.32,0.5,26.));
#7594 = DIRECTION('',(-1.,0.,0.));
#7595 = DIRECTION('',(0.,1.,0.));
#7596 = PCURVE('',#4909,#7597);
#7597 = DEFINITIONAL_REPRESENTATION('',(#7598),#7602);
#7598 = LINE('',#7599,#7600);
#7599 = CARTESIAN_POINT('',(-6.28318530718,-33.32));
#7600 = VECTOR('',#7601,1.);
#7601 = DIRECTION('',(1.,-0.));
#7602 = ( GEOMETRIC_REPRESENTATION_CONTEXT(2) 
PARAMETRIC_REPRESENTATION_CONTEXT() REPRESENTATION_CONTEXT('2D SPACE',''
  ) );
#7603 = PCURVE('',#7604,#7609);
#7604 = PLANE('',#7605);
#7605 = AXIS2_PLACEMENT_3D('',#7606,#7607,#7608);
#7606 = CARTESIAN_POINT('',(32.32,-0.15,24.85));
#7607 = DIRECTION('',(1.,0.,0.));
#7608 = DIRECTION('',(0.,0.,1.));
#7609 = DEFINITIONAL_REPRESENTATION('',(#7610),#7618);
#7610 = ( BOUNDED_CURVE() B_SPLINE_CURVE(2,(#7611,#7612,#7613,#7614,
#7615,#7616,#7617),.UNSPECIFIED.,.T.,.F.) B_SPLINE_CURVE_WITH_KNOTS((1,2
    ,2,2,2,1),(-2.094395102393,0.,2.094395102393,4.188790204786,
6.28318530718,8.377580409573),.UNSPECIFIED.) CURVE() 
GEOMETRIC_REPRESENTATION_ITEM() RATIONAL_B_SPLINE_CURVE((1.,0.5,1.,0.5,
1.,0.5,1.)) REPRESENTATION_ITEM('') );
#7611 = CARTESIAN_POINT('',(1.15,-2.25));
#7612 = CARTESIAN_POINT('',(-1.62128129211,-2.25));
#7613 = CARTESIAN_POINT('',(-0.235640646055,0.15));
#7614 = CARTESIAN_POINT('',(1.15,2.55));
#7615 = CARTESIAN_POINT('',(2.535640646055,0.15));
#7616 = CARTESIAN_POINT('',(3.92128129211,-2.25));
#7617 = CARTESIAN_POINT('',(1.15,-2.25));
#7618 = ( GEOMETRIC_REPRESENTATION_CONTEXT(2) 
PARAMETRIC_REPRESENTATION_CONTEXT() REPRESENTATION_CONTEXT('2D SPACE',''
  ) );
#7619 = ORIENTED_EDGE('',*,*,#7620,.T.);
#7620 = EDGE_CURVE('',#7588,#7621,#7623,.T.);
#7621 = VERTEX_POINT('',#7622);
#7622 = CARTESIAN_POINT('',(31.92,2.,25.443223563717));
#7623 = SURFACE_CURVE('',#7624,(#7628,#7634),.PCURVE_S1.);
#7624 = LINE('',#7625,#7626);
#7625 = CARTESIAN_POINT('',(-1.,2.,25.443223563717));
#7626 = VECTOR('',#7627,1.);
#7627 = DIRECTION('',(-1.,-0.,-0.));
#7628 = PCURVE('',#4909,#7629);
#7629 = DEFINITIONAL_REPRESENTATION('',(#7630),#7633);
#7630 = B_SPLINE_CURVE_WITH_KNOTS('',1,(#7631,#7632),.UNSPECIFIED.,.F.,
  .F.,(2,2),(-33.36,-32.88),.PIECEWISE_BEZIER_KNOTS.);
#7631 = CARTESIAN_POINT('',(-5.927764105489,-33.36));
#7632 = CARTESIAN_POINT('',(-5.927764105489,-32.88));
#7633 = ( GEOMETRIC_REPRESENTATION_CONTEXT(2) 
PARAMETRIC_REPRESENTATION_CONTEXT() REPRESENTATION_CONTEXT('2D SPACE',''
  ) );
#7634 = PCURVE('',#7635,#7640);
#7635 = PLANE('',#7636);
#7636 = AXIS2_PLACEMENT_3D('',#7637,#7638,#7639);
#7637 = CARTESIAN_POINT('',(2.,2.,27.));
#7638 = DIRECTION('',(0.,-1.,0.));
#7639 = DIRECTION('',(1.,0.,0.));
#7640 = DEFINITIONAL_REPRESENTATION('',(#7641),#7644);
#7641 = B_SPLINE_CURVE_WITH_KNOTS('',1,(#7642,#7643),.UNSPECIFIED.,.F.,
  .F.,(2,2),(-33.36,-32.88),.PIECEWISE_BEZIER_KNOTS.);
#7642 = CARTESIAN_POINT('',(30.36,-1.556776436283));
#7643 = CARTESIAN_POINT('',(29.88,-1.556776436283));
#7644 = ( GEOMETRIC_REPRESENTATION_CONTEXT(2) 
PARAMETRIC_REPRESENTATION_CONTEXT() REPRESENTATION_CONTEXT('2D SPACE',''
  ) );
#7645 = ORIENTED_EDGE('',*,*,#7646,.F.);
#7646 = EDGE_CURVE('',#6681,#7621,#7647,.T.);
#7647 = SURFACE_CURVE('',#7648,(#7653,#7660),.PCURVE_S1.);
#7648 = CIRCLE('',#7649,1.6);
#7649 = AXIS2_PLACEMENT_3D('',#7650,#7651,#7652);
#7650 = CARTESIAN_POINT('',(31.92,0.5,26.));
#7651 = DIRECTION('',(-1.,0.,0.));
#7652 = DIRECTION('',(0.,1.,0.));
#7653 = PCURVE('',#4909,#7654);
#7654 = DEFINITIONAL_REPRESENTATION('',(#7655),#7659);
#7655 = LINE('',#7656,#7657);
#7656 = CARTESIAN_POINT('',(-6.28318530718,-32.92));
#7657 = VECTOR('',#7658,1.);
#7658 = DIRECTION('',(1.,-0.));
#7659 = ( GEOMETRIC_REPRESENTATION_CONTEXT(2) 
PARAMETRIC_REPRESENTATION_CONTEXT() REPRESENTATION_CONTEXT('2D SPACE',''
  ) );
#7660 = PCURVE('',#6229,#7661);
#7661 = DEFINITIONAL_REPRESENTATION('',(#7662),#7670);
#7662 = ( BOUNDED_CURVE() B_SPLINE_CURVE(2,(#7663,#7664,#7665,#7666,
#7667,#7668,#7669),.UNSPECIFIED.,.T.,.F.) B_SPLINE_CURVE_WITH_KNOTS((1,2
    ,2,2,2,1),(-2.094395102393,0.,2.094395102393,4.188790204786,
6.28318530718,8.377580409573),.UNSPECIFIED.) CURVE() 
GEOMETRIC_REPRESENTATION_ITEM() RATIONAL_B_SPLINE_CURVE((1.,0.5,1.,0.5,
1.,0.5,1.)) REPRESENTATION_ITEM('') );
#7663 = CARTESIAN_POINT('',(7.105427357601E-15,-1.6));
#7664 = CARTESIAN_POINT('',(-2.77128129211,-1.6));
#7665 = CARTESIAN_POINT('',(-1.385640646055,0.8));
#7666 = CARTESIAN_POINT('',(6.713540381874E-15,3.2));
#7667 = CARTESIAN_POINT('',(1.385640646055,0.8));
#7668 = CARTESIAN_POINT('',(2.77128129211,-1.6));
#7669 = CARTESIAN_POINT('',(7.105427357601E-15,-1.6));
#7670 = ( GEOMETRIC_REPRESENTATION_CONTEXT(2) 
PARAMETRIC_REPRESENTATION_CONTEXT() REPRESENTATION_CONTEXT('2D SPACE',''
  ) );
#7671 = ORIENTED_EDGE('',*,*,#6680,.F.);
#7672 = ORIENTED_EDGE('',*,*,#7673,.T.);
#7673 = EDGE_CURVE('',#6653,#7674,#7676,.T.);
#7674 = VERTEX_POINT('',#7675);
#7675 = CARTESIAN_POINT('',(18.36,2.,25.443223563717));
#7676 = SURFACE_CURVE('',#7677,(#7682,#7689),.PCURVE_S1.);
#7677 = CIRCLE('',#7678,1.6);
#7678 = AXIS2_PLACEMENT_3D('',#7679,#7680,#7681);
#7679 = CARTESIAN_POINT('',(18.36,0.5,26.));
#7680 = DIRECTION('',(-1.,0.,0.));
#7681 = DIRECTION('',(0.,1.,0.));
#7682 = PCURVE('',#4909,#7683);
#7683 = DEFINITIONAL_REPRESENTATION('',(#7684),#7688);
#7684 = LINE('',#7685,#7686);
#7685 = CARTESIAN_POINT('',(-6.28318530718,-19.36));
#7686 = VECTOR('',#7687,1.);
#7687 = DIRECTION('',(1.,-0.));
#7688 = ( GEOMETRIC_REPRESENTATION_CONTEXT(2) 
PARAMETRIC_REPRESENTATION_CONTEXT() REPRESENTATION_CONTEXT('2D SPACE',''
  ) );
#7689 = PCURVE('',#6146,#7690);
#7690 = DEFINITIONAL_REPRESENTATION('',(#7691),#7699);
#7691 = ( BOUNDED_CURVE() B_SPLINE_CURVE(2,(#7692,#7693,#7694,#7695,
#7696,#7697,#7698),.UNSPECIFIED.,.T.,.F.) B_SPLINE_CURVE_WITH_KNOTS((1,2
    ,2,2,2,1),(-2.094395102393,0.,2.094395102393,4.188790204786,
6.28318530718,8.377580409573),.UNSPECIFIED.) CURVE() 
GEOMETRIC_REPRESENTATION_ITEM() RATIONAL_B_SPLINE_CURVE((1.,0.5,1.,0.5,
1.,0.5,1.)) REPRESENTATION_ITEM('') );
#7692 = CARTESIAN_POINT('',(7.105427357601E-15,-1.6));
#7693 = CARTESIAN_POINT('',(-2.77128129211,-1.6));
#7694 = CARTESIAN_POINT('',(-1.385640646055,0.8));
#7695 = CARTESIAN_POINT('',(6.713540381874E-15,3.2));
#7696 = CARTESIAN_POINT('',(1.385640646055,0.8));
#7697 = CARTESIAN_POINT('',(2.77128129211,-1.6));
#7698 = CARTESIAN_POINT('',(7.105427357601E-15,-1.6));
#7699 = ( GEOMETRIC_REPRESENTATION_CONTEXT(2) 
PARAMETRIC_REPRESENTATION_CONTEXT() REPRESENTATION_CONTEXT('2D SPACE',''
  ) );
#7700 = ORIENTED_EDGE('',*,*,#7701,.T.);
#7701 = EDGE_CURVE('',#7674,#7702,#7704,.T.);
#7702 = VERTEX_POINT('',#7703);
#7703 = CARTESIAN_POINT('',(17.96,2.,25.443223563717));
#7704 = SURFACE_CURVE('',#7705,(#7709,#7715),.PCURVE_S1.);
#7705 = LINE('',#7706,#7707);
#7706 = CARTESIAN_POINT('',(-1.,2.,25.443223563717));
#7707 = VECTOR('',#7708,1.);
#7708 = DIRECTION('',(-1.,-0.,-0.));
#7709 = PCURVE('',#4909,#7710);
#7710 = DEFINITIONAL_REPRESENTATION('',(#7711),#7714);
#7711 = B_SPLINE_CURVE_WITH_KNOTS('',1,(#7712,#7713),.UNSPECIFIED.,.F.,
  .F.,(2,2),(-19.4,-18.92),.PIECEWISE_BEZIER_KNOTS.);
#7712 = CARTESIAN_POINT('',(-5.927764105489,-19.4));
#7713 = CARTESIAN_POINT('',(-5.927764105489,-18.92));
#7714 = ( GEOMETRIC_REPRESENTATION_CONTEXT(2) 
PARAMETRIC_REPRESENTATION_CONTEXT() REPRESENTATION_CONTEXT('2D SPACE',''
  ) );
#7715 = PCURVE('',#7716,#7721);
#7716 = PLANE('',#7717);
#7717 = AXIS2_PLACEMENT_3D('',#7718,#7719,#7720);
#7718 = CARTESIAN_POINT('',(2.,2.,27.));
#7719 = DIRECTION('',(0.,-1.,0.));
#7720 = DIRECTION('',(1.,0.,0.));
#7721 = DEFINITIONAL_REPRESENTATION('',(#7722),#7725);
#7722 = B_SPLINE_CURVE_WITH_KNOTS('',1,(#7723,#7724),.UNSPECIFIED.,.F.,
  .F.,(2,2),(-19.4,-18.92),.PIECEWISE_BEZIER_KNOTS.);
#7723 = CARTESIAN_POINT('',(16.4,-1.556776436283));
#7724 = CARTESIAN_POINT('',(15.92,-1.556776436283));
#7725 = ( GEOMETRIC_REPRESENTATION_CONTEXT(2) 
PARAMETRIC_REPRESENTATION_CONTEXT() REPRESENTATION_CONTEXT('2D SPACE',''
  ) );
#7726 = ORIENTED_EDGE('',*,*,#7727,.T.);
#7727 = EDGE_CURVE('',#7702,#7728,#7730,.T.);
#7728 = VERTEX_POINT('',#7729);
#7729 = CARTESIAN_POINT('',(17.96,1.74899959968,25.));
#7730 = SURFACE_CURVE('',#7731,(#7736,#7743),.PCURVE_S1.);
#7731 = CIRCLE('',#7732,1.6);
#7732 = AXIS2_PLACEMENT_3D('',#7733,#7734,#7735);
#7733 = CARTESIAN_POINT('',(17.96,0.5,26.));
#7734 = DIRECTION('',(-1.,0.,0.));
#7735 = DIRECTION('',(0.,1.,0.));
#7736 = PCURVE('',#4909,#7737);
#7737 = DEFINITIONAL_REPRESENTATION('',(#7738),#7742);
#7738 = LINE('',#7739,#7740);
#7739 = CARTESIAN_POINT('',(-6.28318530718,-18.96));
#7740 = VECTOR('',#7741,1.);
#7741 = DIRECTION('',(1.,-0.));
#7742 = ( GEOMETRIC_REPRESENTATION_CONTEXT(2) 
PARAMETRIC_REPRESENTATION_CONTEXT() REPRESENTATION_CONTEXT('2D SPACE',''
  ) );
#7743 = PCURVE('',#7744,#7749);
#7744 = PLANE('',#7745);
#7745 = AXIS2_PLACEMENT_3D('',#7746,#7747,#7748);
#7746 = CARTESIAN_POINT('',(17.96,-0.15,24.85));
#7747 = DIRECTION('',(1.,0.,0.));
#7748 = DIRECTION('',(0.,0.,1.));
#7749 = DEFINITIONAL_REPRESENTATION('',(#7750),#7758);
#7750 = ( BOUNDED_CURVE() B_SPLINE_CURVE(2,(#7751,#7752,#7753,#7754,
#7755,#7756,#7757),.UNSPECIFIED.,.T.,.F.) B_SPLINE_CURVE_WITH_KNOTS((1,2
    ,2,2,2,1),(-2.094395102393,0.,2.094395102393,4.188790204786,
6.28318530718,8.377580409573),.UNSPECIFIED.) CURVE() 
GEOMETRIC_REPRESENTATION_ITEM() RATIONAL_B_SPLINE_CURVE((1.,0.5,1.,0.5,
1.,0.5,1.)) REPRESENTATION_ITEM('') );
#7751 = CARTESIAN_POINT('',(1.15,-2.25));
#7752 = CARTESIAN_POINT('',(-1.62128129211,-2.25));
#7753 = CARTESIAN_POINT('',(-0.235640646055,0.15));
#7754 = CARTESIAN_POINT('',(1.15,2.55));
#7755 = CARTESIAN_POINT('',(2.535640646055,0.15));
#7756 = CARTESIAN_POINT('',(3.92128129211,-2.25));
#7757 = CARTESIAN_POINT('',(1.15,-2.25));
#7758 = ( GEOMETRIC_REPRESENTATION_CONTEXT(2) 
PARAMETRIC_REPRESENTATION_CONTEXT() REPRESENTATION_CONTEXT('2D SPACE',''
  ) );
#7759 = ORIENTED_EDGE('',*,*,#7760,.F.);
#7760 = EDGE_CURVE('',#7761,#7728,#7763,.T.);
#7761 = VERTEX_POINT('',#7762);
#7762 = CARTESIAN_POINT('',(18.36,1.74899959968,25.));
#7763 = SURFACE_CURVE('',#7764,(#7768,#7774),.PCURVE_S1.);
#7764 = LINE('',#7765,#7766);
#7765 = CARTESIAN_POINT('',(-1.,1.74899959968,25.));
#7766 = VECTOR('',#7767,1.);
#7767 = DIRECTION('',(-1.,-0.,-0.));
#7768 = PCURVE('',#4909,#7769);
#7769 = DEFINITIONAL_REPRESENTATION('',(#7770),#7773);
#7770 = B_SPLINE_CURVE_WITH_KNOTS('',1,(#7771,#7772),.UNSPECIFIED.,.F.,
  .F.,(2,2),(-19.94234225355,-18.54495756183),.PIECEWISE_BEZIER_KNOTS.);
#7771 = CARTESIAN_POINT('',(-5.608053774243,-19.94234225355));
#7772 = CARTESIAN_POINT('',(-5.608053774243,-18.54495756183));
#7773 = ( GEOMETRIC_REPRESENTATION_CONTEXT(2) 
PARAMETRIC_REPRESENTATION_CONTEXT() REPRESENTATION_CONTEXT('2D SPACE',''
  ) );
#7774 = PCURVE('',#7775,#7780);
#7775 = PLANE('',#7776);
#7776 = AXIS2_PLACEMENT_3D('',#7777,#7778,#7779);
#7777 = CARTESIAN_POINT('',(0.,0.,25.));
#7778 = DIRECTION('',(0.,0.,-1.));
#7779 = DIRECTION('',(0.639387972132,0.768884270286,0.));
#7780 = DEFINITIONAL_REPRESENTATION('',(#7781),#7784);
#7781 = B_SPLINE_CURVE_WITH_KNOTS('',1,(#7782,#7783),.UNSPECIFIED.,.F.,
  .F.,(2,2),(-19.94234225355,-18.54495756183),.PIECEWISE_BEZIER_KNOTS.);
#7782 = CARTESIAN_POINT('',(13.456284081862,13.446179693822));
#7783 = CARTESIAN_POINT('',(12.56281311754,12.371752584827));
#7784 = ( GEOMETRIC_REPRESENTATION_CONTEXT(2) 
PARAMETRIC_REPRESENTATION_CONTEXT() REPRESENTATION_CONTEXT('2D SPACE',''
  ) );
#7785 = ORIENTED_EDGE('',*,*,#7786,.T.);
#7786 = EDGE_CURVE('',#7761,#6068,#7787,.T.);
#7787 = SURFACE_CURVE('',#7788,(#7793,#7800),.PCURVE_S1.);
#7788 = CIRCLE('',#7789,1.6);
#7789 = AXIS2_PLACEMENT_3D('',#7790,#7791,#7792);
#7790 = CARTESIAN_POINT('',(18.36,0.5,26.));
#7791 = DIRECTION('',(-1.,0.,0.));
#7792 = DIRECTION('',(0.,1.,0.));
#7793 = PCURVE('',#4909,#7794);
#7794 = DEFINITIONAL_REPRESENTATION('',(#7795),#7799);
#7795 = LINE('',#7796,#7797);
#7796 = CARTESIAN_POINT('',(-6.28318530718,-19.36));
#7797 = VECTOR('',#7798,1.);
#7798 = DIRECTION('',(1.,-0.));
#7799 = ( GEOMETRIC_REPRESENTATION_CONTEXT(2) 
PARAMETRIC_REPRESENTATION_CONTEXT() REPRESENTATION_CONTEXT('2D SPACE',''
  ) );
#7800 = PCURVE('',#6146,#7801);
#7801 = DEFINITIONAL_REPRESENTATION('',(#7802),#7810);
#7802 = ( BOUNDED_CURVE() B_SPLINE_CURVE(2,(#7803,#7804,#7805,#7806,
#7807,#7808,#7809),.UNSPECIFIED.,.T.,.F.) B_SPLINE_CURVE_WITH_KNOTS((1,2
    ,2,2,2,1),(-2.094395102393,0.,2.094395102393,4.188790204786,
6.28318530718,8.377580409573),.UNSPECIFIED.) CURVE() 
GEOMETRIC_REPRESENTATION_ITEM() RATIONAL_B_SPLINE_CURVE((1.,0.5,1.,0.5,
1.,0.5,1.)) REPRESENTATION_ITEM('') );
#7803 = CARTESIAN_POINT('',(7.105427357601E-15,-1.6));
#7804 = CARTESIAN_POINT('',(-2.77128129211,-1.6));
#7805 = CARTESIAN_POINT('',(-1.385640646055,0.8));
#7806 = CARTESIAN_POINT('',(6.713540381874E-15,3.2));
#7807 = CARTESIAN_POINT('',(1.385640646055,0.8));
#7808 = CARTESIAN_POINT('',(2.77128129211,-1.6));
#7809 = CARTESIAN_POINT('',(7.105427357601E-15,-1.6));
#7810 = ( GEOMETRIC_REPRESENTATION_CONTEXT(2) 
PARAMETRIC_REPRESENTATION_CONTEXT() REPRESENTATION_CONTEXT('2D SPACE',''
  ) );
#7811 = ORIENTED_EDGE('',*,*,#6067,.T.);
#7812 = ORIENTED_EDGE('',*,*,#7813,.F.);
#7813 = EDGE_CURVE('',#6421,#6046,#7814,.T.);
#7814 = SURFACE_CURVE('',#7815,(#7832,#7852),.PCURVE_S1.);
#7815 = B_SPLINE_CURVE_WITH_KNOTS('',8,(#7816,#7817,#7818,#7819,#7820,
    #7821,#7822,#7823,#7824,#7825,#7826,#7827,#7828,#7829,#7830,#7831),
  .UNSPECIFIED.,.F.,.F.,(9,7,9),(0.,0.35517337489,1.),.UNSPECIFIED.);
#7816 = CARTESIAN_POINT('',(0.,1.74899959968,27.));
#7817 = CARTESIAN_POINT('',(3.261059367484E-02,1.715057417642,
    27.042393771777));
#7818 = CARTESIAN_POINT('',(6.429719155032E-02,1.679378514437,
    27.083586349015));
#7819 = CARTESIAN_POINT('',(9.502641498766E-02,1.641971239587,
    27.123534339484));
#7820 = CARTESIAN_POINT('',(0.124760241997,1.602840849838,
    27.162188314596));
#7821 = CARTESIAN_POINT('',(0.153455545801,1.561989071542,
    27.199492209541));
#7822 = CARTESIAN_POINT('',(0.1810636334,1.51941366304,27.23538272342));
#7823 = CARTESIAN_POINT('',(0.207529784136,1.475107977052,
    27.269788719377));
#7824 = CARTESIAN_POINT('',(0.278658438222,1.345460156428,
    27.362255969689));
#7825 = CARTESIAN_POINT('',(0.320497230891,1.256228819864,
    27.416646400158));
#7826 = CARTESIAN_POINT('',(0.358030915951,1.16119207683,27.465440190736
    ));
#7827 = CARTESIAN_POINT('',(0.390790964547,1.06020790126,27.508028253912
    ));
#7828 = CARTESIAN_POINT('',(0.418158434186,0.953218225465,
    27.543605964442));
#7829 = CARTESIAN_POINT('',(0.439350311455,0.840254171458,
    27.571155404892));
#7830 = CARTESIAN_POINT('',(0.453455782235,0.721475980986,
    27.589492516905));
#7831 = CARTESIAN_POINT('',(0.459272090235,0.597053717305,
    27.597053717305));
#7832 = PCURVE('',#4909,#7833);
#7833 = DEFINITIONAL_REPRESENTATION('',(#7834),#7851);
#7834 = B_SPLINE_CURVE_WITH_KNOTS('',8,(#7835,#7836,#7837,#7838,#7839,
    #7840,#7841,#7842,#7843,#7844,#7845,#7846,#7847,#7848,#7849,#7850),
  .UNSPECIFIED.,.F.,.F.,(9,7,9),(0.,0.35517337489,1.),.UNSPECIFIED.);
#7835 = CARTESIAN_POINT('',(-0.675131532937,-1.));
#7836 = CARTESIAN_POINT('',(-0.709073714975,-1.032610593675));
#7837 = CARTESIAN_POINT('',(-0.743108194388,-1.06429719155));
#7838 = CARTESIAN_POINT('',(-0.777270299492,-1.095026414988));
#7839 = CARTESIAN_POINT('',(-0.811594711899,-1.124760241997));
#7840 = CARTESIAN_POINT('',(-0.846116668312,-1.153455545801));
#7841 = CARTESIAN_POINT('',(-0.880873162325,-1.1810636334));
#7842 = CARTESIAN_POINT('',(-0.915904146219,-1.207529784136));
#7843 = CARTESIAN_POINT('',(-1.015431838998,-1.278658438222));
#7844 = CARTESIAN_POINT('',(-1.080575453756,-1.320497230891));
#7845 = CARTESIAN_POINT('',(-1.14704430256,-1.358030915951));
#7846 = CARTESIAN_POINT('',(-1.215145471471,-1.390790964547));
#7847 = CARTESIAN_POINT('',(-1.285161134027,-1.418158434186));
#7848 = CARTESIAN_POINT('',(-1.357398181963,-1.439350311455));
#7849 = CARTESIAN_POINT('',(-1.43219311774,-1.453455782235));
#7850 = CARTESIAN_POINT('',(-1.510100493261,-1.459272090235));
#7851 = ( GEOMETRIC_REPRESENTATION_CONTEXT(2) 
PARAMETRIC_REPRESENTATION_CONTEXT() REPRESENTATION_CONTEXT('2D SPACE',''
  ) );
#7852 = PCURVE('',#5575,#7853);
#7853 = DEFINITIONAL_REPRESENTATION('',(#7854),#7871);
#7854 = B_SPLINE_CURVE_WITH_KNOTS('',8,(#7855,#7856,#7857,#7858,#7859,
    #7860,#7861,#7862,#7863,#7864,#7865,#7866,#7867,#7868,#7869,#7870),
  .UNSPECIFIED.,.F.,.F.,(9,7,9),(0.,0.35517337489,1.),.UNSPECIFIED.);
#7855 = CARTESIAN_POINT('',(93.25100040032,0.));
#7856 = CARTESIAN_POINT('',(93.326435787052,3.261059367484E-03));
#7857 = CARTESIAN_POINT('',(93.402521000032,6.429719155032E-03));
#7858 = CARTESIAN_POINT('',(93.479202151965,9.502641498766E-03));
#7859 = CARTESIAN_POINT('',(93.556422008533,1.247602419967E-02));
#7860 = CARTESIAN_POINT('',(93.6341197703,1.534555458006E-02));
#7861 = CARTESIAN_POINT('',(93.712230854632,1.810636333996E-02));
#7862 = CARTESIAN_POINT('',(93.790686677603,2.075297841364E-02));
#7863 = CARTESIAN_POINT('',(94.012346756512,2.786584382224E-02));
#7864 = CARTESIAN_POINT('',(94.15598621039,3.204972308909E-02));
#7865 = CARTESIAN_POINT('',(94.300115392786,3.580309159511E-02));
#7866 = CARTESIAN_POINT('',(94.444233852426,3.907909645472E-02));
#7867 = CARTESIAN_POINT('',(94.587552008155,4.181584341864E-02));
#7868 = CARTESIAN_POINT('',(94.728963678145,4.393503114553E-02));
#7869 = CARTESIAN_POINT('',(94.867052444842,4.534557822347E-02));
#7870 = CARTESIAN_POINT('',(95.,4.592720902345E-02));
#7871 = ( GEOMETRIC_REPRESENTATION_CONTEXT(2) 
PARAMETRIC_REPRESENTATION_CONTEXT() REPRESENTATION_CONTEXT('2D SPACE',''
  ) );
#7872 = ADVANCED_FACE('',(#7873),#6388,.T.);
#7873 = FACE_BOUND('',#7874,.T.);
#7874 = EDGE_LOOP('',(#7875,#7876,#7900,#7979,#7998,#7999,#8000,#8021,
    #8040));
#7875 = ORIENTED_EDGE('',*,*,#6340,.T.);
#7876 = ORIENTED_EDGE('',*,*,#7877,.T.);
#7877 = EDGE_CURVE('',#6307,#7878,#7880,.T.);
#7878 = VERTEX_POINT('',#7879);
#7879 = CARTESIAN_POINT('',(60.64,3.567356917396,28.567356917396));
#7880 = SURFACE_CURVE('',#7881,(#7886,#7893),.PCURVE_S1.);
#7881 = CIRCLE('',#7882,4.);
#7882 = AXIS2_PLACEMENT_3D('',#7883,#7884,#7885);
#7883 = CARTESIAN_POINT('',(60.64,0.5,26.));
#7884 = DIRECTION('',(1.,0.,-0.));
#7885 = DIRECTION('',(0.,0.494294507165,0.869294507165));
#7886 = PCURVE('',#6388,#7887);
#7887 = DEFINITIONAL_REPRESENTATION('',(#7888),#7892);
#7888 = CIRCLE('',#7889,4.);
#7889 = AXIS2_PLACEMENT_2D('',#7890,#7891);
#7890 = CARTESIAN_POINT('',(7.105427357601E-15,-1.110223024625E-16));
#7891 = DIRECTION('',(0.869294507165,-0.494294507165));
#7892 = ( GEOMETRIC_REPRESENTATION_CONTEXT(2) 
PARAMETRIC_REPRESENTATION_CONTEXT() REPRESENTATION_CONTEXT('2D SPACE',''
  ) );
#7893 = PCURVE('',#6326,#7894);
#7894 = DEFINITIONAL_REPRESENTATION('',(#7895),#7899);
#7895 = LINE('',#7896,#7897);
#7896 = CARTESIAN_POINT('',(-1.053773252012,-13.56));
#7897 = VECTOR('',#7898,1.);
#7898 = DIRECTION('',(-1.,0.));
#7899 = ( GEOMETRIC_REPRESENTATION_CONTEXT(2) 
PARAMETRIC_REPRESENTATION_CONTEXT() REPRESENTATION_CONTEXT('2D SPACE',''
  ) );
#7900 = ORIENTED_EDGE('',*,*,#7901,.F.);
#7901 = EDGE_CURVE('',#7902,#7878,#7904,.T.);
#7902 = VERTEX_POINT('',#7903);
#7903 = CARTESIAN_POINT('',(60.64,2.,27.));
#7904 = SURFACE_CURVE('',#7905,(#7926,#7950),.PCURVE_S1.);
#7905 = B_SPLINE_CURVE_WITH_KNOTS('',4,(#7906,#7907,#7908,#7909,#7910,
    #7911,#7912,#7913,#7914,#7915,#7916,#7917,#7918,#7919,#7920,#7921,
    #7922,#7923,#7924,#7925),.UNSPECIFIED.,.F.,.F.,(5,3,3,3,3,3,5),(0.,
    0.500257834558,0.751301317004,0.874861267855,0.936702866366,
    0.967634100049,1.),.UNSPECIFIED.);
#7906 = CARTESIAN_POINT('',(60.64,2.,27.));
#7907 = CARTESIAN_POINT('',(60.64,2.314151021718,27.314151021718));
#7908 = CARTESIAN_POINT('',(60.64,2.627839826146,27.627839826146));
#7909 = CARTESIAN_POINT('',(60.64,2.941040744477,27.941040744477));
#7910 = CARTESIAN_POINT('',(60.64,3.410638649778,28.410638649778));
#7911 = CARTESIAN_POINT('',(60.64,3.567422246675,28.567422246675));
#7912 = CARTESIAN_POINT('',(60.64,3.724072057965,28.724072057965));
#7913 = CARTESIAN_POINT('',(60.64,3.957617221644,28.957617221644));
#7914 = CARTESIAN_POINT('',(60.64,4.034616882312,29.034616882312));
#7915 = CARTESIAN_POINT('',(60.64,4.111582735097,29.111582735097));
#7916 = CARTESIAN_POINT('',(60.64,4.227018458447,29.227018458447));
#7917 = CARTESIAN_POINT('',(60.64,4.265514023867,29.265514023867));
#7918 = CARTESIAN_POINT('',(60.64,4.304000942,29.304000942));
#7919 = CARTESIAN_POINT('',(60.64,4.361724750071,29.361724750071));
#7920 = CARTESIAN_POINT('',(60.64,4.380970344898,29.380970344898));
#7921 = CARTESIAN_POINT('',(60.64,4.400215936948,29.400215936948));
#7922 = CARTESIAN_POINT('',(60.64,4.439599772987,29.439599772987));
#7923 = CARTESIAN_POINT('',(60.64,4.459735691328,29.459735691328));
#7924 = CARTESIAN_POINT('',(60.64,4.479868989148,29.479868989148));
#7925 = CARTESIAN_POINT('',(60.64,4.5,29.5));
#7926 = PCURVE('',#6388,#7927);
#7927 = DEFINITIONAL_REPRESENTATION('',(#7928),#7949);
#7928 = B_SPLINE_CURVE_WITH_KNOTS('',4,(#7929,#7930,#7931,#7932,#7933,
    #7934,#7935,#7936,#7937,#7938,#7939,#7940,#7941,#7942,#7943,#7944,
    #7945,#7946,#7947,#7948),.UNSPECIFIED.,.F.,.F.,(5,3,3,3,3,3,5),(0.,
    0.500257834558,0.751301317004,0.874861267855,0.936702866366,
    0.967634100049,1.),.UNSPECIFIED.);
#7929 = CARTESIAN_POINT('',(1.,-1.5));
#7930 = CARTESIAN_POINT('',(1.314151021718,-1.814151021718));
#7931 = CARTESIAN_POINT('',(1.627839826146,-2.127839826146));
#7932 = CARTESIAN_POINT('',(1.941040744477,-2.441040744477));
#7933 = CARTESIAN_POINT('',(2.410638649778,-2.910638649778));
#7934 = CARTESIAN_POINT('',(2.567422246675,-3.067422246675));
#7935 = CARTESIAN_POINT('',(2.724072057965,-3.224072057965));
#7936 = CARTESIAN_POINT('',(2.957617221644,-3.457617221644));
#7937 = CARTESIAN_POINT('',(3.034616882312,-3.534616882312));
#7938 = CARTESIAN_POINT('',(3.111582735097,-3.611582735097));
#7939 = CARTESIAN_POINT('',(3.227018458447,-3.727018458447));
#7940 = CARTESIAN_POINT('',(3.265514023867,-3.765514023867));
#7941 = CARTESIAN_POINT('',(3.304000942,-3.804000942));
#7942 = CARTESIAN_POINT('',(3.361724750071,-3.861724750071));
#7943 = CARTESIAN_POINT('',(3.380970344898,-3.880970344898));
#7944 = CARTESIAN_POINT('',(3.400215936948,-3.900215936948));
#7945 = CARTESIAN_POINT('',(3.439599772987,-3.939599772987));
#7946 = CARTESIAN_POINT('',(3.459735691328,-3.959735691328));
#7947 = CARTESIAN_POINT('',(3.479868989149,-3.979868989148));
#7948 = CARTESIAN_POINT('',(3.5,-4.));
#7949 = ( GEOMETRIC_REPRESENTATION_CONTEXT(2) 
PARAMETRIC_REPRESENTATION_CONTEXT() REPRESENTATION_CONTEXT('2D SPACE',''
  ) );
#7950 = PCURVE('',#7951,#7956);
#7951 = B_SPLINE_SURFACE_WITH_KNOTS('',1,1,(
    (#7952,#7953)
    ,(#7954,#7955
    )),.UNSPECIFIED.,.F.,.F.,.F.,(2,2),(2,2),(0.,75.),(0.,1.),
  .PIECEWISE_BEZIER_KNOTS.);
#7952 = CARTESIAN_POINT('',(2.,2.,27.));
#7953 = CARTESIAN_POINT('',(10.461538461538,13.,38.));
#7954 = CARTESIAN_POINT('',(77.,2.,27.));
#7955 = CARTESIAN_POINT('',(68.538461538462,13.,38.));
#7956 = DEFINITIONAL_REPRESENTATION('',(#7957),#7978);
#7957 = B_SPLINE_CURVE_WITH_KNOTS('',4,(#7958,#7959,#7960,#7961,#7962,
    #7963,#7964,#7965,#7966,#7967,#7968,#7969,#7970,#7971,#7972,#7973,
    #7974,#7975,#7976,#7977),.UNSPECIFIED.,.F.,.F.,(5,3,3,3,3,3,5),(0.,
    0.500257834558,0.751301317004,0.874861267855,0.936702866366,
    0.967634100049,1.),.UNSPECIFIED.);
#7958 = CARTESIAN_POINT('',(58.64,0.));
#7959 = CARTESIAN_POINT('',(58.776228771264,2.855918379257E-02));
#7960 = CARTESIAN_POINT('',(58.914598106623,5.707634783144E-02));
#7961 = CARTESIAN_POINT('',(59.055171886965,8.554915858878E-02));
#7962 = CARTESIAN_POINT('',(59.269701204712,0.128239877253));
#7963 = CARTESIAN_POINT('',(59.341957152207,0.142492931516));
#7964 = CARTESIAN_POINT('',(59.414793669618,0.156733823451));
#7965 = CARTESIAN_POINT('',(59.524358558053,0.177965201968));
#7966 = CARTESIAN_POINT('',(59.560640409483,0.184965171119));
#7967 = CARTESIAN_POINT('',(59.597066045847,0.191962066827));
#7968 = CARTESIAN_POINT('',(59.651939989481,0.202456223495));
#7969 = CARTESIAN_POINT('',(59.670279743875,0.205955820352));
#7970 = CARTESIAN_POINT('',(59.688655910381,0.209454631091));
#7971 = CARTESIAN_POINT('',(59.716278083328,0.214702250006));
#7972 = CARTESIAN_POINT('',(59.725497728796,0.216451849536));
#7973 = CARTESIAN_POINT('',(59.734727582918,0.218201448813));
#7974 = CARTESIAN_POINT('',(59.75363633737,0.221781797544));
#7975 = CARTESIAN_POINT('',(59.763314749205,0.223612335575));
#7976 = CARTESIAN_POINT('',(59.773004095457,0.225442635377));
#7977 = CARTESIAN_POINT('',(59.782702978386,0.227272727273));
#7978 = ( GEOMETRIC_REPRESENTATION_CONTEXT(2) 
PARAMETRIC_REPRESENTATION_CONTEXT() REPRESENTATION_CONTEXT('2D SPACE',''
  ) );
#7979 = ORIENTED_EDGE('',*,*,#7980,.F.);
#7980 = EDGE_CURVE('',#6927,#7902,#7981,.T.);
#7981 = SURFACE_CURVE('',#7982,(#7986,#7992),.PCURVE_S1.);
#7982 = LINE('',#7983,#7984);
#7983 = CARTESIAN_POINT('',(60.64,2.,26.5));
#7984 = VECTOR('',#7985,1.);
#7985 = DIRECTION('',(-0.,0.,1.));
#7986 = PCURVE('',#6388,#7987);
#7987 = DEFINITIONAL_REPRESENTATION('',(#7988),#7991);
#7988 = B_SPLINE_CURVE_WITH_KNOTS('',1,(#7989,#7990),.UNSPECIFIED.,.F.,
  .F.,(2,2),(-1.5,0.5),.PIECEWISE_BEZIER_KNOTS.);
#7989 = CARTESIAN_POINT('',(-1.,-1.5));
#7990 = CARTESIAN_POINT('',(1.,-1.5));
#7991 = ( GEOMETRIC_REPRESENTATION_CONTEXT(2) 
PARAMETRIC_REPRESENTATION_CONTEXT() REPRESENTATION_CONTEXT('2D SPACE',''
  ) );
#7992 = PCURVE('',#6969,#7993);
#7993 = DEFINITIONAL_REPRESENTATION('',(#7994),#7997);
#7994 = B_SPLINE_CURVE_WITH_KNOTS('',1,(#7995,#7996),.UNSPECIFIED.,.F.,
  .F.,(2,2),(-1.5,0.5),.PIECEWISE_BEZIER_KNOTS.);
#7995 = CARTESIAN_POINT('',(58.64,-2.));
#7996 = CARTESIAN_POINT('',(58.64,0.));
#7997 = ( GEOMETRIC_REPRESENTATION_CONTEXT(2) 
PARAMETRIC_REPRESENTATION_CONTEXT() REPRESENTATION_CONTEXT('2D SPACE',''
  ) );
#7998 = ORIENTED_EDGE('',*,*,#6926,.T.);
#7999 = ORIENTED_EDGE('',*,*,#7366,.T.);
#8000 = ORIENTED_EDGE('',*,*,#8001,.F.);
#8001 = EDGE_CURVE('',#8002,#7341,#8004,.T.);
#8002 = VERTEX_POINT('',#8003);
#8003 = CARTESIAN_POINT('',(60.64,2.,25.));
#8004 = SURFACE_CURVE('',#8005,(#8009,#8015),.PCURVE_S1.);
#8005 = LINE('',#8006,#8007);
#8006 = CARTESIAN_POINT('',(60.64,2.,26.5));
#8007 = VECTOR('',#8008,1.);
#8008 = DIRECTION('',(-0.,0.,1.));
#8009 = PCURVE('',#6388,#8010);
#8010 = DEFINITIONAL_REPRESENTATION('',(#8011),#8014);
#8011 = B_SPLINE_CURVE_WITH_KNOTS('',1,(#8012,#8013),.UNSPECIFIED.,.F.,
  .F.,(2,2),(-1.5,0.5),.PIECEWISE_BEZIER_KNOTS.);
#8012 = CARTESIAN_POINT('',(-1.,-1.5));
#8013 = CARTESIAN_POINT('',(1.,-1.5));
#8014 = ( GEOMETRIC_REPRESENTATION_CONTEXT(2) 
PARAMETRIC_REPRESENTATION_CONTEXT() REPRESENTATION_CONTEXT('2D SPACE',''
  ) );
#8015 = PCURVE('',#7355,#8016);
#8016 = DEFINITIONAL_REPRESENTATION('',(#8017),#8020);
#8017 = B_SPLINE_CURVE_WITH_KNOTS('',1,(#8018,#8019),.UNSPECIFIED.,.F.,
  .F.,(2,2),(-1.5,0.5),.PIECEWISE_BEZIER_KNOTS.);
#8018 = CARTESIAN_POINT('',(58.64,-2.));
#8019 = CARTESIAN_POINT('',(58.64,0.));
#8020 = ( GEOMETRIC_REPRESENTATION_CONTEXT(2) 
PARAMETRIC_REPRESENTATION_CONTEXT() REPRESENTATION_CONTEXT('2D SPACE',''
  ) );
#8021 = ORIENTED_EDGE('',*,*,#8022,.T.);
#8022 = EDGE_CURVE('',#8002,#7254,#8023,.T.);
#8023 = SURFACE_CURVE('',#8024,(#8028,#8034),.PCURVE_S1.);
#8024 = LINE('',#8025,#8026);
#8025 = CARTESIAN_POINT('',(60.64,0.25,25.));
#8026 = VECTOR('',#8027,1.);
#8027 = DIRECTION('',(0.,-1.,0.));
#8028 = PCURVE('',#6388,#8029);
#8029 = DEFINITIONAL_REPRESENTATION('',(#8030),#8033);
#8030 = B_SPLINE_CURVE_WITH_KNOTS('',1,(#8031,#8032),.UNSPECIFIED.,.F.,
  .F.,(2,2),(-2.082631578947,0.731012658228),.PIECEWISE_BEZIER_KNOTS.);
#8031 = CARTESIAN_POINT('',(-1.,-1.832631578947));
#8032 = CARTESIAN_POINT('',(-1.,0.981012658228));
#8033 = ( GEOMETRIC_REPRESENTATION_CONTEXT(2) 
PARAMETRIC_REPRESENTATION_CONTEXT() REPRESENTATION_CONTEXT('2D SPACE',''
  ) );
#8034 = PCURVE('',#7296,#8035);
#8035 = DEFINITIONAL_REPRESENTATION('',(#8036),#8039);
#8036 = B_SPLINE_CURVE_WITH_KNOTS('',1,(#8037,#8038),.UNSPECIFIED.,.F.,
  .F.,(2,2),(-2.082631578947,0.731012658228),.PIECEWISE_BEZIER_KNOTS.);
#8037 = CARTESIAN_POINT('',(40.566010359523,45.133685575124));
#8038 = CARTESIAN_POINT('',(38.402643563379,46.932695858233));
#8039 = ( GEOMETRIC_REPRESENTATION_CONTEXT(2) 
PARAMETRIC_REPRESENTATION_CONTEXT() REPRESENTATION_CONTEXT('2D SPACE',''
  ) );
#8040 = ORIENTED_EDGE('',*,*,#7253,.T.);
#8041 = ADVANCED_FACE('',(#8042),#6326,.T.);
#8042 = FACE_BOUND('',#8043,.F.);
#8043 = EDGE_LOOP('',(#8044,#8045,#8074,#8096));
#8044 = ORIENTED_EDGE('',*,*,#7877,.T.);
#8045 = ORIENTED_EDGE('',*,*,#8046,.T.);
#8046 = EDGE_CURVE('',#7878,#8047,#8049,.T.);
#8047 = VERTEX_POINT('',#8048);
#8048 = CARTESIAN_POINT('',(47.08,3.567356917396,28.567356917396));
#8049 = SURFACE_CURVE('',#8050,(#8056,#8065),.PCURVE_S1.);
#8050 = B_SPLINE_CURVE_WITH_KNOTS('',4,(#8051,#8052,#8053,#8054,#8055),
  .UNSPECIFIED.,.F.,.F.,(5,5),(0.,1.),.PIECEWISE_BEZIER_KNOTS.);
#8051 = CARTESIAN_POINT('',(60.6400006,3.567356917396,28.567356917396));
#8052 = CARTESIAN_POINT('',(57.2500003,3.567356917396,28.567356917396));
#8053 = CARTESIAN_POINT('',(53.86,3.567356917396,28.567356917396));
#8054 = CARTESIAN_POINT('',(50.4699997,3.567356917396,28.567356917396));
#8055 = CARTESIAN_POINT('',(47.0799994,3.567356917396,28.567356917396));
#8056 = PCURVE('',#6326,#8057);
#8057 = DEFINITIONAL_REPRESENTATION('',(#8058),#8064);
#8058 = B_SPLINE_CURVE_WITH_KNOTS('',4,(#8059,#8060,#8061,#8062,#8063),
  .UNSPECIFIED.,.F.,.F.,(5,5),(4.424778316397E-08,0.999999955752),
  .PIECEWISE_BEZIER_KNOTS.);
#8059 = CARTESIAN_POINT('',(-6.980079627433,-13.56));
#8060 = CARTESIAN_POINT('',(-6.980079627433,-10.17));
#8061 = CARTESIAN_POINT('',(-6.980079627433,-6.78));
#8062 = CARTESIAN_POINT('',(-6.980079627433,-3.39));
#8063 = CARTESIAN_POINT('',(-6.980079627433,-7.138547854616E-15));
#8064 = ( GEOMETRIC_REPRESENTATION_CONTEXT(2) 
PARAMETRIC_REPRESENTATION_CONTEXT() REPRESENTATION_CONTEXT('2D SPACE',''
  ) );
#8065 = PCURVE('',#7951,#8066);
#8066 = DEFINITIONAL_REPRESENTATION('',(#8067),#8073);
#8067 = B_SPLINE_CURVE_WITH_KNOTS('',4,(#8068,#8069,#8070,#8071,#8072),
  .UNSPECIFIED.,.F.,.F.,(5,5),(0.,1.),.PIECEWISE_BEZIER_KNOTS.);
#8068 = CARTESIAN_POINT('',(59.342248799961,0.142486992491));
#8069 = CARTESIAN_POINT('',(55.839636317323,0.142486992491));
#8070 = CARTESIAN_POINT('',(52.337023834684,0.142486992491));
#8071 = CARTESIAN_POINT('',(48.834411352046,0.142486992491));
#8072 = CARTESIAN_POINT('',(45.331798869408,0.142486992491));
#8073 = ( GEOMETRIC_REPRESENTATION_CONTEXT(2) 
PARAMETRIC_REPRESENTATION_CONTEXT() REPRESENTATION_CONTEXT('2D SPACE',''
  ) );
#8074 = ORIENTED_EDGE('',*,*,#8075,.F.);
#8075 = EDGE_CURVE('',#6273,#8047,#8076,.T.);
#8076 = SURFACE_CURVE('',#8077,(#8082,#8089),.PCURVE_S1.);
#8077 = CIRCLE('',#8078,4.);
#8078 = AXIS2_PLACEMENT_3D('',#8079,#8080,#8081);
#8079 = CARTESIAN_POINT('',(47.08,0.5,26.));
#8080 = DIRECTION('',(1.,0.,-0.));
#8081 = DIRECTION('',(0.,0.494294507165,0.869294507165));
#8082 = PCURVE('',#6326,#8083);
#8083 = DEFINITIONAL_REPRESENTATION('',(#8084),#8088);
#8084 = LINE('',#8085,#8086);
#8085 = CARTESIAN_POINT('',(-1.053773252012,0.));
#8086 = VECTOR('',#8087,1.);
#8087 = DIRECTION('',(-1.,0.));
#8088 = ( GEOMETRIC_REPRESENTATION_CONTEXT(2) 
PARAMETRIC_REPRESENTATION_CONTEXT() REPRESENTATION_CONTEXT('2D SPACE',''
  ) );
#8089 = PCURVE('',#6292,#8090);
#8090 = DEFINITIONAL_REPRESENTATION('',(#8091),#8095);
#8091 = CIRCLE('',#8092,4.);
#8092 = AXIS2_PLACEMENT_2D('',#8093,#8094);
#8093 = CARTESIAN_POINT('',(7.105427357601E-15,-1.110223024625E-16));
#8094 = DIRECTION('',(0.869294507165,-0.494294507165));
#8095 = ( GEOMETRIC_REPRESENTATION_CONTEXT(2) 
PARAMETRIC_REPRESENTATION_CONTEXT() REPRESENTATION_CONTEXT('2D SPACE',''
  ) );
#8096 = ORIENTED_EDGE('',*,*,#6306,.F.);
#8097 = ADVANCED_FACE('',(#8098),#6292,.F.);
#8098 = FACE_BOUND('',#8099,.F.);
#8099 = EDGE_LOOP('',(#8100,#8101,#8102,#8176,#8195,#8196,#8197,#8218,
    #8237));
#8100 = ORIENTED_EDGE('',*,*,#6272,.T.);
#8101 = ORIENTED_EDGE('',*,*,#8075,.T.);
#8102 = ORIENTED_EDGE('',*,*,#8103,.F.);
#8103 = EDGE_CURVE('',#8104,#8047,#8106,.T.);
#8104 = VERTEX_POINT('',#8105);
#8105 = CARTESIAN_POINT('',(47.08,2.,27.));
#8106 = SURFACE_CURVE('',#8107,(#8128,#8152),.PCURVE_S1.);
#8107 = B_SPLINE_CURVE_WITH_KNOTS('',4,(#8108,#8109,#8110,#8111,#8112,
    #8113,#8114,#8115,#8116,#8117,#8118,#8119,#8120,#8121,#8122,#8123,
    #8124,#8125,#8126,#8127),.UNSPECIFIED.,.F.,.F.,(5,3,3,3,3,3,5),(0.,
    0.501340844209,0.75213777819,0.875369622417,0.936994109206,
    0.967807803845,1.),.UNSPECIFIED.);
#8108 = CARTESIAN_POINT('',(47.08,2.,27.));
#8109 = CARTESIAN_POINT('',(47.08,2.313546053971,27.313546053971));
#8110 = CARTESIAN_POINT('',(47.08,2.627028136532,27.627028136532));
#8111 = CARTESIAN_POINT('',(47.08,2.940442223657,27.940442223657));
#8112 = CARTESIAN_POINT('',(47.08,3.410533409694,28.410533409694));
#8113 = CARTESIAN_POINT('',(47.08,3.567264997243,28.567264997243));
#8114 = CARTESIAN_POINT('',(47.08,3.723977809318,28.723977809318));
#8115 = CARTESIAN_POINT('',(47.08,3.957664246323,28.957664246323));
#8116 = CARTESIAN_POINT('',(47.08,4.034652594591,29.034652594591));
#8117 = CARTESIAN_POINT('',(47.08,4.111636181429,29.111636181429));
#8118 = CARTESIAN_POINT('',(47.08,4.227109652342,29.227109652342));
#8119 = CARTESIAN_POINT('',(47.08,4.265603165783,29.265603165783));
#8120 = CARTESIAN_POINT('',(47.08,4.304095459209,29.304095459209));
#8121 = CARTESIAN_POINT('',(47.08,4.361832960835,29.361832960835));
#8122 = CARTESIAN_POINT('',(47.08,4.38107939532,29.38107939532));
#8123 = CARTESIAN_POINT('',(47.08,4.400325826106,29.400325826106));
#8124 = CARTESIAN_POINT('',(47.08,4.439679700968,29.439679700968));
#8125 = CARTESIAN_POINT('',(47.08,4.459786820753,29.459786820753));
#8126 = CARTESIAN_POINT('',(47.08,4.479893571722,29.479893571722));
#8127 = CARTESIAN_POINT('',(47.08,4.5,29.5));
#8128 = PCURVE('',#6292,#8129);
#8129 = DEFINITIONAL_REPRESENTATION('',(#8130),#8151);
#8130 = B_SPLINE_CURVE_WITH_KNOTS('',4,(#8131,#8132,#8133,#8134,#8135,
    #8136,#8137,#8138,#8139,#8140,#8141,#8142,#8143,#8144,#8145,#8146,
    #8147,#8148,#8149,#8150),.UNSPECIFIED.,.F.,.F.,(5,3,3,3,3,3,5),(0.,
    0.501340844209,0.75213777819,0.875369622417,0.936994109206,
    0.967807803845,1.),.UNSPECIFIED.);
#8131 = CARTESIAN_POINT('',(1.,-1.5));
#8132 = CARTESIAN_POINT('',(1.313546053971,-1.813546053971));
#8133 = CARTESIAN_POINT('',(1.627028136532,-2.127028136532));
#8134 = CARTESIAN_POINT('',(1.940442223657,-2.440442223657));
#8135 = CARTESIAN_POINT('',(2.410533409694,-2.910533409694));
#8136 = CARTESIAN_POINT('',(2.567264997243,-3.067264997243));
#8137 = CARTESIAN_POINT('',(2.723977809318,-3.223977809318));
#8138 = CARTESIAN_POINT('',(2.957664246323,-3.457664246323));
#8139 = CARTESIAN_POINT('',(3.034652594591,-3.534652594591));
#8140 = CARTESIAN_POINT('',(3.111636181429,-3.611636181429));
#8141 = CARTESIAN_POINT('',(3.227109652342,-3.727109652342));
#8142 = CARTESIAN_POINT('',(3.265603165783,-3.765603165783));
#8143 = CARTESIAN_POINT('',(3.304095459209,-3.804095459209));
#8144 = CARTESIAN_POINT('',(3.361832960835,-3.861832960835));
#8145 = CARTESIAN_POINT('',(3.38107939532,-3.88107939532));
#8146 = CARTESIAN_POINT('',(3.400325826106,-3.900325826106));
#8147 = CARTESIAN_POINT('',(3.439679700968,-3.939679700968));
#8148 = CARTESIAN_POINT('',(3.459786820753,-3.959786820753));
#8149 = CARTESIAN_POINT('',(3.479893571722,-3.979893571722));
#8150 = CARTESIAN_POINT('',(3.5,-4.));
#8151 = ( GEOMETRIC_REPRESENTATION_CONTEXT(2) 
PARAMETRIC_REPRESENTATION_CONTEXT() REPRESENTATION_CONTEXT('2D SPACE',''
  ) );
#8152 = PCURVE('',#7951,#8153);
#8153 = DEFINITIONAL_REPRESENTATION('',(#8154),#8175);
#8154 = B_SPLINE_CURVE_WITH_KNOTS('',4,(#8155,#8156,#8157,#8158,#8159,
    #8160,#8161,#8162,#8163,#8164,#8165,#8166,#8167,#8168,#8169,#8170,
    #8171,#8172,#8173,#8174),.UNSPECIFIED.,.F.,.F.,(5,3,3,3,3,3,5),(0.,
    0.501340844209,0.75213777819,0.875369622417,0.936994109206,
    0.967807803845,1.),.UNSPECIFIED.);
#8155 = CARTESIAN_POINT('',(45.08,0.));
#8156 = CARTESIAN_POINT('',(45.128752391571,2.85041867246E-02));
#8157 = CARTESIAN_POINT('',(45.178331006547,5.700255786655E-02));
#8158 = CARTESIAN_POINT('',(45.228766681735,8.549474760522E-02));
#8159 = CARTESIAN_POINT('',(45.305769727848,0.128230309972));
#8160 = CARTESIAN_POINT('',(45.331669034808,0.142478636113));
#8161 = CARTESIAN_POINT('',(45.357795590983,0.156725255393));
#8162 = CARTESIAN_POINT('',(45.39710530321,0.177969476938));
#8163 = CARTESIAN_POINT('',(45.410112681815,0.18496841769));
#8164 = CARTESIAN_POINT('',(45.423176537856,0.191966925584));
#8165 = CARTESIAN_POINT('',(45.442858766109,0.202464513849));
#8166 = CARTESIAN_POINT('',(45.449434376144,0.205963924162));
#8167 = CARTESIAN_POINT('',(45.456024313568,0.209463223564));
#8168 = CARTESIAN_POINT('',(45.465930969639,0.214712087349));
#8169 = CARTESIAN_POINT('',(45.469236943554,0.216461763211));
#8170 = CARTESIAN_POINT('',(45.472546578091,0.218211438737));
#8171 = CARTESIAN_POINT('',(45.479321412838,0.221789063724));
#8172 = CARTESIAN_POINT('',(45.482786771925,0.223616983705));
#8173 = CARTESIAN_POINT('',(45.486256422996,0.225444870157));
#8174 = CARTESIAN_POINT('',(45.489729826882,0.227272727273));
#8175 = ( GEOMETRIC_REPRESENTATION_CONTEXT(2) 
PARAMETRIC_REPRESENTATION_CONTEXT() REPRESENTATION_CONTEXT('2D SPACE',''
  ) );
#8176 = ORIENTED_EDGE('',*,*,#8177,.F.);
#8177 = EDGE_CURVE('',#6850,#8104,#8178,.T.);
#8178 = SURFACE_CURVE('',#8179,(#8183,#8189),.PCURVE_S1.);
#8179 = LINE('',#8180,#8181);
#8180 = CARTESIAN_POINT('',(47.08,2.,26.5));
#8181 = VECTOR('',#8182,1.);
#8182 = DIRECTION('',(-0.,0.,1.));
#8183 = PCURVE('',#6292,#8184);
#8184 = DEFINITIONAL_REPRESENTATION('',(#8185),#8188);
#8185 = B_SPLINE_CURVE_WITH_KNOTS('',1,(#8186,#8187),.UNSPECIFIED.,.F.,
  .F.,(2,2),(-1.5,0.5),.PIECEWISE_BEZIER_KNOTS.);
#8186 = CARTESIAN_POINT('',(-1.,-1.5));
#8187 = CARTESIAN_POINT('',(1.,-1.5));
#8188 = ( GEOMETRIC_REPRESENTATION_CONTEXT(2) 
PARAMETRIC_REPRESENTATION_CONTEXT() REPRESENTATION_CONTEXT('2D SPACE',''
  ) );
#8189 = PCURVE('',#6864,#8190);
#8190 = DEFINITIONAL_REPRESENTATION('',(#8191),#8194);
#8191 = B_SPLINE_CURVE_WITH_KNOTS('',1,(#8192,#8193),.UNSPECIFIED.,.F.,
  .F.,(2,2),(-1.5,0.5),.PIECEWISE_BEZIER_KNOTS.);
#8192 = CARTESIAN_POINT('',(45.08,-2.));
#8193 = CARTESIAN_POINT('',(45.08,0.));
#8194 = ( GEOMETRIC_REPRESENTATION_CONTEXT(2) 
PARAMETRIC_REPRESENTATION_CONTEXT() REPRESENTATION_CONTEXT('2D SPACE',''
  ) );
#8195 = ORIENTED_EDGE('',*,*,#6875,.T.);
#8196 = ORIENTED_EDGE('',*,*,#7393,.T.);
#8197 = ORIENTED_EDGE('',*,*,#8198,.F.);
#8198 = EDGE_CURVE('',#8199,#7394,#8201,.T.);
#8199 = VERTEX_POINT('',#8200);
#8200 = CARTESIAN_POINT('',(47.08,2.,25.));
#8201 = SURFACE_CURVE('',#8202,(#8206,#8212),.PCURVE_S1.);
#8202 = LINE('',#8203,#8204);
#8203 = CARTESIAN_POINT('',(47.08,2.,26.5));
#8204 = VECTOR('',#8205,1.);
#8205 = DIRECTION('',(-0.,0.,1.));
#8206 = PCURVE('',#6292,#8207);
#8207 = DEFINITIONAL_REPRESENTATION('',(#8208),#8211);
#8208 = B_SPLINE_CURVE_WITH_KNOTS('',1,(#8209,#8210),.UNSPECIFIED.,.F.,
  .F.,(2,2),(-1.5,0.5),.PIECEWISE_BEZIER_KNOTS.);
#8209 = CARTESIAN_POINT('',(-1.,-1.5));
#8210 = CARTESIAN_POINT('',(1.,-1.5));
#8211 = ( GEOMETRIC_REPRESENTATION_CONTEXT(2) 
PARAMETRIC_REPRESENTATION_CONTEXT() REPRESENTATION_CONTEXT('2D SPACE',''
  ) );
#8212 = PCURVE('',#7436,#8213);
#8213 = DEFINITIONAL_REPRESENTATION('',(#8214),#8217);
#8214 = B_SPLINE_CURVE_WITH_KNOTS('',1,(#8215,#8216),.UNSPECIFIED.,.F.,
  .F.,(2,2),(-1.5,0.5),.PIECEWISE_BEZIER_KNOTS.);
#8215 = CARTESIAN_POINT('',(45.08,-2.));
#8216 = CARTESIAN_POINT('',(45.08,0.));
#8217 = ( GEOMETRIC_REPRESENTATION_CONTEXT(2) 
PARAMETRIC_REPRESENTATION_CONTEXT() REPRESENTATION_CONTEXT('2D SPACE',''
  ) );
#8218 = ORIENTED_EDGE('',*,*,#8219,.T.);
#8219 = EDGE_CURVE('',#8199,#7481,#8220,.T.);
#8220 = SURFACE_CURVE('',#8221,(#8225,#8231),.PCURVE_S1.);
#8221 = LINE('',#8222,#8223);
#8222 = CARTESIAN_POINT('',(47.08,0.25,25.));
#8223 = VECTOR('',#8224,1.);
#8224 = DIRECTION('',(0.,-1.,0.));
#8225 = PCURVE('',#6292,#8226);
#8226 = DEFINITIONAL_REPRESENTATION('',(#8227),#8230);
#8227 = B_SPLINE_CURVE_WITH_KNOTS('',1,(#8228,#8229),.UNSPECIFIED.,.F.,
  .F.,(2,2),(-2.231012658228,0.582631578947),.PIECEWISE_BEZIER_KNOTS.);
#8228 = CARTESIAN_POINT('',(-1.,-1.981012658228));
#8229 = CARTESIAN_POINT('',(-1.,0.832631578947));
#8230 = ( GEOMETRIC_REPRESENTATION_CONTEXT(2) 
PARAMETRIC_REPRESENTATION_CONTEXT() REPRESENTATION_CONTEXT('2D SPACE',''
  ) );
#8231 = PCURVE('',#7495,#8232);
#8232 = DEFINITIONAL_REPRESENTATION('',(#8233),#8236);
#8233 = B_SPLINE_CURVE_WITH_KNOTS('',1,(#8234,#8235),.UNSPECIFIED.,.F.,
  .F.,(2,2),(-2.231012658228,0.582631578947),.PIECEWISE_BEZIER_KNOTS.);
#8234 = CARTESIAN_POINT('',(32.009997335277,34.612741792667));
#8235 = CARTESIAN_POINT('',(29.846630539133,36.411752075776));
#8236 = ( GEOMETRIC_REPRESENTATION_CONTEXT(2) 
PARAMETRIC_REPRESENTATION_CONTEXT() REPRESENTATION_CONTEXT('2D SPACE',''
  ) );
#8237 = ORIENTED_EDGE('',*,*,#7506,.T.);
#8238 = ADVANCED_FACE('',(#8239),#6229,.T.);
#8239 = FACE_BOUND('',#8240,.T.);
#8240 = EDGE_LOOP('',(#8241,#8242,#8266,#8340,#8359,#8360,#8361,#8382,
    #8401));
#8241 = ORIENTED_EDGE('',*,*,#6209,.T.);
#8242 = ORIENTED_EDGE('',*,*,#8243,.T.);
#8243 = EDGE_CURVE('',#6176,#8244,#8246,.T.);
#8244 = VERTEX_POINT('',#8245);
#8245 = CARTESIAN_POINT('',(31.92,3.567356917396,28.567356917396));
#8246 = SURFACE_CURVE('',#8247,(#8252,#8259),.PCURVE_S1.);
#8247 = CIRCLE('',#8248,4.);
#8248 = AXIS2_PLACEMENT_3D('',#8249,#8250,#8251);
#8249 = CARTESIAN_POINT('',(31.92,0.5,26.));
#8250 = DIRECTION('',(1.,0.,-0.));
#8251 = DIRECTION('',(0.,0.494294507165,0.869294507165));
#8252 = PCURVE('',#6229,#8253);
#8253 = DEFINITIONAL_REPRESENTATION('',(#8254),#8258);
#8254 = CIRCLE('',#8255,4.);
#8255 = AXIS2_PLACEMENT_2D('',#8256,#8257);
#8256 = CARTESIAN_POINT('',(7.105427357601E-15,-1.110223024625E-16));
#8257 = DIRECTION('',(0.869294507165,-0.494294507165));
#8258 = ( GEOMETRIC_REPRESENTATION_CONTEXT(2) 
PARAMETRIC_REPRESENTATION_CONTEXT() REPRESENTATION_CONTEXT('2D SPACE',''
  ) );
#8259 = PCURVE('',#6195,#8260);
#8260 = DEFINITIONAL_REPRESENTATION('',(#8261),#8265);
#8261 = LINE('',#8262,#8263);
#8262 = CARTESIAN_POINT('',(-1.053773252012,-13.56));
#8263 = VECTOR('',#8264,1.);
#8264 = DIRECTION('',(-1.,0.));
#8265 = ( GEOMETRIC_REPRESENTATION_CONTEXT(2) 
PARAMETRIC_REPRESENTATION_CONTEXT() REPRESENTATION_CONTEXT('2D SPACE',''
  ) );
#8266 = ORIENTED_EDGE('',*,*,#8267,.F.);
#8267 = EDGE_CURVE('',#8268,#8244,#8270,.T.);
#8268 = VERTEX_POINT('',#8269);
#8269 = CARTESIAN_POINT('',(31.92,2.,27.));
#8270 = SURFACE_CURVE('',#8271,(#8292,#8316),.PCURVE_S1.);
#8271 = B_SPLINE_CURVE_WITH_KNOTS('',4,(#8272,#8273,#8274,#8275,#8276,
    #8277,#8278,#8279,#8280,#8281,#8282,#8283,#8284,#8285,#8286,#8287,
    #8288,#8289,#8290,#8291),.UNSPECIFIED.,.F.,.F.,(5,3,3,3,3,3,5),(0.,
    0.501340844209,0.75213777819,0.875369622418,0.936994109206,
    0.967807803845,1.),.UNSPECIFIED.);
#8272 = CARTESIAN_POINT('',(31.92,2.,27.));
#8273 = CARTESIAN_POINT('',(31.92,2.313546053971,27.313546053971));
#8274 = CARTESIAN_POINT('',(31.92,2.627028136532,27.627028136532));
#8275 = CARTESIAN_POINT('',(31.92,2.940442223657,27.940442223657));
#8276 = CARTESIAN_POINT('',(31.92,3.410533409694,28.410533409694));
#8277 = CARTESIAN_POINT('',(31.92,3.567264997243,28.567264997243));
#8278 = CARTESIAN_POINT('',(31.92,3.723977809318,28.723977809318));
#8279 = CARTESIAN_POINT('',(31.92,3.957664246323,28.957664246323));
#8280 = CARTESIAN_POINT('',(31.92,4.034652594591,29.034652594591));
#8281 = CARTESIAN_POINT('',(31.92,4.111636181429,29.111636181429));
#8282 = CARTESIAN_POINT('',(31.92,4.227109652342,29.227109652342));
#8283 = CARTESIAN_POINT('',(31.92,4.265603165783,29.265603165783));
#8284 = CARTESIAN_POINT('',(31.92,4.304095459209,29.304095459209));
#8285 = CARTESIAN_POINT('',(31.92,4.361832960835,29.361832960835));
#8286 = CARTESIAN_POINT('',(31.92,4.38107939532,29.38107939532));
#8287 = CARTESIAN_POINT('',(31.92,4.400325826106,29.400325826106));
#8288 = CARTESIAN_POINT('',(31.92,4.439679700967,29.439679700967));
#8289 = CARTESIAN_POINT('',(31.92,4.459786820753,29.459786820753));
#8290 = CARTESIAN_POINT('',(31.92,4.479893571722,29.479893571722));
#8291 = CARTESIAN_POINT('',(31.92,4.5,29.5));
#8292 = PCURVE('',#6229,#8293);
#8293 = DEFINITIONAL_REPRESENTATION('',(#8294),#8315);
#8294 = B_SPLINE_CURVE_WITH_KNOTS('',4,(#8295,#8296,#8297,#8298,#8299,
    #8300,#8301,#8302,#8303,#8304,#8305,#8306,#8307,#8308,#8309,#8310,
    #8311,#8312,#8313,#8314),.UNSPECIFIED.,.F.,.F.,(5,3,3,3,3,3,5),(0.,
    0.501340844209,0.75213777819,0.875369622418,0.936994109206,
    0.967807803845,1.),.UNSPECIFIED.);
#8295 = CARTESIAN_POINT('',(1.,-1.5));
#8296 = CARTESIAN_POINT('',(1.313546053971,-1.813546053971));
#8297 = CARTESIAN_POINT('',(1.627028136532,-2.127028136532));
#8298 = CARTESIAN_POINT('',(1.940442223657,-2.440442223657));
#8299 = CARTESIAN_POINT('',(2.410533409694,-2.910533409694));
#8300 = CARTESIAN_POINT('',(2.567264997243,-3.067264997243));
#8301 = CARTESIAN_POINT('',(2.723977809318,-3.223977809318));
#8302 = CARTESIAN_POINT('',(2.957664246323,-3.457664246323));
#8303 = CARTESIAN_POINT('',(3.034652594591,-3.534652594591));
#8304 = CARTESIAN_POINT('',(3.111636181429,-3.611636181429));
#8305 = CARTESIAN_POINT('',(3.227109652342,-3.727109652342));
#8306 = CARTESIAN_POINT('',(3.265603165783,-3.765603165783));
#8307 = CARTESIAN_POINT('',(3.304095459209,-3.804095459209));
#8308 = CARTESIAN_POINT('',(3.361832960835,-3.861832960835));
#8309 = CARTESIAN_POINT('',(3.38107939532,-3.88107939532));
#8310 = CARTESIAN_POINT('',(3.400325826106,-3.900325826106));
#8311 = CARTESIAN_POINT('',(3.439679700967,-3.939679700967));
#8312 = CARTESIAN_POINT('',(3.459786820753,-3.959786820753));
#8313 = CARTESIAN_POINT('',(3.479893571722,-3.979893571722));
#8314 = CARTESIAN_POINT('',(3.5,-4.));
#8315 = ( GEOMETRIC_REPRESENTATION_CONTEXT(2) 
PARAMETRIC_REPRESENTATION_CONTEXT() REPRESENTATION_CONTEXT('2D SPACE',''
  ) );
#8316 = PCURVE('',#7951,#8317);
#8317 = DEFINITIONAL_REPRESENTATION('',(#8318),#8339);
#8318 = B_SPLINE_CURVE_WITH_KNOTS('',4,(#8319,#8320,#8321,#8322,#8323,
    #8324,#8325,#8326,#8327,#8328,#8329,#8330,#8331,#8332,#8333,#8334,
    #8335,#8336,#8337,#8338),.UNSPECIFIED.,.F.,.F.,(5,3,3,3,3,3,5),(0.,
    0.501340844209,0.75213777819,0.875369622418,0.936994109206,
    0.967807803845,1.),.UNSPECIFIED.);
#8319 = CARTESIAN_POINT('',(29.92,0.));
#8320 = CARTESIAN_POINT('',(29.871247608429,2.85041867246E-02));
#8321 = CARTESIAN_POINT('',(29.821668993453,5.700255786655E-02));
#8322 = CARTESIAN_POINT('',(29.771233318265,8.549474760522E-02));
#8323 = CARTESIAN_POINT('',(29.694230272152,0.128230309972));
#8324 = CARTESIAN_POINT('',(29.668330965192,0.142478636113));
#8325 = CARTESIAN_POINT('',(29.642204409017,0.156725255393));
#8326 = CARTESIAN_POINT('',(29.60289469679,0.177969476938));
#8327 = CARTESIAN_POINT('',(29.589887318185,0.18496841769));
#8328 = CARTESIAN_POINT('',(29.576823462144,0.191966925584));
#8329 = CARTESIAN_POINT('',(29.557141233891,0.202464513849));
#8330 = CARTESIAN_POINT('',(29.550565623856,0.205963924162));
#8331 = CARTESIAN_POINT('',(29.543975686432,0.209463223564));
#8332 = CARTESIAN_POINT('',(29.534069030361,0.214712087349));
#8333 = CARTESIAN_POINT('',(29.530763056446,0.216461763211));
#8334 = CARTESIAN_POINT('',(29.527453421909,0.218211438737));
#8335 = CARTESIAN_POINT('',(29.520678587162,0.221789063724));
#8336 = CARTESIAN_POINT('',(29.517213228075,0.223616983705));
#8337 = CARTESIAN_POINT('',(29.513743577004,0.225444870157));
#8338 = CARTESIAN_POINT('',(29.510270173118,0.227272727273));
#8339 = ( GEOMETRIC_REPRESENTATION_CONTEXT(2) 
PARAMETRIC_REPRESENTATION_CONTEXT() REPRESENTATION_CONTEXT('2D SPACE',''
  ) );
#8340 = ORIENTED_EDGE('',*,*,#8341,.F.);
#8341 = EDGE_CURVE('',#6704,#8268,#8342,.T.);
#8342 = SURFACE_CURVE('',#8343,(#8347,#8353),.PCURVE_S1.);
#8343 = LINE('',#8344,#8345);
#8344 = CARTESIAN_POINT('',(31.92,2.,26.5));
#8345 = VECTOR('',#8346,1.);
#8346 = DIRECTION('',(-0.,0.,1.));
#8347 = PCURVE('',#6229,#8348);
#8348 = DEFINITIONAL_REPRESENTATION('',(#8349),#8352);
#8349 = B_SPLINE_CURVE_WITH_KNOTS('',1,(#8350,#8351),.UNSPECIFIED.,.F.,
  .F.,(2,2),(-1.5,0.5),.PIECEWISE_BEZIER_KNOTS.);
#8350 = CARTESIAN_POINT('',(-1.,-1.5));
#8351 = CARTESIAN_POINT('',(1.,-1.5));
#8352 = ( GEOMETRIC_REPRESENTATION_CONTEXT(2) 
PARAMETRIC_REPRESENTATION_CONTEXT() REPRESENTATION_CONTEXT('2D SPACE',''
  ) );
#8353 = PCURVE('',#6746,#8354);
#8354 = DEFINITIONAL_REPRESENTATION('',(#8355),#8358);
#8355 = B_SPLINE_CURVE_WITH_KNOTS('',1,(#8356,#8357),.UNSPECIFIED.,.F.,
  .F.,(2,2),(-1.5,0.5),.PIECEWISE_BEZIER_KNOTS.);
#8356 = CARTESIAN_POINT('',(29.92,-2.));
#8357 = CARTESIAN_POINT('',(29.92,0.));
#8358 = ( GEOMETRIC_REPRESENTATION_CONTEXT(2) 
PARAMETRIC_REPRESENTATION_CONTEXT() REPRESENTATION_CONTEXT('2D SPACE',''
  ) );
#8359 = ORIENTED_EDGE('',*,*,#6703,.T.);
#8360 = ORIENTED_EDGE('',*,*,#7646,.T.);
#8361 = ORIENTED_EDGE('',*,*,#8362,.F.);
#8362 = EDGE_CURVE('',#8363,#7621,#8365,.T.);
#8363 = VERTEX_POINT('',#8364);
#8364 = CARTESIAN_POINT('',(31.92,2.,25.));
#8365 = SURFACE_CURVE('',#8366,(#8370,#8376),.PCURVE_S1.);
#8366 = LINE('',#8367,#8368);
#8367 = CARTESIAN_POINT('',(31.92,2.,26.5));
#8368 = VECTOR('',#8369,1.);
#8369 = DIRECTION('',(-0.,0.,1.));
#8370 = PCURVE('',#6229,#8371);
#8371 = DEFINITIONAL_REPRESENTATION('',(#8372),#8375);
#8372 = B_SPLINE_CURVE_WITH_KNOTS('',1,(#8373,#8374),.UNSPECIFIED.,.F.,
  .F.,(2,2),(-1.5,0.5),.PIECEWISE_BEZIER_KNOTS.);
#8373 = CARTESIAN_POINT('',(-1.,-1.5));
#8374 = CARTESIAN_POINT('',(1.,-1.5));
#8375 = ( GEOMETRIC_REPRESENTATION_CONTEXT(2) 
PARAMETRIC_REPRESENTATION_CONTEXT() REPRESENTATION_CONTEXT('2D SPACE',''
  ) );
#8376 = PCURVE('',#7635,#8377);
#8377 = DEFINITIONAL_REPRESENTATION('',(#8378),#8381);
#8378 = B_SPLINE_CURVE_WITH_KNOTS('',1,(#8379,#8380),.UNSPECIFIED.,.F.,
  .F.,(2,2),(-1.5,0.5),.PIECEWISE_BEZIER_KNOTS.);
#8379 = CARTESIAN_POINT('',(29.92,-2.));
#8380 = CARTESIAN_POINT('',(29.92,0.));
#8381 = ( GEOMETRIC_REPRESENTATION_CONTEXT(2) 
PARAMETRIC_REPRESENTATION_CONTEXT() REPRESENTATION_CONTEXT('2D SPACE',''
  ) );
#8382 = ORIENTED_EDGE('',*,*,#8383,.T.);
#8383 = EDGE_CURVE('',#8363,#7534,#8384,.T.);
#8384 = SURFACE_CURVE('',#8385,(#8389,#8395),.PCURVE_S1.);
#8385 = LINE('',#8386,#8387);
#8386 = CARTESIAN_POINT('',(31.92,0.25,25.));
#8387 = VECTOR('',#8388,1.);
#8388 = DIRECTION('',(0.,-1.,0.));
#8389 = PCURVE('',#6229,#8390);
#8390 = DEFINITIONAL_REPRESENTATION('',(#8391),#8394);
#8391 = B_SPLINE_CURVE_WITH_KNOTS('',1,(#8392,#8393),.UNSPECIFIED.,.F.,
  .F.,(2,2),(-2.082631578947,0.731012658228),.PIECEWISE_BEZIER_KNOTS.);
#8392 = CARTESIAN_POINT('',(-1.,-1.832631578947));
#8393 = CARTESIAN_POINT('',(-1.,0.981012658228));
#8394 = ( GEOMETRIC_REPRESENTATION_CONTEXT(2) 
PARAMETRIC_REPRESENTATION_CONTEXT() REPRESENTATION_CONTEXT('2D SPACE',''
  ) );
#8395 = PCURVE('',#7576,#8396);
#8396 = DEFINITIONAL_REPRESENTATION('',(#8397),#8400);
#8397 = B_SPLINE_CURVE_WITH_KNOTS('',1,(#8398,#8399),.UNSPECIFIED.,.F.,
  .F.,(2,2),(-2.082631578947,0.731012658228),.PIECEWISE_BEZIER_KNOTS.);
#8398 = CARTESIAN_POINT('',(22.202787799885,23.051329332522));
#8399 = CARTESIAN_POINT('',(20.039421003741,24.850339615631));
#8400 = ( GEOMETRIC_REPRESENTATION_CONTEXT(2) 
PARAMETRIC_REPRESENTATION_CONTEXT() REPRESENTATION_CONTEXT('2D SPACE',''
  ) );
#8401 = ORIENTED_EDGE('',*,*,#7533,.T.);
#8402 = ADVANCED_FACE('',(#8403),#6195,.T.);
#8403 = FACE_BOUND('',#8404,.F.);
#8404 = EDGE_LOOP('',(#8405,#8406,#8435,#8457));
#8405 = ORIENTED_EDGE('',*,*,#8243,.T.);
#8406 = ORIENTED_EDGE('',*,*,#8407,.T.);
#8407 = EDGE_CURVE('',#8244,#8408,#8410,.T.);
#8408 = VERTEX_POINT('',#8409);
#8409 = CARTESIAN_POINT('',(18.36,3.567356917396,28.567356917396));
#8410 = SURFACE_CURVE('',#8411,(#8417,#8426),.PCURVE_S1.);
#8411 = B_SPLINE_CURVE_WITH_KNOTS('',4,(#8412,#8413,#8414,#8415,#8416),
  .UNSPECIFIED.,.F.,.F.,(5,5),(0.,1.),.PIECEWISE_BEZIER_KNOTS.);
#8412 = CARTESIAN_POINT('',(31.9200006,3.567356917396,28.567356917396));
#8413 = CARTESIAN_POINT('',(28.5300003,3.567356917396,28.567356917396));
#8414 = CARTESIAN_POINT('',(25.14,3.567356917396,28.567356917396));
#8415 = CARTESIAN_POINT('',(21.7499997,3.567356917396,28.567356917396));
#8416 = CARTESIAN_POINT('',(18.3599994,3.567356917396,28.567356917396));
#8417 = PCURVE('',#6195,#8418);
#8418 = DEFINITIONAL_REPRESENTATION('',(#8419),#8425);
#8419 = B_SPLINE_CURVE_WITH_KNOTS('',4,(#8420,#8421,#8422,#8423,#8424),
  .UNSPECIFIED.,.F.,.F.,(5,5),(4.424778394997E-08,0.999999955752),
  .PIECEWISE_BEZIER_KNOTS.);
#8420 = CARTESIAN_POINT('',(-6.980079627433,-13.56));
#8421 = CARTESIAN_POINT('',(-6.980079627433,-10.17));
#8422 = CARTESIAN_POINT('',(-6.980079627433,-6.78));
#8423 = CARTESIAN_POINT('',(-6.980079627433,-3.39));
#8424 = CARTESIAN_POINT('',(-6.980079627433,3.887636117738E-16));
#8425 = ( GEOMETRIC_REPRESENTATION_CONTEXT(2) 
PARAMETRIC_REPRESENTATION_CONTEXT() REPRESENTATION_CONTEXT('2D SPACE',''
  ) );
#8426 = PCURVE('',#7951,#8427);
#8427 = DEFINITIONAL_REPRESENTATION('',(#8428),#8434);
#8428 = B_SPLINE_CURVE_WITH_KNOTS('',4,(#8429,#8430,#8431,#8432,#8433),
  .UNSPECIFIED.,.F.,.F.,(5,5),(0.,1.),.PIECEWISE_BEZIER_KNOTS.);
#8429 = CARTESIAN_POINT('',(29.668201130592,0.142486992491));
#8430 = CARTESIAN_POINT('',(26.165588647954,0.142486992491));
#8431 = CARTESIAN_POINT('',(22.662976165316,0.142486992491));
#8432 = CARTESIAN_POINT('',(19.160363682677,0.142486992491));
#8433 = CARTESIAN_POINT('',(15.657751200039,0.142486992491));
#8434 = ( GEOMETRIC_REPRESENTATION_CONTEXT(2) 
PARAMETRIC_REPRESENTATION_CONTEXT() REPRESENTATION_CONTEXT('2D SPACE',''
  ) );
#8435 = ORIENTED_EDGE('',*,*,#8436,.F.);
#8436 = EDGE_CURVE('',#6097,#8408,#8437,.T.);
#8437 = SURFACE_CURVE('',#8438,(#8443,#8450),.PCURVE_S1.);
#8438 = CIRCLE('',#8439,4.);
#8439 = AXIS2_PLACEMENT_3D('',#8440,#8441,#8442);
#8440 = CARTESIAN_POINT('',(18.36,0.5,26.));
#8441 = DIRECTION('',(1.,0.,-0.));
#8442 = DIRECTION('',(0.,0.494294507165,0.869294507165));
#8443 = PCURVE('',#6195,#8444);
#8444 = DEFINITIONAL_REPRESENTATION('',(#8445),#8449);
#8445 = LINE('',#8446,#8447);
#8446 = CARTESIAN_POINT('',(-1.053773252012,0.));
#8447 = VECTOR('',#8448,1.);
#8448 = DIRECTION('',(-1.,0.));
#8449 = ( GEOMETRIC_REPRESENTATION_CONTEXT(2) 
PARAMETRIC_REPRESENTATION_CONTEXT() REPRESENTATION_CONTEXT('2D SPACE',''
  ) );
#8450 = PCURVE('',#6146,#8451);
#8451 = DEFINITIONAL_REPRESENTATION('',(#8452),#8456);
#8452 = CIRCLE('',#8453,4.);
#8453 = AXIS2_PLACEMENT_2D('',#8454,#8455);
#8454 = CARTESIAN_POINT('',(7.105427357601E-15,-1.110223024625E-16));
#8455 = DIRECTION('',(0.869294507165,-0.494294507165));
#8456 = ( GEOMETRIC_REPRESENTATION_CONTEXT(2) 
PARAMETRIC_REPRESENTATION_CONTEXT() REPRESENTATION_CONTEXT('2D SPACE',''
  ) );
#8457 = ORIENTED_EDGE('',*,*,#6175,.F.);
#8458 = ADVANCED_FACE('',(#8459),#6146,.F.);
#8459 = FACE_BOUND('',#8460,.F.);
#8460 = EDGE_LOOP('',(#8461,#8462,#8463,#8537,#8556,#8557,#8558,#8579,
    #8598));
#8461 = ORIENTED_EDGE('',*,*,#6096,.T.);
#8462 = ORIENTED_EDGE('',*,*,#8436,.T.);
#8463 = ORIENTED_EDGE('',*,*,#8464,.F.);
#8464 = EDGE_CURVE('',#8465,#8408,#8467,.T.);
#8465 = VERTEX_POINT('',#8466);
#8466 = CARTESIAN_POINT('',(18.36,2.,27.));
#8467 = SURFACE_CURVE('',#8468,(#8489,#8513),.PCURVE_S1.);
#8468 = B_SPLINE_CURVE_WITH_KNOTS('',4,(#8469,#8470,#8471,#8472,#8473,
    #8474,#8475,#8476,#8477,#8478,#8479,#8480,#8481,#8482,#8483,#8484,
    #8485,#8486,#8487,#8488),.UNSPECIFIED.,.F.,.F.,(5,3,3,3,3,3,5),(0.,
    0.500257834558,0.751301317004,0.874861267855,0.936702866366,
    0.967634100049,1.),.UNSPECIFIED.);
#8469 = CARTESIAN_POINT('',(18.36,2.,27.));
#8470 = CARTESIAN_POINT('',(18.36,2.314151021718,27.314151021718));
#8471 = CARTESIAN_POINT('',(18.36,2.627839826146,27.627839826146));
#8472 = CARTESIAN_POINT('',(18.36,2.941040744477,27.941040744477));
#8473 = CARTESIAN_POINT('',(18.36,3.410638649778,28.410638649778));
#8474 = CARTESIAN_POINT('',(18.36,3.567422246675,28.567422246675));
#8475 = CARTESIAN_POINT('',(18.36,3.724072057965,28.724072057965));
#8476 = CARTESIAN_POINT('',(18.36,3.957617221644,28.957617221644));
#8477 = CARTESIAN_POINT('',(18.36,4.034616882312,29.034616882312));
#8478 = CARTESIAN_POINT('',(18.36,4.111582735097,29.111582735097));
#8479 = CARTESIAN_POINT('',(18.36,4.227018458447,29.227018458447));
#8480 = CARTESIAN_POINT('',(18.36,4.265514023867,29.265514023867));
#8481 = CARTESIAN_POINT('',(18.36,4.304000942,29.304000942));
#8482 = CARTESIAN_POINT('',(18.36,4.361724750071,29.361724750071));
#8483 = CARTESIAN_POINT('',(18.36,4.380970344898,29.380970344898));
#8484 = CARTESIAN_POINT('',(18.36,4.400215936948,29.400215936948));
#8485 = CARTESIAN_POINT('',(18.36,4.439599772987,29.439599772987));
#8486 = CARTESIAN_POINT('',(18.36,4.459735691328,29.459735691328));
#8487 = CARTESIAN_POINT('',(18.36,4.479868989149,29.479868989149));
#8488 = CARTESIAN_POINT('',(18.36,4.5,29.5));
#8489 = PCURVE('',#6146,#8490);
#8490 = DEFINITIONAL_REPRESENTATION('',(#8491),#8512);
#8491 = B_SPLINE_CURVE_WITH_KNOTS('',4,(#8492,#8493,#8494,#8495,#8496,
    #8497,#8498,#8499,#8500,#8501,#8502,#8503,#8504,#8505,#8506,#8507,
    #8508,#8509,#8510,#8511),.UNSPECIFIED.,.F.,.F.,(5,3,3,3,3,3,5),(0.,
    0.500257834558,0.751301317004,0.874861267855,0.936702866366,
    0.967634100049,1.),.UNSPECIFIED.);
#8492 = CARTESIAN_POINT('',(1.,-1.5));
#8493 = CARTESIAN_POINT('',(1.314151021718,-1.814151021718));
#8494 = CARTESIAN_POINT('',(1.627839826146,-2.127839826146));
#8495 = CARTESIAN_POINT('',(1.941040744477,-2.441040744477));
#8496 = CARTESIAN_POINT('',(2.410638649778,-2.910638649778));
#8497 = CARTESIAN_POINT('',(2.567422246675,-3.067422246675));
#8498 = CARTESIAN_POINT('',(2.724072057965,-3.224072057965));
#8499 = CARTESIAN_POINT('',(2.957617221644,-3.457617221644));
#8500 = CARTESIAN_POINT('',(3.034616882312,-3.534616882312));
#8501 = CARTESIAN_POINT('',(3.111582735097,-3.611582735097));
#8502 = CARTESIAN_POINT('',(3.227018458447,-3.727018458447));
#8503 = CARTESIAN_POINT('',(3.265514023867,-3.765514023867));
#8504 = CARTESIAN_POINT('',(3.304000942,-3.804000942));
#8505 = CARTESIAN_POINT('',(3.361724750071,-3.861724750071));
#8506 = CARTESIAN_POINT('',(3.380970344898,-3.880970344898));
#8507 = CARTESIAN_POINT('',(3.400215936948,-3.900215936948));
#8508 = CARTESIAN_POINT('',(3.439599772987,-3.939599772987));
#8509 = CARTESIAN_POINT('',(3.459735691328,-3.959735691328));
#8510 = CARTESIAN_POINT('',(3.479868989149,-3.979868989149));
#8511 = CARTESIAN_POINT('',(3.5,-4.));
#8512 = ( GEOMETRIC_REPRESENTATION_CONTEXT(2) 
PARAMETRIC_REPRESENTATION_CONTEXT() REPRESENTATION_CONTEXT('2D SPACE',''
  ) );
#8513 = PCURVE('',#7951,#8514);
#8514 = DEFINITIONAL_REPRESENTATION('',(#8515),#8536);
#8515 = B_SPLINE_CURVE_WITH_KNOTS('',4,(#8516,#8517,#8518,#8519,#8520,
    #8521,#8522,#8523,#8524,#8525,#8526,#8527,#8528,#8529,#8530,#8531,
    #8532,#8533,#8534,#8535),.UNSPECIFIED.,.F.,.F.,(5,3,3,3,3,3,5),(0.,
    0.500257834558,0.751301317004,0.874861267855,0.936702866366,
    0.967634100049,1.),.UNSPECIFIED.);
#8516 = CARTESIAN_POINT('',(16.36,0.));
#8517 = CARTESIAN_POINT('',(16.223771228736,2.855918379257E-02));
#8518 = CARTESIAN_POINT('',(16.085401893377,5.707634783144E-02));
#8519 = CARTESIAN_POINT('',(15.944828113035,8.554915858878E-02));
#8520 = CARTESIAN_POINT('',(15.730298795288,0.128239877253));
#8521 = CARTESIAN_POINT('',(15.658042847793,0.142492931516));
#8522 = CARTESIAN_POINT('',(15.585206330382,0.156733823451));
#8523 = CARTESIAN_POINT('',(15.475641441947,0.177965201968));
#8524 = CARTESIAN_POINT('',(15.439359590517,0.184965171119));
#8525 = CARTESIAN_POINT('',(15.402933954153,0.191962066827));
#8526 = CARTESIAN_POINT('',(15.348060010519,0.202456223495));
#8527 = CARTESIAN_POINT('',(15.329720256125,0.205955820352));
#8528 = CARTESIAN_POINT('',(15.311344089619,0.209454631091));
#8529 = CARTESIAN_POINT('',(15.283721916672,0.214702250006));
#8530 = CARTESIAN_POINT('',(15.274502271204,0.216451849536));
#8531 = CARTESIAN_POINT('',(15.265272417082,0.218201448813));
#8532 = CARTESIAN_POINT('',(15.24636366263,0.221781797544));
#8533 = CARTESIAN_POINT('',(15.236685250795,0.223612335575));
#8534 = CARTESIAN_POINT('',(15.226995904543,0.225442635377));
#8535 = CARTESIAN_POINT('',(15.217297021614,0.227272727273));
#8536 = ( GEOMETRIC_REPRESENTATION_CONTEXT(2) 
PARAMETRIC_REPRESENTATION_CONTEXT() REPRESENTATION_CONTEXT('2D SPACE',''
  ) );
#8537 = ORIENTED_EDGE('',*,*,#8538,.F.);
#8538 = EDGE_CURVE('',#6627,#8465,#8539,.T.);
#8539 = SURFACE_CURVE('',#8540,(#8544,#8550),.PCURVE_S1.);
#8540 = LINE('',#8541,#8542);
#8541 = CARTESIAN_POINT('',(18.36,2.,26.5));
#8542 = VECTOR('',#8543,1.);
#8543 = DIRECTION('',(-0.,0.,1.));
#8544 = PCURVE('',#6146,#8545);
#8545 = DEFINITIONAL_REPRESENTATION('',(#8546),#8549);
#8546 = B_SPLINE_CURVE_WITH_KNOTS('',1,(#8547,#8548),.UNSPECIFIED.,.F.,
  .F.,(2,2),(-1.5,0.5),.PIECEWISE_BEZIER_KNOTS.);
#8547 = CARTESIAN_POINT('',(-1.,-1.5));
#8548 = CARTESIAN_POINT('',(1.,-1.5));
#8549 = ( GEOMETRIC_REPRESENTATION_CONTEXT(2) 
PARAMETRIC_REPRESENTATION_CONTEXT() REPRESENTATION_CONTEXT('2D SPACE',''
  ) );
#8550 = PCURVE('',#6641,#8551);
#8551 = DEFINITIONAL_REPRESENTATION('',(#8552),#8555);
#8552 = B_SPLINE_CURVE_WITH_KNOTS('',1,(#8553,#8554),.UNSPECIFIED.,.F.,
  .F.,(2,2),(-1.5,0.5),.PIECEWISE_BEZIER_KNOTS.);
#8553 = CARTESIAN_POINT('',(16.36,-2.));
#8554 = CARTESIAN_POINT('',(16.36,0.));
#8555 = ( GEOMETRIC_REPRESENTATION_CONTEXT(2) 
PARAMETRIC_REPRESENTATION_CONTEXT() REPRESENTATION_CONTEXT('2D SPACE',''
  ) );
#8556 = ORIENTED_EDGE('',*,*,#6652,.T.);
#8557 = ORIENTED_EDGE('',*,*,#7673,.T.);
#8558 = ORIENTED_EDGE('',*,*,#8559,.F.);
#8559 = EDGE_CURVE('',#8560,#7674,#8562,.T.);
#8560 = VERTEX_POINT('',#8561);
#8561 = CARTESIAN_POINT('',(18.36,2.,25.));
#8562 = SURFACE_CURVE('',#8563,(#8567,#8573),.PCURVE_S1.);
#8563 = LINE('',#8564,#8565);
#8564 = CARTESIAN_POINT('',(18.36,2.,26.5));
#8565 = VECTOR('',#8566,1.);
#8566 = DIRECTION('',(-0.,0.,1.));
#8567 = PCURVE('',#6146,#8568);
#8568 = DEFINITIONAL_REPRESENTATION('',(#8569),#8572);
#8569 = B_SPLINE_CURVE_WITH_KNOTS('',1,(#8570,#8571),.UNSPECIFIED.,.F.,
  .F.,(2,2),(-1.5,0.5),.PIECEWISE_BEZIER_KNOTS.);
#8570 = CARTESIAN_POINT('',(-1.,-1.5));
#8571 = CARTESIAN_POINT('',(1.,-1.5));
#8572 = ( GEOMETRIC_REPRESENTATION_CONTEXT(2) 
PARAMETRIC_REPRESENTATION_CONTEXT() REPRESENTATION_CONTEXT('2D SPACE',''
  ) );
#8573 = PCURVE('',#7716,#8574);
#8574 = DEFINITIONAL_REPRESENTATION('',(#8575),#8578);
#8575 = B_SPLINE_CURVE_WITH_KNOTS('',1,(#8576,#8577),.UNSPECIFIED.,.F.,
  .F.,(2,2),(-1.5,0.5),.PIECEWISE_BEZIER_KNOTS.);
#8576 = CARTESIAN_POINT('',(16.36,-2.));
#8577 = CARTESIAN_POINT('',(16.36,0.));
#8578 = ( GEOMETRIC_REPRESENTATION_CONTEXT(2) 
PARAMETRIC_REPRESENTATION_CONTEXT() REPRESENTATION_CONTEXT('2D SPACE',''
  ) );
#8579 = ORIENTED_EDGE('',*,*,#8580,.T.);
#8580 = EDGE_CURVE('',#8560,#7761,#8581,.T.);
#8581 = SURFACE_CURVE('',#8582,(#8586,#8592),.PCURVE_S1.);
#8582 = LINE('',#8583,#8584);
#8583 = CARTESIAN_POINT('',(18.36,0.25,25.));
#8584 = VECTOR('',#8585,1.);
#8585 = DIRECTION('',(0.,-1.,0.));
#8586 = PCURVE('',#6146,#8587);
#8587 = DEFINITIONAL_REPRESENTATION('',(#8588),#8591);
#8588 = B_SPLINE_CURVE_WITH_KNOTS('',1,(#8589,#8590),.UNSPECIFIED.,.F.,
  .F.,(2,2),(-2.231012658228,0.582631578947),.PIECEWISE_BEZIER_KNOTS.);
#8589 = CARTESIAN_POINT('',(-1.,-1.981012658228));
#8590 = CARTESIAN_POINT('',(-1.,0.832631578947));
#8591 = ( GEOMETRIC_REPRESENTATION_CONTEXT(2) 
PARAMETRIC_REPRESENTATION_CONTEXT() REPRESENTATION_CONTEXT('2D SPACE',''
  ) );
#8592 = PCURVE('',#7775,#8593);
#8593 = DEFINITIONAL_REPRESENTATION('',(#8594),#8597);
#8594 = B_SPLINE_CURVE_WITH_KNOTS('',1,(#8595,#8596),.UNSPECIFIED.,.F.,
  .F.,(2,2),(-2.231012658228,0.582631578947),.PIECEWISE_BEZIER_KNOTS.);
#8595 = CARTESIAN_POINT('',(13.646774775639,12.530385550065));
#8596 = CARTESIAN_POINT('',(11.483407979495,14.329395833174));
#8597 = ( GEOMETRIC_REPRESENTATION_CONTEXT(2) 
PARAMETRIC_REPRESENTATION_CONTEXT() REPRESENTATION_CONTEXT('2D SPACE',''
  ) );
#8598 = ORIENTED_EDGE('',*,*,#7786,.T.);
#8599 = ADVANCED_FACE('',(#8600,#8856),#5575,.T.);
#8600 = FACE_BOUND('',#8601,.T.);
#8601 = EDGE_LOOP('',(#8602,#8625,#8626,#8627,#8737,#8755,#8756,#8780,
    #8831));
#8602 = ORIENTED_EDGE('',*,*,#8603,.T.);
#8603 = EDGE_CURVE('',#8604,#6421,#8606,.T.);
#8604 = VERTEX_POINT('',#8605);
#8605 = CARTESIAN_POINT('',(0.,95.,27.));
#8606 = SURFACE_CURVE('',#8607,(#8611,#8618),.PCURVE_S1.);
#8607 = LINE('',#8608,#8609);
#8608 = CARTESIAN_POINT('',(0.,95.,27.));
#8609 = VECTOR('',#8610,1.);
#8610 = DIRECTION('',(0.,-1.,0.));
#8611 = PCURVE('',#5575,#8612);
#8612 = DEFINITIONAL_REPRESENTATION('',(#8613),#8617);
#8613 = LINE('',#8614,#8615);
#8614 = CARTESIAN_POINT('',(0.,0.));
#8615 = VECTOR('',#8616,1.);
#8616 = DIRECTION('',(1.,0.));
#8617 = ( GEOMETRIC_REPRESENTATION_CONTEXT(2) 
PARAMETRIC_REPRESENTATION_CONTEXT() REPRESENTATION_CONTEXT('2D SPACE',''
  ) );
#8618 = PCURVE('',#6439,#8619);
#8619 = DEFINITIONAL_REPRESENTATION('',(#8620),#8624);
#8620 = LINE('',#8621,#8622);
#8621 = CARTESIAN_POINT('',(0.,0.));
#8622 = VECTOR('',#8623,1.);
#8623 = DIRECTION('',(1.,0.));
#8624 = ( GEOMETRIC_REPRESENTATION_CONTEXT(2) 
PARAMETRIC_REPRESENTATION_CONTEXT() REPRESENTATION_CONTEXT('2D SPACE',''
  ) );
#8625 = ORIENTED_EDGE('',*,*,#7813,.T.);
#8626 = ORIENTED_EDGE('',*,*,#6045,.T.);
#8627 = ORIENTED_EDGE('',*,*,#8628,.T.);
#8628 = EDGE_CURVE('',#5841,#8629,#8631,.T.);
#8629 = VERTEX_POINT('',#8630);
#8630 = CARTESIAN_POINT('',(9.230769230769,14.886409698353,39.));
#8631 = SURFACE_CURVE('',#8632,(#8665,#8701),.PCURVE_S1.);
#8632 = B_SPLINE_CURVE_WITH_KNOTS('',7,(#8633,#8634,#8635,#8636,#8637,
    #8638,#8639,#8640,#8641,#8642,#8643,#8644,#8645,#8646,#8647,#8648,
    #8649,#8650,#8651,#8652,#8653,#8654,#8655,#8656,#8657,#8658,#8659,
    #8660,#8661,#8662,#8663,#8664),.UNSPECIFIED.,.F.,.F.,(8,6,6,6,6,8),(
    0.,0.328098655048,0.605148422814,0.699564888818,0.822775838442,1.),
  .UNSPECIFIED.);
#8633 = CARTESIAN_POINT('',(8.221366661591,10.687776660068,
    37.687776660068));
#8634 = CARTESIAN_POINT('',(8.166968797806,10.844418883522,
    37.617059437148));
#8635 = CARTESIAN_POINT('',(8.118319821942,11.0089523511,37.553815768524
    ));
#8636 = CARTESIAN_POINT('',(8.076167628577,11.182182001866,
    37.49901791715));
#8637 = CARTESIAN_POINT('',(8.041634508509,11.364733417127,
    37.454124861061));
#8638 = CARTESIAN_POINT('',(8.016199631851,11.557010675827,
    37.421059521406));
#8639 = CARTESIAN_POINT('',(8.001643381133,11.759126969436,
    37.402136395473));
#8640 = CARTESIAN_POINT('',(7.99880674813,12.14983335348,37.398448772568
    ));
#8641 = CARTESIAN_POINT('',(8.006789611893,12.335797813519,
    37.408826495461));
#8642 = CARTESIAN_POINT('',(8.025377794996,12.528032298989,
    37.432991133494));
#8643 = CARTESIAN_POINT('',(8.055861092401,12.725060003482,
    37.472619420122));
#8644 = CARTESIAN_POINT('',(8.099185735574,12.924683532203,
    37.528941456246));
#8645 = CARTESIAN_POINT('',(8.155597823619,13.123924340354,
    37.602277170705));
#8646 = CARTESIAN_POINT('',(8.246878275715,13.385290155703,
    37.72094175843));
#8647 = CARTESIAN_POINT('',(8.271440670054,13.451240162316,
    37.75287287107));
#8648 = CARTESIAN_POINT('',(8.297316055785,13.51657113098,37.78651087252
    ));
#8649 = CARTESIAN_POINT('',(8.324445604227,13.581160044082,
    37.821779285495));
#8650 = CARTESIAN_POINT('',(8.352761624287,13.644896977225,
    37.858590111573));
#8651 = CARTESIAN_POINT('',(8.382189097815,13.707684143344,
    37.896845827159));
#8652 = CARTESIAN_POINT('',(8.452394238935,13.850018062087,
    37.988112510616));
#8653 = CARTESIAN_POINT('',(8.493899527526,13.928842666917,
    38.042069385784));
#8654 = CARTESIAN_POINT('',(8.536988655366,14.005725783841,
    38.098085251975));
#8655 = CARTESIAN_POINT('',(8.581484827369,14.080542756985,
    38.15593027558));
#8656 = CARTESIAN_POINT('',(8.627217059012,14.153214797004,
    38.215382176716));
#8657 = CARTESIAN_POINT('',(8.674026160331,14.223699693735,
    38.276234008431));
#8658 = CARTESIAN_POINT('',(8.7904401826,14.39020689067,38.42757223738)
  );
#8659 = CARTESIAN_POINT('',(8.861032705348,14.48386423031,
    38.519342516952));
#8660 = CARTESIAN_POINT('',(8.933146676266,14.572966821044,
    38.613090679146));
#8661 = CARTESIAN_POINT('',(9.0064339327,14.657608388431,38.708364112509
    ));
#8662 = CARTESIAN_POINT('',(9.080605551764,14.73793716371,
    38.804787217293));
#8663 = CARTESIAN_POINT('',(9.155436892346,14.814135633161,
    38.902067960049));
#8664 = CARTESIAN_POINT('',(9.230769692308,14.886410141154,39.0000006));
#8665 = PCURVE('',#5575,#8666);
#8666 = DEFINITIONAL_REPRESENTATION('',(#8667),#8700);
#8667 = B_SPLINE_CURVE_WITH_KNOTS('',7,(#8668,#8669,#8670,#8671,#8672,
    #8673,#8674,#8675,#8676,#8677,#8678,#8679,#8680,#8681,#8682,#8683,
    #8684,#8685,#8686,#8687,#8688,#8689,#8690,#8691,#8692,#8693,#8694,
    #8695,#8696,#8697,#8698,#8699),.UNSPECIFIED.,.F.,.F.,(8,6,6,6,6,8),(
    0.,0.328098655048,0.605148422814,0.699564888818,0.822775838442,1.),
  .UNSPECIFIED.);
#8668 = CARTESIAN_POINT('',(95.,0.822136666159));
#8669 = CARTESIAN_POINT('',(94.738724047184,0.816696879781));
#8670 = CARTESIAN_POINT('',(94.477569839602,0.811831982194));
#8671 = CARTESIAN_POINT('',(94.216614691253,0.807616762858));
#8672 = CARTESIAN_POINT('',(93.956676142829,0.804163450851));
#8673 = CARTESIAN_POINT('',(93.699305387243,0.801619963185));
#8674 = CARTESIAN_POINT('',(93.446765085946,0.800164338113));
#8675 = CARTESIAN_POINT('',(92.99544156892,0.799880674813));
#8676 = CARTESIAN_POINT('',(92.794220416802,0.800678961189));
#8677 = CARTESIAN_POINT('',(92.60112310206,0.8025377795));
#8678 = CARTESIAN_POINT('',(92.419549375781,0.80558610924));
#8679 = CARTESIAN_POINT('',(92.253215408869,0.809918573557));
#8680 = CARTESIAN_POINT('',(92.105793880621,0.815559782362));
#8681 = CARTESIAN_POINT('',(91.93679565342,0.824687827572));
#8682 = CARTESIAN_POINT('',(91.896312013505,0.827144067005));
#8683 = CARTESIAN_POINT('',(91.858387121294,0.829731605578));
#8684 = CARTESIAN_POINT('',(91.823078929079,0.832444560423));
#8685 = CARTESIAN_POINT('',(91.790418782268,0.835276162429));
#8686 = CARTESIAN_POINT('',(91.760414561969,0.838218909781));
#8687 = CARTESIAN_POINT('',(91.697348804843,0.845239423894));
#8688 = CARTESIAN_POINT('',(91.66614265683,0.849389952753));
#8689 = CARTESIAN_POINT('',(91.639404131388,0.853698865537));
#8690 = CARTESIAN_POINT('',(91.617033804256,0.858148482737));
#8691 = CARTESIAN_POINT('',(91.598889019568,0.862721705901));
#8692 = CARTESIAN_POINT('',(91.584802314746,0.867402616033));
#8693 = CARTESIAN_POINT('',(91.55990893037,0.87904401826));
#8694 = CARTESIAN_POINT('',(91.553249624043,0.886103270535));
#8695 = CARTESIAN_POINT('',(91.554067969204,0.893314667627));
#8696 = CARTESIAN_POINT('',(91.561791852488,0.90064339327));
#8697 = CARTESIAN_POINT('',(91.575867914247,0.908060555176));
#8698 = CARTESIAN_POINT('',(91.595791401938,0.915543689235));
#8699 = CARTESIAN_POINT('',(91.621122451436,0.923076969231));
#8700 = ( GEOMETRIC_REPRESENTATION_CONTEXT(2) 
PARAMETRIC_REPRESENTATION_CONTEXT() REPRESENTATION_CONTEXT('2D SPACE',''
  ) );
#8701 = PCURVE('',#5974,#8702);
#8702 = DEFINITIONAL_REPRESENTATION('',(#8703),#8736);
#8703 = B_SPLINE_CURVE_WITH_KNOTS('',7,(#8704,#8705,#8706,#8707,#8708,
    #8709,#8710,#8711,#8712,#8713,#8714,#8715,#8716,#8717,#8718,#8719,
    #8720,#8721,#8722,#8723,#8724,#8725,#8726,#8727,#8728,#8729,#8730,
    #8731,#8732,#8733,#8734,#8735),.UNSPECIFIED.,.F.,.F.,(8,6,6,6,6,8),(
    0.,0.328098655048,0.605148422814,0.699564888818,0.822775838442,1.),
  .UNSPECIFIED.);
#8704 = CARTESIAN_POINT('',(-3.475837429729,-6.837776660068));
#8705 = CARTESIAN_POINT('',(-3.434382700089,-6.767059437148));
#8706 = CARTESIAN_POINT('',(-3.391535847207,-6.703815768525));
#8707 = CARTESIAN_POINT('',(-3.347051605883,-6.64901791715));
#8708 = CARTESIAN_POINT('',(-3.300723265423,-6.604124861061));
#8709 = CARTESIAN_POINT('',(-3.252366551028,-6.571059521406));
#8710 = CARTESIAN_POINT('',(-3.201812370744,-6.552136395473));
#8711 = CARTESIAN_POINT('',(-3.104133200428,-6.548448772568));
#8712 = CARTESIAN_POINT('',(-3.057657753066,-6.558826495461));
#8713 = CARTESIAN_POINT('',(-3.009488322349,-6.582991133494));
#8714 = CARTESIAN_POINT('',(-2.959797466444,-6.622619420122));
#8715 = CARTESIAN_POINT('',(-2.908886264049,-6.678941456246));
#8716 = CARTESIAN_POINT('',(-2.857211473772,-6.752277170705));
#8717 = CARTESIAN_POINT('',(-2.787999746818,-6.87094175843));
#8718 = CARTESIAN_POINT('',(-2.770409577195,-6.90287287107));
#8719 = CARTESIAN_POINT('',(-2.752848373914,-6.93651087252));
#8720 = CARTESIAN_POINT('',(-2.735341167337,-6.971779285495));
#8721 = CARTESIAN_POINT('',(-2.717910960537,-7.008590111573));
#8722 = CARTESIAN_POINT('',(-2.700579096512,-7.046845827159));
#8723 = CARTESIAN_POINT('',(-2.660902508434,-7.138112510616));
#8724 = CARTESIAN_POINT('',(-2.638639225213,-7.192069385784));
#8725 = CARTESIAN_POINT('',(-2.616617560527,-7.248085251975));
#8726 = CARTESIAN_POINT('',(-2.59486801956,-7.30593027558));
#8727 = CARTESIAN_POINT('',(-2.573412410765,-7.365382176716));
#8728 = CARTESIAN_POINT('',(-2.552265438757,-7.426234008431));
#8729 = CARTESIAN_POINT('',(-2.501473663332,-7.57757223738));
#8730 = CARTESIAN_POINT('',(-2.472171953154,-7.669342516952));
#8731 = CARTESIAN_POINT('',(-2.443541548382,-7.763090679146));
#8732 = CARTESIAN_POINT('',(-2.4155780135,-7.858364112509));
#8733 = CARTESIAN_POINT('',(-2.388265283498,-7.954787217293));
#8734 = CARTESIAN_POINT('',(-2.361577476993,-8.052067960049));
#8735 = CARTESIAN_POINT('',(-2.335478344757,-8.1500006));
#8736 = ( GEOMETRIC_REPRESENTATION_CONTEXT(2) 
PARAMETRIC_REPRESENTATION_CONTEXT() REPRESENTATION_CONTEXT('2D SPACE',''
  ) );
#8737 = ORIENTED_EDGE('',*,*,#8738,.F.);
#8738 = EDGE_CURVE('',#5561,#8629,#8739,.T.);
#8739 = SURFACE_CURVE('',#8740,(#8743,#8749),.PCURVE_S1.);
#8740 = B_SPLINE_CURVE_WITH_KNOTS('',1,(#8741,#8742),.UNSPECIFIED.,.F.,
  .F.,(2,2),(0.,1.),.PIECEWISE_BEZIER_KNOTS.);
#8741 = CARTESIAN_POINT('',(9.230769230769,12.,39.));
#8742 = CARTESIAN_POINT('',(9.230769230769,16.,39.));
#8743 = PCURVE('',#5575,#8744);
#8744 = DEFINITIONAL_REPRESENTATION('',(#8745),#8748);
#8745 = B_SPLINE_CURVE_WITH_KNOTS('',1,(#8746,#8747),.UNSPECIFIED.,.F.,
  .F.,(2,2),(0.,1.),.PIECEWISE_BEZIER_KNOTS.);
#8746 = CARTESIAN_POINT('',(95.,0.923076923077));
#8747 = CARTESIAN_POINT('',(90.317535545024,0.923076923077));
#8748 = ( GEOMETRIC_REPRESENTATION_CONTEXT(2) 
PARAMETRIC_REPRESENTATION_CONTEXT() REPRESENTATION_CONTEXT('2D SPACE',''
  ) );
#8749 = PCURVE('',#5601,#8750);
#8750 = DEFINITIONAL_REPRESENTATION('',(#8751),#8754);
#8751 = B_SPLINE_CURVE_WITH_KNOTS('',1,(#8752,#8753),.UNSPECIFIED.,.F.,
  .F.,(2,2),(0.,1.),.PIECEWISE_BEZIER_KNOTS.);
#8752 = CARTESIAN_POINT('',(-2.769230769231,5.329070518201E-15));
#8753 = CARTESIAN_POINT('',(-2.769230769231,4.));
#8754 = ( GEOMETRIC_REPRESENTATION_CONTEXT(2) 
PARAMETRIC_REPRESENTATION_CONTEXT() REPRESENTATION_CONTEXT('2D SPACE',''
  ) );
#8755 = ORIENTED_EDGE('',*,*,#5560,.T.);
#8756 = ORIENTED_EDGE('',*,*,#8757,.F.);
#8757 = EDGE_CURVE('',#8758,#5516,#8760,.T.);
#8758 = VERTEX_POINT('',#8759);
#8759 = CARTESIAN_POINT('',(9.759822006677,92.94776402587,39.68776860868
    ));
#8760 = SURFACE_CURVE('',#8761,(#8767,#8773),.PCURVE_S1.);
#8761 = B_SPLINE_CURVE_WITH_KNOTS('',2,(#8762,#8763,#8764,#8765,#8766),
  .UNSPECIFIED.,.F.,.F.,(3,1,1,3),(-3.964835598665,-4.80355986647E-02,
    80.31223139132,84.22903139132),.UNSPECIFIED.);
#8762 = CARTESIAN_POINT('',(9.759822006677,96.964835598665,
    39.68776860868));
#8763 = CARTESIAN_POINT('',(9.759822006677,95.006435598665,
    39.68776860868));
#8764 = CARTESIAN_POINT('',(9.759822006677,52.867902103672,
    39.68776860868));
#8765 = CARTESIAN_POINT('',(9.759822006677,10.72936860868,39.68776860868
    ));
#8766 = CARTESIAN_POINT('',(9.759822006677,8.77096860868,39.68776860868)
  );
#8767 = PCURVE('',#5575,#8768);
#8768 = DEFINITIONAL_REPRESENTATION('',(#8769),#8772);
#8769 = B_SPLINE_CURVE_WITH_KNOTS('',1,(#8770,#8771),.UNSPECIFIED.,.F.,
  .F.,(2,2),(-4.80355986647E-02,80.31223139132),
  .PIECEWISE_BEZIER_KNOTS.);
#8770 = CARTESIAN_POINT('',(1.59872115546E-14,0.975982200668));
#8771 = CARTESIAN_POINT('',(95.,0.975982200668));
#8772 = ( GEOMETRIC_REPRESENTATION_CONTEXT(2) 
PARAMETRIC_REPRESENTATION_CONTEXT() REPRESENTATION_CONTEXT('2D SPACE',''
  ) );
#8773 = PCURVE('',#5535,#8774);
#8774 = DEFINITIONAL_REPRESENTATION('',(#8775),#8779);
#8775 = LINE('',#8776,#8777);
#8776 = CARTESIAN_POINT('',(0.,0.));
#8777 = VECTOR('',#8778,1.);
#8778 = DIRECTION('',(0.,1.));
#8779 = ( GEOMETRIC_REPRESENTATION_CONTEXT(2) 
PARAMETRIC_REPRESENTATION_CONTEXT() REPRESENTATION_CONTEXT('2D SPACE',''
  ) );
#8780 = ORIENTED_EDGE('',*,*,#8781,.T.);
#8781 = EDGE_CURVE('',#8758,#8782,#8784,.T.);
#8782 = VERTEX_POINT('',#8783);
#8783 = CARTESIAN_POINT('',(9.478189036464,93.104362192707,
    39.321645747403));
#8784 = SURFACE_CURVE('',#8785,(#8793,#8804),.PCURVE_S1.);
#8785 = B_SPLINE_CURVE_WITH_KNOTS('',6,(#8786,#8787,#8788,#8789,#8790,
    #8791,#8792),.UNSPECIFIED.,.F.,.F.,(7,7),(0.,1.),
  .PIECEWISE_BEZIER_KNOTS.);
#8786 = CARTESIAN_POINT('',(9.759822006677,92.94776402587,39.68776860868
    ));
#8787 = CARTESIAN_POINT('',(9.716903411861,92.990682620686,
    39.63197443542));
#8788 = CARTESIAN_POINT('',(9.670967323838,93.02724259278,39.57225752099
    ));
#8789 = CARTESIAN_POINT('',(9.623041113876,93.056793376475,
    39.509953448038));
#8790 = CARTESIAN_POINT('',(9.574302808379,93.079196278926,
    39.446593650893));
#8791 = CARTESIAN_POINT('',(9.525763454741,93.094847308955,
    39.383492491163));
#8792 = CARTESIAN_POINT('',(9.47818903739,93.104362192522,
    39.321645748607));
#8793 = PCURVE('',#5575,#8794);
#8794 = DEFINITIONAL_REPRESENTATION('',(#8795),#8803);
#8795 = B_SPLINE_CURVE_WITH_KNOTS('',6,(#8796,#8797,#8798,#8799,#8800,
    #8801,#8802),.UNSPECIFIED.,.F.,.F.,(7,7),(0.,1.),
  .PIECEWISE_BEZIER_KNOTS.);
#8796 = CARTESIAN_POINT('',(0.118538673056,0.975982200668));
#8797 = CARTESIAN_POINT('',(7.785383466127E-02,0.971690341186));
#8798 = CARTESIAN_POINT('',(4.547094472476E-02,0.967096732384));
#8799 = CARTESIAN_POINT('',(2.189921423726E-02,0.962304111388));
#8800 = CARTESIAN_POINT('',(6.989170139596E-03,0.957430280838));
#8801 = CARTESIAN_POINT('',(1.133750068815E-10,0.952576345474));
#8802 = CARTESIAN_POINT('',(0.,0.947818903739));
#8803 = ( GEOMETRIC_REPRESENTATION_CONTEXT(2) 
PARAMETRIC_REPRESENTATION_CONTEXT() REPRESENTATION_CONTEXT('2D SPACE',''
  ) );
#8804 = PCURVE('',#8805,#8821);
#8805 = ( BOUNDED_SURFACE() B_SPLINE_SURFACE(2,2,(
    (#8806,#8807,#8808,#8809,#8810)
    ,(#8811,#8812,#8813,#8814,#8815)
    ,(#8816,#8817,#8818,#8819,#8820
)),.UNSPECIFIED.,.F.,.F.,.F.) B_SPLINE_SURFACE_WITH_KNOTS((3,3),(3,1,1,3
    ),(0.,60.043621927072),(-3.796010963536,-0.521810963536,
    59.521810963536,62.796010963536),.UNSPECIFIED.) 
GEOMETRIC_REPRESENTATION_ITEM() RATIONAL_B_SPLINE_SURFACE((
    (1.,1.,1.,1.,1.)
    ,(0.758965474924,0.758965474924,0.758965474924,0.758965474924
      ,0.758965474924)
,(1.,1.,1.,1.,1.))) REPRESENTATION_ITEM('') SURFACE() );
#8806 = CARTESIAN_POINT('',(72.796010963536,93.104362192707,
    39.321645747403));
#8807 = CARTESIAN_POINT('',(71.158910963536,93.104362192707,
    39.321645747403));
#8808 = CARTESIAN_POINT('',(39.5,93.104362192707,39.321645747403));
#8809 = CARTESIAN_POINT('',(7.841089036464,93.104362192707,
    39.321645747403));
#8810 = CARTESIAN_POINT('',(6.203989036464,93.104362192707,
    39.321645747403));
#8811 = CARTESIAN_POINT('',(72.796010963536,93.,40.));
#8812 = CARTESIAN_POINT('',(71.158910963536,93.,40.));
#8813 = CARTESIAN_POINT('',(39.5,93.,40.));
#8814 = CARTESIAN_POINT('',(7.841089036464,93.,40.));
#8815 = CARTESIAN_POINT('',(6.203989036464,93.,40.));
#8816 = CARTESIAN_POINT('',(72.796010963536,92.313664834587,40.));
#8817 = CARTESIAN_POINT('',(71.158910963536,92.313664834587,40.));
#8818 = CARTESIAN_POINT('',(39.5,92.313664834587,40.));
#8819 = CARTESIAN_POINT('',(7.841089036464,92.313664834587,40.));
#8820 = CARTESIAN_POINT('',(6.203989036464,92.313664834587,40.));
#8821 = DEFINITIONAL_REPRESENTATION('',(#8822),#8830);
#8822 = B_SPLINE_CURVE_WITH_KNOTS('',6,(#8823,#8824,#8825,#8826,#8827,
    #8828,#8829),.UNSPECIFIED.,.F.,.F.,(7,7),(0.,1.),
  .PIECEWISE_BEZIER_KNOTS.);
#8823 = CARTESIAN_POINT('',(21.637632482036,59.240177993323));
#8824 = CARTESIAN_POINT('',(18.03147748327,59.283096588139));
#8825 = CARTESIAN_POINT('',(14.425284651806,59.329032676162));
#8826 = CARTESIAN_POINT('',(10.819050090713,59.376958886124));
#8827 = CARTESIAN_POINT('',(7.212760511882,59.425697191621));
#8828 = CARTESIAN_POINT('',(3.606410446908,59.474236545259));
#8829 = CARTESIAN_POINT('',(7.021005428246E-08,59.52181096261));
#8830 = ( GEOMETRIC_REPRESENTATION_CONTEXT(2) 
PARAMETRIC_REPRESENTATION_CONTEXT() REPRESENTATION_CONTEXT('2D SPACE',''
  ) );
#8831 = ORIENTED_EDGE('',*,*,#8832,.F.);
#8832 = EDGE_CURVE('',#8604,#8782,#8833,.T.);
#8833 = SURFACE_CURVE('',#8834,(#8837,#8844),.PCURVE_S1.);
#8834 = B_SPLINE_CURVE_WITH_KNOTS('',1,(#8835,#8836),.UNSPECIFIED.,.F.,
  .F.,(2,2),(0.,1.),.PIECEWISE_BEZIER_KNOTS.);
#8835 = CARTESIAN_POINT('',(0.,95.,27.));
#8836 = CARTESIAN_POINT('',(10.,93.,40.));
#8837 = PCURVE('',#5575,#8838);
#8838 = DEFINITIONAL_REPRESENTATION('',(#8839),#8843);
#8839 = LINE('',#8840,#8841);
#8840 = CARTESIAN_POINT('',(0.,0.));
#8841 = VECTOR('',#8842,1.);
#8842 = DIRECTION('',(0.,1.));
#8843 = ( GEOMETRIC_REPRESENTATION_CONTEXT(2) 
PARAMETRIC_REPRESENTATION_CONTEXT() REPRESENTATION_CONTEXT('2D SPACE',''
  ) );
#8844 = PCURVE('',#8845,#8850);
#8845 = B_SPLINE_SURFACE_WITH_KNOTS('',1,1,(
    (#8846,#8847)
    ,(#8848,#8849
    )),.UNSPECIFIED.,.F.,.F.,.F.,(2,2),(2,2),(0.,79.),(0.,1.),
  .PIECEWISE_BEZIER_KNOTS.);
#8846 = CARTESIAN_POINT('',(79.,95.,27.));
#8847 = CARTESIAN_POINT('',(69.,93.,40.));
#8848 = CARTESIAN_POINT('',(0.,95.,27.));
#8849 = CARTESIAN_POINT('',(10.,93.,40.));
#8850 = DEFINITIONAL_REPRESENTATION('',(#8851),#8855);
#8851 = LINE('',#8852,#8853);
#8852 = CARTESIAN_POINT('',(79.,0.));
#8853 = VECTOR('',#8854,1.);
#8854 = DIRECTION('',(0.,1.));
#8855 = ( GEOMETRIC_REPRESENTATION_CONTEXT(2) 
PARAMETRIC_REPRESENTATION_CONTEXT() REPRESENTATION_CONTEXT('2D SPACE',''
  ) );
#8856 = FACE_BOUND('',#8857,.T.);
#8857 = EDGE_LOOP('',(#8858,#8885));
#8858 = ORIENTED_EDGE('',*,*,#8859,.F.);
#8859 = EDGE_CURVE('',#8860,#8862,#8864,.T.);
#8860 = VERTEX_POINT('',#8861);
#8861 = CARTESIAN_POINT('',(9.230769230769,80.113590301647,39.));
#8862 = VERTEX_POINT('',#8863);
#8863 = CARTESIAN_POINT('',(9.230769230769,85.886409698353,39.));
#8864 = SURFACE_CURVE('',#8865,(#8868,#8874),.PCURVE_S1.);
#8865 = B_SPLINE_CURVE_WITH_KNOTS('',1,(#8866,#8867),.UNSPECIFIED.,.F.,
  .F.,(2,2),(0.,1.),.PIECEWISE_BEZIER_KNOTS.);
#8866 = CARTESIAN_POINT('',(9.230769230769,79.,39.));
#8867 = CARTESIAN_POINT('',(9.230769230769,87.,39.));
#8868 = PCURVE('',#5575,#8869);
#8869 = DEFINITIONAL_REPRESENTATION('',(#8870),#8873);
#8870 = B_SPLINE_CURVE_WITH_KNOTS('',1,(#8871,#8872),.UNSPECIFIED.,.F.,
  .F.,(2,2),(0.,1.),.PIECEWISE_BEZIER_KNOTS.);
#8871 = CARTESIAN_POINT('',(16.568720379147,0.923076923077));
#8872 = CARTESIAN_POINT('',(7.203791469194,0.923076923077));
#8873 = ( GEOMETRIC_REPRESENTATION_CONTEXT(2) 
PARAMETRIC_REPRESENTATION_CONTEXT() REPRESENTATION_CONTEXT('2D SPACE',''
  ) );
#8874 = PCURVE('',#8875,#8880);
#8875 = PLANE('',#8876);
#8876 = AXIS2_PLACEMENT_3D('',#8877,#8878,#8879);
#8877 = CARTESIAN_POINT('',(12.,83.,39.));
#8878 = DIRECTION('',(0.,0.,1.));
#8879 = DIRECTION('',(1.,0.,-0.));
#8880 = DEFINITIONAL_REPRESENTATION('',(#8881),#8884);
#8881 = B_SPLINE_CURVE_WITH_KNOTS('',1,(#8882,#8883),.UNSPECIFIED.,.F.,
  .F.,(2,2),(0.,1.),.PIECEWISE_BEZIER_KNOTS.);
#8882 = CARTESIAN_POINT('',(-2.769230769231,-4.));
#8883 = CARTESIAN_POINT('',(-2.769230769231,4.));
#8884 = ( GEOMETRIC_REPRESENTATION_CONTEXT(2) 
PARAMETRIC_REPRESENTATION_CONTEXT() REPRESENTATION_CONTEXT('2D SPACE',''
  ) );
#8885 = ORIENTED_EDGE('',*,*,#8886,.T.);
#8886 = EDGE_CURVE('',#8860,#8862,#8887,.T.);
#8887 = SURFACE_CURVE('',#8888,(#8921,#8957),.PCURVE_S1.);
#8888 = B_SPLINE_CURVE_WITH_KNOTS('',6,(#8889,#8890,#8891,#8892,#8893,
    #8894,#8895,#8896,#8897,#8898,#8899,#8900,#8901,#8902,#8903,#8904,
    #8905,#8906,#8907,#8908,#8909,#8910,#8911,#8912,#8913,#8914,#8915,
    #8916,#8917,#8918,#8919,#8920),.UNSPECIFIED.,.F.,.F.,(7,5,5,5,5,5,7)
  ,(0.,0.234446254282,0.326799508806,0.494998575246,0.662939916398,
    0.759943568382,1.),.UNSPECIFIED.);
#8889 = CARTESIAN_POINT('',(9.230769692308,80.113589858846,39.0000006));
#8890 = CARTESIAN_POINT('',(9.069085267201,80.268710367849,
    38.789810847361));
#8891 = CARTESIAN_POINT('',(8.91453895497,80.437853997214,
    38.588900641461));
#8892 = CARTESIAN_POINT('',(8.768320815157,80.621474586622,
    38.398817059703));
#8893 = CARTESIAN_POINT('',(8.632126387848,80.819830508815,
    38.221764304202));
#8894 = CARTESIAN_POINT('',(8.508061929771,81.03280952369,
    38.060480508702));
#8895 = CARTESIAN_POINT('',(8.355270356404,81.34900191682,
    37.861851463325));
#8896 = CARTESIAN_POINT('',(8.314342006141,81.44049156917,
    37.808644607983));
#8897 = CARTESIAN_POINT('',(8.27581017748,81.534054035679,
    37.758553230724));
#8898 = CARTESIAN_POINT('',(8.239827645925,81.62960335883,
    37.711775939702));
#8899 = CARTESIAN_POINT('',(8.206546936221,81.727023630681,
    37.668511017087));
#8900 = CARTESIAN_POINT('',(8.120686100418,82.006723740885,
    37.556891930544));
#8901 = CARTESIAN_POINT('',(8.074682628387,82.193053459185,
    37.497087416903));
#8902 = CARTESIAN_POINT('',(8.0390308269,82.38412410828,37.45074007497)
  );
#8903 = CARTESIAN_POINT('',(8.014477237322,82.578650949602,
    37.418820408519));
#8904 = CARTESIAN_POINT('',(8.001500295316,82.775071486319,
    37.40195038391));
#8905 = CARTESIAN_POINT('',(7.998704673648,83.167661140707,
    37.398316075742));
#8906 = CARTESIAN_POINT('',(8.008849625476,83.36395595006,
    37.411504513119));
#8907 = CARTESIAN_POINT('',(8.030563816424,83.558543658751,
    37.439732961351));
#8908 = CARTESIAN_POINT('',(8.063397162065,83.749856839941,
    37.482416310684));
#8909 = CARTESIAN_POINT('',(8.106624992647,83.936596688899,
    37.538612490441));
#8910 = CARTESIAN_POINT('',(8.189779620025,84.222330506415,
    37.646713506033));
#8911 = CARTESIAN_POINT('',(8.22339492872,84.325093133784,
    37.690413407336));
#8912 = CARTESIAN_POINT('',(8.260014031782,84.425824915364,
    37.738018241317));
#8913 = CARTESIAN_POINT('',(8.299461187719,84.524390152353,
    37.789299544035));
#8914 = CARTESIAN_POINT('',(8.341560102845,84.620689467518,
    37.844028133699));
#8915 = CARTESIAN_POINT('',(8.496472298913,84.947187269367,
    38.045413988586));
#8916 = CARTESIAN_POINT('',(8.621957205732,85.165300802807,
    38.208544367452));
#8917 = CARTESIAN_POINT('',(8.760126315204,85.368205278838,
    38.388164209765));
#8918 = CARTESIAN_POINT('',(8.908749665678,85.555798864087,
    38.581374565382));
#8919 = CARTESIAN_POINT('',(9.06604277714,85.728370658313,
    38.785855610282));
#8920 = CARTESIAN_POINT('',(9.230769692308,85.886410141154,39.0000006));
#8921 = PCURVE('',#5575,#8922);
#8922 = DEFINITIONAL_REPRESENTATION('',(#8923),#8956);
#8923 = B_SPLINE_CURVE_WITH_KNOTS('',6,(#8924,#8925,#8926,#8927,#8928,
    #8929,#8930,#8931,#8932,#8933,#8934,#8935,#8936,#8937,#8938,#8939,
    #8940,#8941,#8942,#8943,#8944,#8945,#8946,#8947,#8948,#8949,#8950,
    #8951,#8952,#8953,#8954,#8955),.UNSPECIFIED.,.F.,.F.,(7,5,5,5,5,5,7)
  ,(0.,0.234446254282,0.326799508806,0.494998575246,0.662939916398,
    0.759943568382,1.),.UNSPECIFIED.);
#8924 = CARTESIAN_POINT('',(15.265134168447,0.923076969231));
#8925 = CARTESIAN_POINT('',(15.075782131533,0.90690852672));
#8926 = CARTESIAN_POINT('',(14.871715403278,0.891453895497));
#8927 = CARTESIAN_POINT('',(14.652544878834,0.876832081516));
#8928 = CARTESIAN_POINT('',(14.418083382933,0.863212638785));
#8929 = CARTESIAN_POINT('',(14.168484526506,0.850806192977));
#8930 = CARTESIAN_POINT('',(13.800509807116,0.83552703564));
#8931 = CARTESIAN_POINT('',(13.69430713682,0.831434200614));
#8932 = CARTESIAN_POINT('',(13.585953627059,0.827581017748));
#8933 = CARTESIAN_POINT('',(13.475536410685,0.823982764592));
#8934 = CARTESIAN_POINT('',(13.363172717506,0.820654693622));
#8935 = CARTESIAN_POINT('',(13.041105338494,0.812068610042));
#8936 = CARTESIAN_POINT('',(12.827171172554,0.807468262839));
#8937 = CARTESIAN_POINT('',(12.608271307626,0.80390308269));
#8938 = CARTESIAN_POINT('',(12.385704775083,0.801447723732));
#8939 = CARTESIAN_POINT('',(12.161043363364,0.800150029532));
#8940 = CARTESIAN_POINT('',(11.71172984031,0.799870467365));
#8941 = CARTESIAN_POINT('',(11.486934337379,0.800884962548));
#8942 = CARTESIAN_POINT('',(11.263742867151,0.803056381642));
#8943 = CARTESIAN_POINT('',(11.043742803622,0.806339716206));
#8944 = CARTESIAN_POINT('',(10.828263583017,0.810662499265));
#8945 = CARTESIAN_POINT('',(10.497187387144,0.818977962003));
#8946 = CARTESIAN_POINT('',(10.377819406437,0.822339492872));
#8947 = CARTESIAN_POINT('',(10.26048373943,0.826001403178));
#8948 = CARTESIAN_POINT('',(10.145321424842,0.829946118772));
#8949 = CARTESIAN_POINT('',(10.03243699595,0.834156010285));
#8950 = CARTESIAN_POINT('',(9.6483702047,0.849647229891));
#8951 = CARTESIAN_POINT('',(9.389381389206,0.862195720573));
#8952 = CARTESIAN_POINT('',(9.145762472177,0.87601263152));
#8953 = CARTESIAN_POINT('',(8.917708274137,0.890874966568));
#8954 = CARTESIAN_POINT('',(8.705045085148,0.906604277714));
#8955 = CARTESIAN_POINT('',(8.507377666579,0.923076969231));
#8956 = ( GEOMETRIC_REPRESENTATION_CONTEXT(2) 
PARAMETRIC_REPRESENTATION_CONTEXT() REPRESENTATION_CONTEXT('2D SPACE',''
  ) );
#8957 = PCURVE('',#8958,#8963);
#8958 = CYLINDRICAL_SURFACE('',#8959,4.);
#8959 = AXIS2_PLACEMENT_3D('',#8960,#8961,#8962);
#8960 = CARTESIAN_POINT('',(12.,83.,30.85));
#8961 = DIRECTION('',(-0.,-0.,-1.));
#8962 = DIRECTION('',(1.,0.,0.));
#8963 = DEFINITIONAL_REPRESENTATION('',(#8964),#8997);
#8964 = B_SPLINE_CURVE_WITH_KNOTS('',6,(#8965,#8966,#8967,#8968,#8969,
    #8970,#8971,#8972,#8973,#8974,#8975,#8976,#8977,#8978,#8979,#8980,
    #8981,#8982,#8983,#8984,#8985,#8986,#8987,#8988,#8989,#8990,#8991,
    #8992,#8993,#8994,#8995,#8996),.UNSPECIFIED.,.F.,.F.,(7,5,5,5,5,5,7)
  ,(0.,0.234446254282,0.326799508806,0.494998575246,0.662939916398,
    0.759943568382,1.),.UNSPECIFIED.);
#8965 = CARTESIAN_POINT('',(-3.947706962423,-8.1500006));
#8966 = CARTESIAN_POINT('',(-3.891691213724,-7.939810847361));
#8967 = CARTESIAN_POINT('',(-3.8345361557,-7.738900641461));
#8968 = CARTESIAN_POINT('',(-3.776061232827,-7.548817059703));
#8969 = CARTESIAN_POINT('',(-3.71614785979,-7.371764304202));
#8970 = CARTESIAN_POINT('',(-3.654712218269,-7.210480508702));
#8971 = CARTESIAN_POINT('',(-3.566918819327,-7.011851463325));
#8972 = CARTESIAN_POINT('',(-3.541872902488,-6.958644607983));
#8973 = CARTESIAN_POINT('',(-3.516593638866,-6.908553230724));
#8974 = CARTESIAN_POINT('',(-3.491086769827,-6.861775939702));
#8975 = CARTESIAN_POINT('',(-3.46536239773,-6.818511017087));
#8976 = CARTESIAN_POINT('',(-3.392216894291,-6.706891930544));
#8977 = CARTESIAN_POINT('',(-3.344310410401,-6.647087416903));
#8978 = CARTESIAN_POINT('',(-3.295840628561,-6.60074007497));
#8979 = CARTESIAN_POINT('',(-3.246953043698,-6.568820408519));
#8980 = CARTESIAN_POINT('',(-3.197826087349,-6.55195038391));
#8981 = CARTESIAN_POINT('',(-3.09967618534,-6.548316075742));
#8982 = CARTESIAN_POINT('',(-3.050621816077,-6.561504513119));
#8983 = CARTESIAN_POINT('',(-3.001802376236,-6.589732961351));
#8984 = CARTESIAN_POINT('',(-2.953396673218,-6.632416310684));
#8985 = CARTESIAN_POINT('',(-2.90555159794,-6.688612490441));
#8986 = CARTESIAN_POINT('',(-2.831154644656,-6.796713506033));
#8987 = CARTESIAN_POINT('',(-2.804139085566,-6.840413407336));
#8988 = CARTESIAN_POINT('',(-2.777364729527,-6.888018241317));
#8989 = CARTESIAN_POINT('',(-2.750843209649,-6.939299544035));
#8990 = CARTESIAN_POINT('',(-2.724580877403,-6.994028133699));
#8991 = CARTESIAN_POINT('',(-2.634234805579,-7.195413988586));
#8992 = CARTESIAN_POINT('',(-2.571522694776,-7.358544367452));
#8993 = CARTESIAN_POINT('',(-2.510406738351,-7.538164209765));
#8994 = CARTESIAN_POINT('',(-2.450792086729,-7.731374565382));
#8995 = CARTESIAN_POINT('',(-2.392548167517,-7.935855610282));
#8996 = CARTESIAN_POINT('',(-2.335478344757,-8.1500006));
#8997 = ( GEOMETRIC_REPRESENTATION_CONTEXT(2) 
PARAMETRIC_REPRESENTATION_CONTEXT() REPRESENTATION_CONTEXT('2D SPACE',''
  ) );
#8998 = ADVANCED_FACE('',(#8999),#5974,.T.);
#8999 = FACE_BOUND('',#9000,.F.);
#9000 = EDGE_LOOP('',(#9001,#9023,#9024));
#9001 = ORIENTED_EDGE('',*,*,#9002,.T.);
#9002 = EDGE_CURVE('',#8629,#5821,#9003,.T.);
#9003 = SURFACE_CURVE('',#9004,(#9009,#9016),.PCURVE_S1.);
#9004 = CIRCLE('',#9005,4.);
#9005 = AXIS2_PLACEMENT_3D('',#9006,#9007,#9008);
#9006 = CARTESIAN_POINT('',(12.,12.,39.));
#9007 = DIRECTION('',(0.,0.,1.));
#9008 = DIRECTION('',(1.,0.,0.));
#9009 = PCURVE('',#5974,#9010);
#9010 = DEFINITIONAL_REPRESENTATION('',(#9011),#9015);
#9011 = LINE('',#9012,#9013);
#9012 = CARTESIAN_POINT('',(-0.,-8.15));
#9013 = VECTOR('',#9014,1.);
#9014 = DIRECTION('',(-1.,0.));
#9015 = ( GEOMETRIC_REPRESENTATION_CONTEXT(2) 
PARAMETRIC_REPRESENTATION_CONTEXT() REPRESENTATION_CONTEXT('2D SPACE',''
  ) );
#9016 = PCURVE('',#5601,#9017);
#9017 = DEFINITIONAL_REPRESENTATION('',(#9018),#9022);
#9018 = CIRCLE('',#9019,4.);
#9019 = AXIS2_PLACEMENT_2D('',#9020,#9021);
#9020 = CARTESIAN_POINT('',(0.,-1.7763568394E-15));
#9021 = DIRECTION('',(1.,0.));
#9022 = ( GEOMETRIC_REPRESENTATION_CONTEXT(2) 
PARAMETRIC_REPRESENTATION_CONTEXT() REPRESENTATION_CONTEXT('2D SPACE',''
  ) );
#9023 = ORIENTED_EDGE('',*,*,#5840,.T.);
#9024 = ORIENTED_EDGE('',*,*,#8628,.T.);
#9025 = ADVANCED_FACE('',(#9026),#5601,.T.);
#9026 = FACE_BOUND('',#9027,.T.);
#9027 = EDGE_LOOP('',(#9028,#9029,#9030,#9031,#9057));
#9028 = ORIENTED_EDGE('',*,*,#8738,.T.);
#9029 = ORIENTED_EDGE('',*,*,#9002,.T.);
#9030 = ORIENTED_EDGE('',*,*,#5820,.T.);
#9031 = ORIENTED_EDGE('',*,*,#9032,.T.);
#9032 = EDGE_CURVE('',#5789,#5588,#9033,.T.);
#9033 = SURFACE_CURVE('',#9034,(#9039,#9050),.PCURVE_S1.);
#9034 = CIRCLE('',#9035,1.);
#9035 = AXIS2_PLACEMENT_3D('',#9036,#9037,#9038);
#9036 = CARTESIAN_POINT('',(12.,12.,39.));
#9037 = DIRECTION('',(0.,0.,-1.));
#9038 = DIRECTION('',(1.,0.,0.));
#9039 = PCURVE('',#5601,#9040);
#9040 = DEFINITIONAL_REPRESENTATION('',(#9041),#9049);
#9041 = ( BOUNDED_CURVE() B_SPLINE_CURVE(2,(#9042,#9043,#9044,#9045,
#9046,#9047,#9048),.UNSPECIFIED.,.T.,.F.) B_SPLINE_CURVE_WITH_KNOTS((1,2
    ,2,2,2,1),(-2.094395102393,0.,2.094395102393,4.188790204786,
6.28318530718,8.377580409573),.UNSPECIFIED.) CURVE() 
GEOMETRIC_REPRESENTATION_ITEM() RATIONAL_B_SPLINE_CURVE((1.,0.5,1.,0.5,
1.,0.5,1.)) REPRESENTATION_ITEM('') );
#9042 = CARTESIAN_POINT('',(1.,-1.7763568394E-15));
#9043 = CARTESIAN_POINT('',(1.,-1.732050807569));
#9044 = CARTESIAN_POINT('',(-0.5,-0.866025403784));
#9045 = CARTESIAN_POINT('',(-2.,-2.02128619923E-15));
#9046 = CARTESIAN_POINT('',(-0.5,0.866025403784));
#9047 = CARTESIAN_POINT('',(1.,1.732050807569));
#9048 = CARTESIAN_POINT('',(1.,-1.7763568394E-15));
#9049 = ( GEOMETRIC_REPRESENTATION_CONTEXT(2) 
PARAMETRIC_REPRESENTATION_CONTEXT() REPRESENTATION_CONTEXT('2D SPACE',''
  ) );
#9050 = PCURVE('',#5710,#9051);
#9051 = DEFINITIONAL_REPRESENTATION('',(#9052),#9056);
#9052 = LINE('',#9053,#9054);
#9053 = CARTESIAN_POINT('',(-6.28318530718,-8.3));
#9054 = VECTOR('',#9055,1.);
#9055 = DIRECTION('',(1.,-0.));
#9056 = ( GEOMETRIC_REPRESENTATION_CONTEXT(2) 
PARAMETRIC_REPRESENTATION_CONTEXT() REPRESENTATION_CONTEXT('2D SPACE',''
  ) );
#9057 = ORIENTED_EDGE('',*,*,#5587,.T.);
#9058 = ADVANCED_FACE('',(#9059),#5710,.F.);
#9059 = FACE_BOUND('',#9060,.T.);
#9060 = EDGE_LOOP('',(#9061,#9062,#9085,#9116,#9117,#9118,#9140));
#9061 = ORIENTED_EDGE('',*,*,#9032,.F.);
#9062 = ORIENTED_EDGE('',*,*,#9063,.F.);
#9063 = EDGE_CURVE('',#9064,#5789,#9066,.T.);
#9064 = VERTEX_POINT('',#9065);
#9065 = CARTESIAN_POINT('',(13.,12.,30.85));
#9066 = SEAM_CURVE('',#9067,(#9071,#9078),.PCURVE_S1.);
#9067 = LINE('',#9068,#9069);
#9068 = CARTESIAN_POINT('',(13.,12.,30.7));
#9069 = VECTOR('',#9070,1.);
#9070 = DIRECTION('',(0.,0.,1.));
#9071 = PCURVE('',#5710,#9072);
#9072 = DEFINITIONAL_REPRESENTATION('',(#9073),#9077);
#9073 = LINE('',#9074,#9075);
#9074 = CARTESIAN_POINT('',(-0.,0.));
#9075 = VECTOR('',#9076,1.);
#9076 = DIRECTION('',(-0.,-1.));
#9077 = ( GEOMETRIC_REPRESENTATION_CONTEXT(2) 
PARAMETRIC_REPRESENTATION_CONTEXT() REPRESENTATION_CONTEXT('2D SPACE',''
  ) );
#9078 = PCURVE('',#5710,#9079);
#9079 = DEFINITIONAL_REPRESENTATION('',(#9080),#9084);
#9080 = LINE('',#9081,#9082);
#9081 = CARTESIAN_POINT('',(-6.28318530718,0.));
#9082 = VECTOR('',#9083,1.);
#9083 = DIRECTION('',(-0.,-1.));
#9084 = ( GEOMETRIC_REPRESENTATION_CONTEXT(2) 
PARAMETRIC_REPRESENTATION_CONTEXT() REPRESENTATION_CONTEXT('2D SPACE',''
  ) );
#9085 = ORIENTED_EDGE('',*,*,#9086,.T.);
#9086 = EDGE_CURVE('',#9064,#9064,#9087,.T.);
#9087 = SURFACE_CURVE('',#9088,(#9093,#9100),.PCURVE_S1.);
#9088 = CIRCLE('',#9089,1.);
#9089 = AXIS2_PLACEMENT_3D('',#9090,#9091,#9092);
#9090 = CARTESIAN_POINT('',(12.,12.,30.85));
#9091 = DIRECTION('',(0.,0.,-1.));
#9092 = DIRECTION('',(1.,0.,0.));
#9093 = PCURVE('',#5710,#9094);
#9094 = DEFINITIONAL_REPRESENTATION('',(#9095),#9099);
#9095 = LINE('',#9096,#9097);
#9096 = CARTESIAN_POINT('',(-6.28318530718,-0.15));
#9097 = VECTOR('',#9098,1.);
#9098 = DIRECTION('',(1.,-0.));
#9099 = ( GEOMETRIC_REPRESENTATION_CONTEXT(2) 
PARAMETRIC_REPRESENTATION_CONTEXT() REPRESENTATION_CONTEXT('2D SPACE',''
  ) );
#9100 = PCURVE('',#9101,#9106);
#9101 = PLANE('',#9102);
#9102 = AXIS2_PLACEMENT_3D('',#9103,#9104,#9105);
#9103 = CARTESIAN_POINT('',(12.,12.,30.85));
#9104 = DIRECTION('',(0.,0.,1.));
#9105 = DIRECTION('',(1.,0.,-0.));
#9106 = DEFINITIONAL_REPRESENTATION('',(#9107),#9115);
#9107 = ( BOUNDED_CURVE() B_SPLINE_CURVE(2,(#9108,#9109,#9110,#9111,
#9112,#9113,#9114),.UNSPECIFIED.,.T.,.F.) B_SPLINE_CURVE_WITH_KNOTS((1,2
    ,2,2,2,1),(-2.094395102393,0.,2.094395102393,4.188790204786,
6.28318530718,8.377580409573),.UNSPECIFIED.) CURVE() 
GEOMETRIC_REPRESENTATION_ITEM() RATIONAL_B_SPLINE_CURVE((1.,0.5,1.,0.5,
1.,0.5,1.)) REPRESENTATION_ITEM('') );
#9108 = CARTESIAN_POINT('',(1.,-1.7763568394E-15));
#9109 = CARTESIAN_POINT('',(1.,-1.732050807569));
#9110 = CARTESIAN_POINT('',(-0.5,-0.866025403784));
#9111 = CARTESIAN_POINT('',(-2.,-2.02128619923E-15));
#9112 = CARTESIAN_POINT('',(-0.5,0.866025403784));
#9113 = CARTESIAN_POINT('',(1.,1.732050807569));
#9114 = CARTESIAN_POINT('',(1.,-1.7763568394E-15));
#9115 = ( GEOMETRIC_REPRESENTATION_CONTEXT(2) 
PARAMETRIC_REPRESENTATION_CONTEXT() REPRESENTATION_CONTEXT('2D SPACE',''
  ) );
#9116 = ORIENTED_EDGE('',*,*,#9063,.T.);
#9117 = ORIENTED_EDGE('',*,*,#5788,.F.);
#9118 = ORIENTED_EDGE('',*,*,#9119,.T.);
#9119 = EDGE_CURVE('',#5764,#5613,#9120,.T.);
#9120 = SURFACE_CURVE('',#9121,(#9126,#9133),.PCURVE_S1.);
#9121 = CIRCLE('',#9122,1.);
#9122 = AXIS2_PLACEMENT_3D('',#9123,#9124,#9125);
#9123 = CARTESIAN_POINT('',(12.,12.,39.3));
#9124 = DIRECTION('',(0.,0.,1.));
#9125 = DIRECTION('',(1.,0.,0.));
#9126 = PCURVE('',#5710,#9127);
#9127 = DEFINITIONAL_REPRESENTATION('',(#9128),#9132);
#9128 = LINE('',#9129,#9130);
#9129 = CARTESIAN_POINT('',(-0.,-8.6));
#9130 = VECTOR('',#9131,1.);
#9131 = DIRECTION('',(-1.,0.));
#9132 = ( GEOMETRIC_REPRESENTATION_CONTEXT(2) 
PARAMETRIC_REPRESENTATION_CONTEXT() REPRESENTATION_CONTEXT('2D SPACE',''
  ) );
#9133 = PCURVE('',#5777,#9134);
#9134 = DEFINITIONAL_REPRESENTATION('',(#9135),#9139);
#9135 = CIRCLE('',#9136,1.);
#9136 = AXIS2_PLACEMENT_2D('',#9137,#9138);
#9137 = CARTESIAN_POINT('',(0.,-1.7763568394E-15));
#9138 = DIRECTION('',(1.,0.));
#9139 = ( GEOMETRIC_REPRESENTATION_CONTEXT(2) 
PARAMETRIC_REPRESENTATION_CONTEXT() REPRESENTATION_CONTEXT('2D SPACE',''
  ) );
#9140 = ORIENTED_EDGE('',*,*,#5612,.F.);
#9141 = ADVANCED_FACE('',(#9142),#5777,.F.);
#9142 = FACE_BOUND('',#9143,.F.);
#9143 = EDGE_LOOP('',(#9144,#9145));
#9144 = ORIENTED_EDGE('',*,*,#5763,.F.);
#9145 = ORIENTED_EDGE('',*,*,#9119,.T.);
#9146 = ADVANCED_FACE('',(#9147),#5535,.F.);
#9147 = FACE_BOUND('',#9148,.F.);
#9148 = EDGE_LOOP('',(#9149,#9199,#9200,#9201,#9251));
#9149 = ORIENTED_EDGE('',*,*,#9150,.T.);
#9150 = EDGE_CURVE('',#9151,#5476,#9153,.T.);
#9151 = VERTEX_POINT('',#9152);
#9152 = CARTESIAN_POINT('',(10.39392119796,13.331370849898,40.));
#9153 = SURFACE_CURVE('',#9154,(#9167,#9183),.PCURVE_S1.);
#9154 = B_SPLINE_CURVE_WITH_KNOTS('',6,(#9155,#9156,#9157,#9158,#9159,
    #9160,#9161,#9162,#9163,#9164,#9165,#9166),.UNSPECIFIED.,.F.,.F.,(7,
    5,7),(0.,0.499921388784,1.),.UNSPECIFIED.);
#9155 = CARTESIAN_POINT('',(10.39392119796,13.331370849898,40.));
#9156 = CARTESIAN_POINT('',(10.343282432601,13.28073208454,
    40.000000023192));
#9157 = CARTESIAN_POINT('',(10.291803388118,13.229253040054,
    39.996153466294));
#9158 = CARTESIAN_POINT('',(10.240004812874,13.177454464814,
    39.988221625955));
#9159 = CARTESIAN_POINT('',(10.188500711383,13.12595036332,
    39.976081991013));
#9160 = CARTESIAN_POINT('',(10.137939005954,13.075388657892,
    39.959793264878));
#9161 = CARTESIAN_POINT('',(10.039865853879,12.977315505817,
    39.919346419142));
#9162 = CARTESIAN_POINT('',(9.992355518796,12.929805170734,
    39.895185894584));
#9163 = CARTESIAN_POINT('',(9.946970252264,12.884419904202,39.8673083183
    ));
#9164 = CARTESIAN_POINT('',(9.904248795518,12.841698447456,
    39.836091640288));
#9165 = CARTESIAN_POINT('',(9.864588533041,12.802038184979,
    39.802038184977));
#9166 = CARTESIAN_POINT('',(9.828235773011,12.765685424949,
    39.765685424949));
#9167 = PCURVE('',#5535,#9168);
#9168 = DEFINITIONAL_REPRESENTATION('',(#9169),#9182);
#9169 = B_SPLINE_CURVE_WITH_KNOTS('',6,(#9170,#9171,#9172,#9173,#9174,
    #9175,#9176,#9177,#9178,#9179,#9180,#9181),.UNSPECIFIED.,.F.,.F.,(7,
    5,7),(0.,0.499921388784,1.),.UNSPECIFIED.);
#9170 = CARTESIAN_POINT('',(80.360266989954,79.668629150102));
#9171 = CARTESIAN_POINT('',(74.602874036872,79.719267915459));
#9172 = CARTESIAN_POINT('',(68.851746957659,79.770746959947));
#9173 = CARTESIAN_POINT('',(63.106893238219,79.822545535186));
#9174 = CARTESIAN_POINT('',(57.368318684017,79.87404963668));
#9175 = CARTESIAN_POINT('',(51.636028636563,79.924611342108));
#9176 = CARTESIAN_POINT('',(40.18223027846,80.022684494183));
#9177 = CARTESIAN_POINT('',(34.46072600668,80.070194829291));
#9178 = CARTESIAN_POINT('',(28.745524589305,80.115580095735));
#9179 = CARTESIAN_POINT('',(23.036635481509,80.158301552604));
#9180 = CARTESIAN_POINT('',(17.334071788817,80.197961815006));
#9181 = CARTESIAN_POINT('',(11.637850573628,80.234314575036));
#9182 = ( GEOMETRIC_REPRESENTATION_CONTEXT(2) 
PARAMETRIC_REPRESENTATION_CONTEXT() REPRESENTATION_CONTEXT('2D SPACE',''
  ) );
#9183 = PCURVE('',#5492,#9184);
#9184 = DEFINITIONAL_REPRESENTATION('',(#9185),#9198);
#9185 = B_SPLINE_CURVE_WITH_KNOTS('',6,(#9186,#9187,#9188,#9189,#9190,
    #9191,#9192,#9193,#9194,#9195,#9196,#9197),.UNSPECIFIED.,.F.,.F.,(7,
    5,7),(0.,0.499921388784,1.),.UNSPECIFIED.);
#9186 = CARTESIAN_POINT('',(59.360483961617,0.39392119796));
#9187 = CARTESIAN_POINT('',(54.451172745666,0.343282432601));
#9188 = CARTESIAN_POINT('',(49.534548357327,0.291803388118));
#9189 = CARTESIAN_POINT('',(44.610607656448,0.240004812874));
#9190 = CARTESIAN_POINT('',(39.679346226084,0.188500711383));
#9191 = CARTESIAN_POINT('',(34.740759363555,0.137939005954));
#9192 = CARTESIAN_POINT('',(24.847372652849,3.986585387925E-02));
#9193 = CARTESIAN_POINT('',(19.89256826769,-7.644481204011E-03));
#9194 = CARTESIAN_POINT('',(14.930427912447,-5.302974773567E-02));
#9195 = CARTESIAN_POINT('',(9.960950784547,-9.575120448193E-02));
#9196 = CARTESIAN_POINT('',(4.984139362876,-0.135411466959));
#9197 = CARTESIAN_POINT('',(0.,-0.171764226989));
#9198 = ( GEOMETRIC_REPRESENTATION_CONTEXT(2) 
PARAMETRIC_REPRESENTATION_CONTEXT() REPRESENTATION_CONTEXT('2D SPACE',''
  ) );
#9199 = ORIENTED_EDGE('',*,*,#5515,.T.);
#9200 = ORIENTED_EDGE('',*,*,#8757,.F.);
#9201 = ORIENTED_EDGE('',*,*,#9202,.F.);
#9202 = EDGE_CURVE('',#9203,#8758,#9205,.T.);
#9203 = VERTEX_POINT('',#9204);
#9204 = CARTESIAN_POINT('',(10.39392119796,92.313664834587,40.));
#9205 = SURFACE_CURVE('',#9206,(#9219,#9235),.PCURVE_S1.);
#9206 = B_SPLINE_CURVE_WITH_KNOTS('',6,(#9207,#9208,#9209,#9210,#9211,
    #9212,#9213,#9214,#9215,#9216,#9217,#9218),.UNSPECIFIED.,.F.,.F.,(7,
    5,7),(0.,0.516298761618,1.),.UNSPECIFIED.);
#9207 = CARTESIAN_POINT('',(10.39392119796,92.313664834613,40.));
#9208 = CARTESIAN_POINT('',(10.333791038086,92.373794994391,
    40.000000100992));
#9209 = CARTESIAN_POINT('',(10.272247058726,92.435338973919,
    39.994576089121));
#9210 = CARTESIAN_POINT('',(10.210144656765,92.49744137571,
    39.983252499992));
#9211 = CARTESIAN_POINT('',(10.148563821443,92.559022211127,
    39.965764549622));
#9212 = CARTESIAN_POINT('',(10.088673273922,92.618912758625,
    39.942252586324));
#9213 = CARTESIAN_POINT('',(9.977906536981,92.729679495566,
    39.885961924088));
#9214 = CARTESIAN_POINT('',(9.926700314155,92.780885718392,
    39.853862175432));
#9215 = CARTESIAN_POINT('',(9.878698617555,92.828887414992,
    39.81727706758));
#9216 = CARTESIAN_POINT('',(9.834625363412,92.872960669135,
    39.776854535983));
#9217 = CARTESIAN_POINT('',(9.794932614336,92.912653418211,
    39.733412398636));
#9218 = CARTESIAN_POINT('',(9.759822006677,92.94776402587,39.68776860868
    ));
#9219 = PCURVE('',#5535,#9220);
#9220 = DEFINITIONAL_REPRESENTATION('',(#9221),#9234);
#9221 = B_SPLINE_CURVE_WITH_KNOTS('',6,(#9222,#9223,#9224,#9225,#9226,
    #9227,#9228,#9229,#9230,#9231,#9232,#9233),.UNSPECIFIED.,.F.,.F.,(7,
    5,7),(0.,0.516298761618,1.),.UNSPECIFIED.);
#9222 = CARTESIAN_POINT('',(80.360266989985,0.686335165386));
#9223 = CARTESIAN_POINT('',(73.523757709985,0.626205005609));
#9224 = CARTESIAN_POINT('',(66.669978023172,0.564661026081));
#9225 = CARTESIAN_POINT('',(59.799358741574,0.50255862429));
#9226 = CARTESIAN_POINT('',(52.912314194714,0.440977788872));
#9227 = CARTESIAN_POINT('',(46.00924501323,0.381087241375));
#9228 = CARTESIAN_POINT('',(32.608670445818,0.270320504434));
#9229 = CARTESIAN_POINT('',(26.113076773358,0.219114281608));
#9230 = CARTESIAN_POINT('',(19.604090542802,0.171112585007));
#9231 = CARTESIAN_POINT('',(13.082034132507,0.127039330865));
#9232 = CARTESIAN_POINT('',(6.54722978421,8.734658178845E-02));
#9233 = CARTESIAN_POINT('',(0.,5.223597412954E-02));
#9234 = ( GEOMETRIC_REPRESENTATION_CONTEXT(2) 
PARAMETRIC_REPRESENTATION_CONTEXT() REPRESENTATION_CONTEXT('2D SPACE',''
  ) );
#9235 = PCURVE('',#8805,#9236);
#9236 = DEFINITIONAL_REPRESENTATION('',(#9237),#9250);
#9237 = B_SPLINE_CURVE_WITH_KNOTS('',6,(#9238,#9239,#9240,#9241,#9242,
    #9243,#9244,#9245,#9246,#9247,#9248,#9249),.UNSPECIFIED.,.F.,.F.,(7,
    5,7),(0.,0.516298761618,1.),.UNSPECIFIED.);
#9238 = CARTESIAN_POINT('',(60.043621925533,58.606078802066));
#9239 = CARTESIAN_POINT('',(56.578089842241,58.666208961844));
#9240 = CARTESIAN_POINT('',(53.146727781108,58.72775294137));
#9241 = CARTESIAN_POINT('',(49.749163918496,58.789855343164));
#9242 = CARTESIAN_POINT('',(46.385017640267,58.85143617858));
#9243 = CARTESIAN_POINT('',(43.053903269032,58.911326726078));
#9244 = CARTESIAN_POINT('',(36.665220537174,59.022093463019));
#9245 = CARTESIAN_POINT('',(33.603660171248,59.073299685851));
#9246 = CARTESIAN_POINT('',(30.570436693331,59.121301382431));
#9247 = CARTESIAN_POINT('',(27.565233396342,59.165374636602));
#9248 = CARTESIAN_POINT('',(24.587735901666,59.205067385661));
#9249 = CARTESIAN_POINT('',(21.637632482332,59.24017799332));
#9250 = ( GEOMETRIC_REPRESENTATION_CONTEXT(2) 
PARAMETRIC_REPRESENTATION_CONTEXT() REPRESENTATION_CONTEXT('2D SPACE',''
  ) );
#9251 = ORIENTED_EDGE('',*,*,#9252,.T.);
#9252 = EDGE_CURVE('',#9203,#9151,#9253,.T.);
#9253 = SURFACE_CURVE('',#9254,(#9260,#9267),.PCURVE_S1.);
#9254 = B_SPLINE_CURVE_WITH_KNOTS('',2,(#9255,#9256,#9257,#9258,#9259),
  .UNSPECIFIED.,.F.,.F.,(3,1,1,3),(-3.964835598665,-4.80355986647E-02,
    80.31223139132,84.22903139132),.UNSPECIFIED.);
#9255 = CARTESIAN_POINT('',(10.39392119796,96.964835598665,40.));
#9256 = CARTESIAN_POINT('',(10.39392119796,95.006435598665,40.));
#9257 = CARTESIAN_POINT('',(10.39392119796,52.867902103672,40.));
#9258 = CARTESIAN_POINT('',(10.39392119796,10.72936860868,40.));
#9259 = CARTESIAN_POINT('',(10.39392119796,8.77096860868,40.));
#9260 = PCURVE('',#5535,#9261);
#9261 = DEFINITIONAL_REPRESENTATION('',(#9262),#9266);
#9262 = LINE('',#9263,#9264);
#9263 = CARTESIAN_POINT('',(80.360266989985,0.));
#9264 = VECTOR('',#9265,1.);
#9265 = DIRECTION('',(0.,1.));
#9266 = ( GEOMETRIC_REPRESENTATION_CONTEXT(2) 
PARAMETRIC_REPRESENTATION_CONTEXT() REPRESENTATION_CONTEXT('2D SPACE',''
  ) );
#9267 = PCURVE('',#9268,#9273);
#9268 = PLANE('',#9269);
#9269 = AXIS2_PLACEMENT_3D('',#9270,#9271,#9272);
#9270 = CARTESIAN_POINT('',(10.,13.,40.));
#9271 = DIRECTION('',(0.,0.,-1.));
#9272 = DIRECTION('',(0.593542145184,0.804802908724,0.));
#9273 = DEFINITIONAL_REPRESENTATION('',(#9274),#9277);
#9274 = B_SPLINE_CURVE_WITH_KNOTS('',1,(#9275,#9276),.UNSPECIFIED.,.F.,
  .F.,(2,2),(-4.80355986647E-02,80.31223139132),
  .PIECEWISE_BEZIER_KNOTS.);
#9275 = CARTESIAN_POINT('',(64.656700720313,-47.19485384106));
#9276 = CARTESIAN_POINT('',(-1.747589905861E-02,0.502351415725));
#9277 = ( GEOMETRIC_REPRESENTATION_CONTEXT(2) 
PARAMETRIC_REPRESENTATION_CONTEXT() REPRESENTATION_CONTEXT('2D SPACE',''
  ) );
#9278 = ADVANCED_FACE('',(#9279),#5492,.F.);
#9279 = FACE_BOUND('',#9280,.F.);
#9280 = EDGE_LOOP('',(#9281,#9282,#9306,#9354));
#9281 = ORIENTED_EDGE('',*,*,#9150,.F.);
#9282 = ORIENTED_EDGE('',*,*,#9283,.T.);
#9283 = EDGE_CURVE('',#9151,#9284,#9286,.T.);
#9284 = VERTEX_POINT('',#9285);
#9285 = CARTESIAN_POINT('',(68.60607880204,13.331370849898,40.));
#9286 = SURFACE_CURVE('',#9287,(#9293,#9300),.PCURVE_S1.);
#9287 = B_SPLINE_CURVE_WITH_KNOTS('',2,(#9288,#9289,#9290,#9291,#9292),
  .UNSPECIFIED.,.F.,.F.,(3,1,1,3),(-3.454441980808,-0.180241980808,
    59.180241980808,62.454441980808),.UNSPECIFIED.);
#9288 = CARTESIAN_POINT('',(6.545558019192,13.331370849898,40.));
#9289 = CARTESIAN_POINT('',(8.182658019192,13.331370849898,40.));
#9290 = CARTESIAN_POINT('',(39.5,13.331370849898,40.));
#9291 = CARTESIAN_POINT('',(70.817341980808,13.331370849898,40.));
#9292 = CARTESIAN_POINT('',(72.454441980808,13.331370849898,40.));
#9293 = PCURVE('',#5492,#9294);
#9294 = DEFINITIONAL_REPRESENTATION('',(#9295),#9299);
#9295 = LINE('',#9296,#9297);
#9296 = CARTESIAN_POINT('',(59.360483961617,0.));
#9297 = VECTOR('',#9298,1.);
#9298 = DIRECTION('',(0.,1.));
#9299 = ( GEOMETRIC_REPRESENTATION_CONTEXT(2) 
PARAMETRIC_REPRESENTATION_CONTEXT() REPRESENTATION_CONTEXT('2D SPACE',''
  ) );
#9300 = PCURVE('',#9268,#9301);
#9301 = DEFINITIONAL_REPRESENTATION('',(#9302),#9305);
#9302 = B_SPLINE_CURVE_WITH_KNOTS('',1,(#9303,#9304),.UNSPECIFIED.,.F.,
  .F.,(2,2),(-0.180241980808,59.180241980808),.PIECEWISE_BEZIER_KNOTS.);
#9303 = CARTESIAN_POINT('',(0.159707011923,-0.341741835529));
#9304 = CARTESIAN_POINT('',(35.392656001656,47.43174832004));
#9305 = ( GEOMETRIC_REPRESENTATION_CONTEXT(2) 
PARAMETRIC_REPRESENTATION_CONTEXT() REPRESENTATION_CONTEXT('2D SPACE',''
  ) );
#9306 = ORIENTED_EDGE('',*,*,#9307,.T.);
#9307 = EDGE_CURVE('',#9284,#5431,#9308,.T.);
#9308 = SURFACE_CURVE('',#9309,(#9322,#9338),.PCURVE_S1.);
#9309 = B_SPLINE_CURVE_WITH_KNOTS('',6,(#9310,#9311,#9312,#9313,#9314,
    #9315,#9316,#9317,#9318,#9319,#9320,#9321),.UNSPECIFIED.,.F.,.F.,(7,
    5,7),(0.,0.502548697618,1.),.UNSPECIFIED.);
#9310 = CARTESIAN_POINT('',(68.606078802376,13.331370849898,40.));
#9311 = CARTESIAN_POINT('',(68.656983697758,13.280465953282,
    40.000000023886));
#9312 = CARTESIAN_POINT('',(68.708737721407,13.22871193179,
    39.996112927216));
#9313 = CARTESIAN_POINT('',(68.760811894475,13.176637756518,
    39.988096234649));
#9314 = CARTESIAN_POINT('',(68.812581941174,13.124867711079,
    39.97582609428));
#9315 = CARTESIAN_POINT('',(68.863389356238,13.074060295701,
    39.959364097432));
#9316 = CARTESIAN_POINT('',(68.961381607466,12.976068044472,
    39.918710719368));
#9317 = CARTESIAN_POINT('',(69.008597814594,12.928851837344,
    39.894599496424));
#9318 = CARTESIAN_POINT('',(69.053702847334,12.883746804604,
    39.866816059134));
#9319 = CARTESIAN_POINT('',(69.096167845073,12.841281806866,
    39.835733759885));
#9320 = CARTESIAN_POINT('',(69.135602456793,12.801847195145,
    39.801847195145));
#9321 = CARTESIAN_POINT('',(69.171764226989,12.765685424949,
    39.765685424949));
#9322 = PCURVE('',#5492,#9323);
#9323 = DEFINITIONAL_REPRESENTATION('',(#9324),#9337);
#9324 = B_SPLINE_CURVE_WITH_KNOTS('',6,(#9325,#9326,#9327,#9328,#9329,
    #9330,#9331,#9332,#9333,#9334,#9335,#9336),.UNSPECIFIED.,.F.,.F.,(7,
    5,7),(0.,0.502548697618,1.),.UNSPECIFIED.);
#9325 = CARTESIAN_POINT('',(59.360483961617,58.606078802376));
#9326 = CARTESIAN_POINT('',(54.425372066763,58.656983697758));
#9327 = CARTESIAN_POINT('',(49.482870123414,58.708737721407));
#9328 = CARTESIAN_POINT('',(44.532974500978,58.760811894475));
#9329 = CARTESIAN_POINT('',(39.575681145054,58.812581941174));
#9330 = CARTESIAN_POINT('',(34.610984994223,58.863389356237));
#9331 = CARTESIAN_POINT('',(24.717213074306,58.961381607466));
#9332 = CARTESIAN_POINT('',(19.788286841585,59.008597814594));
#9333 = CARTESIAN_POINT('',(14.85210151129,59.053702847334));
#9334 = CARTESIAN_POINT('',(9.908656315757,59.096167845072));
#9335 = CARTESIAN_POINT('',(4.95795373236,59.135602456793));
#9336 = CARTESIAN_POINT('',(0.,59.171764226989));
#9337 = ( GEOMETRIC_REPRESENTATION_CONTEXT(2) 
PARAMETRIC_REPRESENTATION_CONTEXT() REPRESENTATION_CONTEXT('2D SPACE',''
  ) );
#9338 = PCURVE('',#5450,#9339);
#9339 = DEFINITIONAL_REPRESENTATION('',(#9340),#9353);
#9340 = B_SPLINE_CURVE_WITH_KNOTS('',6,(#9341,#9342,#9343,#9344,#9345,
    #9346,#9347,#9348,#9349,#9350,#9351,#9352),.UNSPECIFIED.,.F.,.F.,(7,
    5,7),(0.,0.502548697618,1.),.UNSPECIFIED.);
#9341 = CARTESIAN_POINT('',(80.360266951771,0.331370849897));
#9342 = CARTESIAN_POINT('',(74.57261640226,0.280465953288));
#9343 = CARTESIAN_POINT('',(68.791297600947,0.228711931783));
#9344 = CARTESIAN_POINT('',(63.016318518037,0.176637756524));
#9345 = CARTESIAN_POINT('',(57.247684666217,0.124867711078));
#9346 = CARTESIAN_POINT('',(51.485401711061,7.406029570073E-02));
#9347 = CARTESIAN_POINT('',(40.031934056717,-2.393195552743E-02));
#9348 = CARTESIAN_POINT('',(34.340621138588,-7.114816266636E-02));
#9349 = CARTESIAN_POINT('',(28.655545164298,-0.116253195369));
#9350 = CARTESIAN_POINT('',(22.976715491963,-0.158718193161));
#9351 = CARTESIAN_POINT('',(17.304145027161,-0.198152804848));
#9352 = CARTESIAN_POINT('',(11.637850572288,-0.234314575044));
#9353 = ( GEOMETRIC_REPRESENTATION_CONTEXT(2) 
PARAMETRIC_REPRESENTATION_CONTEXT() REPRESENTATION_CONTEXT('2D SPACE',''
  ) );
#9354 = ORIENTED_EDGE('',*,*,#5475,.F.);
#9355 = ADVANCED_FACE('',(#9356),#5450,.F.);
#9356 = FACE_BOUND('',#9357,.F.);
#9357 = EDGE_LOOP('',(#9358,#9359,#9383,#9448,#9470));
#9358 = ORIENTED_EDGE('',*,*,#9307,.F.);
#9359 = ORIENTED_EDGE('',*,*,#9360,.T.);
#9360 = EDGE_CURVE('',#9284,#9361,#9363,.T.);
#9361 = VERTEX_POINT('',#9362);
#9362 = CARTESIAN_POINT('',(68.60607880204,92.313664834587,40.));
#9363 = SURFACE_CURVE('',#9364,(#9370,#9377),.PCURVE_S1.);
#9364 = B_SPLINE_CURVE_WITH_KNOTS('',2,(#9365,#9366,#9367,#9368,#9369),
  .UNSPECIFIED.,.F.,.F.,(3,1,1,3),(-4.22903139132,-0.31223139132,
    80.048035598665,83.964835598665),.UNSPECIFIED.);
#9365 = CARTESIAN_POINT('',(68.60607880204,8.77096860868,40.));
#9366 = CARTESIAN_POINT('',(68.60607880204,10.72936860868,40.));
#9367 = CARTESIAN_POINT('',(68.60607880204,52.867902103672,40.));
#9368 = CARTESIAN_POINT('',(68.60607880204,95.006435598665,40.));
#9369 = CARTESIAN_POINT('',(68.60607880204,96.964835598665,40.));
#9370 = PCURVE('',#5450,#9371);
#9371 = DEFINITIONAL_REPRESENTATION('',(#9372),#9376);
#9372 = LINE('',#9373,#9374);
#9373 = CARTESIAN_POINT('',(80.360266989985,0.));
#9374 = VECTOR('',#9375,1.);
#9375 = DIRECTION('',(0.,1.));
#9376 = ( GEOMETRIC_REPRESENTATION_CONTEXT(2) 
PARAMETRIC_REPRESENTATION_CONTEXT() REPRESENTATION_CONTEXT('2D SPACE',''
  ) );
#9377 = PCURVE('',#9268,#9378);
#9378 = DEFINITIONAL_REPRESENTATION('',(#9379),#9382);
#9379 = B_SPLINE_CURVE_WITH_KNOTS('',1,(#9380,#9381),.UNSPECIFIED.,.F.,
  .F.,(2,2),(-0.31223139132,80.048035598665),.PIECEWISE_BEZIER_KNOTS.);
#9380 = CARTESIAN_POINT('',(34.53389300105,47.351665178583));
#9381 = CARTESIAN_POINT('',(99.208069620421,-0.345540078203));
#9382 = ( GEOMETRIC_REPRESENTATION_CONTEXT(2) 
PARAMETRIC_REPRESENTATION_CONTEXT() REPRESENTATION_CONTEXT('2D SPACE',''
  ) );
#9383 = ORIENTED_EDGE('',*,*,#9384,.T.);
#9384 = EDGE_CURVE('',#9361,#9385,#9387,.T.);
#9385 = VERTEX_POINT('',#9386);
#9386 = CARTESIAN_POINT('',(69.240177993323,92.94776402587,
    39.68776860868));
#9387 = SURFACE_CURVE('',#9388,(#9406,#9427),.PCURVE_S1.);
#9388 = B_SPLINE_CURVE_WITH_KNOTS('',6,(#9389,#9390,#9391,#9392,#9393,
    #9394,#9395,#9396,#9397,#9398,#9399,#9400,#9401,#9402,#9403,#9404,
    #9405),.UNSPECIFIED.,.F.,.F.,(7,5,5,7),(0.,9.990652717958E-03,
    0.513416205764,1.),.UNSPECIFIED.);
#9389 = CARTESIAN_POINT('',(68.60607880204,92.313664834587,40.));
#9390 = CARTESIAN_POINT('',(68.607242349471,92.314828381919,40.));
#9391 = CARTESIAN_POINT('',(68.608406426596,92.315992459237,
    39.999997969236));
#9392 = CARTESIAN_POINT('',(68.609571027292,92.317157059887,
    39.999993904241));
#9393 = CARTESIAN_POINT('',(68.610736145267,92.318322177744,
    39.999987801579));
#9394 = CARTESIAN_POINT('',(68.611901774182,92.319487806729,
    39.999979657846));
#9395 = CARTESIAN_POINT('',(68.671828978631,92.37941501118,
    39.999456090904));
#9396 = CARTESIAN_POINT('',(68.731871155194,92.439457187738,
    39.993751401654));
#9397 = CARTESIAN_POINT('',(68.792388517033,92.499974549583,
    39.982425512973));
#9398 = CARTESIAN_POINT('',(68.852379186587,92.559965219133,
    39.965247183825));
#9399 = CARTESIAN_POINT('',(68.910762399488,92.618348432035,
    39.942347676049));
#9400 = CARTESIAN_POINT('',(69.020566538061,92.728152570608,
    39.886916810174));
#9401 = CARTESIAN_POINT('',(69.072154617688,92.779740650235,
    39.854733433247));
#9402 = CARTESIAN_POINT('',(69.120512960487,92.828098993034,
    39.817999445304));
#9403 = CARTESIAN_POINT('',(69.164901389322,92.87248742187,
    39.777372225433));
#9404 = CARTESIAN_POINT('',(69.204858148469,92.912444181016,
    39.733684406989));
#9405 = CARTESIAN_POINT('',(69.240177993323,92.94776402587,
    39.68776860868));
#9406 = PCURVE('',#5450,#9407);
#9407 = DEFINITIONAL_REPRESENTATION('',(#9408),#9426);
#9408 = B_SPLINE_CURVE_WITH_KNOTS('',6,(#9409,#9410,#9411,#9412,#9413,
    #9414,#9415,#9416,#9417,#9418,#9419,#9420,#9421,#9422,#9423,#9424,
    #9425),.UNSPECIFIED.,.F.,.F.,(7,5,5,7),(0.,9.990652717958E-03,
    0.513416205764,1.),.UNSPECIFIED.);
#9409 = CARTESIAN_POINT('',(80.360266989985,79.313664834587));
#9410 = CARTESIAN_POINT('',(80.227976937372,79.314828381919));
#9411 = CARTESIAN_POINT('',(80.095680423751,79.315992459237));
#9412 = CARTESIAN_POINT('',(79.963377440597,79.317157059887));
#9413 = CARTESIAN_POINT('',(79.831067995192,79.318322177744));
#9414 = CARTESIAN_POINT('',(79.698752096552,79.319487806729));
#9415 = CARTESIAN_POINT('',(72.898751790245,79.37941501118));
#9416 = CARTESIAN_POINT('',(66.214685617474,79.439457187738));
#9417 = CARTESIAN_POINT('',(59.514629702817,79.499974549583));
#9418 = CARTESIAN_POINT('',(52.798967788631,79.559965219133));
#9419 = CARTESIAN_POINT('',(46.068071209181,79.618348432035));
#9420 = CARTESIAN_POINT('',(32.802214008349,79.728152570609));
#9421 = CARTESIAN_POINT('',(26.268231891887,79.779740650235));
#9422 = CARTESIAN_POINT('',(19.720691288038,79.828098993034));
#9423 = CARTESIAN_POINT('',(13.159920368454,79.87248742187));
#9424 = CARTESIAN_POINT('',(6.586247166258,79.912444181017));
#9425 = CARTESIAN_POINT('',(0.,79.947764025871));
#9426 = ( GEOMETRIC_REPRESENTATION_CONTEXT(2) 
PARAMETRIC_REPRESENTATION_CONTEXT() REPRESENTATION_CONTEXT('2D SPACE',''
  ) );
#9427 = PCURVE('',#8805,#9428);
#9428 = DEFINITIONAL_REPRESENTATION('',(#9429),#9447);
#9429 = B_SPLINE_CURVE_WITH_KNOTS('',6,(#9430,#9431,#9432,#9433,#9434,
    #9435,#9436,#9437,#9438,#9439,#9440,#9441,#9442,#9443,#9444,#9445,
    #9446),.UNSPECIFIED.,.F.,.F.,(7,5,5,7),(0.,9.990652717958E-03,
    0.513416205764,1.),.UNSPECIFIED.);
#9430 = CARTESIAN_POINT('',(60.043621927069,0.39392119796));
#9431 = CARTESIAN_POINT('',(59.976562062956,0.392757650529));
#9432 = CARTESIAN_POINT('',(59.909514979681,0.391593573404));
#9433 = CARTESIAN_POINT('',(59.842480699184,0.390428972708));
#9434 = CARTESIAN_POINT('',(59.775459211291,0.389263854734));
#9435 = CARTESIAN_POINT('',(59.708450501429,0.388098225818));
#9436 = CARTESIAN_POINT('',(56.265553064826,0.328171021369));
#9437 = CARTESIAN_POINT('',(52.922111494949,0.268128844806));
#9438 = CARTESIAN_POINT('',(49.610784659825,0.207611482967));
#9439 = CARTESIAN_POINT('',(46.331219629213,0.147620813413));
#9440 = CARTESIAN_POINT('',(43.083058833827,8.923760051204E-02));
#9441 = CARTESIAN_POINT('',(36.756455498375,-2.05665380614E-02));
#9442 = CARTESIAN_POINT('',(33.675970580628,-7.215461769901E-02));
#9443 = CARTESIAN_POINT('',(30.624167029903,-0.120512960459));
#9444 = CARTESIAN_POINT('',(27.600722406298,-0.164901389349));
#9445 = CARTESIAN_POINT('',(24.605316667541,-0.204858148463));
#9446 = CARTESIAN_POINT('',(21.6376324826,-0.240177993317));
#9447 = ( GEOMETRIC_REPRESENTATION_CONTEXT(2) 
PARAMETRIC_REPRESENTATION_CONTEXT() REPRESENTATION_CONTEXT('2D SPACE',''
  ) );
#9448 = ORIENTED_EDGE('',*,*,#9449,.F.);
#9449 = EDGE_CURVE('',#5409,#9385,#9450,.T.);
#9450 = SURFACE_CURVE('',#9451,(#9457,#9464),.PCURVE_S1.);
#9451 = B_SPLINE_CURVE_WITH_KNOTS('',2,(#9452,#9453,#9454,#9455,#9456),
  .UNSPECIFIED.,.F.,.F.,(3,1,1,3),(-4.22903139132,-0.31223139132,
    80.048035598665,83.964835598665),.UNSPECIFIED.);
#9452 = CARTESIAN_POINT('',(69.240177993323,8.77096860868,39.68776860868
    ));
#9453 = CARTESIAN_POINT('',(69.240177993323,10.72936860868,
    39.68776860868));
#9454 = CARTESIAN_POINT('',(69.240177993323,52.867902103672,
    39.68776860868));
#9455 = CARTESIAN_POINT('',(69.240177993323,95.006435598665,
    39.68776860868));
#9456 = CARTESIAN_POINT('',(69.240177993323,96.964835598665,
    39.68776860868));
#9457 = PCURVE('',#5450,#9458);
#9458 = DEFINITIONAL_REPRESENTATION('',(#9459),#9463);
#9459 = LINE('',#9460,#9461);
#9460 = CARTESIAN_POINT('',(0.,0.));
#9461 = VECTOR('',#9462,1.);
#9462 = DIRECTION('',(0.,1.));
#9463 = ( GEOMETRIC_REPRESENTATION_CONTEXT(2) 
PARAMETRIC_REPRESENTATION_CONTEXT() REPRESENTATION_CONTEXT('2D SPACE',''
  ) );
#9464 = PCURVE('',#4938,#9465);
#9465 = DEFINITIONAL_REPRESENTATION('',(#9466),#9469);
#9466 = B_SPLINE_CURVE_WITH_KNOTS('',1,(#9467,#9468),.UNSPECIFIED.,.F.,
  .F.,(2,2),(-0.31223139132,80.048035598665),.PIECEWISE_BEZIER_KNOTS.);
#9467 = CARTESIAN_POINT('',(0.,0.975982200668));
#9468 = CARTESIAN_POINT('',(95.,0.975982200668));
#9469 = ( GEOMETRIC_REPRESENTATION_CONTEXT(2) 
PARAMETRIC_REPRESENTATION_CONTEXT() REPRESENTATION_CONTEXT('2D SPACE',''
  ) );
#9470 = ORIENTED_EDGE('',*,*,#5430,.F.);
#9471 = ADVANCED_FACE('',(#9472,#9714),#4938,.T.);
#9472 = FACE_BOUND('',#9473,.T.);
#9473 = EDGE_LOOP('',(#9474,#9498,#9531,#9532,#9533,#9553,#9691,#9692,
    #9693));
#9474 = ORIENTED_EDGE('',*,*,#9475,.T.);
#9475 = EDGE_CURVE('',#9476,#9478,#9480,.T.);
#9476 = VERTEX_POINT('',#9477);
#9477 = CARTESIAN_POINT('',(79.,95.,27.));
#9478 = VERTEX_POINT('',#9479);
#9479 = CARTESIAN_POINT('',(69.521810963536,93.104362192707,
    39.321645747403));
#9480 = SURFACE_CURVE('',#9481,(#9484,#9491),.PCURVE_S1.);
#9481 = B_SPLINE_CURVE_WITH_KNOTS('',1,(#9482,#9483),.UNSPECIFIED.,.F.,
  .F.,(2,2),(0.,1.),.PIECEWISE_BEZIER_KNOTS.);
#9482 = CARTESIAN_POINT('',(79.,95.,27.));
#9483 = CARTESIAN_POINT('',(69.,93.,40.));
#9484 = PCURVE('',#4938,#9485);
#9485 = DEFINITIONAL_REPRESENTATION('',(#9486),#9490);
#9486 = LINE('',#9487,#9488);
#9487 = CARTESIAN_POINT('',(95.,0.));
#9488 = VECTOR('',#9489,1.);
#9489 = DIRECTION('',(0.,1.));
#9490 = ( GEOMETRIC_REPRESENTATION_CONTEXT(2) 
PARAMETRIC_REPRESENTATION_CONTEXT() REPRESENTATION_CONTEXT('2D SPACE',''
  ) );
#9491 = PCURVE('',#8845,#9492);
#9492 = DEFINITIONAL_REPRESENTATION('',(#9493),#9497);
#9493 = LINE('',#9494,#9495);
#9494 = CARTESIAN_POINT('',(0.,0.));
#9495 = VECTOR('',#9496,1.);
#9496 = DIRECTION('',(0.,1.));
#9497 = ( GEOMETRIC_REPRESENTATION_CONTEXT(2) 
PARAMETRIC_REPRESENTATION_CONTEXT() REPRESENTATION_CONTEXT('2D SPACE',''
  ) );
#9498 = ORIENTED_EDGE('',*,*,#9499,.F.);
#9499 = EDGE_CURVE('',#9385,#9478,#9500,.T.);
#9500 = SURFACE_CURVE('',#9501,(#9509,#9520),.PCURVE_S1.);
#9501 = B_SPLINE_CURVE_WITH_KNOTS('',6,(#9502,#9503,#9504,#9505,#9506,
    #9507,#9508),.UNSPECIFIED.,.F.,.F.,(7,7),(0.,1.),
  .PIECEWISE_BEZIER_KNOTS.);
#9502 = CARTESIAN_POINT('',(69.240177993323,92.94776402587,
    39.68776860868));
#9503 = CARTESIAN_POINT('',(69.283096567714,92.990682600261,
    39.631974461972));
#9504 = CARTESIAN_POINT('',(69.329032648986,93.027242514768,
    39.572257556318));
#9505 = CARTESIAN_POINT('',(69.376958769721,93.056793423231,
    39.509953599363));
#9506 = CARTESIAN_POINT('',(69.425697125035,93.079196166477,
    39.446593737454));
#9507 = CARTESIAN_POINT('',(69.474236425305,93.094847271181,
    39.383492647104));
#9508 = CARTESIAN_POINT('',(69.521810830191,93.104362166038,
    39.321645920752));
#9509 = PCURVE('',#4938,#9510);
#9510 = DEFINITIONAL_REPRESENTATION('',(#9511),#9519);
#9511 = B_SPLINE_CURVE_WITH_KNOTS('',6,(#9512,#9513,#9514,#9515,#9516,
    #9517,#9518),.UNSPECIFIED.,.F.,.F.,(7,7),(0.,1.),
  .PIECEWISE_BEZIER_KNOTS.);
#9512 = CARTESIAN_POINT('',(94.881461326944,0.975982200668));
#9513 = CARTESIAN_POINT('',(94.922146145977,0.971690343229));
#9514 = CARTESIAN_POINT('',(94.95452896651,0.967096735101));
#9515 = CARTESIAN_POINT('',(94.978100875239,0.962304123028));
#9516 = CARTESIAN_POINT('',(94.993010707897,0.957430287496));
#9517 = CARTESIAN_POINT('',(94.999999983677,0.95257635747));
#9518 = CARTESIAN_POINT('',(95.,0.947818916981));
#9519 = ( GEOMETRIC_REPRESENTATION_CONTEXT(2) 
PARAMETRIC_REPRESENTATION_CONTEXT() REPRESENTATION_CONTEXT('2D SPACE',''
  ) );
#9520 = PCURVE('',#8805,#9521);
#9521 = DEFINITIONAL_REPRESENTATION('',(#9522),#9530);
#9522 = B_SPLINE_CURVE_WITH_KNOTS('',6,(#9523,#9524,#9525,#9526,#9527,
    #9528,#9529),.UNSPECIFIED.,.F.,.F.,(7,7),(0.,1.),
  .PIECEWISE_BEZIER_KNOTS.);
#9523 = CARTESIAN_POINT('',(21.637632482036,-0.240177993323));
#9524 = CARTESIAN_POINT('',(18.031479199405,-0.283096567714));
#9525 = CARTESIAN_POINT('',(14.425288285156,-0.329032648986));
#9526 = CARTESIAN_POINT('',(10.819055627901,-0.376958769721));
#9527 = CARTESIAN_POINT('',(7.212767758553,-0.425697125036));
#9528 = CARTESIAN_POINT('',(3.606419370299,-0.474236425305));
#9529 = CARTESIAN_POINT('',(1.010830027023E-05,-0.521810830191));
#9530 = ( GEOMETRIC_REPRESENTATION_CONTEXT(2) 
PARAMETRIC_REPRESENTATION_CONTEXT() REPRESENTATION_CONTEXT('2D SPACE',''
  ) );
#9531 = ORIENTED_EDGE('',*,*,#9449,.F.);
#9532 = ORIENTED_EDGE('',*,*,#5408,.F.);
#9533 = ORIENTED_EDGE('',*,*,#9534,.F.);
#9534 = EDGE_CURVE('',#9535,#5389,#9537,.T.);
#9535 = VERTEX_POINT('',#9536);
#9536 = CARTESIAN_POINT('',(69.769230769231,14.886409698353,39.));
#9537 = SURFACE_CURVE('',#9538,(#9541,#9547),.PCURVE_S1.);
#9538 = B_SPLINE_CURVE_WITH_KNOTS('',1,(#9539,#9540),.UNSPECIFIED.,.F.,
  .F.,(2,2),(0.,1.),.PIECEWISE_BEZIER_KNOTS.);
#9539 = CARTESIAN_POINT('',(69.769230769231,16.,39.));
#9540 = CARTESIAN_POINT('',(69.769230769231,12.,39.));
#9541 = PCURVE('',#4938,#9542);
#9542 = DEFINITIONAL_REPRESENTATION('',(#9543),#9546);
#9543 = B_SPLINE_CURVE_WITH_KNOTS('',1,(#9544,#9545),.UNSPECIFIED.,.F.,
  .F.,(2,2),(0.,1.),.PIECEWISE_BEZIER_KNOTS.);
#9544 = CARTESIAN_POINT('',(4.682464454976,0.923076923077));
#9545 = CARTESIAN_POINT('',(0.,0.923076923077));
#9546 = ( GEOMETRIC_REPRESENTATION_CONTEXT(2) 
PARAMETRIC_REPRESENTATION_CONTEXT() REPRESENTATION_CONTEXT('2D SPACE',''
  ) );
#9547 = PCURVE('',#5169,#9548);
#9548 = DEFINITIONAL_REPRESENTATION('',(#9549),#9552);
#9549 = B_SPLINE_CURVE_WITH_KNOTS('',1,(#9550,#9551),.UNSPECIFIED.,.F.,
  .F.,(2,2),(0.,1.),.PIECEWISE_BEZIER_KNOTS.);
#9550 = CARTESIAN_POINT('',(2.769230769231,4.));
#9551 = CARTESIAN_POINT('',(2.769230769231,5.329070518201E-15));
#9552 = ( GEOMETRIC_REPRESENTATION_CONTEXT(2) 
PARAMETRIC_REPRESENTATION_CONTEXT() REPRESENTATION_CONTEXT('2D SPACE',''
  ) );
#9553 = ORIENTED_EDGE('',*,*,#9554,.T.);
#9554 = EDGE_CURVE('',#9535,#4924,#9555,.T.);
#9555 = SURFACE_CURVE('',#9556,(#9589,#9640),.PCURVE_S1.);
#9556 = B_SPLINE_CURVE_WITH_KNOTS('',7,(#9557,#9558,#9559,#9560,#9561,
    #9562,#9563,#9564,#9565,#9566,#9567,#9568,#9569,#9570,#9571,#9572,
    #9573,#9574,#9575,#9576,#9577,#9578,#9579,#9580,#9581,#9582,#9583,
    #9584,#9585,#9586,#9587,#9588),.UNSPECIFIED.,.F.,.F.,(8,6,6,6,6,8),(
    2.330794818707E-07,0.268615151006,0.384881153508,0.596479130866,1.,
    1.502745912512),.UNSPECIFIED.);
#9557 = CARTESIAN_POINT('',(69.769230769231,14.886409698353,39.));
#9558 = CARTESIAN_POINT('',(69.845217181053,14.813508089901,
    38.901217664631));
#9559 = CARTESIAN_POINT('',(69.920693209647,14.736614314303,
    38.803098827459));
#9560 = CARTESIAN_POINT('',(69.995496753032,14.655516320103,
    38.705854221058));
#9561 = CARTESIAN_POINT('',(70.069396747517,14.570026954157,
    38.609784228229));
#9562 = CARTESIAN_POINT('',(70.142095383795,14.479994785869,
    38.515276001067));
#9563 = CARTESIAN_POINT('',(70.213233471478,14.38532543002,
    38.422796487078));
#9564 = CARTESIAN_POINT('',(70.312336209442,14.243027608072,
    38.293962927725));
#9565 = CARTESIAN_POINT('',(70.341901082868,14.199176104632,
    38.255528592272));
#9566 = CARTESIAN_POINT('',(70.371058396508,14.154461579307,
    38.21762408454));
#9567 = CARTESIAN_POINT('',(70.399770309798,14.108891485556,
    38.180298597262));
#9568 = CARTESIAN_POINT('',(70.427996822974,14.062478908446,
    38.143604130133));
#9569 = CARTESIAN_POINT('',(70.455696282623,14.015243464216,
    38.10759483259));
#9570 = CARTESIAN_POINT('',(70.532200333217,13.879797838215,
    38.008139566818));
#9571 = CARTESIAN_POINT('',(70.579700754537,13.789723863945,
    37.946389019102));
#9572 = CARTESIAN_POINT('',(70.625047712281,13.697186095483,
    37.887437974035));
#9573 = CARTESIAN_POINT('',(70.667973206926,13.60243654125,
    37.831634830996));
#9574 = CARTESIAN_POINT('',(70.708230174198,13.505791391882,
    37.779300773543));
#9575 = CARTESIAN_POINT('',(70.745605545332,13.407641264181,
    37.730712791068));
#9576 = CARTESIAN_POINT('',(70.845407283292,13.119330422921,
    37.600970531721));
#9577 = CARTESIAN_POINT('',(70.899859606104,12.926309596524,
    37.530182512064));
#9578 = CARTESIAN_POINT('',(70.942066329347,12.73290450846,
    37.475313771849));
#9579 = CARTESIAN_POINT('',(70.972218427908,12.541830264046,
    37.43611604372));
#9580 = CARTESIAN_POINT('',(70.991144033043,12.355138171596,
    37.411512757044));
#9581 = CARTESIAN_POINT('',(71.,12.174249119076,37.4));
#9582 = CARTESIAN_POINT('',(71.,11.782903341375,37.4));
#9583 = CARTESIAN_POINT('',(70.9862536723,11.575847971941,37.41787022601
    ));
#9584 = CARTESIAN_POINT('',(70.961048419502,11.379023917808,
    37.450637054648));
#9585 = CARTESIAN_POINT('',(70.926294743238,11.192342053545,
    37.495816833791));
#9586 = CARTESIAN_POINT('',(70.883578391339,11.015384782014,
    37.551348091259));
#9587 = CARTESIAN_POINT('',(70.834096051538,10.847485187182,
    37.615675133001));
#9588 = CARTESIAN_POINT('',(70.778633338409,10.687776660068,
    37.687776660068));
#9589 = PCURVE('',#4938,#9590);
#9590 = DEFINITIONAL_REPRESENTATION('',(#9591),#9639);
#9591 = B_SPLINE_CURVE_WITH_KNOTS('',3,(#9592,#9593,#9594,#9595,#9596,
    #9597,#9598,#9599,#9600,#9601,#9602,#9603,#9604,#9605,#9606,#9607,
    #9608,#9609,#9610,#9611,#9612,#9613,#9614,#9615,#9616,#9617,#9618,
    #9619,#9620,#9621,#9622,#9623,#9624,#9625,#9626,#9627,#9628,#9629,
    #9630,#9631,#9632,#9633,#9634,#9635,#9636,#9637,#9638),
  .UNSPECIFIED.,.F.,.F.,(4,1,1,1,1,1,1,1,1,1,1,1,1,1,1,1,1,1,1,1,1,1,1,1
    ,1,1,1,1,1,1,1,1,1,1,1,1,1,1,1,1,1,1,1,1,4),(2.330794818707E-07,
    3.415354397567E-02,6.830685487185E-02,0.102460165768,0.136613476664,
    0.17076678756,0.204920098457,0.239073409353,0.273226720249,
    0.307380031145,0.341533342041,0.375686652938,0.409839963834,
    0.44399327473,0.478146585626,0.512299896522,0.546453207418,
    0.580606518315,0.614759829211,0.648913140107,0.683066451003,
    0.717219761899,0.751373072796,0.785526383692,0.819679694588,
    0.853833005484,0.88798631638,0.922139627277,0.956292938173,
    0.990446249069,1.024599559965,1.058752870861,1.092906181757,
    1.127059492654,1.16121280355,1.195366114446,1.229519425342,
    1.263672736238,1.297826047135,1.331979358031,1.366132668927,
    1.400285979823,1.434439290719,1.468592601615,1.502745912512),
  .QUASI_UNIFORM_KNOTS.);
#9592 = CARTESIAN_POINT('',(3.378877703759,0.923076923077));
#9593 = CARTESIAN_POINT('',(3.386456895233,0.920822727736));
#9594 = CARTESIAN_POINT('',(3.400374165067,0.916325417415));
#9595 = CARTESIAN_POINT('',(3.417310635687,0.909622076701));
#9596 = CARTESIAN_POINT('',(3.430096171352,0.902970168453));
#9597 = CARTESIAN_POINT('',(3.438503192358,0.896380516341));
#9598 = CARTESIAN_POINT('',(3.44229629507,0.889865229719));
#9599 = CARTESIAN_POINT('',(3.441233071964,0.883437820911));
#9600 = CARTESIAN_POINT('',(3.435067615636,0.877113214238));
#9601 = CARTESIAN_POINT('',(3.42355256994,0.870907300257));
#9602 = CARTESIAN_POINT('',(3.406446274225,0.864838435528));
#9603 = CARTESIAN_POINT('',(3.383521724595,0.858926741406));
#9604 = CARTESIAN_POINT('',(3.354572240567,0.853193290977));
#9605 = CARTESIAN_POINT('',(3.319419237724,0.847659922604));
#9606 = CARTESIAN_POINT('',(3.277921545192,0.842349174867));
#9607 = CARTESIAN_POINT('',(3.230000746274,0.837285162518));
#9608 = CARTESIAN_POINT('',(3.175631359583,0.832490290942));
#9609 = CARTESIAN_POINT('',(3.114852307615,0.827985632996));
#9610 = CARTESIAN_POINT('',(3.047773035825,0.823790350373));
#9611 = CARTESIAN_POINT('',(2.974586200052,0.81992144269));
#9612 = CARTESIAN_POINT('',(2.895538978532,0.816391733602));
#9613 = CARTESIAN_POINT('',(2.810965990895,0.813211299635));
#9614 = CARTESIAN_POINT('',(2.721224999958,0.810384851349));
#9615 = CARTESIAN_POINT('',(2.626697798855,0.807913014442));
#9616 = CARTESIAN_POINT('',(2.527780369006,0.805792792792));
#9617 = CARTESIAN_POINT('',(2.424876968029,0.804018168398));
#9618 = CARTESIAN_POINT('',(2.31839407698,0.802580591249));
#9619 = CARTESIAN_POINT('',(2.208735216742,0.801469433069));
#9620 = CARTESIAN_POINT('',(2.096296075148,0.800672397195));
#9621 = CARTESIAN_POINT('',(1.981460600421,0.800175882643));
#9622 = CARTESIAN_POINT('',(1.864595447676,0.799965358993));
#9623 = CARTESIAN_POINT('',(1.746052042365,0.800025568526));
#9624 = CARTESIAN_POINT('',(1.62600810383,0.800341466468));
#9625 = CARTESIAN_POINT('',(1.504668567396,0.800898837452));
#9626 = CARTESIAN_POINT('',(1.382215679645,0.801684073408));
#9627 = CARTESIAN_POINT('',(1.258819450103,0.802684219736));
#9628 = CARTESIAN_POINT('',(1.134634927415,0.803886957679));
#9629 = CARTESIAN_POINT('',(1.009802976529,0.805280608744));
#9630 = CARTESIAN_POINT('',(0.884450093189,0.806854137436));
#9631 = CARTESIAN_POINT('',(0.758688451645,0.808597158172));
#9632 = CARTESIAN_POINT('',(0.63261588296,0.81049994343));
#9633 = CARTESIAN_POINT('',(0.506315815592,0.812553435865));
#9634 = CARTESIAN_POINT('',(0.379857371174,0.814749253169));
#9635 = CARTESIAN_POINT('',(0.253294828939,0.817079724678));
#9636 = CARTESIAN_POINT('',(0.12666942889,0.819537811667));
#9637 = CARTESIAN_POINT('',(4.222476737102E-02,0.821257578178));
#9638 = CARTESIAN_POINT('',(0.,0.822136666159));
#9639 = ( GEOMETRIC_REPRESENTATION_CONTEXT(2) 
PARAMETRIC_REPRESENTATION_CONTEXT() REPRESENTATION_CONTEXT('2D SPACE',''
  ) );
#9640 = PCURVE('',#5084,#9641);
#9641 = DEFINITIONAL_REPRESENTATION('',(#9642),#9690);
#9642 = B_SPLINE_CURVE_WITH_KNOTS('',3,(#9643,#9644,#9645,#9646,#9647,
    #9648,#9649,#9650,#9651,#9652,#9653,#9654,#9655,#9656,#9657,#9658,
    #9659,#9660,#9661,#9662,#9663,#9664,#9665,#9666,#9667,#9668,#9669,
    #9670,#9671,#9672,#9673,#9674,#9675,#9676,#9677,#9678,#9679,#9680,
    #9681,#9682,#9683,#9684,#9685,#9686,#9687,#9688,#9689),
  .UNSPECIFIED.,.F.,.F.,(4,1,1,1,1,1,1,1,1,1,1,1,1,1,1,1,1,1,1,1,1,1,1,1
    ,1,1,1,1,1,1,1,1,1,1,1,1,1,1,1,1,1,1,1,1,4),(2.330794818707E-07,
    3.415354397567E-02,6.830685487185E-02,0.102460165768,0.136613476664,
    0.17076678756,0.204920098457,0.239073409353,0.273226720249,
    0.307380031145,0.341533342041,0.375686652938,0.409839963834,
    0.44399327473,0.478146585626,0.512299896522,0.546453207418,
    0.580606518315,0.614759829211,0.648913140107,0.683066451003,
    0.717219761899,0.751373072796,0.785526383692,0.819679694588,
    0.853833005484,0.88798631638,0.922139627277,0.956292938173,
    0.990446249069,1.024599559965,1.058752870861,1.092906181757,
    1.127059492654,1.16121280355,1.195366114446,1.229519425342,
    1.263672736238,1.297826047135,1.331979358031,1.366132668927,
    1.400285979823,1.434439290719,1.468592601615,1.502745912512),
  .QUASI_UNIFORM_KNOTS.);
#9643 = CARTESIAN_POINT('',(-7.089299456112,-8.15));
#9644 = CARTESIAN_POINT('',(-7.081489537,-8.120695460574));
#9645 = CARTESIAN_POINT('',(-7.06573341393,-8.062230426395));
#9646 = CARTESIAN_POINT('',(-7.041678040806,-7.975086997116));
#9647 = CARTESIAN_POINT('',(-7.017188215457,-7.888612189891));
#9648 = CARTESIAN_POINT('',(-6.992253928202,-7.802946712429));
#9649 = CARTESIAN_POINT('',(-6.966867430792,-7.718247986347));
#9650 = CARTESIAN_POINT('',(-6.94102354059,-7.634691671837));
#9651 = CARTESIAN_POINT('',(-6.914720225072,-7.552471785088));
#9652 = CARTESIAN_POINT('',(-6.887957094185,-7.471794903347));
#9653 = CARTESIAN_POINT('',(-6.860742594345,-7.392899661866));
#9654 = CARTESIAN_POINT('',(-6.833092830135,-7.316047638282));
#9655 = CARTESIAN_POINT('',(-6.805029465125,-7.241512782703));
#9656 = CARTESIAN_POINT('',(-6.776580591458,-7.169578993847));
#9657 = CARTESIAN_POINT('',(-6.747782462526,-7.100539273268));
#9658 = CARTESIAN_POINT('',(-6.718688128396,-7.034707112731));
#9659 = CARTESIAN_POINT('',(-6.689353164447,-6.972373782242));
#9660 = CARTESIAN_POINT('',(-6.65983994673,-6.913813228944));
#9661 = CARTESIAN_POINT('',(-6.630217239058,-6.859274554855));
#9662 = CARTESIAN_POINT('',(-6.600562478939,-6.808978754975));
#9663 = CARTESIAN_POINT('',(-6.570948962074,-6.763092536824));
#9664 = CARTESIAN_POINT('',(-6.541458717101,-6.721746895254));
#9665 = CARTESIAN_POINT('',(-6.512160002365,-6.685003067542));
#9666 = CARTESIAN_POINT('',(-6.483112747961,-6.652869187745));
#9667 = CARTESIAN_POINT('',(-6.454368567353,-6.625306306292));
#9668 = CARTESIAN_POINT('',(-6.425971972511,-6.602236189169));
#9669 = CARTESIAN_POINT('',(-6.397961043721,-6.583547686241));
#9670 = CARTESIAN_POINT('',(-6.370368058822,-6.569102629898));
#9671 = CARTESIAN_POINT('',(-6.343219948263,-6.558741163539));
#9672 = CARTESIAN_POINT('',(-6.316538732478,-6.552286474365));
#9673 = CARTESIAN_POINT('',(-6.29034156371,-6.549549666908));
#9674 = CARTESIAN_POINT('',(-6.264641827191,-6.55033239084));
#9675 = CARTESIAN_POINT('',(-6.239417459289,-6.554439064083));
#9676 = CARTESIAN_POINT('',(-6.214656614614,-6.561684886873));
#9677 = CARTESIAN_POINT('',(-6.190345888968,-6.571892954307));
#9678 = CARTESIAN_POINT('',(-6.166472596521,-6.584894856569));
#9679 = CARTESIAN_POINT('',(-6.143023977484,-6.600530449827));
#9680 = CARTESIAN_POINT('',(-6.119987251491,-6.618647913674));
#9681 = CARTESIAN_POINT('',(-6.097349464389,-6.639103786667));
#9682 = CARTESIAN_POINT('',(-6.075097407112,-6.661763056239));
#9683 = CARTESIAN_POINT('',(-6.053217529752,-6.686499264585));
#9684 = CARTESIAN_POINT('',(-6.031695866242,-6.713194666247));
#9685 = CARTESIAN_POINT('',(-6.010517972707,-6.741740291191));
#9686 = CARTESIAN_POINT('',(-5.989668841017,-6.772036420812));
#9687 = CARTESIAN_POINT('',(-5.969132928974,-6.803991551667));
#9688 = CARTESIAN_POINT('',(-5.955640157676,-6.826348516311));
#9689 = CARTESIAN_POINT('',(-5.94894053104,-6.837776660068));
#9690 = ( GEOMETRIC_REPRESENTATION_CONTEXT(2) 
PARAMETRIC_REPRESENTATION_CONTEXT() REPRESENTATION_CONTEXT('2D SPACE',''
  ) );
#9691 = ORIENTED_EDGE('',*,*,#4923,.F.);
#9692 = ORIENTED_EDGE('',*,*,#7192,.F.);
#9693 = ORIENTED_EDGE('',*,*,#9694,.T.);
#9694 = EDGE_CURVE('',#7160,#9476,#9695,.T.);
#9695 = SURFACE_CURVE('',#9696,(#9700,#9707),.PCURVE_S1.);
#9696 = LINE('',#9697,#9698);
#9697 = CARTESIAN_POINT('',(79.,0.,27.));
#9698 = VECTOR('',#9699,1.);
#9699 = DIRECTION('',(0.,1.,0.));
#9700 = PCURVE('',#4938,#9701);
#9701 = DEFINITIONAL_REPRESENTATION('',(#9702),#9706);
#9702 = LINE('',#9703,#9704);
#9703 = CARTESIAN_POINT('',(0.,0.));
#9704 = VECTOR('',#9705,1.);
#9705 = DIRECTION('',(1.,0.));
#9706 = ( GEOMETRIC_REPRESENTATION_CONTEXT(2) 
PARAMETRIC_REPRESENTATION_CONTEXT() REPRESENTATION_CONTEXT('2D SPACE',''
  ) );
#9707 = PCURVE('',#7176,#9708);
#9708 = DEFINITIONAL_REPRESENTATION('',(#9709),#9713);
#9709 = LINE('',#9710,#9711);
#9710 = CARTESIAN_POINT('',(0.,0.));
#9711 = VECTOR('',#9712,1.);
#9712 = DIRECTION('',(1.,0.));
#9713 = ( GEOMETRIC_REPRESENTATION_CONTEXT(2) 
PARAMETRIC_REPRESENTATION_CONTEXT() REPRESENTATION_CONTEXT('2D SPACE',''
  ) );
#9714 = FACE_BOUND('',#9715,.T.);
#9715 = EDGE_LOOP('',(#9716,#9743));
#9716 = ORIENTED_EDGE('',*,*,#9717,.F.);
#9717 = EDGE_CURVE('',#9718,#9720,#9722,.T.);
#9718 = VERTEX_POINT('',#9719);
#9719 = CARTESIAN_POINT('',(69.769230769231,85.886409698353,39.));
#9720 = VERTEX_POINT('',#9721);
#9721 = CARTESIAN_POINT('',(69.769230769231,80.113590301647,39.));
#9722 = SURFACE_CURVE('',#9723,(#9726,#9732),.PCURVE_S1.);
#9723 = B_SPLINE_CURVE_WITH_KNOTS('',1,(#9724,#9725),.UNSPECIFIED.,.F.,
  .F.,(2,2),(0.,1.),.PIECEWISE_BEZIER_KNOTS.);
#9724 = CARTESIAN_POINT('',(69.769230769231,87.,39.));
#9725 = CARTESIAN_POINT('',(69.769230769231,79.,39.));
#9726 = PCURVE('',#4938,#9727);
#9727 = DEFINITIONAL_REPRESENTATION('',(#9728),#9731);
#9728 = B_SPLINE_CURVE_WITH_KNOTS('',1,(#9729,#9730),.UNSPECIFIED.,.F.,
  .F.,(2,2),(0.,1.),.PIECEWISE_BEZIER_KNOTS.);
#9729 = CARTESIAN_POINT('',(87.796208530806,0.923076923077));
#9730 = CARTESIAN_POINT('',(78.431279620853,0.923076923077));
#9731 = ( GEOMETRIC_REPRESENTATION_CONTEXT(2) 
PARAMETRIC_REPRESENTATION_CONTEXT() REPRESENTATION_CONTEXT('2D SPACE',''
  ) );
#9732 = PCURVE('',#9733,#9738);
#9733 = PLANE('',#9734);
#9734 = AXIS2_PLACEMENT_3D('',#9735,#9736,#9737);
#9735 = CARTESIAN_POINT('',(67.,83.,39.));
#9736 = DIRECTION('',(0.,0.,1.));
#9737 = DIRECTION('',(1.,0.,-0.));
#9738 = DEFINITIONAL_REPRESENTATION('',(#9739),#9742);
#9739 = B_SPLINE_CURVE_WITH_KNOTS('',1,(#9740,#9741),.UNSPECIFIED.,.F.,
  .F.,(2,2),(0.,1.),.PIECEWISE_BEZIER_KNOTS.);
#9740 = CARTESIAN_POINT('',(2.769230769231,4.));
#9741 = CARTESIAN_POINT('',(2.769230769231,-4.));
#9742 = ( GEOMETRIC_REPRESENTATION_CONTEXT(2) 
PARAMETRIC_REPRESENTATION_CONTEXT() REPRESENTATION_CONTEXT('2D SPACE',''
  ) );
#9743 = ORIENTED_EDGE('',*,*,#9744,.T.);
#9744 = EDGE_CURVE('',#9718,#9720,#9745,.T.);
#9745 = SURFACE_CURVE('',#9746,(#9773,#9824),.PCURVE_S1.);
#9746 = B_SPLINE_CURVE_WITH_KNOTS('',7,(#9747,#9748,#9749,#9750,#9751,
    #9752,#9753,#9754,#9755,#9756,#9757,#9758,#9759,#9760,#9761,#9762,
    #9763,#9764,#9765,#9766,#9767,#9768,#9769,#9770,#9771,#9772),
  .UNSPECIFIED.,.F.,.F.,(8,6,6,6,8),(2.238377437729E-07,0.477523369572,
    1.,1.534032382122,1.996209739492),.UNSPECIFIED.);
#9747 = CARTESIAN_POINT('',(69.769230769231,85.886409698353,39.));
#9748 = CARTESIAN_POINT('',(69.909890878657,85.751459935938,
    38.817141857746));
#9749 = CARTESIAN_POINT('',(70.045281455702,85.606208159468,
    38.641134107587));
#9750 = CARTESIAN_POINT('',(70.174703860893,85.45037813938,
    38.472884980839));
#9751 = CARTESIAN_POINT('',(70.297228202467,85.283778058348,
    38.313603336793));
#9752 = CARTESIAN_POINT('',(70.41172222768,85.106353902092,
    38.164761104016));
#9753 = CARTESIAN_POINT('',(70.516894165931,84.918257421554,
    38.02803758429));
#9754 = CARTESIAN_POINT('',(70.714696801177,84.50292946842,
    37.770894158471));
#9755 = CARTESIAN_POINT('',(70.805304568754,84.273492942925,
    37.65310406062));
#9756 = CARTESIAN_POINT('',(70.881062894821,84.032676495079,
    37.554618236733));
#9757 = CARTESIAN_POINT('',(70.939887466065,83.782131479549,
    37.478146294116));
#9758 = CARTESIAN_POINT('',(70.979963503299,83.524214625268,
    37.426047445712));
#9759 = CARTESIAN_POINT('',(71.,83.262098752341,37.4));
#9760 = CARTESIAN_POINT('',(71.,82.7321043413,37.4));
#9761 = CARTESIAN_POINT('',(70.979067415765,82.463873446561,
    37.427212359505));
#9762 = CARTESIAN_POINT('',(70.937109587466,82.19986854793,
    37.481757536295));
#9763 = CARTESIAN_POINT('',(70.875474545555,81.943534975222,
    37.561883090778));
#9764 = CARTESIAN_POINT('',(70.796102261554,81.69742931462,
    37.66506705998));
#9765 = CARTESIAN_POINT('',(70.701238015314,81.463336171117,
    37.788390580092));
#9766 = CARTESIAN_POINT('',(70.499624981602,81.051169979047,
    38.050487523918));
#9767 = CARTESIAN_POINT('',(70.396110933211,80.869630566903,
    38.185055786826));
#9768 = CARTESIAN_POINT('',(70.283890139817,80.698174285761,
    38.330942818238));
#9769 = CARTESIAN_POINT('',(70.164143991247,80.536944030681,
    38.486612811378));
#9770 = CARTESIAN_POINT('',(70.037912521553,80.385896151258,
    38.650713721981));
#9771 = CARTESIAN_POINT('',(69.906056244415,80.244861103608,
    38.822126882261));
#9772 = CARTESIAN_POINT('',(69.769230769231,80.113590301647,39.));
#9773 = PCURVE('',#4938,#9774);
#9774 = DEFINITIONAL_REPRESENTATION('',(#9775),#9823);
#9775 = B_SPLINE_CURVE_WITH_KNOTS('',3,(#9776,#9777,#9778,#9779,#9780,
    #9781,#9782,#9783,#9784,#9785,#9786,#9787,#9788,#9789,#9790,#9791,
    #9792,#9793,#9794,#9795,#9796,#9797,#9798,#9799,#9800,#9801,#9802,
    #9803,#9804,#9805,#9806,#9807,#9808,#9809,#9810,#9811,#9812,#9813,
    #9814,#9815,#9816,#9817,#9818,#9819,#9820,#9821,#9822),
  .UNSPECIFIED.,.F.,.F.,(4,1,1,1,1,1,1,1,1,1,1,1,1,1,1,1,1,1,1,1,1,1,1,1
    ,1,1,1,1,1,1,1,1,1,1,1,1,1,1,1,1,1,1,1,1,4),(2.238377437729E-07,
    4.53686219208E-02,9.073702000386E-02,0.136105418087,0.18147381617,
    0.226842214253,0.272210612336,0.317579010419,0.362947408502,
    0.408315806585,0.453684204668,0.499052602751,0.544421000834,
    0.589789398917,0.635157797001,0.680526195084,0.725894593167,
    0.77126299125,0.816631389333,0.861999787416,0.907368185499,
    0.952736583582,0.998104981665,1.043473379748,1.088841777831,
    1.134210175914,1.179578573997,1.22494697208,1.270315370163,
    1.315683768246,1.361052166329,1.406420564413,1.451788962496,
    1.497157360579,1.542525758662,1.587894156745,1.633262554828,
    1.678630952911,1.723999350994,1.769367749077,1.81473614716,
    1.860104545243,1.905472943326,1.950841341409,1.996209739492),
  .QUASI_UNIFORM_KNOTS.);
#9776 = CARTESIAN_POINT('',(86.492621779588,0.923076923077));
#9777 = CARTESIAN_POINT('',(86.455204667031,0.919958828963));
#9778 = CARTESIAN_POINT('',(86.379024729401,0.913788752406));
#9779 = CARTESIAN_POINT('',(86.260688942099,0.904746998803));
#9780 = CARTESIAN_POINT('',(86.138255427729,0.895933054706));
#9781 = CARTESIAN_POINT('',(86.01170320021,0.887363391191));
#9782 = CARTESIAN_POINT('',(85.881019596996,0.879055718802));
#9783 = CARTESIAN_POINT('',(85.746202220317,0.871029104397));
#9784 = CARTESIAN_POINT('',(85.607259761286,0.863303840357));
#9785 = CARTESIAN_POINT('',(85.464213129955,0.85590137312));
#9786 = CARTESIAN_POINT('',(85.317096817647,0.848844211022));
#9787 = CARTESIAN_POINT('',(85.165959390105,0.842155824544));
#9788 = CARTESIAN_POINT('',(85.01086762123,0.835860566635));
#9789 = CARTESIAN_POINT('',(84.851858590835,0.82998197511));
#9790 = CARTESIAN_POINT('',(84.689135216038,0.824549493013));
#9791 = CARTESIAN_POINT('',(84.522910655088,0.819591118631));
#9792 = CARTESIAN_POINT('',(84.353433259035,0.815134178686));
#9793 = CARTESIAN_POINT('',(84.180981916211,0.811204681174));
#9794 = CARTESIAN_POINT('',(84.005869544196,0.807827006679));
#9795 = CARTESIAN_POINT('',(83.82844486524,0.805023454989));
#9796 = CARTESIAN_POINT('',(83.649094406069,0.802813763923));
#9797 = CARTESIAN_POINT('',(83.468247073762,0.801214559008));
#9798 = CARTESIAN_POINT('',(83.286370221601,0.800238725606));
#9799 = CARTESIAN_POINT('',(83.103999466599,0.799894721513));
#9800 = CARTESIAN_POINT('',(82.921644570336,0.800185709466));
#9801 = CARTESIAN_POINT('',(82.739806611749,0.801110052706));
#9802 = CARTESIAN_POINT('',(82.55903885591,0.802660672073));
#9803 = CARTESIAN_POINT('',(82.379818084349,0.804825844452));
#9804 = CARTESIAN_POINT('',(82.202583540391,0.807589915198));
#9805 = CARTESIAN_POINT('',(82.02773060662,0.810933928626));
#9806 = CARTESIAN_POINT('',(81.855616068085,0.814836189675));
#9807 = CARTESIAN_POINT('',(81.686560045012,0.819272753063));
#9808 = CARTESIAN_POINT('',(81.52084766286,0.824217894394));
#9809 = CARTESIAN_POINT('',(81.358733355775,0.82964440191));
#9810 = CARTESIAN_POINT('',(81.200433394313,0.835524332558));
#9811 = CARTESIAN_POINT('',(81.046161610432,0.841827871837));
#9812 = CARTESIAN_POINT('',(80.895994289543,0.848529523792));
#9813 = CARTESIAN_POINT('',(80.749969599452,0.855605733914));
#9814 = CARTESIAN_POINT('',(80.608144582065,0.863032265372));
#9815 = CARTESIAN_POINT('',(80.470551354938,0.870786236722));
#9816 = CARTESIAN_POINT('',(80.337210610975,0.878845705253));
#9817 = CARTESIAN_POINT('',(80.208129644605,0.887189905039));
#9818 = CARTESIAN_POINT('',(80.083304511576,0.895799285956));
#9819 = CARTESIAN_POINT('',(79.962720698119,0.90465565956));
#9820 = CARTESIAN_POINT('',(79.846355218184,0.913742081973));
#9821 = CARTESIAN_POINT('',(79.77156781502,0.919943125518));
#9822 = CARTESIAN_POINT('',(79.73486637207,0.923076923077));
#9823 = ( GEOMETRIC_REPRESENTATION_CONTEXT(2) 
PARAMETRIC_REPRESENTATION_CONTEXT() REPRESENTATION_CONTEXT('2D SPACE',''
  ) );
#9824 = PCURVE('',#9825,#9830);
#9825 = CYLINDRICAL_SURFACE('',#9826,4.);
#9826 = AXIS2_PLACEMENT_3D('',#9827,#9828,#9829);
#9827 = CARTESIAN_POINT('',(67.,83.,30.85));
#9828 = DIRECTION('',(-0.,-0.,-1.));
#9829 = DIRECTION('',(1.,0.,0.));
#9830 = DEFINITIONAL_REPRESENTATION('',(#9831),#9879);
#9831 = B_SPLINE_CURVE_WITH_KNOTS('',3,(#9832,#9833,#9834,#9835,#9836,
    #9837,#9838,#9839,#9840,#9841,#9842,#9843,#9844,#9845,#9846,#9847,
    #9848,#9849,#9850,#9851,#9852,#9853,#9854,#9855,#9856,#9857,#9858,
    #9859,#9860,#9861,#9862,#9863,#9864,#9865,#9866,#9867,#9868,#9869,
    #9870,#9871,#9872,#9873,#9874,#9875,#9876,#9877,#9878),
  .UNSPECIFIED.,.F.,.F.,(4,1,1,1,1,1,1,1,1,1,1,1,1,1,1,1,1,1,1,1,1,1,1,1
    ,1,1,1,1,1,1,1,1,1,1,1,1,1,1,1,1,1,1,1,1,4),(2.238377437729E-07,
    4.53686219208E-02,9.073702000386E-02,0.136105418087,0.18147381617,
    0.226842214253,0.272210612336,0.317579010419,0.362947408502,
    0.408315806585,0.453684204668,0.499052602751,0.544421000834,
    0.589789398917,0.635157797001,0.680526195084,0.725894593167,
    0.77126299125,0.816631389333,0.861999787416,0.907368185499,
    0.952736583582,0.998104981665,1.043473379748,1.088841777831,
    1.134210175914,1.179578573997,1.22494697208,1.270315370163,
    1.315683768246,1.361052166329,1.406420564413,1.451788962496,
    1.497157360579,1.542525758662,1.587894156745,1.633262554828,
    1.678630952911,1.723999350994,1.769367749077,1.81473614716,
    1.860104545243,1.905472943326,1.950841341409,1.996209739492),
  .QUASI_UNIFORM_KNOTS.);
#9832 = CARTESIAN_POINT('',(-7.089299456112,-8.15));
#9833 = CARTESIAN_POINT('',(-7.078496489232,-8.109464776516));
#9834 = CARTESIAN_POINT('',(-7.056784817901,-8.029253781276));
#9835 = CARTESIAN_POINT('',(-7.023882941471,-7.911710984434));
#9836 = CARTESIAN_POINT('',(-6.990628892935,-7.797129711183));
#9837 = CARTESIAN_POINT('',(-6.95700713046,-7.685724085482));
#9838 = CARTESIAN_POINT('',(-6.923003472877,-7.577724344424));
#9839 = CARTESIAN_POINT('',(-6.888605244752,-7.473378357162));
#9840 = CARTESIAN_POINT('',(-6.853801175059,-7.372949924647));
#9841 = CARTESIAN_POINT('',(-6.818581382109,-7.276717850554));
#9842 = CARTESIAN_POINT('',(-6.782937421481,-7.184974743284));
#9843 = CARTESIAN_POINT('',(-6.746862169733,-7.098025719076));
#9844 = CARTESIAN_POINT('',(-6.71035048449,-7.016187366252));
#9845 = CARTESIAN_POINT('',(-6.673388028977,-6.939765676424));
#9846 = CARTESIAN_POINT('',(-6.635996230094,-6.869143409169));
#9847 = CARTESIAN_POINT('',(-6.598194972278,-6.804684542208));
#9848 = CARTESIAN_POINT('',(-6.560008556202,-6.746744322918));
#9849 = CARTESIAN_POINT('',(-6.521464578866,-6.695660855263));
#9850 = CARTESIAN_POINT('',(-6.48259482783,-6.651751086826));
#9851 = CARTESIAN_POINT('',(-6.443435816136,-6.615304914857));
#9852 = CARTESIAN_POINT('',(-6.404029454665,-6.586578931004));
#9853 = CARTESIAN_POINT('',(-6.364424375378,-6.565789267098));
#9854 = CARTESIAN_POINT('',(-6.324675510475,-6.553103432872));
#9855 = CARTESIAN_POINT('',(-6.284851173816,-6.548631379673));
#9856 = CARTESIAN_POINT('',(-6.245013253123,-6.55241422306));
#9857 = CARTESIAN_POINT('',(-6.205221750961,-6.564430685183));
#9858 = CARTESIAN_POINT('',(-6.165548920854,-6.584588736943));
#9859 = CARTESIAN_POINT('',(-6.126051907185,-6.612735977878));
#9860 = CARTESIAN_POINT('',(-6.086781819377,-6.648668897574));
#9861 = CARTESIAN_POINT('',(-6.047782791323,-6.692141072136));
#9862 = CARTESIAN_POINT('',(-6.009093458109,-6.742870465777));
#9863 = CARTESIAN_POINT('',(-5.97074761928,-6.800545789815));
#9864 = CARTESIAN_POINT('',(-5.932774751544,-6.864832627118));
#9865 = CARTESIAN_POINT('',(-5.895201100469,-6.935377224832));
#9866 = CARTESIAN_POINT('',(-5.85804789472,-7.011816323254));
#9867 = CARTESIAN_POINT('',(-5.821339875216,-7.093762333876));
#9868 = CARTESIAN_POINT('',(-5.78507278972,-7.18088380929));
#9869 = CARTESIAN_POINT('',(-5.749235532541,-7.272874540878));
#9870 = CARTESIAN_POINT('',(-5.713823868826,-7.369419449837));
#9871 = CARTESIAN_POINT('',(-5.678829695653,-7.470221077387));
#9872 = CARTESIAN_POINT('',(-5.644244009284,-7.574994168285));
#9873 = CARTESIAN_POINT('',(-5.610056151368,-7.683468765502));
#9874 = CARTESIAN_POINT('',(-5.576254029308,-7.795390717428));
#9875 = CARTESIAN_POINT('',(-5.542823966668,-7.910523574281));
#9876 = CARTESIAN_POINT('',(-5.509750878967,-8.028647065652));
#9877 = CARTESIAN_POINT('',(-5.487928529844,-8.109260631732));
#9878 = CARTESIAN_POINT('',(-5.477071158247,-8.15));
#9879 = ( GEOMETRIC_REPRESENTATION_CONTEXT(2) 
PARAMETRIC_REPRESENTATION_CONTEXT() REPRESENTATION_CONTEXT('2D SPACE',''
  ) );
#9880 = ADVANCED_FACE('',(#9881),#5169,.T.);
#9881 = FACE_BOUND('',#9882,.T.);
#9882 = EDGE_LOOP('',(#9883,#9884,#9906,#9907,#9908));
#9883 = ORIENTED_EDGE('',*,*,#5155,.T.);
#9884 = ORIENTED_EDGE('',*,*,#9885,.T.);
#9885 = EDGE_CURVE('',#4951,#9535,#9886,.T.);
#9886 = SURFACE_CURVE('',#9887,(#9892,#9899),.PCURVE_S1.);
#9887 = CIRCLE('',#9888,4.);
#9888 = AXIS2_PLACEMENT_3D('',#9889,#9890,#9891);
#9889 = CARTESIAN_POINT('',(67.,12.,39.));
#9890 = DIRECTION('',(0.,0.,1.));
#9891 = DIRECTION('',(-1.,0.,0.));
#9892 = PCURVE('',#5169,#9893);
#9893 = DEFINITIONAL_REPRESENTATION('',(#9894),#9898);
#9894 = CIRCLE('',#9895,4.);
#9895 = AXIS2_PLACEMENT_2D('',#9896,#9897);
#9896 = CARTESIAN_POINT('',(0.,-1.7763568394E-15));
#9897 = DIRECTION('',(-1.,0.));
#9898 = ( GEOMETRIC_REPRESENTATION_CONTEXT(2) 
PARAMETRIC_REPRESENTATION_CONTEXT() REPRESENTATION_CONTEXT('2D SPACE',''
  ) );
#9899 = PCURVE('',#5084,#9900);
#9900 = DEFINITIONAL_REPRESENTATION('',(#9901),#9905);
#9901 = LINE('',#9902,#9903);
#9902 = CARTESIAN_POINT('',(-3.14159265359,-8.15));
#9903 = VECTOR('',#9904,1.);
#9904 = DIRECTION('',(-1.,0.));
#9905 = ( GEOMETRIC_REPRESENTATION_CONTEXT(2) 
PARAMETRIC_REPRESENTATION_CONTEXT() REPRESENTATION_CONTEXT('2D SPACE',''
  ) );
#9906 = ORIENTED_EDGE('',*,*,#9534,.T.);
#9907 = ORIENTED_EDGE('',*,*,#5388,.T.);
#9908 = ORIENTED_EDGE('',*,*,#9909,.T.);
#9909 = EDGE_CURVE('',#5357,#5156,#9910,.T.);
#9910 = SURFACE_CURVE('',#9911,(#9916,#9927),.PCURVE_S1.);
#9911 = CIRCLE('',#9912,1.);
#9912 = AXIS2_PLACEMENT_3D('',#9913,#9914,#9915);
#9913 = CARTESIAN_POINT('',(67.,12.,39.));
#9914 = DIRECTION('',(0.,0.,-1.));
#9915 = DIRECTION('',(1.,0.,0.));
#9916 = PCURVE('',#5169,#9917);
#9917 = DEFINITIONAL_REPRESENTATION('',(#9918),#9926);
#9918 = ( BOUNDED_CURVE() B_SPLINE_CURVE(2,(#9919,#9920,#9921,#9922,
#9923,#9924,#9925),.UNSPECIFIED.,.T.,.F.) B_SPLINE_CURVE_WITH_KNOTS((1,2
    ,2,2,2,1),(-2.094395102393,0.,2.094395102393,4.188790204786,
6.28318530718,8.377580409573),.UNSPECIFIED.) CURVE() 
GEOMETRIC_REPRESENTATION_ITEM() RATIONAL_B_SPLINE_CURVE((1.,0.5,1.,0.5,
1.,0.5,1.)) REPRESENTATION_ITEM('') );
#9919 = CARTESIAN_POINT('',(1.,-1.7763568394E-15));
#9920 = CARTESIAN_POINT('',(1.,-1.732050807569));
#9921 = CARTESIAN_POINT('',(-0.5,-0.866025403784));
#9922 = CARTESIAN_POINT('',(-2.,-2.02128619923E-15));
#9923 = CARTESIAN_POINT('',(-0.5,0.866025403784));
#9924 = CARTESIAN_POINT('',(1.,1.732050807569));
#9925 = CARTESIAN_POINT('',(1.,-1.7763568394E-15));
#9926 = ( GEOMETRIC_REPRESENTATION_CONTEXT(2) 
PARAMETRIC_REPRESENTATION_CONTEXT() REPRESENTATION_CONTEXT('2D SPACE',''
  ) );
#9927 = PCURVE('',#5278,#9928);
#9928 = DEFINITIONAL_REPRESENTATION('',(#9929),#9933);
#9929 = LINE('',#9930,#9931);
#9930 = CARTESIAN_POINT('',(-6.28318530718,-8.3));
#9931 = VECTOR('',#9932,1.);
#9932 = DIRECTION('',(1.,-0.));
#9933 = ( GEOMETRIC_REPRESENTATION_CONTEXT(2) 
PARAMETRIC_REPRESENTATION_CONTEXT() REPRESENTATION_CONTEXT('2D SPACE',''
  ) );
#9934 = ADVANCED_FACE('',(#9935),#5278,.F.);
#9935 = FACE_BOUND('',#9936,.T.);
#9936 = EDGE_LOOP('',(#9937,#9938,#9961,#9992,#9993,#9994,#10016));
#9937 = ORIENTED_EDGE('',*,*,#9909,.F.);
#9938 = ORIENTED_EDGE('',*,*,#9939,.F.);
#9939 = EDGE_CURVE('',#9940,#5357,#9942,.T.);
#9940 = VERTEX_POINT('',#9941);
#9941 = CARTESIAN_POINT('',(68.,12.,30.85));
#9942 = SEAM_CURVE('',#9943,(#9947,#9954),.PCURVE_S1.);
#9943 = LINE('',#9944,#9945);
#9944 = CARTESIAN_POINT('',(68.,12.,30.7));
#9945 = VECTOR('',#9946,1.);
#9946 = DIRECTION('',(0.,0.,1.));
#9947 = PCURVE('',#5278,#9948);
#9948 = DEFINITIONAL_REPRESENTATION('',(#9949),#9953);
#9949 = LINE('',#9950,#9951);
#9950 = CARTESIAN_POINT('',(-0.,0.));
#9951 = VECTOR('',#9952,1.);
#9952 = DIRECTION('',(-0.,-1.));
#9953 = ( GEOMETRIC_REPRESENTATION_CONTEXT(2) 
PARAMETRIC_REPRESENTATION_CONTEXT() REPRESENTATION_CONTEXT('2D SPACE',''
  ) );
#9954 = PCURVE('',#5278,#9955);
#9955 = DEFINITIONAL_REPRESENTATION('',(#9956),#9960);
#9956 = LINE('',#9957,#9958);
#9957 = CARTESIAN_POINT('',(-6.28318530718,0.));
#9958 = VECTOR('',#9959,1.);
#9959 = DIRECTION('',(-0.,-1.));
#9960 = ( GEOMETRIC_REPRESENTATION_CONTEXT(2) 
PARAMETRIC_REPRESENTATION_CONTEXT() REPRESENTATION_CONTEXT('2D SPACE',''
  ) );
#9961 = ORIENTED_EDGE('',*,*,#9962,.T.);
#9962 = EDGE_CURVE('',#9940,#9940,#9963,.T.);
#9963 = SURFACE_CURVE('',#9964,(#9969,#9976),.PCURVE_S1.);
#9964 = CIRCLE('',#9965,1.);
#9965 = AXIS2_PLACEMENT_3D('',#9966,#9967,#9968);
#9966 = CARTESIAN_POINT('',(67.,12.,30.85));
#9967 = DIRECTION('',(0.,0.,-1.));
#9968 = DIRECTION('',(1.,0.,0.));
#9969 = PCURVE('',#5278,#9970);
#9970 = DEFINITIONAL_REPRESENTATION('',(#9971),#9975);
#9971 = LINE('',#9972,#9973);
#9972 = CARTESIAN_POINT('',(-6.28318530718,-0.15));
#9973 = VECTOR('',#9974,1.);
#9974 = DIRECTION('',(1.,-0.));
#9975 = ( GEOMETRIC_REPRESENTATION_CONTEXT(2) 
PARAMETRIC_REPRESENTATION_CONTEXT() REPRESENTATION_CONTEXT('2D SPACE',''
  ) );
#9976 = PCURVE('',#9977,#9982);
#9977 = PLANE('',#9978);
#9978 = AXIS2_PLACEMENT_3D('',#9979,#9980,#9981);
#9979 = CARTESIAN_POINT('',(67.,12.,30.85));
#9980 = DIRECTION('',(0.,0.,1.));
#9981 = DIRECTION('',(1.,0.,-0.));
#9982 = DEFINITIONAL_REPRESENTATION('',(#9983),#9991);
#9983 = ( BOUNDED_CURVE() B_SPLINE_CURVE(2,(#9984,#9985,#9986,#9987,
#9988,#9989,#9990),.UNSPECIFIED.,.T.,.F.) B_SPLINE_CURVE_WITH_KNOTS((1,2
    ,2,2,2,1),(-2.094395102393,0.,2.094395102393,4.188790204786,
6.28318530718,8.377580409573),.UNSPECIFIED.) CURVE() 
GEOMETRIC_REPRESENTATION_ITEM() RATIONAL_B_SPLINE_CURVE((1.,0.5,1.,0.5,
1.,0.5,1.)) REPRESENTATION_ITEM('') );
#9984 = CARTESIAN_POINT('',(1.,-1.7763568394E-15));
#9985 = CARTESIAN_POINT('',(1.,-1.732050807569));
#9986 = CARTESIAN_POINT('',(-0.5,-0.866025403784));
#9987 = CARTESIAN_POINT('',(-2.,-2.02128619923E-15));
#9988 = CARTESIAN_POINT('',(-0.5,0.866025403784));
#9989 = CARTESIAN_POINT('',(1.,1.732050807569));
#9990 = CARTESIAN_POINT('',(1.,-1.7763568394E-15));
#9991 = ( GEOMETRIC_REPRESENTATION_CONTEXT(2) 
PARAMETRIC_REPRESENTATION_CONTEXT() REPRESENTATION_CONTEXT('2D SPACE',''
  ) );
#9992 = ORIENTED_EDGE('',*,*,#9939,.T.);
#9993 = ORIENTED_EDGE('',*,*,#5356,.F.);
#9994 = ORIENTED_EDGE('',*,*,#9995,.T.);
#9995 = EDGE_CURVE('',#5332,#5181,#9996,.T.);
#9996 = SURFACE_CURVE('',#9997,(#10002,#10009),.PCURVE_S1.);
#9997 = CIRCLE('',#9998,1.);
#9998 = AXIS2_PLACEMENT_3D('',#9999,#10000,#10001);
#9999 = CARTESIAN_POINT('',(67.,12.,39.3));
#10000 = DIRECTION('',(0.,0.,1.));
#10001 = DIRECTION('',(1.,0.,0.));
#10002 = PCURVE('',#5278,#10003);
#10003 = DEFINITIONAL_REPRESENTATION('',(#10004),#10008);
#10004 = LINE('',#10005,#10006);
#10005 = CARTESIAN_POINT('',(-0.,-8.6));
#10006 = VECTOR('',#10007,1.);
#10007 = DIRECTION('',(-1.,0.));
#10008 = ( GEOMETRIC_REPRESENTATION_CONTEXT(2) 
PARAMETRIC_REPRESENTATION_CONTEXT() REPRESENTATION_CONTEXT('2D SPACE',''
  ) );
#10009 = PCURVE('',#5345,#10010);
#10010 = DEFINITIONAL_REPRESENTATION('',(#10011),#10015);
#10011 = CIRCLE('',#10012,1.);
#10012 = AXIS2_PLACEMENT_2D('',#10013,#10014);
#10013 = CARTESIAN_POINT('',(0.,-1.7763568394E-15));
#10014 = DIRECTION('',(1.,0.));
#10015 = ( GEOMETRIC_REPRESENTATION_CONTEXT(2) 
PARAMETRIC_REPRESENTATION_CONTEXT() REPRESENTATION_CONTEXT('2D SPACE',''
  ) );
#10016 = ORIENTED_EDGE('',*,*,#5180,.F.);
#10017 = ADVANCED_FACE('',(#10018),#5345,.F.);
#10018 = FACE_BOUND('',#10019,.F.);
#10019 = EDGE_LOOP('',(#10020,#10021));
#10020 = ORIENTED_EDGE('',*,*,#5331,.F.);
#10021 = ORIENTED_EDGE('',*,*,#9995,.T.);
#10022 = ADVANCED_FACE('',(#10023),#5084,.T.);
#10023 = FACE_BOUND('',#10024,.F.);
#10024 = EDGE_LOOP('',(#10025,#10026,#10027));
#10025 = ORIENTED_EDGE('',*,*,#9885,.T.);
#10026 = ORIENTED_EDGE('',*,*,#9554,.T.);
#10027 = ORIENTED_EDGE('',*,*,#4950,.T.);
#10028 = ADVANCED_FACE('',(#10029),#6439,.T.);
#10029 = FACE_BOUND('',#10030,.T.);
#10030 = EDGE_LOOP('',(#10031,#10056,#10084,#10106,#10107));
#10031 = ORIENTED_EDGE('',*,*,#10032,.F.);
#10032 = EDGE_CURVE('',#10033,#8604,#10035,.T.);
#10033 = VERTEX_POINT('',#10034);
#10034 = CARTESIAN_POINT('',(0.,95.,25.));
#10035 = SURFACE_CURVE('',#10036,(#10039,#10045),.PCURVE_S1.);
#10036 = B_SPLINE_CURVE_WITH_KNOTS('',1,(#10037,#10038),.UNSPECIFIED.,
  .F.,.F.,(2,2),(0.,1.),.PIECEWISE_BEZIER_KNOTS.);
#10037 = CARTESIAN_POINT('',(0.,95.,25.));
#10038 = CARTESIAN_POINT('',(0.,95.,27.));
#10039 = PCURVE('',#6439,#10040);
#10040 = DEFINITIONAL_REPRESENTATION('',(#10041),#10044);
#10041 = B_SPLINE_CURVE_WITH_KNOTS('',1,(#10042,#10043),.UNSPECIFIED.,
  .F.,.F.,(2,2),(0.,1.),.PIECEWISE_BEZIER_KNOTS.);
#10042 = CARTESIAN_POINT('',(0.,-2.));
#10043 = CARTESIAN_POINT('',(0.,0.));
#10044 = ( GEOMETRIC_REPRESENTATION_CONTEXT(2) 
PARAMETRIC_REPRESENTATION_CONTEXT() REPRESENTATION_CONTEXT('2D SPACE',''
  ) );
#10045 = PCURVE('',#10046,#10051);
#10046 = PLANE('',#10047);
#10047 = AXIS2_PLACEMENT_3D('',#10048,#10049,#10050);
#10048 = CARTESIAN_POINT('',(79.,95.,27.));
#10049 = DIRECTION('',(0.,1.,-0.));
#10050 = DIRECTION('',(-1.,0.,0.));
#10051 = DEFINITIONAL_REPRESENTATION('',(#10052),#10055);
#10052 = B_SPLINE_CURVE_WITH_KNOTS('',1,(#10053,#10054),.UNSPECIFIED.,
  .F.,.F.,(2,2),(0.,1.),.PIECEWISE_BEZIER_KNOTS.);
#10053 = CARTESIAN_POINT('',(79.,-2.));
#10054 = CARTESIAN_POINT('',(79.,0.));
#10055 = ( GEOMETRIC_REPRESENTATION_CONTEXT(2) 
PARAMETRIC_REPRESENTATION_CONTEXT() REPRESENTATION_CONTEXT('2D SPACE',''
  ) );
#10056 = ORIENTED_EDGE('',*,*,#10057,.T.);
#10057 = EDGE_CURVE('',#10033,#10058,#10060,.T.);
#10058 = VERTEX_POINT('',#10059);
#10059 = CARTESIAN_POINT('',(0.,1.748999599679,25.));
#10060 = SURFACE_CURVE('',#10061,(#10065,#10072),.PCURVE_S1.);
#10061 = LINE('',#10062,#10063);
#10062 = CARTESIAN_POINT('',(0.,95.,25.));
#10063 = VECTOR('',#10064,1.);
#10064 = DIRECTION('',(0.,-1.,0.));
#10065 = PCURVE('',#6439,#10066);
#10066 = DEFINITIONAL_REPRESENTATION('',(#10067),#10071);
#10067 = LINE('',#10068,#10069);
#10068 = CARTESIAN_POINT('',(0.,-2.));
#10069 = VECTOR('',#10070,1.);
#10070 = DIRECTION('',(1.,0.));
#10071 = ( GEOMETRIC_REPRESENTATION_CONTEXT(2) 
PARAMETRIC_REPRESENTATION_CONTEXT() REPRESENTATION_CONTEXT('2D SPACE',''
  ) );
#10072 = PCURVE('',#10073,#10078);
#10073 = PLANE('',#10074);
#10074 = AXIS2_PLACEMENT_3D('',#10075,#10076,#10077);
#10075 = CARTESIAN_POINT('',(0.,0.,25.));
#10076 = DIRECTION('',(0.,0.,-1.));
#10077 = DIRECTION('',(0.639387972132,0.768884270286,0.));
#10078 = DEFINITIONAL_REPRESENTATION('',(#10079),#10083);
#10079 = LINE('',#10080,#10081);
#10080 = CARTESIAN_POINT('',(73.044005677132,-60.74185735256));
#10081 = VECTOR('',#10082,1.);
#10082 = DIRECTION('',(-0.768884270286,0.639387972132));
#10083 = ( GEOMETRIC_REPRESENTATION_CONTEXT(2) 
PARAMETRIC_REPRESENTATION_CONTEXT() REPRESENTATION_CONTEXT('2D SPACE',''
  ) );
#10084 = ORIENTED_EDGE('',*,*,#10085,.F.);
#10085 = EDGE_CURVE('',#6423,#10058,#10086,.T.);
#10086 = SURFACE_CURVE('',#10087,(#10092,#10099),.PCURVE_S1.);
#10087 = CIRCLE('',#10088,1.6);
#10088 = AXIS2_PLACEMENT_3D('',#10089,#10090,#10091);
#10089 = CARTESIAN_POINT('',(0.,0.5,26.));
#10090 = DIRECTION('',(-1.,0.,0.));
#10091 = DIRECTION('',(0.,1.,0.));
#10092 = PCURVE('',#6439,#10093);
#10093 = DEFINITIONAL_REPRESENTATION('',(#10094),#10098);
#10094 = CIRCLE('',#10095,1.6);
#10095 = AXIS2_PLACEMENT_2D('',#10096,#10097);
#10096 = CARTESIAN_POINT('',(94.5,-1.));
#10097 = DIRECTION('',(-1.,0.));
#10098 = ( GEOMETRIC_REPRESENTATION_CONTEXT(2) 
PARAMETRIC_REPRESENTATION_CONTEXT() REPRESENTATION_CONTEXT('2D SPACE',''
  ) );
#10099 = PCURVE('',#6467,#10100);
#10100 = DEFINITIONAL_REPRESENTATION('',(#10101),#10105);
#10101 = LINE('',#10102,#10103);
#10102 = CARTESIAN_POINT('',(-6.28318530718,-1.));
#10103 = VECTOR('',#10104,1.);
#10104 = DIRECTION('',(1.,-0.));
#10105 = ( GEOMETRIC_REPRESENTATION_CONTEXT(2) 
PARAMETRIC_REPRESENTATION_CONTEXT() REPRESENTATION_CONTEXT('2D SPACE',''
  ) );
#10106 = ORIENTED_EDGE('',*,*,#6420,.F.);
#10107 = ORIENTED_EDGE('',*,*,#8603,.F.);
#10108 = ADVANCED_FACE('',(#10109),#6467,.F.);
#10109 = FACE_BOUND('',#10110,.T.);
#10110 = EDGE_LOOP('',(#10111,#10112,#10133,#10166,#10192,#10214));
#10111 = ORIENTED_EDGE('',*,*,#10085,.T.);
#10112 = ORIENTED_EDGE('',*,*,#10113,.F.);
#10113 = EDGE_CURVE('',#10114,#10058,#10116,.T.);
#10114 = VERTEX_POINT('',#10115);
#10115 = CARTESIAN_POINT('',(3.6,1.74899959968,25.));
#10116 = SURFACE_CURVE('',#10117,(#10121,#10127),.PCURVE_S1.);
#10117 = LINE('',#10118,#10119);
#10118 = CARTESIAN_POINT('',(-1.,1.74899959968,25.));
#10119 = VECTOR('',#10120,1.);
#10120 = DIRECTION('',(-1.,-0.,-0.));
#10121 = PCURVE('',#6467,#10122);
#10122 = DEFINITIONAL_REPRESENTATION('',(#10123),#10126);
#10123 = B_SPLINE_CURVE_WITH_KNOTS('',1,(#10124,#10125),.UNSPECIFIED.,
  .F.,.F.,(2,2),(-81.0000006,5.999999999062E-07),
  .PIECEWISE_BEZIER_KNOTS.);
#10124 = CARTESIAN_POINT('',(-5.608053774243,-81.0000006));
#10125 = CARTESIAN_POINT('',(-5.608053774243,5.999999999062E-07));
#10126 = ( GEOMETRIC_REPRESENTATION_CONTEXT(2) 
PARAMETRIC_REPRESENTATION_CONTEXT() REPRESENTATION_CONTEXT('2D SPACE',''
  ) );
#10127 = PCURVE('',#10073,#10128);
#10128 = DEFINITIONAL_REPRESENTATION('',(#10129),#10132);
#10129 = B_SPLINE_CURVE_WITH_KNOTS('',1,(#10130,#10131),.UNSPECIFIED.,
  .F.,.F.,(2,2),(-81.0000006,5.999999999062E-07),
  .PIECEWISE_BEZIER_KNOTS.);
#10130 = CARTESIAN_POINT('',(52.495816435141,60.39245277688));
#10131 = CARTESIAN_POINT('',(0.705389925165,-1.887174038915));
#10132 = ( GEOMETRIC_REPRESENTATION_CONTEXT(2) 
PARAMETRIC_REPRESENTATION_CONTEXT() REPRESENTATION_CONTEXT('2D SPACE',''
  ) );
#10133 = ORIENTED_EDGE('',*,*,#10134,.F.);
#10134 = EDGE_CURVE('',#10135,#10114,#10137,.T.);
#10135 = VERTEX_POINT('',#10136);
#10136 = CARTESIAN_POINT('',(3.6,2.,25.443223563717));
#10137 = SURFACE_CURVE('',#10138,(#10143,#10150),.PCURVE_S1.);
#10138 = CIRCLE('',#10139,1.6);
#10139 = AXIS2_PLACEMENT_3D('',#10140,#10141,#10142);
#10140 = CARTESIAN_POINT('',(3.6,0.5,26.));
#10141 = DIRECTION('',(-1.,0.,0.));
#10142 = DIRECTION('',(0.,1.,0.));
#10143 = PCURVE('',#6467,#10144);
#10144 = DEFINITIONAL_REPRESENTATION('',(#10145),#10149);
#10145 = LINE('',#10146,#10147);
#10146 = CARTESIAN_POINT('',(-6.28318530718,-4.6));
#10147 = VECTOR('',#10148,1.);
#10148 = DIRECTION('',(1.,-0.));
#10149 = ( GEOMETRIC_REPRESENTATION_CONTEXT(2) 
PARAMETRIC_REPRESENTATION_CONTEXT() REPRESENTATION_CONTEXT('2D SPACE',''
  ) );
#10150 = PCURVE('',#10151,#10156);
#10151 = PLANE('',#10152);
#10152 = AXIS2_PLACEMENT_3D('',#10153,#10154,#10155);
#10153 = CARTESIAN_POINT('',(3.6,-0.15,24.85));
#10154 = DIRECTION('',(1.,0.,0.));
#10155 = DIRECTION('',(0.,0.,1.));
#10156 = DEFINITIONAL_REPRESENTATION('',(#10157),#10165);
#10157 = ( BOUNDED_CURVE() B_SPLINE_CURVE(2,(#10158,#10159,#10160,#10161
    ,#10162,#10163,#10164),.UNSPECIFIED.,.T.,.F.) 
B_SPLINE_CURVE_WITH_KNOTS((1,2,2,2,2,1),(-2.094395102393,0.,
    2.094395102393,4.188790204786,6.28318530718,8.377580409573),
.UNSPECIFIED.) CURVE() GEOMETRIC_REPRESENTATION_ITEM() 
RATIONAL_B_SPLINE_CURVE((1.,0.5,1.,0.5,1.,0.5,1.)) REPRESENTATION_ITEM(
  '') );
#10158 = CARTESIAN_POINT('',(1.15,-2.25));
#10159 = CARTESIAN_POINT('',(-1.62128129211,-2.25));
#10160 = CARTESIAN_POINT('',(-0.235640646055,0.15));
#10161 = CARTESIAN_POINT('',(1.15,2.55));
#10162 = CARTESIAN_POINT('',(2.535640646055,0.15));
#10163 = CARTESIAN_POINT('',(3.92128129211,-2.25));
#10164 = CARTESIAN_POINT('',(1.15,-2.25));
#10165 = ( GEOMETRIC_REPRESENTATION_CONTEXT(2) 
PARAMETRIC_REPRESENTATION_CONTEXT() REPRESENTATION_CONTEXT('2D SPACE',''
  ) );
#10166 = ORIENTED_EDGE('',*,*,#10167,.T.);
#10167 = EDGE_CURVE('',#10135,#10168,#10170,.T.);
#10168 = VERTEX_POINT('',#10169);
#10169 = CARTESIAN_POINT('',(2.,2.,25.443223563717));
#10170 = SURFACE_CURVE('',#10171,(#10175,#10181),.PCURVE_S1.);
#10171 = LINE('',#10172,#10173);
#10172 = CARTESIAN_POINT('',(-1.,2.,25.443223563717));
#10173 = VECTOR('',#10174,1.);
#10174 = DIRECTION('',(-1.,-0.,-0.));
#10175 = PCURVE('',#6467,#10176);
#10176 = DEFINITIONAL_REPRESENTATION('',(#10177),#10180);
#10177 = B_SPLINE_CURVE_WITH_KNOTS('',1,(#10178,#10179),.UNSPECIFIED.,
  .F.,.F.,(2,2),(-4.76,-2.84),.PIECEWISE_BEZIER_KNOTS.);
#10178 = CARTESIAN_POINT('',(-5.927764105489,-4.76));
#10179 = CARTESIAN_POINT('',(-5.927764105489,-2.84));
#10180 = ( GEOMETRIC_REPRESENTATION_CONTEXT(2) 
PARAMETRIC_REPRESENTATION_CONTEXT() REPRESENTATION_CONTEXT('2D SPACE',''
  ) );
#10181 = PCURVE('',#10182,#10187);
#10182 = PLANE('',#10183);
#10183 = AXIS2_PLACEMENT_3D('',#10184,#10185,#10186);
#10184 = CARTESIAN_POINT('',(2.,2.,27.));
#10185 = DIRECTION('',(0.,-1.,0.));
#10186 = DIRECTION('',(1.,0.,0.));
#10187 = DEFINITIONAL_REPRESENTATION('',(#10188),#10191);
#10188 = B_SPLINE_CURVE_WITH_KNOTS('',1,(#10189,#10190),.UNSPECIFIED.,
  .F.,.F.,(2,2),(-4.76,-2.84),.PIECEWISE_BEZIER_KNOTS.);
#10189 = CARTESIAN_POINT('',(1.76,-1.556776436283));
#10190 = CARTESIAN_POINT('',(-0.16,-1.556776436283));
#10191 = ( GEOMETRIC_REPRESENTATION_CONTEXT(2) 
PARAMETRIC_REPRESENTATION_CONTEXT() REPRESENTATION_CONTEXT('2D SPACE',''
  ) );
#10192 = ORIENTED_EDGE('',*,*,#10193,.F.);
#10193 = EDGE_CURVE('',#6452,#10168,#10194,.T.);
#10194 = SURFACE_CURVE('',#10195,(#10200,#10207),.PCURVE_S1.);
#10195 = CIRCLE('',#10196,1.6);
#10196 = AXIS2_PLACEMENT_3D('',#10197,#10198,#10199);
#10197 = CARTESIAN_POINT('',(2.,0.5,26.));
#10198 = DIRECTION('',(-1.,0.,0.));
#10199 = DIRECTION('',(0.,1.,0.));
#10200 = PCURVE('',#6467,#10201);
#10201 = DEFINITIONAL_REPRESENTATION('',(#10202),#10206);
#10202 = LINE('',#10203,#10204);
#10203 = CARTESIAN_POINT('',(-6.28318530718,-3.));
#10204 = VECTOR('',#10205,1.);
#10205 = DIRECTION('',(1.,-0.));
#10206 = ( GEOMETRIC_REPRESENTATION_CONTEXT(2) 
PARAMETRIC_REPRESENTATION_CONTEXT() REPRESENTATION_CONTEXT('2D SPACE',''
  ) );
#10207 = PCURVE('',#6496,#10208);
#10208 = DEFINITIONAL_REPRESENTATION('',(#10209),#10213);
#10209 = CIRCLE('',#10210,1.6);
#10210 = AXIS2_PLACEMENT_2D('',#10211,#10212);
#10211 = CARTESIAN_POINT('',(92.5,-1.));
#10212 = DIRECTION('',(-1.,0.));
#10213 = ( GEOMETRIC_REPRESENTATION_CONTEXT(2) 
PARAMETRIC_REPRESENTATION_CONTEXT() REPRESENTATION_CONTEXT('2D SPACE',''
  ) );
#10214 = ORIENTED_EDGE('',*,*,#6451,.F.);
#10215 = ADVANCED_FACE('',(#10216),#6496,.F.);
#10216 = FACE_BOUND('',#10217,.F.);
#10217 = EDGE_LOOP('',(#10218,#10245,#10266,#10284,#10285,#10286,#10306)
  );
#10218 = ORIENTED_EDGE('',*,*,#10219,.F.);
#10219 = EDGE_CURVE('',#10220,#10222,#10224,.T.);
#10220 = VERTEX_POINT('',#10221);
#10221 = CARTESIAN_POINT('',(2.,93.,25.));
#10222 = VERTEX_POINT('',#10223);
#10223 = CARTESIAN_POINT('',(2.,93.,27.));
#10224 = SURFACE_CURVE('',#10225,(#10228,#10234),.PCURVE_S1.);
#10225 = B_SPLINE_CURVE_WITH_KNOTS('',1,(#10226,#10227),.UNSPECIFIED.,
  .F.,.F.,(2,2),(0.,1.),.PIECEWISE_BEZIER_KNOTS.);
#10226 = CARTESIAN_POINT('',(2.,93.,24.85));
#10227 = CARTESIAN_POINT('',(2.,93.,27.));
#10228 = PCURVE('',#6496,#10229);
#10229 = DEFINITIONAL_REPRESENTATION('',(#10230),#10233);
#10230 = B_SPLINE_CURVE_WITH_KNOTS('',1,(#10231,#10232),.UNSPECIFIED.,
  .F.,.F.,(2,2),(0.,1.),.PIECEWISE_BEZIER_KNOTS.);
#10231 = CARTESIAN_POINT('',(0.,-2.15));
#10232 = CARTESIAN_POINT('',(0.,0.));
#10233 = ( GEOMETRIC_REPRESENTATION_CONTEXT(2) 
PARAMETRIC_REPRESENTATION_CONTEXT() REPRESENTATION_CONTEXT('2D SPACE',''
  ) );
#10234 = PCURVE('',#10235,#10240);
#10235 = PLANE('',#10236);
#10236 = AXIS2_PLACEMENT_3D('',#10237,#10238,#10239);
#10237 = CARTESIAN_POINT('',(77.,93.,27.));
#10238 = DIRECTION('',(0.,1.,-0.));
#10239 = DIRECTION('',(-1.,0.,0.));
#10240 = DEFINITIONAL_REPRESENTATION('',(#10241),#10244);
#10241 = B_SPLINE_CURVE_WITH_KNOTS('',1,(#10242,#10243),.UNSPECIFIED.,
  .F.,.F.,(2,2),(0.,1.),.PIECEWISE_BEZIER_KNOTS.);
#10242 = CARTESIAN_POINT('',(75.,-2.15));
#10243 = CARTESIAN_POINT('',(75.,0.));
#10244 = ( GEOMETRIC_REPRESENTATION_CONTEXT(2) 
PARAMETRIC_REPRESENTATION_CONTEXT() REPRESENTATION_CONTEXT('2D SPACE',''
  ) );
#10245 = ORIENTED_EDGE('',*,*,#10246,.F.);
#10246 = EDGE_CURVE('',#10247,#10220,#10249,.T.);
#10247 = VERTEX_POINT('',#10248);
#10248 = CARTESIAN_POINT('',(2.,2.,25.));
#10249 = SURFACE_CURVE('',#10250,(#10254,#10260),.PCURVE_S1.);
#10250 = LINE('',#10251,#10252);
#10251 = CARTESIAN_POINT('',(2.,46.5,25.));
#10252 = VECTOR('',#10253,1.);
#10253 = DIRECTION('',(0.,1.,0.));
#10254 = PCURVE('',#6496,#10255);
#10255 = DEFINITIONAL_REPRESENTATION('',(#10256),#10259);
#10256 = B_SPLINE_CURVE_WITH_KNOTS('',1,(#10257,#10258),.UNSPECIFIED.,
  .F.,.F.,(2,2),(-44.5,46.5),.PIECEWISE_BEZIER_KNOTS.);
#10257 = CARTESIAN_POINT('',(91.,-2.));
#10258 = CARTESIAN_POINT('',(0.,-2.));
#10259 = ( GEOMETRIC_REPRESENTATION_CONTEXT(2) 
PARAMETRIC_REPRESENTATION_CONTEXT() REPRESENTATION_CONTEXT('2D SPACE',''
  ) );
#10260 = PCURVE('',#10073,#10261);
#10261 = DEFINITIONAL_REPRESENTATION('',(#10262),#10265);
#10262 = B_SPLINE_CURVE_WITH_KNOTS('',1,(#10263,#10264),.UNSPECIFIED.,
  .F.,.F.,(2,2),(-44.5,46.5),.PIECEWISE_BEZIER_KNOTS.);
#10263 = CARTESIAN_POINT('',(2.816544484836,0.258992596307));
#10264 = CARTESIAN_POINT('',(72.785013080826,-57.92531286772));
#10265 = ( GEOMETRIC_REPRESENTATION_CONTEXT(2) 
PARAMETRIC_REPRESENTATION_CONTEXT() REPRESENTATION_CONTEXT('2D SPACE',''
  ) );
#10266 = ORIENTED_EDGE('',*,*,#10267,.T.);
#10267 = EDGE_CURVE('',#10247,#10168,#10268,.T.);
#10268 = SURFACE_CURVE('',#10269,(#10272,#10278),.PCURVE_S1.);
#10269 = B_SPLINE_CURVE_WITH_KNOTS('',1,(#10270,#10271),.UNSPECIFIED.,
  .F.,.F.,(2,2),(0.,1.),.PIECEWISE_BEZIER_KNOTS.);
#10270 = CARTESIAN_POINT('',(2.,2.,24.85));
#10271 = CARTESIAN_POINT('',(2.,2.,27.));
#10272 = PCURVE('',#6496,#10273);
#10273 = DEFINITIONAL_REPRESENTATION('',(#10274),#10277);
#10274 = B_SPLINE_CURVE_WITH_KNOTS('',1,(#10275,#10276),.UNSPECIFIED.,
  .F.,.F.,(2,2),(0.,1.),.PIECEWISE_BEZIER_KNOTS.);
#10275 = CARTESIAN_POINT('',(91.,-2.15));
#10276 = CARTESIAN_POINT('',(91.,0.));
#10277 = ( GEOMETRIC_REPRESENTATION_CONTEXT(2) 
PARAMETRIC_REPRESENTATION_CONTEXT() REPRESENTATION_CONTEXT('2D SPACE',''
  ) );
#10278 = PCURVE('',#10182,#10279);
#10279 = DEFINITIONAL_REPRESENTATION('',(#10280),#10283);
#10280 = B_SPLINE_CURVE_WITH_KNOTS('',1,(#10281,#10282),.UNSPECIFIED.,
  .F.,.F.,(2,2),(0.,1.),.PIECEWISE_BEZIER_KNOTS.);
#10281 = CARTESIAN_POINT('',(0.,-2.15));
#10282 = CARTESIAN_POINT('',(0.,0.));
#10283 = ( GEOMETRIC_REPRESENTATION_CONTEXT(2) 
PARAMETRIC_REPRESENTATION_CONTEXT() REPRESENTATION_CONTEXT('2D SPACE',''
  ) );
#10284 = ORIENTED_EDGE('',*,*,#10193,.F.);
#10285 = ORIENTED_EDGE('',*,*,#6479,.F.);
#10286 = ORIENTED_EDGE('',*,*,#10287,.T.);
#10287 = EDGE_CURVE('',#6480,#10288,#10290,.T.);
#10288 = VERTEX_POINT('',#10289);
#10289 = CARTESIAN_POINT('',(2.,2.,27.));
#10290 = SURFACE_CURVE('',#10291,(#10294,#10300),.PCURVE_S1.);
#10291 = B_SPLINE_CURVE_WITH_KNOTS('',1,(#10292,#10293),.UNSPECIFIED.,
  .F.,.F.,(2,2),(0.,1.),.PIECEWISE_BEZIER_KNOTS.);
#10292 = CARTESIAN_POINT('',(2.,2.,24.85));
#10293 = CARTESIAN_POINT('',(2.,2.,27.));
#10294 = PCURVE('',#6496,#10295);
#10295 = DEFINITIONAL_REPRESENTATION('',(#10296),#10299);
#10296 = B_SPLINE_CURVE_WITH_KNOTS('',1,(#10297,#10298),.UNSPECIFIED.,
  .F.,.F.,(2,2),(0.,1.),.PIECEWISE_BEZIER_KNOTS.);
#10297 = CARTESIAN_POINT('',(91.,-2.15));
#10298 = CARTESIAN_POINT('',(91.,0.));
#10299 = ( GEOMETRIC_REPRESENTATION_CONTEXT(2) 
PARAMETRIC_REPRESENTATION_CONTEXT() REPRESENTATION_CONTEXT('2D SPACE',''
  ) );
#10300 = PCURVE('',#6523,#10301);
#10301 = DEFINITIONAL_REPRESENTATION('',(#10302),#10305);
#10302 = B_SPLINE_CURVE_WITH_KNOTS('',1,(#10303,#10304),.UNSPECIFIED.,
  .F.,.F.,(2,2),(0.,1.),.PIECEWISE_BEZIER_KNOTS.);
#10303 = CARTESIAN_POINT('',(0.,-2.15));
#10304 = CARTESIAN_POINT('',(0.,0.));
#10305 = ( GEOMETRIC_REPRESENTATION_CONTEXT(2) 
PARAMETRIC_REPRESENTATION_CONTEXT() REPRESENTATION_CONTEXT('2D SPACE',''
  ) );
#10306 = ORIENTED_EDGE('',*,*,#10307,.F.);
#10307 = EDGE_CURVE('',#10222,#10288,#10308,.T.);
#10308 = SURFACE_CURVE('',#10309,(#10313,#10320),.PCURVE_S1.);
#10309 = LINE('',#10310,#10311);
#10310 = CARTESIAN_POINT('',(2.,93.,27.));
#10311 = VECTOR('',#10312,1.);
#10312 = DIRECTION('',(0.,-1.,0.));
#10313 = PCURVE('',#6496,#10314);
#10314 = DEFINITIONAL_REPRESENTATION('',(#10315),#10319);
#10315 = LINE('',#10316,#10317);
#10316 = CARTESIAN_POINT('',(0.,0.));
#10317 = VECTOR('',#10318,1.);
#10318 = DIRECTION('',(1.,0.));
#10319 = ( GEOMETRIC_REPRESENTATION_CONTEXT(2) 
PARAMETRIC_REPRESENTATION_CONTEXT() REPRESENTATION_CONTEXT('2D SPACE',''
  ) );
#10320 = PCURVE('',#10321,#10326);
#10321 = B_SPLINE_SURFACE_WITH_KNOTS('',1,1,(
    (#10322,#10323)
    ,(#10324,#10325
    )),.UNSPECIFIED.,.F.,.F.,.F.,(2,2),(2,2),(0.,91.),(0.,1.),
  .PIECEWISE_BEZIER_KNOTS.);
#10322 = CARTESIAN_POINT('',(2.,93.,27.));
#10323 = CARTESIAN_POINT('',(10.461538461538,91.307692307692,38.));
#10324 = CARTESIAN_POINT('',(2.,2.,27.));
#10325 = CARTESIAN_POINT('',(10.461538461538,13.,38.));
#10326 = DEFINITIONAL_REPRESENTATION('',(#10327),#10331);
#10327 = LINE('',#10328,#10329);
#10328 = CARTESIAN_POINT('',(0.,0.));
#10329 = VECTOR('',#10330,1.);
#10330 = DIRECTION('',(1.,0.));
#10331 = ( GEOMETRIC_REPRESENTATION_CONTEXT(2) 
PARAMETRIC_REPRESENTATION_CONTEXT() REPRESENTATION_CONTEXT('2D SPACE',''
  ) );
#10332 = ADVANCED_FACE('',(#10333),#6523,.F.);
#10333 = FACE_BOUND('',#10334,.F.);
#10334 = EDGE_LOOP('',(#10335,#10336,#10337,#10358));
#10335 = ORIENTED_EDGE('',*,*,#10287,.F.);
#10336 = ORIENTED_EDGE('',*,*,#6508,.F.);
#10337 = ORIENTED_EDGE('',*,*,#10338,.T.);
#10338 = EDGE_CURVE('',#6509,#10339,#10341,.T.);
#10339 = VERTEX_POINT('',#10340);
#10340 = CARTESIAN_POINT('',(3.6,2.,27.));
#10341 = SURFACE_CURVE('',#10342,(#10346,#10352),.PCURVE_S1.);
#10342 = LINE('',#10343,#10344);
#10343 = CARTESIAN_POINT('',(3.6,2.,25.925));
#10344 = VECTOR('',#10345,1.);
#10345 = DIRECTION('',(-0.,0.,1.));
#10346 = PCURVE('',#6523,#10347);
#10347 = DEFINITIONAL_REPRESENTATION('',(#10348),#10351);
#10348 = B_SPLINE_CURVE_WITH_KNOTS('',1,(#10349,#10350),.UNSPECIFIED.,
  .F.,.F.,(2,2),(-0.925,1.075),.PIECEWISE_BEZIER_KNOTS.);
#10349 = CARTESIAN_POINT('',(1.6,-2.));
#10350 = CARTESIAN_POINT('',(1.6,0.));
#10351 = ( GEOMETRIC_REPRESENTATION_CONTEXT(2) 
PARAMETRIC_REPRESENTATION_CONTEXT() REPRESENTATION_CONTEXT('2D SPACE',''
  ) );
#10352 = PCURVE('',#6551,#10353);
#10353 = DEFINITIONAL_REPRESENTATION('',(#10354),#10357);
#10354 = B_SPLINE_CURVE_WITH_KNOTS('',1,(#10355,#10356),.UNSPECIFIED.,
  .F.,.F.,(2,2),(-0.925,1.075),.PIECEWISE_BEZIER_KNOTS.);
#10355 = CARTESIAN_POINT('',(0.15,-2.15));
#10356 = CARTESIAN_POINT('',(2.15,-2.15));
#10357 = ( GEOMETRIC_REPRESENTATION_CONTEXT(2) 
PARAMETRIC_REPRESENTATION_CONTEXT() REPRESENTATION_CONTEXT('2D SPACE',''
  ) );
#10358 = ORIENTED_EDGE('',*,*,#10359,.F.);
#10359 = EDGE_CURVE('',#10288,#10339,#10360,.T.);
#10360 = SURFACE_CURVE('',#10361,(#10365,#10372),.PCURVE_S1.);
#10361 = LINE('',#10362,#10363);
#10362 = CARTESIAN_POINT('',(2.,2.,27.));
#10363 = VECTOR('',#10364,1.);
#10364 = DIRECTION('',(1.,0.,0.));
#10365 = PCURVE('',#6523,#10366);
#10366 = DEFINITIONAL_REPRESENTATION('',(#10367),#10371);
#10367 = LINE('',#10368,#10369);
#10368 = CARTESIAN_POINT('',(0.,0.));
#10369 = VECTOR('',#10370,1.);
#10370 = DIRECTION('',(1.,0.));
#10371 = ( GEOMETRIC_REPRESENTATION_CONTEXT(2) 
PARAMETRIC_REPRESENTATION_CONTEXT() REPRESENTATION_CONTEXT('2D SPACE',''
  ) );
#10372 = PCURVE('',#7951,#10373);
#10373 = DEFINITIONAL_REPRESENTATION('',(#10374),#10378);
#10374 = LINE('',#10375,#10376);
#10375 = CARTESIAN_POINT('',(0.,0.));
#10376 = VECTOR('',#10377,1.);
#10377 = DIRECTION('',(1.,0.));
#10378 = ( GEOMETRIC_REPRESENTATION_CONTEXT(2) 
PARAMETRIC_REPRESENTATION_CONTEXT() REPRESENTATION_CONTEXT('2D SPACE',''
  ) );
#10379 = ADVANCED_FACE('',(#10380),#6551,.T.);
#10380 = FACE_BOUND('',#10381,.T.);
#10381 = EDGE_LOOP('',(#10382,#10405,#10406,#10407));
#10382 = ORIENTED_EDGE('',*,*,#10383,.F.);
#10383 = EDGE_CURVE('',#6535,#10384,#10386,.T.);
#10384 = VERTEX_POINT('',#10385);
#10385 = CARTESIAN_POINT('',(3.6,2.15,27.15));
#10386 = SURFACE_CURVE('',#10387,(#10391,#10398),.PCURVE_S1.);
#10387 = LINE('',#10388,#10389);
#10388 = CARTESIAN_POINT('',(3.6,-0.15,27.15));
#10389 = VECTOR('',#10390,1.);
#10390 = DIRECTION('',(0.,1.,0.));
#10391 = PCURVE('',#6551,#10392);
#10392 = DEFINITIONAL_REPRESENTATION('',(#10393),#10397);
#10393 = LINE('',#10394,#10395);
#10394 = CARTESIAN_POINT('',(2.3,0.));
#10395 = VECTOR('',#10396,1.);
#10396 = DIRECTION('',(0.,-1.));
#10397 = ( GEOMETRIC_REPRESENTATION_CONTEXT(2) 
PARAMETRIC_REPRESENTATION_CONTEXT() REPRESENTATION_CONTEXT('2D SPACE',''
  ) );
#10398 = PCURVE('',#6582,#10399);
#10399 = DEFINITIONAL_REPRESENTATION('',(#10400),#10404);
#10400 = LINE('',#10401,#10402);
#10401 = CARTESIAN_POINT('',(0.,0.));
#10402 = VECTOR('',#10403,1.);
#10403 = DIRECTION('',(0.,1.));
#10404 = ( GEOMETRIC_REPRESENTATION_CONTEXT(2) 
PARAMETRIC_REPRESENTATION_CONTEXT() REPRESENTATION_CONTEXT('2D SPACE',''
  ) );
#10405 = ORIENTED_EDGE('',*,*,#6534,.T.);
#10406 = ORIENTED_EDGE('',*,*,#10338,.T.);
#10407 = ORIENTED_EDGE('',*,*,#10408,.T.);
#10408 = EDGE_CURVE('',#10339,#10384,#10409,.T.);
#10409 = SURFACE_CURVE('',#10410,(#10416,#10425),.PCURVE_S1.);
#10410 = B_SPLINE_CURVE_WITH_KNOTS('',4,(#10411,#10412,#10413,#10414,
    #10415),.UNSPECIFIED.,.F.,.F.,(5,5),(0.,1.),
  .PIECEWISE_BEZIER_KNOTS.);
#10411 = CARTESIAN_POINT('',(3.6,2.,27.));
#10412 = CARTESIAN_POINT('',(3.6,2.037524648618,27.037524648618));
#10413 = CARTESIAN_POINT('',(3.6,2.075032920356,27.075032920356));
#10414 = CARTESIAN_POINT('',(3.6,2.112524732091,27.112524732091));
#10415 = CARTESIAN_POINT('',(3.6,2.15,27.15));
#10416 = PCURVE('',#6551,#10417);
#10417 = DEFINITIONAL_REPRESENTATION('',(#10418),#10424);
#10418 = B_SPLINE_CURVE_WITH_KNOTS('',4,(#10419,#10420,#10421,#10422,
    #10423),.UNSPECIFIED.,.F.,.F.,(5,5),(0.,1.),
  .PIECEWISE_BEZIER_KNOTS.);
#10419 = CARTESIAN_POINT('',(2.15,-2.15));
#10420 = CARTESIAN_POINT('',(2.187524648618,-2.187524648618));
#10421 = CARTESIAN_POINT('',(2.225032920356,-2.225032920356));
#10422 = CARTESIAN_POINT('',(2.262524732091,-2.262524732091));
#10423 = CARTESIAN_POINT('',(2.3,-2.3));
#10424 = ( GEOMETRIC_REPRESENTATION_CONTEXT(2) 
PARAMETRIC_REPRESENTATION_CONTEXT() REPRESENTATION_CONTEXT('2D SPACE',''
  ) );
#10425 = PCURVE('',#7951,#10426);
#10426 = DEFINITIONAL_REPRESENTATION('',(#10427),#10433);
#10427 = B_SPLINE_CURVE_WITH_KNOTS('',4,(#10428,#10429,#10430,#10431,
    #10432),.UNSPECIFIED.,.F.,.F.,(5,5),(0.,1.),
  .PIECEWISE_BEZIER_KNOTS.);
#10428 = CARTESIAN_POINT('',(1.6,0.));
#10429 = CARTESIAN_POINT('',(1.572366463889,3.411331692564E-03));
#10430 = CARTESIAN_POINT('',(1.544688266447,6.821174577788E-03));
#10431 = CARTESIAN_POINT('',(1.516965318316,1.022952109914E-02));
#10432 = CARTESIAN_POINT('',(1.489197530864,1.363636363636E-02));
#10433 = ( GEOMETRIC_REPRESENTATION_CONTEXT(2) 
PARAMETRIC_REPRESENTATION_CONTEXT() REPRESENTATION_CONTEXT('2D SPACE',''
  ) );
#10434 = ADVANCED_FACE('',(#10435),#6582,.F.);
#10435 = FACE_BOUND('',#10436,.F.);
#10436 = EDGE_LOOP('',(#10437,#10438,#10439,#10462));
#10437 = ORIENTED_EDGE('',*,*,#10383,.F.);
#10438 = ORIENTED_EDGE('',*,*,#6567,.F.);
#10439 = ORIENTED_EDGE('',*,*,#10440,.T.);
#10440 = EDGE_CURVE('',#6568,#10441,#10443,.T.);
#10441 = VERTEX_POINT('',#10442);
#10442 = CARTESIAN_POINT('',(17.96,2.15,27.15));
#10443 = SURFACE_CURVE('',#10444,(#10448,#10455),.PCURVE_S1.);
#10444 = LINE('',#10445,#10446);
#10445 = CARTESIAN_POINT('',(17.96,-0.15,27.15));
#10446 = VECTOR('',#10447,1.);
#10447 = DIRECTION('',(0.,1.,0.));
#10448 = PCURVE('',#6582,#10449);
#10449 = DEFINITIONAL_REPRESENTATION('',(#10450),#10454);
#10450 = LINE('',#10451,#10452);
#10451 = CARTESIAN_POINT('',(14.36,0.));
#10452 = VECTOR('',#10453,1.);
#10453 = DIRECTION('',(0.,1.));
#10454 = ( GEOMETRIC_REPRESENTATION_CONTEXT(2) 
PARAMETRIC_REPRESENTATION_CONTEXT() REPRESENTATION_CONTEXT('2D SPACE',''
  ) );
#10455 = PCURVE('',#6610,#10456);
#10456 = DEFINITIONAL_REPRESENTATION('',(#10457),#10461);
#10457 = LINE('',#10458,#10459);
#10458 = CARTESIAN_POINT('',(2.3,0.));
#10459 = VECTOR('',#10460,1.);
#10460 = DIRECTION('',(0.,-1.));
#10461 = ( GEOMETRIC_REPRESENTATION_CONTEXT(2) 
PARAMETRIC_REPRESENTATION_CONTEXT() REPRESENTATION_CONTEXT('2D SPACE',''
  ) );
#10462 = ORIENTED_EDGE('',*,*,#10463,.F.);
#10463 = EDGE_CURVE('',#10384,#10441,#10464,.T.);
#10464 = SURFACE_CURVE('',#10465,(#10469,#10476),.PCURVE_S1.);
#10465 = LINE('',#10466,#10467);
#10466 = CARTESIAN_POINT('',(3.6,2.15,27.15));
#10467 = VECTOR('',#10468,1.);
#10468 = DIRECTION('',(1.,0.,0.));
#10469 = PCURVE('',#6582,#10470);
#10470 = DEFINITIONAL_REPRESENTATION('',(#10471),#10475);
#10471 = LINE('',#10472,#10473);
#10472 = CARTESIAN_POINT('',(0.,2.3));
#10473 = VECTOR('',#10474,1.);
#10474 = DIRECTION('',(1.,0.));
#10475 = ( GEOMETRIC_REPRESENTATION_CONTEXT(2) 
PARAMETRIC_REPRESENTATION_CONTEXT() REPRESENTATION_CONTEXT('2D SPACE',''
  ) );
#10476 = PCURVE('',#7951,#10477);
#10477 = DEFINITIONAL_REPRESENTATION('',(#10478),#10482);
#10478 = B_SPLINE_CURVE_WITH_KNOTS('',2,(#10479,#10480,#10481),
  .UNSPECIFIED.,.F.,.F.,(3,3),(0.,14.36),.PIECEWISE_BEZIER_KNOTS.);
#10479 = CARTESIAN_POINT('',(1.489197530864,1.363636363636E-02));
#10480 = CARTESIAN_POINT('',(8.691358024691,1.363636363636E-02));
#10481 = CARTESIAN_POINT('',(15.893518518519,1.363636363636E-02));
#10482 = ( GEOMETRIC_REPRESENTATION_CONTEXT(2) 
PARAMETRIC_REPRESENTATION_CONTEXT() REPRESENTATION_CONTEXT('2D SPACE',''
  ) );
#10483 = ADVANCED_FACE('',(#10484),#6610,.F.);
#10484 = FACE_BOUND('',#10485,.F.);
#10485 = EDGE_LOOP('',(#10486,#10487,#10488,#10509));
#10486 = ORIENTED_EDGE('',*,*,#10440,.F.);
#10487 = ORIENTED_EDGE('',*,*,#6593,.T.);
#10488 = ORIENTED_EDGE('',*,*,#10489,.T.);
#10489 = EDGE_CURVE('',#6594,#10490,#10492,.T.);
#10490 = VERTEX_POINT('',#10491);
#10491 = CARTESIAN_POINT('',(17.96,2.,27.));
#10492 = SURFACE_CURVE('',#10493,(#10497,#10503),.PCURVE_S1.);
#10493 = LINE('',#10494,#10495);
#10494 = CARTESIAN_POINT('',(17.96,2.,25.925));
#10495 = VECTOR('',#10496,1.);
#10496 = DIRECTION('',(-0.,0.,1.));
#10497 = PCURVE('',#6610,#10498);
#10498 = DEFINITIONAL_REPRESENTATION('',(#10499),#10502);
#10499 = B_SPLINE_CURVE_WITH_KNOTS('',1,(#10500,#10501),.UNSPECIFIED.,
  .F.,.F.,(2,2),(-0.925,1.075),.PIECEWISE_BEZIER_KNOTS.);
#10500 = CARTESIAN_POINT('',(0.15,-2.15));
#10501 = CARTESIAN_POINT('',(2.15,-2.15));
#10502 = ( GEOMETRIC_REPRESENTATION_CONTEXT(2) 
PARAMETRIC_REPRESENTATION_CONTEXT() REPRESENTATION_CONTEXT('2D SPACE',''
  ) );
#10503 = PCURVE('',#6641,#10504);
#10504 = DEFINITIONAL_REPRESENTATION('',(#10505),#10508);
#10505 = B_SPLINE_CURVE_WITH_KNOTS('',1,(#10506,#10507),.UNSPECIFIED.,
  .F.,.F.,(2,2),(-0.925,1.075),.PIECEWISE_BEZIER_KNOTS.);
#10506 = CARTESIAN_POINT('',(15.96,-2.));
#10507 = CARTESIAN_POINT('',(15.96,0.));
#10508 = ( GEOMETRIC_REPRESENTATION_CONTEXT(2) 
PARAMETRIC_REPRESENTATION_CONTEXT() REPRESENTATION_CONTEXT('2D SPACE',''
  ) );
#10509 = ORIENTED_EDGE('',*,*,#10510,.T.);
#10510 = EDGE_CURVE('',#10490,#10441,#10511,.T.);
#10511 = SURFACE_CURVE('',#10512,(#10521,#10533),.PCURVE_S1.);
#10512 = B_SPLINE_CURVE_WITH_KNOTS('',4,(#10513,#10514,#10515,#10516,
    #10517,#10518,#10519,#10520),.UNSPECIFIED.,.F.,.F.,(5,3,5),(0.,
    0.513188444712,1.),.UNSPECIFIED.);
#10513 = CARTESIAN_POINT('',(17.96,2.,27.));
#10514 = CARTESIAN_POINT('',(17.96,2.01924583415,27.01924583415));
#10515 = CARTESIAN_POINT('',(17.96,2.038491665753,27.038491665753));
#10516 = CARTESIAN_POINT('',(17.96,2.057737494804,27.057737494804));
#10517 = CARTESIAN_POINT('',(17.96,2.09523994969,27.09523994969));
#10518 = CARTESIAN_POINT('',(17.96,2.113495016163,27.113495016163));
#10519 = CARTESIAN_POINT('',(17.96,2.131748268701,27.131748268701));
#10520 = CARTESIAN_POINT('',(17.96,2.15,27.15));
#10521 = PCURVE('',#6610,#10522);
#10522 = DEFINITIONAL_REPRESENTATION('',(#10523),#10532);
#10523 = B_SPLINE_CURVE_WITH_KNOTS('',4,(#10524,#10525,#10526,#10527,
    #10528,#10529,#10530,#10531),.UNSPECIFIED.,.F.,.F.,(5,3,5),(0.,
    0.513188444712,1.),.UNSPECIFIED.);
#10524 = CARTESIAN_POINT('',(2.15,-2.15));
#10525 = CARTESIAN_POINT('',(2.16924583415,-2.16924583415));
#10526 = CARTESIAN_POINT('',(2.188491665753,-2.188491665753));
#10527 = CARTESIAN_POINT('',(2.207737494804,-2.207737494804));
#10528 = CARTESIAN_POINT('',(2.24523994969,-2.24523994969));
#10529 = CARTESIAN_POINT('',(2.263495016163,-2.263495016163));
#10530 = CARTESIAN_POINT('',(2.281748268701,-2.281748268701));
#10531 = CARTESIAN_POINT('',(2.3,-2.3));
#10532 = ( GEOMETRIC_REPRESENTATION_CONTEXT(2) 
PARAMETRIC_REPRESENTATION_CONTEXT() REPRESENTATION_CONTEXT('2D SPACE',''
  ) );
#10533 = PCURVE('',#7951,#10534);
#10534 = DEFINITIONAL_REPRESENTATION('',(#10535),#10544);
#10535 = B_SPLINE_CURVE_WITH_KNOTS('',4,(#10536,#10537,#10538,#10539,
    #10540,#10541,#10542,#10543),.UNSPECIFIED.,.F.,.F.,(5,3,5),(0.,
    0.513188444712,1.),.UNSPECIFIED.);
#10536 = CARTESIAN_POINT('',(15.96,0.));
#10537 = CARTESIAN_POINT('',(15.951496302203,1.749621286408E-03));
#10538 = CARTESIAN_POINT('',(15.942983653149,3.499242341164E-03));
#10539 = CARTESIAN_POINT('',(15.934462031638,5.248863163962E-03));
#10540 = CARTESIAN_POINT('',(15.917839258098,8.658177244546E-03));
#10541 = CARTESIAN_POINT('',(15.909740018047,1.031772874211E-02));
#10542 = CARTESIAN_POINT('',(15.901632578206,1.197711533646E-02));
#10543 = CARTESIAN_POINT('',(15.893518263412,1.363636363636E-02));
#10544 = ( GEOMETRIC_REPRESENTATION_CONTEXT(2) 
PARAMETRIC_REPRESENTATION_CONTEXT() REPRESENTATION_CONTEXT('2D SPACE',''
  ) );
#10545 = ADVANCED_FACE('',(#10546),#6641,.F.);
#10546 = FACE_BOUND('',#10547,.F.);
#10547 = EDGE_LOOP('',(#10548,#10549,#10550,#10551));
#10548 = ORIENTED_EDGE('',*,*,#10489,.F.);
#10549 = ORIENTED_EDGE('',*,*,#6626,.F.);
#10550 = ORIENTED_EDGE('',*,*,#8538,.T.);
#10551 = ORIENTED_EDGE('',*,*,#10552,.F.);
#10552 = EDGE_CURVE('',#10490,#8465,#10553,.T.);
#10553 = SURFACE_CURVE('',#10554,(#10558,#10565),.PCURVE_S1.);
#10554 = LINE('',#10555,#10556);
#10555 = CARTESIAN_POINT('',(2.,2.,27.));
#10556 = VECTOR('',#10557,1.);
#10557 = DIRECTION('',(1.,0.,0.));
#10558 = PCURVE('',#6641,#10559);
#10559 = DEFINITIONAL_REPRESENTATION('',(#10560),#10564);
#10560 = LINE('',#10561,#10562);
#10561 = CARTESIAN_POINT('',(0.,0.));
#10562 = VECTOR('',#10563,1.);
#10563 = DIRECTION('',(1.,0.));
#10564 = ( GEOMETRIC_REPRESENTATION_CONTEXT(2) 
PARAMETRIC_REPRESENTATION_CONTEXT() REPRESENTATION_CONTEXT('2D SPACE',''
  ) );
#10565 = PCURVE('',#7951,#10566);
#10566 = DEFINITIONAL_REPRESENTATION('',(#10567),#10571);
#10567 = LINE('',#10568,#10569);
#10568 = CARTESIAN_POINT('',(0.,0.));
#10569 = VECTOR('',#10570,1.);
#10570 = DIRECTION('',(1.,0.));
#10571 = ( GEOMETRIC_REPRESENTATION_CONTEXT(2) 
PARAMETRIC_REPRESENTATION_CONTEXT() REPRESENTATION_CONTEXT('2D SPACE',''
  ) );
#10572 = ADVANCED_FACE('',(#10573),#6746,.F.);
#10573 = FACE_BOUND('',#10574,.F.);
#10574 = EDGE_LOOP('',(#10575,#10576,#10577,#10598));
#10575 = ORIENTED_EDGE('',*,*,#8341,.F.);
#10576 = ORIENTED_EDGE('',*,*,#6731,.F.);
#10577 = ORIENTED_EDGE('',*,*,#10578,.T.);
#10578 = EDGE_CURVE('',#6732,#10579,#10581,.T.);
#10579 = VERTEX_POINT('',#10580);
#10580 = CARTESIAN_POINT('',(32.32,2.,27.));
#10581 = SURFACE_CURVE('',#10582,(#10586,#10592),.PCURVE_S1.);
#10582 = LINE('',#10583,#10584);
#10583 = CARTESIAN_POINT('',(32.32,2.,25.925));
#10584 = VECTOR('',#10585,1.);
#10585 = DIRECTION('',(-0.,0.,1.));
#10586 = PCURVE('',#6746,#10587);
#10587 = DEFINITIONAL_REPRESENTATION('',(#10588),#10591);
#10588 = B_SPLINE_CURVE_WITH_KNOTS('',1,(#10589,#10590),.UNSPECIFIED.,
  .F.,.F.,(2,2),(-0.925,1.075),.PIECEWISE_BEZIER_KNOTS.);
#10589 = CARTESIAN_POINT('',(30.32,-2.));
#10590 = CARTESIAN_POINT('',(30.32,0.));
#10591 = ( GEOMETRIC_REPRESENTATION_CONTEXT(2) 
PARAMETRIC_REPRESENTATION_CONTEXT() REPRESENTATION_CONTEXT('2D SPACE',''
  ) );
#10592 = PCURVE('',#6774,#10593);
#10593 = DEFINITIONAL_REPRESENTATION('',(#10594),#10597);
#10594 = B_SPLINE_CURVE_WITH_KNOTS('',1,(#10595,#10596),.UNSPECIFIED.,
  .F.,.F.,(2,2),(-0.925,1.075),.PIECEWISE_BEZIER_KNOTS.);
#10595 = CARTESIAN_POINT('',(0.15,-2.15));
#10596 = CARTESIAN_POINT('',(2.15,-2.15));
#10597 = ( GEOMETRIC_REPRESENTATION_CONTEXT(2) 
PARAMETRIC_REPRESENTATION_CONTEXT() REPRESENTATION_CONTEXT('2D SPACE',''
  ) );
#10598 = ORIENTED_EDGE('',*,*,#10599,.F.);
#10599 = EDGE_CURVE('',#8268,#10579,#10600,.T.);
#10600 = SURFACE_CURVE('',#10601,(#10605,#10612),.PCURVE_S1.);
#10601 = LINE('',#10602,#10603);
#10602 = CARTESIAN_POINT('',(2.,2.,27.));
#10603 = VECTOR('',#10604,1.);
#10604 = DIRECTION('',(1.,0.,0.));
#10605 = PCURVE('',#6746,#10606);
#10606 = DEFINITIONAL_REPRESENTATION('',(#10607),#10611);
#10607 = LINE('',#10608,#10609);
#10608 = CARTESIAN_POINT('',(0.,0.));
#10609 = VECTOR('',#10610,1.);
#10610 = DIRECTION('',(1.,0.));
#10611 = ( GEOMETRIC_REPRESENTATION_CONTEXT(2) 
PARAMETRIC_REPRESENTATION_CONTEXT() REPRESENTATION_CONTEXT('2D SPACE',''
  ) );
#10612 = PCURVE('',#7951,#10613);
#10613 = DEFINITIONAL_REPRESENTATION('',(#10614),#10618);
#10614 = LINE('',#10615,#10616);
#10615 = CARTESIAN_POINT('',(0.,0.));
#10616 = VECTOR('',#10617,1.);
#10617 = DIRECTION('',(1.,0.));
#10618 = ( GEOMETRIC_REPRESENTATION_CONTEXT(2) 
PARAMETRIC_REPRESENTATION_CONTEXT() REPRESENTATION_CONTEXT('2D SPACE',''
  ) );
#10619 = ADVANCED_FACE('',(#10620),#6774,.T.);
#10620 = FACE_BOUND('',#10621,.T.);
#10621 = EDGE_LOOP('',(#10622,#10645,#10646,#10647));
#10622 = ORIENTED_EDGE('',*,*,#10623,.F.);
#10623 = EDGE_CURVE('',#6758,#10624,#10626,.T.);
#10624 = VERTEX_POINT('',#10625);
#10625 = CARTESIAN_POINT('',(32.32,2.15,27.15));
#10626 = SURFACE_CURVE('',#10627,(#10631,#10638),.PCURVE_S1.);
#10627 = LINE('',#10628,#10629);
#10628 = CARTESIAN_POINT('',(32.32,-0.15,27.15));
#10629 = VECTOR('',#10630,1.);
#10630 = DIRECTION('',(0.,1.,0.));
#10631 = PCURVE('',#6774,#10632);
#10632 = DEFINITIONAL_REPRESENTATION('',(#10633),#10637);
#10633 = LINE('',#10634,#10635);
#10634 = CARTESIAN_POINT('',(2.3,0.));
#10635 = VECTOR('',#10636,1.);
#10636 = DIRECTION('',(0.,-1.));
#10637 = ( GEOMETRIC_REPRESENTATION_CONTEXT(2) 
PARAMETRIC_REPRESENTATION_CONTEXT() REPRESENTATION_CONTEXT('2D SPACE',''
  ) );
#10638 = PCURVE('',#6805,#10639);
#10639 = DEFINITIONAL_REPRESENTATION('',(#10640),#10644);
#10640 = LINE('',#10641,#10642);
#10641 = CARTESIAN_POINT('',(0.,0.));
#10642 = VECTOR('',#10643,1.);
#10643 = DIRECTION('',(0.,1.));
#10644 = ( GEOMETRIC_REPRESENTATION_CONTEXT(2) 
PARAMETRIC_REPRESENTATION_CONTEXT() REPRESENTATION_CONTEXT('2D SPACE',''
  ) );
#10645 = ORIENTED_EDGE('',*,*,#6757,.T.);
#10646 = ORIENTED_EDGE('',*,*,#10578,.T.);
#10647 = ORIENTED_EDGE('',*,*,#10648,.T.);
#10648 = EDGE_CURVE('',#10579,#10624,#10649,.T.);
#10649 = SURFACE_CURVE('',#10650,(#10659,#10671),.PCURVE_S1.);
#10650 = B_SPLINE_CURVE_WITH_KNOTS('',7,(#10651,#10652,#10653,#10654,
    #10655,#10656,#10657,#10658),.UNSPECIFIED.,.F.,.F.,(8,8),(0.,1.),
  .PIECEWISE_BEZIER_KNOTS.);
#10651 = CARTESIAN_POINT('',(32.32,2.,27.));
#10652 = CARTESIAN_POINT('',(32.32,2.021429280551,27.021429280551));
#10653 = CARTESIAN_POINT('',(32.32,2.042858314393,27.042858314393));
#10654 = CARTESIAN_POINT('',(32.32,2.064287173575,27.064287173575));
#10655 = CARTESIAN_POINT('',(32.32,2.085715657991,27.085715657991));
#10656 = CARTESIAN_POINT('',(32.32,2.107144081663,27.107144081664));
#10657 = CARTESIAN_POINT('',(32.32,2.128572139321,27.128572139321));
#10658 = CARTESIAN_POINT('',(32.32,2.15,27.15));
#10659 = PCURVE('',#6774,#10660);
#10660 = DEFINITIONAL_REPRESENTATION('',(#10661),#10670);
#10661 = B_SPLINE_CURVE_WITH_KNOTS('',7,(#10662,#10663,#10664,#10665,
    #10666,#10667,#10668,#10669),.UNSPECIFIED.,.F.,.F.,(8,8),(0.,1.),
  .PIECEWISE_BEZIER_KNOTS.);
#10662 = CARTESIAN_POINT('',(2.15,-2.15));
#10663 = CARTESIAN_POINT('',(2.171429280551,-2.171429280551));
#10664 = CARTESIAN_POINT('',(2.192858314393,-2.192858314393));
#10665 = CARTESIAN_POINT('',(2.214287173575,-2.214287173575));
#10666 = CARTESIAN_POINT('',(2.235715657991,-2.235715657991));
#10667 = CARTESIAN_POINT('',(2.257144081664,-2.257144081663));
#10668 = CARTESIAN_POINT('',(2.278572139321,-2.278572139321));
#10669 = CARTESIAN_POINT('',(2.3,-2.3));
#10670 = ( GEOMETRIC_REPRESENTATION_CONTEXT(2) 
PARAMETRIC_REPRESENTATION_CONTEXT() REPRESENTATION_CONTEXT('2D SPACE',''
  ) );
#10671 = PCURVE('',#7951,#10672);
#10672 = DEFINITIONAL_REPRESENTATION('',(#10673),#10682);
#10673 = B_SPLINE_CURVE_WITH_KNOTS('',7,(#10674,#10675,#10676,#10677,
    #10678,#10679,#10680,#10681),.UNSPECIFIED.,.F.,.F.,(8,8),(0.,1.),
  .PIECEWISE_BEZIER_KNOTS.);
#10674 = CARTESIAN_POINT('',(30.32,0.));
#10675 = CARTESIAN_POINT('',(30.316843851603,1.948116413769E-03));
#10676 = CARTESIAN_POINT('',(30.313684344964,3.896210399394E-03));
#10677 = CARTESIAN_POINT('',(30.310522442801,5.844288506842E-03));
#10678 = CARTESIAN_POINT('',(30.307355469326,7.792332544681E-03));
#10679 = CARTESIAN_POINT('',(30.30418764519,9.740371060318E-03));
#10680 = CARTESIAN_POINT('',(30.301014871537,1.168837630193E-02));
#10681 = CARTESIAN_POINT('',(30.297839421054,1.363636363636E-02));
#10682 = ( GEOMETRIC_REPRESENTATION_CONTEXT(2) 
PARAMETRIC_REPRESENTATION_CONTEXT() REPRESENTATION_CONTEXT('2D SPACE',''
  ) );
#10683 = ADVANCED_FACE('',(#10684),#6805,.F.);
#10684 = FACE_BOUND('',#10685,.F.);
#10685 = EDGE_LOOP('',(#10686,#10687,#10688,#10711));
#10686 = ORIENTED_EDGE('',*,*,#10623,.F.);
#10687 = ORIENTED_EDGE('',*,*,#6790,.F.);
#10688 = ORIENTED_EDGE('',*,*,#10689,.T.);
#10689 = EDGE_CURVE('',#6791,#10690,#10692,.T.);
#10690 = VERTEX_POINT('',#10691);
#10691 = CARTESIAN_POINT('',(46.68,2.15,27.15));
#10692 = SURFACE_CURVE('',#10693,(#10697,#10704),.PCURVE_S1.);
#10693 = LINE('',#10694,#10695);
#10694 = CARTESIAN_POINT('',(46.68,-0.15,27.15));
#10695 = VECTOR('',#10696,1.);
#10696 = DIRECTION('',(0.,1.,0.));
#10697 = PCURVE('',#6805,#10698);
#10698 = DEFINITIONAL_REPRESENTATION('',(#10699),#10703);
#10699 = LINE('',#10700,#10701);
#10700 = CARTESIAN_POINT('',(14.36,0.));
#10701 = VECTOR('',#10702,1.);
#10702 = DIRECTION('',(0.,1.));
#10703 = ( GEOMETRIC_REPRESENTATION_CONTEXT(2) 
PARAMETRIC_REPRESENTATION_CONTEXT() REPRESENTATION_CONTEXT('2D SPACE',''
  ) );
#10704 = PCURVE('',#6833,#10705);
#10705 = DEFINITIONAL_REPRESENTATION('',(#10706),#10710);
#10706 = LINE('',#10707,#10708);
#10707 = CARTESIAN_POINT('',(2.3,0.));
#10708 = VECTOR('',#10709,1.);
#10709 = DIRECTION('',(0.,-1.));
#10710 = ( GEOMETRIC_REPRESENTATION_CONTEXT(2) 
PARAMETRIC_REPRESENTATION_CONTEXT() REPRESENTATION_CONTEXT('2D SPACE',''
  ) );
#10711 = ORIENTED_EDGE('',*,*,#10712,.F.);
#10712 = EDGE_CURVE('',#10624,#10690,#10713,.T.);
#10713 = SURFACE_CURVE('',#10714,(#10718,#10725),.PCURVE_S1.);
#10714 = LINE('',#10715,#10716);
#10715 = CARTESIAN_POINT('',(32.32,2.15,27.15));
#10716 = VECTOR('',#10717,1.);
#10717 = DIRECTION('',(1.,0.,0.));
#10718 = PCURVE('',#6805,#10719);
#10719 = DEFINITIONAL_REPRESENTATION('',(#10720),#10724);
#10720 = LINE('',#10721,#10722);
#10721 = CARTESIAN_POINT('',(0.,2.3));
#10722 = VECTOR('',#10723,1.);
#10723 = DIRECTION('',(1.,0.));
#10724 = ( GEOMETRIC_REPRESENTATION_CONTEXT(2) 
PARAMETRIC_REPRESENTATION_CONTEXT() REPRESENTATION_CONTEXT('2D SPACE',''
  ) );
#10725 = PCURVE('',#7951,#10726);
#10726 = DEFINITIONAL_REPRESENTATION('',(#10727),#10731);
#10727 = B_SPLINE_CURVE_WITH_KNOTS('',2,(#10728,#10729,#10730),
  .UNSPECIFIED.,.F.,.F.,(3,3),(0.,14.36),.PIECEWISE_BEZIER_KNOTS.);
#10728 = CARTESIAN_POINT('',(30.297839506173,1.363636363636E-02));
#10729 = CARTESIAN_POINT('',(37.5,1.363636363636E-02));
#10730 = CARTESIAN_POINT('',(44.702160493827,1.363636363636E-02));
#10731 = ( GEOMETRIC_REPRESENTATION_CONTEXT(2) 
PARAMETRIC_REPRESENTATION_CONTEXT() REPRESENTATION_CONTEXT('2D SPACE',''
  ) );
#10732 = ADVANCED_FACE('',(#10733),#6833,.F.);
#10733 = FACE_BOUND('',#10734,.F.);
#10734 = EDGE_LOOP('',(#10735,#10736,#10737,#10758));
#10735 = ORIENTED_EDGE('',*,*,#10689,.F.);
#10736 = ORIENTED_EDGE('',*,*,#6816,.T.);
#10737 = ORIENTED_EDGE('',*,*,#10738,.T.);
#10738 = EDGE_CURVE('',#6817,#10739,#10741,.T.);
#10739 = VERTEX_POINT('',#10740);
#10740 = CARTESIAN_POINT('',(46.68,2.,27.));
#10741 = SURFACE_CURVE('',#10742,(#10746,#10752),.PCURVE_S1.);
#10742 = LINE('',#10743,#10744);
#10743 = CARTESIAN_POINT('',(46.68,2.,25.925));
#10744 = VECTOR('',#10745,1.);
#10745 = DIRECTION('',(-0.,0.,1.));
#10746 = PCURVE('',#6833,#10747);
#10747 = DEFINITIONAL_REPRESENTATION('',(#10748),#10751);
#10748 = B_SPLINE_CURVE_WITH_KNOTS('',1,(#10749,#10750),.UNSPECIFIED.,
  .F.,.F.,(2,2),(-0.925,1.075),.PIECEWISE_BEZIER_KNOTS.);
#10749 = CARTESIAN_POINT('',(0.15,-2.15));
#10750 = CARTESIAN_POINT('',(2.15,-2.15));
#10751 = ( GEOMETRIC_REPRESENTATION_CONTEXT(2) 
PARAMETRIC_REPRESENTATION_CONTEXT() REPRESENTATION_CONTEXT('2D SPACE',''
  ) );
#10752 = PCURVE('',#6864,#10753);
#10753 = DEFINITIONAL_REPRESENTATION('',(#10754),#10757);
#10754 = B_SPLINE_CURVE_WITH_KNOTS('',1,(#10755,#10756),.UNSPECIFIED.,
  .F.,.F.,(2,2),(-0.925,1.075),.PIECEWISE_BEZIER_KNOTS.);
#10755 = CARTESIAN_POINT('',(44.68,-2.));
#10756 = CARTESIAN_POINT('',(44.68,0.));
#10757 = ( GEOMETRIC_REPRESENTATION_CONTEXT(2) 
PARAMETRIC_REPRESENTATION_CONTEXT() REPRESENTATION_CONTEXT('2D SPACE',''
  ) );
#10758 = ORIENTED_EDGE('',*,*,#10759,.T.);
#10759 = EDGE_CURVE('',#10739,#10690,#10760,.T.);
#10760 = SURFACE_CURVE('',#10761,(#10770,#10782),.PCURVE_S1.);
#10761 = B_SPLINE_CURVE_WITH_KNOTS('',7,(#10762,#10763,#10764,#10765,
    #10766,#10767,#10768,#10769),.UNSPECIFIED.,.F.,.F.,(8,8),(0.,1.),
  .PIECEWISE_BEZIER_KNOTS.);
#10762 = CARTESIAN_POINT('',(46.68,2.,27.));
#10763 = CARTESIAN_POINT('',(46.68,2.021429280551,27.021429280551));
#10764 = CARTESIAN_POINT('',(46.68,2.042858314393,27.042858314393));
#10765 = CARTESIAN_POINT('',(46.68,2.064287173575,27.064287173575));
#10766 = CARTESIAN_POINT('',(46.68,2.085715657991,27.085715657991));
#10767 = CARTESIAN_POINT('',(46.68,2.107144081664,27.107144081664));
#10768 = CARTESIAN_POINT('',(46.68,2.128572139321,27.128572139321));
#10769 = CARTESIAN_POINT('',(46.68,2.15,27.15));
#10770 = PCURVE('',#6833,#10771);
#10771 = DEFINITIONAL_REPRESENTATION('',(#10772),#10781);
#10772 = B_SPLINE_CURVE_WITH_KNOTS('',7,(#10773,#10774,#10775,#10776,
    #10777,#10778,#10779,#10780),.UNSPECIFIED.,.F.,.F.,(8,8),(0.,1.),
  .PIECEWISE_BEZIER_KNOTS.);
#10773 = CARTESIAN_POINT('',(2.15,-2.15));
#10774 = CARTESIAN_POINT('',(2.171429280551,-2.171429280551));
#10775 = CARTESIAN_POINT('',(2.192858314393,-2.192858314393));
#10776 = CARTESIAN_POINT('',(2.214287173575,-2.214287173575));
#10777 = CARTESIAN_POINT('',(2.235715657991,-2.235715657991));
#10778 = CARTESIAN_POINT('',(2.257144081664,-2.257144081664));
#10779 = CARTESIAN_POINT('',(2.278572139321,-2.278572139321));
#10780 = CARTESIAN_POINT('',(2.3,-2.3));
#10781 = ( GEOMETRIC_REPRESENTATION_CONTEXT(2) 
PARAMETRIC_REPRESENTATION_CONTEXT() REPRESENTATION_CONTEXT('2D SPACE',''
  ) );
#10782 = PCURVE('',#7951,#10783);
#10783 = DEFINITIONAL_REPRESENTATION('',(#10784),#10793);
#10784 = B_SPLINE_CURVE_WITH_KNOTS('',7,(#10785,#10786,#10787,#10788,
    #10789,#10790,#10791,#10792),.UNSPECIFIED.,.F.,.F.,(8,8),(0.,1.),
  .PIECEWISE_BEZIER_KNOTS.);
#10785 = CARTESIAN_POINT('',(44.68,0.));
#10786 = CARTESIAN_POINT('',(44.683156148397,1.948116413769E-03));
#10787 = CARTESIAN_POINT('',(44.686315655036,3.896210399394E-03));
#10788 = CARTESIAN_POINT('',(44.689477557199,5.844288506843E-03));
#10789 = CARTESIAN_POINT('',(44.692644530674,7.79233254468E-03));
#10790 = CARTESIAN_POINT('',(44.69581235481,9.740371060319E-03));
#10791 = CARTESIAN_POINT('',(44.698985128463,1.168837630193E-02));
#10792 = CARTESIAN_POINT('',(44.702160578946,1.363636363636E-02));
#10793 = ( GEOMETRIC_REPRESENTATION_CONTEXT(2) 
PARAMETRIC_REPRESENTATION_CONTEXT() REPRESENTATION_CONTEXT('2D SPACE',''
  ) );
#10794 = ADVANCED_FACE('',(#10795),#6864,.F.);
#10795 = FACE_BOUND('',#10796,.F.);
#10796 = EDGE_LOOP('',(#10797,#10798,#10799,#10800));
#10797 = ORIENTED_EDGE('',*,*,#10738,.F.);
#10798 = ORIENTED_EDGE('',*,*,#6849,.F.);
#10799 = ORIENTED_EDGE('',*,*,#8177,.T.);
#10800 = ORIENTED_EDGE('',*,*,#10801,.F.);
#10801 = EDGE_CURVE('',#10739,#8104,#10802,.T.);
#10802 = SURFACE_CURVE('',#10803,(#10807,#10814),.PCURVE_S1.);
#10803 = LINE('',#10804,#10805);
#10804 = CARTESIAN_POINT('',(2.,2.,27.));
#10805 = VECTOR('',#10806,1.);
#10806 = DIRECTION('',(1.,0.,0.));
#10807 = PCURVE('',#6864,#10808);
#10808 = DEFINITIONAL_REPRESENTATION('',(#10809),#10813);
#10809 = LINE('',#10810,#10811);
#10810 = CARTESIAN_POINT('',(0.,0.));
#10811 = VECTOR('',#10812,1.);
#10812 = DIRECTION('',(1.,0.));
#10813 = ( GEOMETRIC_REPRESENTATION_CONTEXT(2) 
PARAMETRIC_REPRESENTATION_CONTEXT() REPRESENTATION_CONTEXT('2D SPACE',''
  ) );
#10814 = PCURVE('',#7951,#10815);
#10815 = DEFINITIONAL_REPRESENTATION('',(#10816),#10820);
#10816 = LINE('',#10817,#10818);
#10817 = CARTESIAN_POINT('',(0.,0.));
#10818 = VECTOR('',#10819,1.);
#10819 = DIRECTION('',(1.,0.));
#10820 = ( GEOMETRIC_REPRESENTATION_CONTEXT(2) 
PARAMETRIC_REPRESENTATION_CONTEXT() REPRESENTATION_CONTEXT('2D SPACE',''
  ) );
#10821 = ADVANCED_FACE('',(#10822),#6969,.F.);
#10822 = FACE_BOUND('',#10823,.F.);
#10823 = EDGE_LOOP('',(#10824,#10825,#10826,#10847));
#10824 = ORIENTED_EDGE('',*,*,#7980,.F.);
#10825 = ORIENTED_EDGE('',*,*,#6954,.F.);
#10826 = ORIENTED_EDGE('',*,*,#10827,.T.);
#10827 = EDGE_CURVE('',#6955,#10828,#10830,.T.);
#10828 = VERTEX_POINT('',#10829);
#10829 = CARTESIAN_POINT('',(61.04,2.,27.));
#10830 = SURFACE_CURVE('',#10831,(#10835,#10841),.PCURVE_S1.);
#10831 = LINE('',#10832,#10833);
#10832 = CARTESIAN_POINT('',(61.04,2.,25.925));
#10833 = VECTOR('',#10834,1.);
#10834 = DIRECTION('',(-0.,0.,1.));
#10835 = PCURVE('',#6969,#10836);
#10836 = DEFINITIONAL_REPRESENTATION('',(#10837),#10840);
#10837 = B_SPLINE_CURVE_WITH_KNOTS('',1,(#10838,#10839),.UNSPECIFIED.,
  .F.,.F.,(2,2),(-0.925,1.075),.PIECEWISE_BEZIER_KNOTS.);
#10838 = CARTESIAN_POINT('',(59.04,-2.));
#10839 = CARTESIAN_POINT('',(59.04,0.));
#10840 = ( GEOMETRIC_REPRESENTATION_CONTEXT(2) 
PARAMETRIC_REPRESENTATION_CONTEXT() REPRESENTATION_CONTEXT('2D SPACE',''
  ) );
#10841 = PCURVE('',#6997,#10842);
#10842 = DEFINITIONAL_REPRESENTATION('',(#10843),#10846);
#10843 = B_SPLINE_CURVE_WITH_KNOTS('',1,(#10844,#10845),.UNSPECIFIED.,
  .F.,.F.,(2,2),(-0.925,1.075),.PIECEWISE_BEZIER_KNOTS.);
#10844 = CARTESIAN_POINT('',(0.15,-2.15));
#10845 = CARTESIAN_POINT('',(2.15,-2.15));
#10846 = ( GEOMETRIC_REPRESENTATION_CONTEXT(2) 
PARAMETRIC_REPRESENTATION_CONTEXT() REPRESENTATION_CONTEXT('2D SPACE',''
  ) );
#10847 = ORIENTED_EDGE('',*,*,#10848,.F.);
#10848 = EDGE_CURVE('',#7902,#10828,#10849,.T.);
#10849 = SURFACE_CURVE('',#10850,(#10854,#10861),.PCURVE_S1.);
#10850 = LINE('',#10851,#10852);
#10851 = CARTESIAN_POINT('',(2.,2.,27.));
#10852 = VECTOR('',#10853,1.);
#10853 = DIRECTION('',(1.,0.,0.));
#10854 = PCURVE('',#6969,#10855);
#10855 = DEFINITIONAL_REPRESENTATION('',(#10856),#10860);
#10856 = LINE('',#10857,#10858);
#10857 = CARTESIAN_POINT('',(0.,0.));
#10858 = VECTOR('',#10859,1.);
#10859 = DIRECTION('',(1.,0.));
#10860 = ( GEOMETRIC_REPRESENTATION_CONTEXT(2) 
PARAMETRIC_REPRESENTATION_CONTEXT() REPRESENTATION_CONTEXT('2D SPACE',''
  ) );
#10861 = PCURVE('',#7951,#10862);
#10862 = DEFINITIONAL_REPRESENTATION('',(#10863),#10867);
#10863 = LINE('',#10864,#10865);
#10864 = CARTESIAN_POINT('',(0.,0.));
#10865 = VECTOR('',#10866,1.);
#10866 = DIRECTION('',(1.,0.));
#10867 = ( GEOMETRIC_REPRESENTATION_CONTEXT(2) 
PARAMETRIC_REPRESENTATION_CONTEXT() REPRESENTATION_CONTEXT('2D SPACE',''
  ) );
#10868 = ADVANCED_FACE('',(#10869),#6997,.T.);
#10869 = FACE_BOUND('',#10870,.T.);
#10870 = EDGE_LOOP('',(#10871,#10894,#10895,#10896));
#10871 = ORIENTED_EDGE('',*,*,#10872,.F.);
#10872 = EDGE_CURVE('',#6981,#10873,#10875,.T.);
#10873 = VERTEX_POINT('',#10874);
#10874 = CARTESIAN_POINT('',(61.04,2.15,27.15));
#10875 = SURFACE_CURVE('',#10876,(#10880,#10887),.PCURVE_S1.);
#10876 = LINE('',#10877,#10878);
#10877 = CARTESIAN_POINT('',(61.04,-0.15,27.15));
#10878 = VECTOR('',#10879,1.);
#10879 = DIRECTION('',(0.,1.,0.));
#10880 = PCURVE('',#6997,#10881);
#10881 = DEFINITIONAL_REPRESENTATION('',(#10882),#10886);
#10882 = LINE('',#10883,#10884);
#10883 = CARTESIAN_POINT('',(2.3,0.));
#10884 = VECTOR('',#10885,1.);
#10885 = DIRECTION('',(0.,-1.));
#10886 = ( GEOMETRIC_REPRESENTATION_CONTEXT(2) 
PARAMETRIC_REPRESENTATION_CONTEXT() REPRESENTATION_CONTEXT('2D SPACE',''
  ) );
#10887 = PCURVE('',#7028,#10888);
#10888 = DEFINITIONAL_REPRESENTATION('',(#10889),#10893);
#10889 = LINE('',#10890,#10891);
#10890 = CARTESIAN_POINT('',(0.,0.));
#10891 = VECTOR('',#10892,1.);
#10892 = DIRECTION('',(0.,1.));
#10893 = ( GEOMETRIC_REPRESENTATION_CONTEXT(2) 
PARAMETRIC_REPRESENTATION_CONTEXT() REPRESENTATION_CONTEXT('2D SPACE',''
  ) );
#10894 = ORIENTED_EDGE('',*,*,#6980,.T.);
#10895 = ORIENTED_EDGE('',*,*,#10827,.T.);
#10896 = ORIENTED_EDGE('',*,*,#10897,.T.);
#10897 = EDGE_CURVE('',#10828,#10873,#10898,.T.);
#10898 = SURFACE_CURVE('',#10899,(#10908,#10920),.PCURVE_S1.);
#10899 = B_SPLINE_CURVE_WITH_KNOTS('',4,(#10900,#10901,#10902,#10903,
    #10904,#10905,#10906,#10907),.UNSPECIFIED.,.F.,.F.,(5,3,5),(0.,
    0.513188444712,1.),.UNSPECIFIED.);
#10900 = CARTESIAN_POINT('',(61.04,2.,27.));
#10901 = CARTESIAN_POINT('',(61.04,2.019245834151,27.01924583415));
#10902 = CARTESIAN_POINT('',(61.04,2.038491665753,27.038491665753));
#10903 = CARTESIAN_POINT('',(61.04,2.057737494804,27.057737494804));
#10904 = CARTESIAN_POINT('',(61.04,2.09523994969,27.09523994969));
#10905 = CARTESIAN_POINT('',(61.04,2.113495016163,27.113495016163));
#10906 = CARTESIAN_POINT('',(61.04,2.131748268701,27.131748268701));
#10907 = CARTESIAN_POINT('',(61.04,2.15,27.15));
#10908 = PCURVE('',#6997,#10909);
#10909 = DEFINITIONAL_REPRESENTATION('',(#10910),#10919);
#10910 = B_SPLINE_CURVE_WITH_KNOTS('',4,(#10911,#10912,#10913,#10914,
    #10915,#10916,#10917,#10918),.UNSPECIFIED.,.F.,.F.,(5,3,5),(0.,
    0.513188444712,1.),.UNSPECIFIED.);
#10911 = CARTESIAN_POINT('',(2.15,-2.15));
#10912 = CARTESIAN_POINT('',(2.16924583415,-2.169245834151));
#10913 = CARTESIAN_POINT('',(2.188491665753,-2.188491665753));
#10914 = CARTESIAN_POINT('',(2.207737494804,-2.207737494804));
#10915 = CARTESIAN_POINT('',(2.24523994969,-2.24523994969));
#10916 = CARTESIAN_POINT('',(2.263495016163,-2.263495016163));
#10917 = CARTESIAN_POINT('',(2.281748268701,-2.281748268701));
#10918 = CARTESIAN_POINT('',(2.3,-2.3));
#10919 = ( GEOMETRIC_REPRESENTATION_CONTEXT(2) 
PARAMETRIC_REPRESENTATION_CONTEXT() REPRESENTATION_CONTEXT('2D SPACE',''
  ) );
#10920 = PCURVE('',#7951,#10921);
#10921 = DEFINITIONAL_REPRESENTATION('',(#10922),#10931);
#10922 = B_SPLINE_CURVE_WITH_KNOTS('',4,(#10923,#10924,#10925,#10926,
    #10927,#10928,#10929,#10930),.UNSPECIFIED.,.F.,.F.,(5,3,5),(0.,
    0.513188444712,1.),.UNSPECIFIED.);
#10923 = CARTESIAN_POINT('',(59.04,0.));
#10924 = CARTESIAN_POINT('',(59.048503697797,1.749621286409E-03));
#10925 = CARTESIAN_POINT('',(59.057016346851,3.499242341155E-03));
#10926 = CARTESIAN_POINT('',(59.065537968362,5.248863163965E-03));
#10927 = CARTESIAN_POINT('',(59.082160741902,8.658177244545E-03));
#10928 = CARTESIAN_POINT('',(59.090259981953,1.031772874211E-02));
#10929 = CARTESIAN_POINT('',(59.098367421794,1.197711533646E-02));
#10930 = CARTESIAN_POINT('',(59.106481736588,1.363636363636E-02));
#10931 = ( GEOMETRIC_REPRESENTATION_CONTEXT(2) 
PARAMETRIC_REPRESENTATION_CONTEXT() REPRESENTATION_CONTEXT('2D SPACE',''
  ) );
#10932 = ADVANCED_FACE('',(#10933),#7028,.F.);
#10933 = FACE_BOUND('',#10934,.F.);
#10934 = EDGE_LOOP('',(#10935,#10936,#10937,#10960));
#10935 = ORIENTED_EDGE('',*,*,#10872,.F.);
#10936 = ORIENTED_EDGE('',*,*,#7013,.F.);
#10937 = ORIENTED_EDGE('',*,*,#10938,.T.);
#10938 = EDGE_CURVE('',#7014,#10939,#10941,.T.);
#10939 = VERTEX_POINT('',#10940);
#10940 = CARTESIAN_POINT('',(75.4,2.15,27.15));
#10941 = SURFACE_CURVE('',#10942,(#10946,#10953),.PCURVE_S1.);
#10942 = LINE('',#10943,#10944);
#10943 = CARTESIAN_POINT('',(75.4,-0.15,27.15));
#10944 = VECTOR('',#10945,1.);
#10945 = DIRECTION('',(0.,1.,0.));
#10946 = PCURVE('',#7028,#10947);
#10947 = DEFINITIONAL_REPRESENTATION('',(#10948),#10952);
#10948 = LINE('',#10949,#10950);
#10949 = CARTESIAN_POINT('',(14.36,0.));
#10950 = VECTOR('',#10951,1.);
#10951 = DIRECTION('',(0.,1.));
#10952 = ( GEOMETRIC_REPRESENTATION_CONTEXT(2) 
PARAMETRIC_REPRESENTATION_CONTEXT() REPRESENTATION_CONTEXT('2D SPACE',''
  ) );
#10953 = PCURVE('',#7056,#10954);
#10954 = DEFINITIONAL_REPRESENTATION('',(#10955),#10959);
#10955 = LINE('',#10956,#10957);
#10956 = CARTESIAN_POINT('',(2.3,0.));
#10957 = VECTOR('',#10958,1.);
#10958 = DIRECTION('',(0.,-1.));
#10959 = ( GEOMETRIC_REPRESENTATION_CONTEXT(2) 
PARAMETRIC_REPRESENTATION_CONTEXT() REPRESENTATION_CONTEXT('2D SPACE',''
  ) );
#10960 = ORIENTED_EDGE('',*,*,#10961,.F.);
#10961 = EDGE_CURVE('',#10873,#10939,#10962,.T.);
#10962 = SURFACE_CURVE('',#10963,(#10967,#10974),.PCURVE_S1.);
#10963 = LINE('',#10964,#10965);
#10964 = CARTESIAN_POINT('',(61.04,2.15,27.15));
#10965 = VECTOR('',#10966,1.);
#10966 = DIRECTION('',(1.,0.,0.));
#10967 = PCURVE('',#7028,#10968);
#10968 = DEFINITIONAL_REPRESENTATION('',(#10969),#10973);
#10969 = LINE('',#10970,#10971);
#10970 = CARTESIAN_POINT('',(0.,2.3));
#10971 = VECTOR('',#10972,1.);
#10972 = DIRECTION('',(1.,0.));
#10973 = ( GEOMETRIC_REPRESENTATION_CONTEXT(2) 
PARAMETRIC_REPRESENTATION_CONTEXT() REPRESENTATION_CONTEXT('2D SPACE',''
  ) );
#10974 = PCURVE('',#7951,#10975);
#10975 = DEFINITIONAL_REPRESENTATION('',(#10976),#10980);
#10976 = B_SPLINE_CURVE_WITH_KNOTS('',2,(#10977,#10978,#10979),
  .UNSPECIFIED.,.F.,.F.,(3,3),(0.,14.36),.PIECEWISE_BEZIER_KNOTS.);
#10977 = CARTESIAN_POINT('',(59.106481481481,1.363636363636E-02));
#10978 = CARTESIAN_POINT('',(66.308641975309,1.363636363636E-02));
#10979 = CARTESIAN_POINT('',(73.510802469136,1.363636363636E-02));
#10980 = ( GEOMETRIC_REPRESENTATION_CONTEXT(2) 
PARAMETRIC_REPRESENTATION_CONTEXT() REPRESENTATION_CONTEXT('2D SPACE',''
  ) );
#10981 = ADVANCED_FACE('',(#10982),#7056,.F.);
#10982 = FACE_BOUND('',#10983,.F.);
#10983 = EDGE_LOOP('',(#10984,#10985,#10986,#11007));
#10984 = ORIENTED_EDGE('',*,*,#10938,.F.);
#10985 = ORIENTED_EDGE('',*,*,#7039,.T.);
#10986 = ORIENTED_EDGE('',*,*,#10987,.T.);
#10987 = EDGE_CURVE('',#7040,#10988,#10990,.T.);
#10988 = VERTEX_POINT('',#10989);
#10989 = CARTESIAN_POINT('',(75.4,2.,27.));
#10990 = SURFACE_CURVE('',#10991,(#10995,#11001),.PCURVE_S1.);
#10991 = LINE('',#10992,#10993);
#10992 = CARTESIAN_POINT('',(75.4,2.,25.925));
#10993 = VECTOR('',#10994,1.);
#10994 = DIRECTION('',(-0.,0.,1.));
#10995 = PCURVE('',#7056,#10996);
#10996 = DEFINITIONAL_REPRESENTATION('',(#10997),#11000);
#10997 = B_SPLINE_CURVE_WITH_KNOTS('',1,(#10998,#10999),.UNSPECIFIED.,
  .F.,.F.,(2,2),(-0.925,1.075),.PIECEWISE_BEZIER_KNOTS.);
#10998 = CARTESIAN_POINT('',(0.15,-2.15));
#10999 = CARTESIAN_POINT('',(2.15,-2.15));
#11000 = ( GEOMETRIC_REPRESENTATION_CONTEXT(2) 
PARAMETRIC_REPRESENTATION_CONTEXT() REPRESENTATION_CONTEXT('2D SPACE',''
  ) );
#11001 = PCURVE('',#7087,#11002);
#11002 = DEFINITIONAL_REPRESENTATION('',(#11003),#11006);
#11003 = B_SPLINE_CURVE_WITH_KNOTS('',1,(#11004,#11005),.UNSPECIFIED.,
  .F.,.F.,(2,2),(-0.925,1.075),.PIECEWISE_BEZIER_KNOTS.);
#11004 = CARTESIAN_POINT('',(73.4,-2.));
#11005 = CARTESIAN_POINT('',(73.4,0.));
#11006 = ( GEOMETRIC_REPRESENTATION_CONTEXT(2) 
PARAMETRIC_REPRESENTATION_CONTEXT() REPRESENTATION_CONTEXT('2D SPACE',''
  ) );
#11007 = ORIENTED_EDGE('',*,*,#11008,.T.);
#11008 = EDGE_CURVE('',#10988,#10939,#11009,.T.);
#11009 = SURFACE_CURVE('',#11010,(#11016,#11025),.PCURVE_S1.);
#11010 = B_SPLINE_CURVE_WITH_KNOTS('',4,(#11011,#11012,#11013,#11014,
    #11015),.UNSPECIFIED.,.F.,.F.,(5,5),(0.,1.),
  .PIECEWISE_BEZIER_KNOTS.);
#11011 = CARTESIAN_POINT('',(75.4,2.,27.));
#11012 = CARTESIAN_POINT('',(75.4,2.037524648618,27.037524648618));
#11013 = CARTESIAN_POINT('',(75.4,2.075032920356,27.075032920356));
#11014 = CARTESIAN_POINT('',(75.4,2.112524732091,27.112524732091));
#11015 = CARTESIAN_POINT('',(75.4,2.15,27.15));
#11016 = PCURVE('',#7056,#11017);
#11017 = DEFINITIONAL_REPRESENTATION('',(#11018),#11024);
#11018 = B_SPLINE_CURVE_WITH_KNOTS('',4,(#11019,#11020,#11021,#11022,
    #11023),.UNSPECIFIED.,.F.,.F.,(5,5),(0.,1.),
  .PIECEWISE_BEZIER_KNOTS.);
#11019 = CARTESIAN_POINT('',(2.15,-2.15));
#11020 = CARTESIAN_POINT('',(2.187524648618,-2.187524648618));
#11021 = CARTESIAN_POINT('',(2.225032920356,-2.225032920356));
#11022 = CARTESIAN_POINT('',(2.262524732091,-2.262524732091));
#11023 = CARTESIAN_POINT('',(2.3,-2.3));
#11024 = ( GEOMETRIC_REPRESENTATION_CONTEXT(2) 
PARAMETRIC_REPRESENTATION_CONTEXT() REPRESENTATION_CONTEXT('2D SPACE',''
  ) );
#11025 = PCURVE('',#7951,#11026);
#11026 = DEFINITIONAL_REPRESENTATION('',(#11027),#11033);
#11027 = B_SPLINE_CURVE_WITH_KNOTS('',4,(#11028,#11029,#11030,#11031,
    #11032),.UNSPECIFIED.,.F.,.F.,(5,5),(0.,1.),
  .PIECEWISE_BEZIER_KNOTS.);
#11028 = CARTESIAN_POINT('',(73.4,0.));
#11029 = CARTESIAN_POINT('',(73.427633536111,3.411331692564E-03));
#11030 = CARTESIAN_POINT('',(73.455311733553,6.821174577788E-03));
#11031 = CARTESIAN_POINT('',(73.483034681684,1.022952109914E-02));
#11032 = CARTESIAN_POINT('',(73.510802469136,1.363636363636E-02));
#11033 = ( GEOMETRIC_REPRESENTATION_CONTEXT(2) 
PARAMETRIC_REPRESENTATION_CONTEXT() REPRESENTATION_CONTEXT('2D SPACE',''
  ) );
#11034 = ADVANCED_FACE('',(#11035),#7087,.F.);
#11035 = FACE_BOUND('',#11036,.F.);
#11036 = EDGE_LOOP('',(#11037,#11038,#11039,#11059));
#11037 = ORIENTED_EDGE('',*,*,#10987,.F.);
#11038 = ORIENTED_EDGE('',*,*,#7072,.F.);
#11039 = ORIENTED_EDGE('',*,*,#11040,.T.);
#11040 = EDGE_CURVE('',#7073,#11041,#11043,.T.);
#11041 = VERTEX_POINT('',#11042);
#11042 = CARTESIAN_POINT('',(77.,2.,27.));
#11043 = SURFACE_CURVE('',#11044,(#11047,#11053),.PCURVE_S1.);
#11044 = B_SPLINE_CURVE_WITH_KNOTS('',1,(#11045,#11046),.UNSPECIFIED.,
  .F.,.F.,(2,2),(0.,1.),.PIECEWISE_BEZIER_KNOTS.);
#11045 = CARTESIAN_POINT('',(77.,2.,24.85));
#11046 = CARTESIAN_POINT('',(77.,2.,27.));
#11047 = PCURVE('',#7087,#11048);
#11048 = DEFINITIONAL_REPRESENTATION('',(#11049),#11052);
#11049 = B_SPLINE_CURVE_WITH_KNOTS('',1,(#11050,#11051),.UNSPECIFIED.,
  .F.,.F.,(2,2),(0.,1.),.PIECEWISE_BEZIER_KNOTS.);
#11050 = CARTESIAN_POINT('',(75.,-2.15));
#11051 = CARTESIAN_POINT('',(75.,0.));
#11052 = ( GEOMETRIC_REPRESENTATION_CONTEXT(2) 
PARAMETRIC_REPRESENTATION_CONTEXT() REPRESENTATION_CONTEXT('2D SPACE',''
  ) );
#11053 = PCURVE('',#7115,#11054);
#11054 = DEFINITIONAL_REPRESENTATION('',(#11055),#11058);
#11055 = B_SPLINE_CURVE_WITH_KNOTS('',1,(#11056,#11057),.UNSPECIFIED.,
  .F.,.F.,(2,2),(0.,1.),.PIECEWISE_BEZIER_KNOTS.);
#11056 = CARTESIAN_POINT('',(0.,-2.15));
#11057 = CARTESIAN_POINT('',(0.,0.));
#11058 = ( GEOMETRIC_REPRESENTATION_CONTEXT(2) 
PARAMETRIC_REPRESENTATION_CONTEXT() REPRESENTATION_CONTEXT('2D SPACE',''
  ) );
#11059 = ORIENTED_EDGE('',*,*,#11060,.F.);
#11060 = EDGE_CURVE('',#10988,#11041,#11061,.T.);
#11061 = SURFACE_CURVE('',#11062,(#11066,#11073),.PCURVE_S1.);
#11062 = LINE('',#11063,#11064);
#11063 = CARTESIAN_POINT('',(2.,2.,27.));
#11064 = VECTOR('',#11065,1.);
#11065 = DIRECTION('',(1.,0.,0.));
#11066 = PCURVE('',#7087,#11067);
#11067 = DEFINITIONAL_REPRESENTATION('',(#11068),#11072);
#11068 = LINE('',#11069,#11070);
#11069 = CARTESIAN_POINT('',(0.,0.));
#11070 = VECTOR('',#11071,1.);
#11071 = DIRECTION('',(1.,0.));
#11072 = ( GEOMETRIC_REPRESENTATION_CONTEXT(2) 
PARAMETRIC_REPRESENTATION_CONTEXT() REPRESENTATION_CONTEXT('2D SPACE',''
  ) );
#11073 = PCURVE('',#7951,#11074);
#11074 = DEFINITIONAL_REPRESENTATION('',(#11075),#11079);
#11075 = LINE('',#11076,#11077);
#11076 = CARTESIAN_POINT('',(0.,0.));
#11077 = VECTOR('',#11078,1.);
#11078 = DIRECTION('',(1.,0.));
#11079 = ( GEOMETRIC_REPRESENTATION_CONTEXT(2) 
PARAMETRIC_REPRESENTATION_CONTEXT() REPRESENTATION_CONTEXT('2D SPACE',''
  ) );
#11080 = ADVANCED_FACE('',(#11081),#7115,.F.);
#11081 = FACE_BOUND('',#11082,.F.);
#11082 = EDGE_LOOP('',(#11083,#11110,#11131,#11151,#11177,#11178,#11179)
  );
#11083 = ORIENTED_EDGE('',*,*,#11084,.F.);
#11084 = EDGE_CURVE('',#11085,#11087,#11089,.T.);
#11085 = VERTEX_POINT('',#11086);
#11086 = CARTESIAN_POINT('',(77.,2.,25.));
#11087 = VERTEX_POINT('',#11088);
#11088 = CARTESIAN_POINT('',(77.,2.,25.443223563717));
#11089 = SURFACE_CURVE('',#11090,(#11093,#11099),.PCURVE_S1.);
#11090 = B_SPLINE_CURVE_WITH_KNOTS('',1,(#11091,#11092),.UNSPECIFIED.,
  .F.,.F.,(2,2),(0.,1.),.PIECEWISE_BEZIER_KNOTS.);
#11091 = CARTESIAN_POINT('',(77.,2.,24.85));
#11092 = CARTESIAN_POINT('',(77.,2.,27.));
#11093 = PCURVE('',#7115,#11094);
#11094 = DEFINITIONAL_REPRESENTATION('',(#11095),#11098);
#11095 = B_SPLINE_CURVE_WITH_KNOTS('',1,(#11096,#11097),.UNSPECIFIED.,
  .F.,.F.,(2,2),(0.,1.),.PIECEWISE_BEZIER_KNOTS.);
#11096 = CARTESIAN_POINT('',(0.,-2.15));
#11097 = CARTESIAN_POINT('',(0.,0.));
#11098 = ( GEOMETRIC_REPRESENTATION_CONTEXT(2) 
PARAMETRIC_REPRESENTATION_CONTEXT() REPRESENTATION_CONTEXT('2D SPACE',''
  ) );
#11099 = PCURVE('',#11100,#11105);
#11100 = PLANE('',#11101);
#11101 = AXIS2_PLACEMENT_3D('',#11102,#11103,#11104);
#11102 = CARTESIAN_POINT('',(2.,2.,27.));
#11103 = DIRECTION('',(0.,-1.,0.));
#11104 = DIRECTION('',(1.,0.,0.));
#11105 = DEFINITIONAL_REPRESENTATION('',(#11106),#11109);
#11106 = B_SPLINE_CURVE_WITH_KNOTS('',1,(#11107,#11108),.UNSPECIFIED.,
  .F.,.F.,(2,2),(0.,1.),.PIECEWISE_BEZIER_KNOTS.);
#11107 = CARTESIAN_POINT('',(75.,-2.15));
#11108 = CARTESIAN_POINT('',(75.,0.));
#11109 = ( GEOMETRIC_REPRESENTATION_CONTEXT(2) 
PARAMETRIC_REPRESENTATION_CONTEXT() REPRESENTATION_CONTEXT('2D SPACE',''
  ) );
#11110 = ORIENTED_EDGE('',*,*,#11111,.F.);
#11111 = EDGE_CURVE('',#11112,#11085,#11114,.T.);
#11112 = VERTEX_POINT('',#11113);
#11113 = CARTESIAN_POINT('',(77.,93.,25.));
#11114 = SURFACE_CURVE('',#11115,(#11119,#11125),.PCURVE_S1.);
#11115 = LINE('',#11116,#11117);
#11116 = CARTESIAN_POINT('',(77.,1.,25.));
#11117 = VECTOR('',#11118,1.);
#11118 = DIRECTION('',(0.,-1.,0.));
#11119 = PCURVE('',#7115,#11120);
#11120 = DEFINITIONAL_REPRESENTATION('',(#11121),#11124);
#11121 = B_SPLINE_CURVE_WITH_KNOTS('',1,(#11122,#11123),.UNSPECIFIED.,
  .F.,.F.,(2,2),(-92.,-1.),.PIECEWISE_BEZIER_KNOTS.);
#11122 = CARTESIAN_POINT('',(91.,-2.));
#11123 = CARTESIAN_POINT('',(0.,-2.));
#11124 = ( GEOMETRIC_REPRESENTATION_CONTEXT(2) 
PARAMETRIC_REPRESENTATION_CONTEXT() REPRESENTATION_CONTEXT('2D SPACE',''
  ) );
#11125 = PCURVE('',#10073,#11126);
#11126 = DEFINITIONAL_REPRESENTATION('',(#11127),#11130);
#11127 = B_SPLINE_CURVE_WITH_KNOTS('',1,(#11128,#11129),.UNSPECIFIED.,
  .F.,.F.,(2,2),(-92.,-1.),.PIECEWISE_BEZIER_KNOTS.);
#11128 = CARTESIAN_POINT('',(120.73911099074,-0.258992596307));
#11129 = CARTESIAN_POINT('',(50.770642394754,57.925312867727));
#11130 = ( GEOMETRIC_REPRESENTATION_CONTEXT(2) 
PARAMETRIC_REPRESENTATION_CONTEXT() REPRESENTATION_CONTEXT('2D SPACE',''
  ) );
#11131 = ORIENTED_EDGE('',*,*,#11132,.T.);
#11132 = EDGE_CURVE('',#11112,#11133,#11135,.T.);
#11133 = VERTEX_POINT('',#11134);
#11134 = CARTESIAN_POINT('',(77.,93.,27.));
#11135 = SURFACE_CURVE('',#11136,(#11139,#11145),.PCURVE_S1.);
#11136 = B_SPLINE_CURVE_WITH_KNOTS('',1,(#11137,#11138),.UNSPECIFIED.,
  .F.,.F.,(2,2),(0.,1.),.PIECEWISE_BEZIER_KNOTS.);
#11137 = CARTESIAN_POINT('',(77.,93.,24.85));
#11138 = CARTESIAN_POINT('',(77.,93.,27.));
#11139 = PCURVE('',#7115,#11140);
#11140 = DEFINITIONAL_REPRESENTATION('',(#11141),#11144);
#11141 = B_SPLINE_CURVE_WITH_KNOTS('',1,(#11142,#11143),.UNSPECIFIED.,
  .F.,.F.,(2,2),(0.,1.),.PIECEWISE_BEZIER_KNOTS.);
#11142 = CARTESIAN_POINT('',(91.,-2.15));
#11143 = CARTESIAN_POINT('',(91.,0.));
#11144 = ( GEOMETRIC_REPRESENTATION_CONTEXT(2) 
PARAMETRIC_REPRESENTATION_CONTEXT() REPRESENTATION_CONTEXT('2D SPACE',''
  ) );
#11145 = PCURVE('',#10235,#11146);
#11146 = DEFINITIONAL_REPRESENTATION('',(#11147),#11150);
#11147 = B_SPLINE_CURVE_WITH_KNOTS('',1,(#11148,#11149),.UNSPECIFIED.,
  .F.,.F.,(2,2),(0.,1.),.PIECEWISE_BEZIER_KNOTS.);
#11148 = CARTESIAN_POINT('',(0.,-2.15));
#11149 = CARTESIAN_POINT('',(0.,0.));
#11150 = ( GEOMETRIC_REPRESENTATION_CONTEXT(2) 
PARAMETRIC_REPRESENTATION_CONTEXT() REPRESENTATION_CONTEXT('2D SPACE',''
  ) );
#11151 = ORIENTED_EDGE('',*,*,#11152,.F.);
#11152 = EDGE_CURVE('',#11041,#11133,#11153,.T.);
#11153 = SURFACE_CURVE('',#11154,(#11158,#11165),.PCURVE_S1.);
#11154 = LINE('',#11155,#11156);
#11155 = CARTESIAN_POINT('',(77.,2.,27.));
#11156 = VECTOR('',#11157,1.);
#11157 = DIRECTION('',(0.,1.,0.));
#11158 = PCURVE('',#7115,#11159);
#11159 = DEFINITIONAL_REPRESENTATION('',(#11160),#11164);
#11160 = LINE('',#11161,#11162);
#11161 = CARTESIAN_POINT('',(0.,0.));
#11162 = VECTOR('',#11163,1.);
#11163 = DIRECTION('',(1.,0.));
#11164 = ( GEOMETRIC_REPRESENTATION_CONTEXT(2) 
PARAMETRIC_REPRESENTATION_CONTEXT() REPRESENTATION_CONTEXT('2D SPACE',''
  ) );
#11165 = PCURVE('',#11166,#11171);
#11166 = B_SPLINE_SURFACE_WITH_KNOTS('',1,1,(
    (#11167,#11168)
    ,(#11169,#11170
    )),.UNSPECIFIED.,.F.,.F.,.F.,(2,2),(2,2),(0.,91.),(0.,1.),
  .PIECEWISE_BEZIER_KNOTS.);
#11167 = CARTESIAN_POINT('',(77.,2.,27.));
#11168 = CARTESIAN_POINT('',(68.538461538462,13.,38.));
#11169 = CARTESIAN_POINT('',(77.,93.,27.));
#11170 = CARTESIAN_POINT('',(68.538461538462,91.307692307692,38.));
#11171 = DEFINITIONAL_REPRESENTATION('',(#11172),#11176);
#11172 = LINE('',#11173,#11174);
#11173 = CARTESIAN_POINT('',(0.,0.));
#11174 = VECTOR('',#11175,1.);
#11175 = DIRECTION('',(1.,0.));
#11176 = ( GEOMETRIC_REPRESENTATION_CONTEXT(2) 
PARAMETRIC_REPRESENTATION_CONTEXT() REPRESENTATION_CONTEXT('2D SPACE',''
  ) );
#11177 = ORIENTED_EDGE('',*,*,#11040,.F.);
#11178 = ORIENTED_EDGE('',*,*,#7098,.T.);
#11179 = ORIENTED_EDGE('',*,*,#11180,.T.);
#11180 = EDGE_CURVE('',#7099,#11087,#11181,.T.);
#11181 = SURFACE_CURVE('',#11182,(#11187,#11198),.PCURVE_S1.);
#11182 = CIRCLE('',#11183,1.6);
#11183 = AXIS2_PLACEMENT_3D('',#11184,#11185,#11186);
#11184 = CARTESIAN_POINT('',(77.,0.5,26.));
#11185 = DIRECTION('',(-1.,0.,0.));
#11186 = DIRECTION('',(0.,1.,0.));
#11187 = PCURVE('',#7115,#11188);
#11188 = DEFINITIONAL_REPRESENTATION('',(#11189),#11197);
#11189 = ( BOUNDED_CURVE() B_SPLINE_CURVE(2,(#11190,#11191,#11192,#11193
    ,#11194,#11195,#11196),.UNSPECIFIED.,.T.,.F.) 
B_SPLINE_CURVE_WITH_KNOTS((1,2,2,2,2,1),(-2.094395102393,0.,
    2.094395102393,4.188790204786,6.28318530718,8.377580409573),
.UNSPECIFIED.) CURVE() GEOMETRIC_REPRESENTATION_ITEM() 
RATIONAL_B_SPLINE_CURVE((1.,0.5,1.,0.5,1.,0.5,1.)) REPRESENTATION_ITEM(
  '') );
#11190 = CARTESIAN_POINT('',(0.1,-1.));
#11191 = CARTESIAN_POINT('',(0.1,-3.77128129211));
#11192 = CARTESIAN_POINT('',(-2.3,-2.385640646055));
#11193 = CARTESIAN_POINT('',(-4.7,-1.));
#11194 = CARTESIAN_POINT('',(-2.3,0.385640646055));
#11195 = CARTESIAN_POINT('',(1.E-01,1.77128129211));
#11196 = CARTESIAN_POINT('',(0.1,-1.));
#11197 = ( GEOMETRIC_REPRESENTATION_CONTEXT(2) 
PARAMETRIC_REPRESENTATION_CONTEXT() REPRESENTATION_CONTEXT('2D SPACE',''
  ) );
#11198 = PCURVE('',#7147,#11199);
#11199 = DEFINITIONAL_REPRESENTATION('',(#11200),#11204);
#11200 = LINE('',#11201,#11202);
#11201 = CARTESIAN_POINT('',(-6.28318530718,-78.));
#11202 = VECTOR('',#11203,1.);
#11203 = DIRECTION('',(1.,-0.));
#11204 = ( GEOMETRIC_REPRESENTATION_CONTEXT(2) 
PARAMETRIC_REPRESENTATION_CONTEXT() REPRESENTATION_CONTEXT('2D SPACE',''
  ) );
#11205 = ADVANCED_FACE('',(#11206),#7147,.F.);
#11206 = FACE_BOUND('',#11207,.T.);
#11207 = EDGE_LOOP('',(#11208,#11209,#11230,#11263,#11284,#11310));
#11208 = ORIENTED_EDGE('',*,*,#11180,.T.);
#11209 = ORIENTED_EDGE('',*,*,#11210,.T.);
#11210 = EDGE_CURVE('',#11087,#11211,#11213,.T.);
#11211 = VERTEX_POINT('',#11212);
#11212 = CARTESIAN_POINT('',(75.4,2.,25.443223563717));
#11213 = SURFACE_CURVE('',#11214,(#11218,#11224),.PCURVE_S1.);
#11214 = LINE('',#11215,#11216);
#11215 = CARTESIAN_POINT('',(-1.,2.,25.443223563717));
#11216 = VECTOR('',#11217,1.);
#11217 = DIRECTION('',(-1.,-0.,-0.));
#11218 = PCURVE('',#7147,#11219);
#11219 = DEFINITIONAL_REPRESENTATION('',(#11220),#11223);
#11220 = B_SPLINE_CURVE_WITH_KNOTS('',1,(#11221,#11222),.UNSPECIFIED.,
  .F.,.F.,(2,2),(-78.16,-76.24),.PIECEWISE_BEZIER_KNOTS.);
#11221 = CARTESIAN_POINT('',(-5.927764105489,-78.16));
#11222 = CARTESIAN_POINT('',(-5.927764105489,-76.24));
#11223 = ( GEOMETRIC_REPRESENTATION_CONTEXT(2) 
PARAMETRIC_REPRESENTATION_CONTEXT() REPRESENTATION_CONTEXT('2D SPACE',''
  ) );
#11224 = PCURVE('',#11100,#11225);
#11225 = DEFINITIONAL_REPRESENTATION('',(#11226),#11229);
#11226 = B_SPLINE_CURVE_WITH_KNOTS('',1,(#11227,#11228),.UNSPECIFIED.,
  .F.,.F.,(2,2),(-78.16,-76.24),.PIECEWISE_BEZIER_KNOTS.);
#11227 = CARTESIAN_POINT('',(75.16,-1.556776436283));
#11228 = CARTESIAN_POINT('',(73.24,-1.556776436283));
#11229 = ( GEOMETRIC_REPRESENTATION_CONTEXT(2) 
PARAMETRIC_REPRESENTATION_CONTEXT() REPRESENTATION_CONTEXT('2D SPACE',''
  ) );
#11230 = ORIENTED_EDGE('',*,*,#11231,.T.);
#11231 = EDGE_CURVE('',#11211,#11232,#11234,.T.);
#11232 = VERTEX_POINT('',#11233);
#11233 = CARTESIAN_POINT('',(75.4,1.74899959968,25.));
#11234 = SURFACE_CURVE('',#11235,(#11240,#11247),.PCURVE_S1.);
#11235 = CIRCLE('',#11236,1.6);
#11236 = AXIS2_PLACEMENT_3D('',#11237,#11238,#11239);
#11237 = CARTESIAN_POINT('',(75.4,0.5,26.));
#11238 = DIRECTION('',(-1.,0.,0.));
#11239 = DIRECTION('',(0.,1.,0.));
#11240 = PCURVE('',#7147,#11241);
#11241 = DEFINITIONAL_REPRESENTATION('',(#11242),#11246);
#11242 = LINE('',#11243,#11244);
#11243 = CARTESIAN_POINT('',(-6.28318530718,-76.4));
#11244 = VECTOR('',#11245,1.);
#11245 = DIRECTION('',(1.,-0.));
#11246 = ( GEOMETRIC_REPRESENTATION_CONTEXT(2) 
PARAMETRIC_REPRESENTATION_CONTEXT() REPRESENTATION_CONTEXT('2D SPACE',''
  ) );
#11247 = PCURVE('',#11248,#11253);
#11248 = PLANE('',#11249);
#11249 = AXIS2_PLACEMENT_3D('',#11250,#11251,#11252);
#11250 = CARTESIAN_POINT('',(75.4,-0.15,24.85));
#11251 = DIRECTION('',(1.,0.,0.));
#11252 = DIRECTION('',(0.,0.,1.));
#11253 = DEFINITIONAL_REPRESENTATION('',(#11254),#11262);
#11254 = ( BOUNDED_CURVE() B_SPLINE_CURVE(2,(#11255,#11256,#11257,#11258
    ,#11259,#11260,#11261),.UNSPECIFIED.,.T.,.F.) 
B_SPLINE_CURVE_WITH_KNOTS((1,2,2,2,2,1),(-2.094395102393,0.,
    2.094395102393,4.188790204786,6.28318530718,8.377580409573),
.UNSPECIFIED.) CURVE() GEOMETRIC_REPRESENTATION_ITEM() 
RATIONAL_B_SPLINE_CURVE((1.,0.5,1.,0.5,1.,0.5,1.)) REPRESENTATION_ITEM(
  '') );
#11255 = CARTESIAN_POINT('',(1.15,-2.25));
#11256 = CARTESIAN_POINT('',(-1.62128129211,-2.25));
#11257 = CARTESIAN_POINT('',(-0.235640646055,0.15));
#11258 = CARTESIAN_POINT('',(1.15,2.55));
#11259 = CARTESIAN_POINT('',(2.535640646055,0.15));
#11260 = CARTESIAN_POINT('',(3.92128129211,-2.25));
#11261 = CARTESIAN_POINT('',(1.15,-2.25));
#11262 = ( GEOMETRIC_REPRESENTATION_CONTEXT(2) 
PARAMETRIC_REPRESENTATION_CONTEXT() REPRESENTATION_CONTEXT('2D SPACE',''
  ) );
#11263 = ORIENTED_EDGE('',*,*,#11264,.F.);
#11264 = EDGE_CURVE('',#11265,#11232,#11267,.T.);
#11265 = VERTEX_POINT('',#11266);
#11266 = CARTESIAN_POINT('',(79.,1.74899959968,25.));
#11267 = SURFACE_CURVE('',#11268,(#11272,#11278),.PCURVE_S1.);
#11268 = LINE('',#11269,#11270);
#11269 = CARTESIAN_POINT('',(-1.,1.74899959968,25.));
#11270 = VECTOR('',#11271,1.);
#11271 = DIRECTION('',(-1.,-0.,-0.));
#11272 = PCURVE('',#7147,#11273);
#11273 = DEFINITIONAL_REPRESENTATION('',(#11274),#11277);
#11274 = B_SPLINE_CURVE_WITH_KNOTS('',1,(#11275,#11276),.UNSPECIFIED.,
  .F.,.F.,(2,2),(-81.0000006,5.999999999062E-07),
  .PIECEWISE_BEZIER_KNOTS.);
#11275 = CARTESIAN_POINT('',(-5.608053774243,-81.0000006));
#11276 = CARTESIAN_POINT('',(-5.608053774243,5.999999999062E-07));
#11277 = ( GEOMETRIC_REPRESENTATION_CONTEXT(2) 
PARAMETRIC_REPRESENTATION_CONTEXT() REPRESENTATION_CONTEXT('2D SPACE',''
  ) );
#11278 = PCURVE('',#10073,#11279);
#11279 = DEFINITIONAL_REPRESENTATION('',(#11280),#11283);
#11280 = B_SPLINE_CURVE_WITH_KNOTS('',1,(#11281,#11282),.UNSPECIFIED.,
  .F.,.F.,(2,2),(-81.0000006,5.999999999062E-07),
  .PIECEWISE_BEZIER_KNOTS.);
#11281 = CARTESIAN_POINT('',(52.495816435141,60.39245277688));
#11282 = CARTESIAN_POINT('',(0.705389925165,-1.887174038915));
#11283 = ( GEOMETRIC_REPRESENTATION_CONTEXT(2) 
PARAMETRIC_REPRESENTATION_CONTEXT() REPRESENTATION_CONTEXT('2D SPACE',''
  ) );
#11284 = ORIENTED_EDGE('',*,*,#11285,.F.);
#11285 = EDGE_CURVE('',#7132,#11265,#11286,.T.);
#11286 = SURFACE_CURVE('',#11287,(#11292,#11299),.PCURVE_S1.);
#11287 = CIRCLE('',#11288,1.6);
#11288 = AXIS2_PLACEMENT_3D('',#11289,#11290,#11291);
#11289 = CARTESIAN_POINT('',(79.,0.5,26.));
#11290 = DIRECTION('',(-1.,0.,0.));
#11291 = DIRECTION('',(0.,1.,0.));
#11292 = PCURVE('',#7147,#11293);
#11293 = DEFINITIONAL_REPRESENTATION('',(#11294),#11298);
#11294 = LINE('',#11295,#11296);
#11295 = CARTESIAN_POINT('',(-6.28318530718,-80.));
#11296 = VECTOR('',#11297,1.);
#11297 = DIRECTION('',(1.,-0.));
#11298 = ( GEOMETRIC_REPRESENTATION_CONTEXT(2) 
PARAMETRIC_REPRESENTATION_CONTEXT() REPRESENTATION_CONTEXT('2D SPACE',''
  ) );
#11299 = PCURVE('',#7176,#11300);
#11300 = DEFINITIONAL_REPRESENTATION('',(#11301),#11309);
#11301 = ( BOUNDED_CURVE() B_SPLINE_CURVE(2,(#11302,#11303,#11304,#11305
    ,#11306,#11307,#11308),.UNSPECIFIED.,.T.,.F.) 
B_SPLINE_CURVE_WITH_KNOTS((1,2,2,2,2,1),(-2.094395102393,0.,
    2.094395102393,4.188790204786,6.28318530718,8.377580409573),
.UNSPECIFIED.) CURVE() GEOMETRIC_REPRESENTATION_ITEM() 
RATIONAL_B_SPLINE_CURVE((1.,0.5,1.,0.5,1.,0.5,1.)) REPRESENTATION_ITEM(
  '') );
#11302 = CARTESIAN_POINT('',(2.1,-1.));
#11303 = CARTESIAN_POINT('',(2.1,-3.77128129211));
#11304 = CARTESIAN_POINT('',(-0.3,-2.385640646055));
#11305 = CARTESIAN_POINT('',(-2.7,-1.));
#11306 = CARTESIAN_POINT('',(-0.3,0.385640646055));
#11307 = CARTESIAN_POINT('',(2.1,1.77128129211));
#11308 = CARTESIAN_POINT('',(2.1,-1.));
#11309 = ( GEOMETRIC_REPRESENTATION_CONTEXT(2) 
PARAMETRIC_REPRESENTATION_CONTEXT() REPRESENTATION_CONTEXT('2D SPACE',''
  ) );
#11310 = ORIENTED_EDGE('',*,*,#7131,.F.);
#11311 = ADVANCED_FACE('',(#11312),#7176,.T.);
#11312 = FACE_BOUND('',#11313,.T.);
#11313 = EDGE_LOOP('',(#11314,#11315,#11338,#11356,#11357));
#11314 = ORIENTED_EDGE('',*,*,#11285,.T.);
#11315 = ORIENTED_EDGE('',*,*,#11316,.T.);
#11316 = EDGE_CURVE('',#11265,#11317,#11319,.T.);
#11317 = VERTEX_POINT('',#11318);
#11318 = CARTESIAN_POINT('',(79.,95.,25.));
#11319 = SURFACE_CURVE('',#11320,(#11324,#11331),.PCURVE_S1.);
#11320 = LINE('',#11321,#11322);
#11321 = CARTESIAN_POINT('',(79.,0.,25.));
#11322 = VECTOR('',#11323,1.);
#11323 = DIRECTION('',(0.,1.,0.));
#11324 = PCURVE('',#7176,#11325);
#11325 = DEFINITIONAL_REPRESENTATION('',(#11326),#11330);
#11326 = LINE('',#11327,#11328);
#11327 = CARTESIAN_POINT('',(0.,-2.));
#11328 = VECTOR('',#11329,1.);
#11329 = DIRECTION('',(1.,0.));
#11330 = ( GEOMETRIC_REPRESENTATION_CONTEXT(2) 
PARAMETRIC_REPRESENTATION_CONTEXT() REPRESENTATION_CONTEXT('2D SPACE',''
  ) );
#11331 = PCURVE('',#10073,#11332);
#11332 = DEFINITIONAL_REPRESENTATION('',(#11333),#11337);
#11333 = LINE('',#11334,#11335);
#11334 = CARTESIAN_POINT('',(50.511649798447,60.741857352563));
#11335 = VECTOR('',#11336,1.);
#11336 = DIRECTION('',(0.768884270286,-0.639387972132));
#11337 = ( GEOMETRIC_REPRESENTATION_CONTEXT(2) 
PARAMETRIC_REPRESENTATION_CONTEXT() REPRESENTATION_CONTEXT('2D SPACE',''
  ) );
#11338 = ORIENTED_EDGE('',*,*,#11339,.T.);
#11339 = EDGE_CURVE('',#11317,#9476,#11340,.T.);
#11340 = SURFACE_CURVE('',#11341,(#11344,#11350),.PCURVE_S1.);
#11341 = B_SPLINE_CURVE_WITH_KNOTS('',1,(#11342,#11343),.UNSPECIFIED.,
  .F.,.F.,(2,2),(0.,1.),.PIECEWISE_BEZIER_KNOTS.);
#11342 = CARTESIAN_POINT('',(79.,95.,25.));
#11343 = CARTESIAN_POINT('',(79.,95.,27.));
#11344 = PCURVE('',#7176,#11345);
#11345 = DEFINITIONAL_REPRESENTATION('',(#11346),#11349);
#11346 = B_SPLINE_CURVE_WITH_KNOTS('',1,(#11347,#11348),.UNSPECIFIED.,
  .F.,.F.,(2,2),(0.,1.),.PIECEWISE_BEZIER_KNOTS.);
#11347 = CARTESIAN_POINT('',(95.,-2.));
#11348 = CARTESIAN_POINT('',(95.,0.));
#11349 = ( GEOMETRIC_REPRESENTATION_CONTEXT(2) 
PARAMETRIC_REPRESENTATION_CONTEXT() REPRESENTATION_CONTEXT('2D SPACE',''
  ) );
#11350 = PCURVE('',#10046,#11351);
#11351 = DEFINITIONAL_REPRESENTATION('',(#11352),#11355);
#11352 = B_SPLINE_CURVE_WITH_KNOTS('',1,(#11353,#11354),.UNSPECIFIED.,
  .F.,.F.,(2,2),(0.,1.),.PIECEWISE_BEZIER_KNOTS.);
#11353 = CARTESIAN_POINT('',(0.,-2.));
#11354 = CARTESIAN_POINT('',(0.,0.));
#11355 = ( GEOMETRIC_REPRESENTATION_CONTEXT(2) 
PARAMETRIC_REPRESENTATION_CONTEXT() REPRESENTATION_CONTEXT('2D SPACE',''
  ) );
#11356 = ORIENTED_EDGE('',*,*,#9694,.F.);
#11357 = ORIENTED_EDGE('',*,*,#7159,.T.);
#11358 = ADVANCED_FACE('',(#11359),#7296,.T.);
#11359 = FACE_BOUND('',#11360,.T.);
#11360 = EDGE_LOOP('',(#11361,#11382,#11401,#11402));
#11361 = ORIENTED_EDGE('',*,*,#11362,.F.);
#11362 = EDGE_CURVE('',#11363,#8002,#11365,.T.);
#11363 = VERTEX_POINT('',#11364);
#11364 = CARTESIAN_POINT('',(61.04,2.,25.));
#11365 = SURFACE_CURVE('',#11366,(#11370,#11376),.PCURVE_S1.);
#11366 = LINE('',#11367,#11368);
#11367 = CARTESIAN_POINT('',(1.,2.,25.));
#11368 = VECTOR('',#11369,1.);
#11369 = DIRECTION('',(-1.,-0.,-0.));
#11370 = PCURVE('',#7296,#11371);
#11371 = DEFINITIONAL_REPRESENTATION('',(#11372),#11375);
#11372 = B_SPLINE_CURVE_WITH_KNOTS('',1,(#11373,#11374),.UNSPECIFIED.,
  .F.,.F.,(2,2),(-76.,-1.),.PIECEWISE_BEZIER_KNOTS.);
#11373 = CARTESIAN_POINT('',(50.770642394754,57.925312867727));
#11374 = CARTESIAN_POINT('',(2.816544484836,0.258992596307));
#11375 = ( GEOMETRIC_REPRESENTATION_CONTEXT(2) 
PARAMETRIC_REPRESENTATION_CONTEXT() REPRESENTATION_CONTEXT('2D SPACE',''
  ) );
#11376 = PCURVE('',#7355,#11377);
#11377 = DEFINITIONAL_REPRESENTATION('',(#11378),#11381);
#11378 = B_SPLINE_CURVE_WITH_KNOTS('',1,(#11379,#11380),.UNSPECIFIED.,
  .F.,.F.,(2,2),(-76.,-1.),.PIECEWISE_BEZIER_KNOTS.);
#11379 = CARTESIAN_POINT('',(75.,-2.));
#11380 = CARTESIAN_POINT('',(0.,-2.));
#11381 = ( GEOMETRIC_REPRESENTATION_CONTEXT(2) 
PARAMETRIC_REPRESENTATION_CONTEXT() REPRESENTATION_CONTEXT('2D SPACE',''
  ) );
#11382 = ORIENTED_EDGE('',*,*,#11383,.T.);
#11383 = EDGE_CURVE('',#11363,#7282,#11384,.T.);
#11384 = SURFACE_CURVE('',#11385,(#11389,#11395),.PCURVE_S1.);
#11385 = LINE('',#11386,#11387);
#11386 = CARTESIAN_POINT('',(61.04,-7.5E-02,25.));
#11387 = VECTOR('',#11388,1.);
#11388 = DIRECTION('',(0.,-1.,0.));
#11389 = PCURVE('',#7296,#11390);
#11390 = DEFINITIONAL_REPRESENTATION('',(#11391),#11394);
#11391 = B_SPLINE_CURVE_WITH_KNOTS('',1,(#11392,#11393),.UNSPECIFIED.,
  .F.,.F.,(2,2),(-2.225,7.5E-02),.PIECEWISE_BEZIER_KNOTS.);
#11392 = CARTESIAN_POINT('',(40.681343000066,45.558011718149));
#11393 = CARTESIAN_POINT('',(38.912909178409,47.028604054053));
#11394 = ( GEOMETRIC_REPRESENTATION_CONTEXT(2) 
PARAMETRIC_REPRESENTATION_CONTEXT() REPRESENTATION_CONTEXT('2D SPACE',''
  ) );
#11395 = PCURVE('',#7324,#11396);
#11396 = DEFINITIONAL_REPRESENTATION('',(#11397),#11400);
#11397 = B_SPLINE_CURVE_WITH_KNOTS('',1,(#11398,#11399),.UNSPECIFIED.,
  .F.,.F.,(2,2),(-2.225,7.5E-02),.PIECEWISE_BEZIER_KNOTS.);
#11398 = CARTESIAN_POINT('',(0.15,-2.3));
#11399 = CARTESIAN_POINT('',(0.15,0.));
#11400 = ( GEOMETRIC_REPRESENTATION_CONTEXT(2) 
PARAMETRIC_REPRESENTATION_CONTEXT() REPRESENTATION_CONTEXT('2D SPACE',''
  ) );
#11401 = ORIENTED_EDGE('',*,*,#7281,.T.);
#11402 = ORIENTED_EDGE('',*,*,#8022,.F.);
#11403 = ADVANCED_FACE('',(#11404),#7324,.T.);
#11404 = FACE_BOUND('',#11405,.T.);
#11405 = EDGE_LOOP('',(#11406,#11425,#11426));
#11406 = ORIENTED_EDGE('',*,*,#11407,.T.);
#11407 = EDGE_CURVE('',#11363,#7308,#11408,.T.);
#11408 = SURFACE_CURVE('',#11409,(#11413,#11419),.PCURVE_S1.);
#11409 = LINE('',#11410,#11411);
#11410 = CARTESIAN_POINT('',(61.04,2.,25.925));
#11411 = VECTOR('',#11412,1.);
#11412 = DIRECTION('',(-0.,0.,1.));
#11413 = PCURVE('',#7324,#11414);
#11414 = DEFINITIONAL_REPRESENTATION('',(#11415),#11418);
#11415 = B_SPLINE_CURVE_WITH_KNOTS('',1,(#11416,#11417),.UNSPECIFIED.,
  .F.,.F.,(2,2),(-0.925,1.075),.PIECEWISE_BEZIER_KNOTS.);
#11416 = CARTESIAN_POINT('',(0.15,-2.15));
#11417 = CARTESIAN_POINT('',(2.15,-2.15));
#11418 = ( GEOMETRIC_REPRESENTATION_CONTEXT(2) 
PARAMETRIC_REPRESENTATION_CONTEXT() REPRESENTATION_CONTEXT('2D SPACE',''
  ) );
#11419 = PCURVE('',#7355,#11420);
#11420 = DEFINITIONAL_REPRESENTATION('',(#11421),#11424);
#11421 = B_SPLINE_CURVE_WITH_KNOTS('',1,(#11422,#11423),.UNSPECIFIED.,
  .F.,.F.,(2,2),(-0.925,1.075),.PIECEWISE_BEZIER_KNOTS.);
#11422 = CARTESIAN_POINT('',(59.04,-2.));
#11423 = CARTESIAN_POINT('',(59.04,0.));
#11424 = ( GEOMETRIC_REPRESENTATION_CONTEXT(2) 
PARAMETRIC_REPRESENTATION_CONTEXT() REPRESENTATION_CONTEXT('2D SPACE',''
  ) );
#11425 = ORIENTED_EDGE('',*,*,#7307,.T.);
#11426 = ORIENTED_EDGE('',*,*,#11383,.F.);
#11427 = ADVANCED_FACE('',(#11428),#7355,.F.);
#11428 = FACE_BOUND('',#11429,.F.);
#11429 = EDGE_LOOP('',(#11430,#11431,#11432,#11433));
#11430 = ORIENTED_EDGE('',*,*,#8001,.F.);
#11431 = ORIENTED_EDGE('',*,*,#11362,.F.);
#11432 = ORIENTED_EDGE('',*,*,#11407,.T.);
#11433 = ORIENTED_EDGE('',*,*,#7340,.T.);
#11434 = ADVANCED_FACE('',(#11435),#7436,.F.);
#11435 = FACE_BOUND('',#11436,.F.);
#11436 = EDGE_LOOP('',(#11437,#11458,#11477,#11478));
#11437 = ORIENTED_EDGE('',*,*,#11438,.F.);
#11438 = EDGE_CURVE('',#11439,#7422,#11441,.T.);
#11439 = VERTEX_POINT('',#11440);
#11440 = CARTESIAN_POINT('',(46.68,2.,25.));
#11441 = SURFACE_CURVE('',#11442,(#11446,#11452),.PCURVE_S1.);
#11442 = LINE('',#11443,#11444);
#11443 = CARTESIAN_POINT('',(46.68,2.,25.925));
#11444 = VECTOR('',#11445,1.);
#11445 = DIRECTION('',(-0.,0.,1.));
#11446 = PCURVE('',#7436,#11447);
#11447 = DEFINITIONAL_REPRESENTATION('',(#11448),#11451);
#11448 = B_SPLINE_CURVE_WITH_KNOTS('',1,(#11449,#11450),.UNSPECIFIED.,
  .F.,.F.,(2,2),(-0.925,1.075),.PIECEWISE_BEZIER_KNOTS.);
#11449 = CARTESIAN_POINT('',(44.68,-2.));
#11450 = CARTESIAN_POINT('',(44.68,0.));
#11451 = ( GEOMETRIC_REPRESENTATION_CONTEXT(2) 
PARAMETRIC_REPRESENTATION_CONTEXT() REPRESENTATION_CONTEXT('2D SPACE',''
  ) );
#11452 = PCURVE('',#7464,#11453);
#11453 = DEFINITIONAL_REPRESENTATION('',(#11454),#11457);
#11454 = B_SPLINE_CURVE_WITH_KNOTS('',1,(#11455,#11456),.UNSPECIFIED.,
  .F.,.F.,(2,2),(-0.925,1.075),.PIECEWISE_BEZIER_KNOTS.);
#11455 = CARTESIAN_POINT('',(0.15,-2.15));
#11456 = CARTESIAN_POINT('',(2.15,-2.15));
#11457 = ( GEOMETRIC_REPRESENTATION_CONTEXT(2) 
PARAMETRIC_REPRESENTATION_CONTEXT() REPRESENTATION_CONTEXT('2D SPACE',''
  ) );
#11458 = ORIENTED_EDGE('',*,*,#11459,.F.);
#11459 = EDGE_CURVE('',#8199,#11439,#11460,.T.);
#11460 = SURFACE_CURVE('',#11461,(#11465,#11471),.PCURVE_S1.);
#11461 = LINE('',#11462,#11463);
#11462 = CARTESIAN_POINT('',(1.,2.,25.));
#11463 = VECTOR('',#11464,1.);
#11464 = DIRECTION('',(-1.,-0.,-0.));
#11465 = PCURVE('',#7436,#11466);
#11466 = DEFINITIONAL_REPRESENTATION('',(#11467),#11470);
#11467 = B_SPLINE_CURVE_WITH_KNOTS('',1,(#11468,#11469),.UNSPECIFIED.,
  .F.,.F.,(2,2),(-76.,-1.),.PIECEWISE_BEZIER_KNOTS.);
#11468 = CARTESIAN_POINT('',(75.,-2.));
#11469 = CARTESIAN_POINT('',(0.,-2.));
#11470 = ( GEOMETRIC_REPRESENTATION_CONTEXT(2) 
PARAMETRIC_REPRESENTATION_CONTEXT() REPRESENTATION_CONTEXT('2D SPACE',''
  ) );
#11471 = PCURVE('',#7495,#11472);
#11472 = DEFINITIONAL_REPRESENTATION('',(#11473),#11476);
#11473 = B_SPLINE_CURVE_WITH_KNOTS('',1,(#11474,#11475),.UNSPECIFIED.,
  .F.,.F.,(2,2),(-76.,-1.),.PIECEWISE_BEZIER_KNOTS.);
#11474 = CARTESIAN_POINT('',(50.770642394754,57.925312867727));
#11475 = CARTESIAN_POINT('',(2.816544484836,0.258992596307));
#11476 = ( GEOMETRIC_REPRESENTATION_CONTEXT(2) 
PARAMETRIC_REPRESENTATION_CONTEXT() REPRESENTATION_CONTEXT('2D SPACE',''
  ) );
#11477 = ORIENTED_EDGE('',*,*,#8198,.T.);
#11478 = ORIENTED_EDGE('',*,*,#7421,.T.);
#11479 = ADVANCED_FACE('',(#11480),#7464,.F.);
#11480 = FACE_BOUND('',#11481,.F.);
#11481 = EDGE_LOOP('',(#11482,#11483,#11484));
#11482 = ORIENTED_EDGE('',*,*,#11438,.T.);
#11483 = ORIENTED_EDGE('',*,*,#7447,.T.);
#11484 = ORIENTED_EDGE('',*,*,#11485,.F.);
#11485 = EDGE_CURVE('',#11439,#7448,#11486,.T.);
#11486 = SURFACE_CURVE('',#11487,(#11491,#11497),.PCURVE_S1.);
#11487 = LINE('',#11488,#11489);
#11488 = CARTESIAN_POINT('',(46.68,-7.5E-02,25.));
#11489 = VECTOR('',#11490,1.);
#11490 = DIRECTION('',(0.,-1.,0.));
#11491 = PCURVE('',#7464,#11492);
#11492 = DEFINITIONAL_REPRESENTATION('',(#11493),#11496);
#11493 = B_SPLINE_CURVE_WITH_KNOTS('',1,(#11494,#11495),.UNSPECIFIED.,
  .F.,.F.,(2,2),(-2.225,7.5E-02),.PIECEWISE_BEZIER_KNOTS.);
#11494 = CARTESIAN_POINT('',(0.15,-2.3));
#11495 = CARTESIAN_POINT('',(0.15,0.));
#11496 = ( GEOMETRIC_REPRESENTATION_CONTEXT(2) 
PARAMETRIC_REPRESENTATION_CONTEXT() REPRESENTATION_CONTEXT('2D SPACE',''
  ) );
#11497 = PCURVE('',#7495,#11498);
#11498 = DEFINITIONAL_REPRESENTATION('',(#11499),#11502);
#11499 = B_SPLINE_CURVE_WITH_KNOTS('',1,(#11500,#11501),.UNSPECIFIED.,
  .F.,.F.,(2,2),(-2.225,7.5E-02),.PIECEWISE_BEZIER_KNOTS.);
#11500 = CARTESIAN_POINT('',(31.499731720247,34.516833596848));
#11501 = CARTESIAN_POINT('',(29.73129789859,35.987425932752));
#11502 = ( GEOMETRIC_REPRESENTATION_CONTEXT(2) 
PARAMETRIC_REPRESENTATION_CONTEXT() REPRESENTATION_CONTEXT('2D SPACE',''
  ) );
#11503 = ADVANCED_FACE('',(#11504),#7495,.T.);
#11504 = FACE_BOUND('',#11505,.T.);
#11505 = EDGE_LOOP('',(#11506,#11507,#11508,#11509));
#11506 = ORIENTED_EDGE('',*,*,#11459,.F.);
#11507 = ORIENTED_EDGE('',*,*,#8219,.T.);
#11508 = ORIENTED_EDGE('',*,*,#7480,.T.);
#11509 = ORIENTED_EDGE('',*,*,#11485,.F.);
#11510 = ADVANCED_FACE('',(#11511),#7576,.T.);
#11511 = FACE_BOUND('',#11512,.T.);
#11512 = EDGE_LOOP('',(#11513,#11534,#11553,#11554));
#11513 = ORIENTED_EDGE('',*,*,#11514,.F.);
#11514 = EDGE_CURVE('',#11515,#8363,#11517,.T.);
#11515 = VERTEX_POINT('',#11516);
#11516 = CARTESIAN_POINT('',(32.32,2.,25.));
#11517 = SURFACE_CURVE('',#11518,(#11522,#11528),.PCURVE_S1.);
#11518 = LINE('',#11519,#11520);
#11519 = CARTESIAN_POINT('',(1.,2.,25.));
#11520 = VECTOR('',#11521,1.);
#11521 = DIRECTION('',(-1.,-0.,-0.));
#11522 = PCURVE('',#7576,#11523);
#11523 = DEFINITIONAL_REPRESENTATION('',(#11524),#11527);
#11524 = B_SPLINE_CURVE_WITH_KNOTS('',1,(#11525,#11526),.UNSPECIFIED.,
  .F.,.F.,(2,2),(-76.,-1.),.PIECEWISE_BEZIER_KNOTS.);
#11525 = CARTESIAN_POINT('',(50.770642394754,57.925312867727));
#11526 = CARTESIAN_POINT('',(2.816544484836,0.258992596307));
#11527 = ( GEOMETRIC_REPRESENTATION_CONTEXT(2) 
PARAMETRIC_REPRESENTATION_CONTEXT() REPRESENTATION_CONTEXT('2D SPACE',''
  ) );
#11528 = PCURVE('',#7635,#11529);
#11529 = DEFINITIONAL_REPRESENTATION('',(#11530),#11533);
#11530 = B_SPLINE_CURVE_WITH_KNOTS('',1,(#11531,#11532),.UNSPECIFIED.,
  .F.,.F.,(2,2),(-76.,-1.),.PIECEWISE_BEZIER_KNOTS.);
#11531 = CARTESIAN_POINT('',(75.,-2.));
#11532 = CARTESIAN_POINT('',(0.,-2.));
#11533 = ( GEOMETRIC_REPRESENTATION_CONTEXT(2) 
PARAMETRIC_REPRESENTATION_CONTEXT() REPRESENTATION_CONTEXT('2D SPACE',''
  ) );
#11534 = ORIENTED_EDGE('',*,*,#11535,.T.);
#11535 = EDGE_CURVE('',#11515,#7562,#11536,.T.);
#11536 = SURFACE_CURVE('',#11537,(#11541,#11547),.PCURVE_S1.);
#11537 = LINE('',#11538,#11539);
#11538 = CARTESIAN_POINT('',(32.32,-7.5E-02,25.));
#11539 = VECTOR('',#11540,1.);
#11540 = DIRECTION('',(0.,-1.,0.));
#11541 = PCURVE('',#7576,#11542);
#11542 = DEFINITIONAL_REPRESENTATION('',(#11543),#11546);
#11543 = B_SPLINE_CURVE_WITH_KNOTS('',1,(#11544,#11545),.UNSPECIFIED.,
  .F.,.F.,(2,2),(-2.225,7.5E-02),.PIECEWISE_BEZIER_KNOTS.);
#11544 = CARTESIAN_POINT('',(22.318120440428,23.475655475546));
#11545 = CARTESIAN_POINT('',(20.549686618771,24.946247811451));
#11546 = ( GEOMETRIC_REPRESENTATION_CONTEXT(2) 
PARAMETRIC_REPRESENTATION_CONTEXT() REPRESENTATION_CONTEXT('2D SPACE',''
  ) );
#11547 = PCURVE('',#7604,#11548);
#11548 = DEFINITIONAL_REPRESENTATION('',(#11549),#11552);
#11549 = B_SPLINE_CURVE_WITH_KNOTS('',1,(#11550,#11551),.UNSPECIFIED.,
  .F.,.F.,(2,2),(-2.225,7.5E-02),.PIECEWISE_BEZIER_KNOTS.);
#11550 = CARTESIAN_POINT('',(0.15,-2.3));
#11551 = CARTESIAN_POINT('',(0.15,0.));
#11552 = ( GEOMETRIC_REPRESENTATION_CONTEXT(2) 
PARAMETRIC_REPRESENTATION_CONTEXT() REPRESENTATION_CONTEXT('2D SPACE',''
  ) );
#11553 = ORIENTED_EDGE('',*,*,#7561,.T.);
#11554 = ORIENTED_EDGE('',*,*,#8383,.F.);
#11555 = ADVANCED_FACE('',(#11556),#7604,.T.);
#11556 = FACE_BOUND('',#11557,.T.);
#11557 = EDGE_LOOP('',(#11558,#11577,#11578));
#11558 = ORIENTED_EDGE('',*,*,#11559,.T.);
#11559 = EDGE_CURVE('',#11515,#7588,#11560,.T.);
#11560 = SURFACE_CURVE('',#11561,(#11565,#11571),.PCURVE_S1.);
#11561 = LINE('',#11562,#11563);
#11562 = CARTESIAN_POINT('',(32.32,2.,25.925));
#11563 = VECTOR('',#11564,1.);
#11564 = DIRECTION('',(-0.,0.,1.));
#11565 = PCURVE('',#7604,#11566);
#11566 = DEFINITIONAL_REPRESENTATION('',(#11567),#11570);
#11567 = B_SPLINE_CURVE_WITH_KNOTS('',1,(#11568,#11569),.UNSPECIFIED.,
  .F.,.F.,(2,2),(-0.925,1.075),.PIECEWISE_BEZIER_KNOTS.);
#11568 = CARTESIAN_POINT('',(0.15,-2.15));
#11569 = CARTESIAN_POINT('',(2.15,-2.15));
#11570 = ( GEOMETRIC_REPRESENTATION_CONTEXT(2) 
PARAMETRIC_REPRESENTATION_CONTEXT() REPRESENTATION_CONTEXT('2D SPACE',''
  ) );
#11571 = PCURVE('',#7635,#11572);
#11572 = DEFINITIONAL_REPRESENTATION('',(#11573),#11576);
#11573 = B_SPLINE_CURVE_WITH_KNOTS('',1,(#11574,#11575),.UNSPECIFIED.,
  .F.,.F.,(2,2),(-0.925,1.075),.PIECEWISE_BEZIER_KNOTS.);
#11574 = CARTESIAN_POINT('',(30.32,-2.));
#11575 = CARTESIAN_POINT('',(30.32,0.));
#11576 = ( GEOMETRIC_REPRESENTATION_CONTEXT(2) 
PARAMETRIC_REPRESENTATION_CONTEXT() REPRESENTATION_CONTEXT('2D SPACE',''
  ) );
#11577 = ORIENTED_EDGE('',*,*,#7587,.T.);
#11578 = ORIENTED_EDGE('',*,*,#11535,.F.);
#11579 = ADVANCED_FACE('',(#11580),#7635,.F.);
#11580 = FACE_BOUND('',#11581,.F.);
#11581 = EDGE_LOOP('',(#11582,#11583,#11584,#11585));
#11582 = ORIENTED_EDGE('',*,*,#8362,.F.);
#11583 = ORIENTED_EDGE('',*,*,#11514,.F.);
#11584 = ORIENTED_EDGE('',*,*,#11559,.T.);
#11585 = ORIENTED_EDGE('',*,*,#7620,.T.);
#11586 = ADVANCED_FACE('',(#11587),#7716,.F.);
#11587 = FACE_BOUND('',#11588,.F.);
#11588 = EDGE_LOOP('',(#11589,#11610,#11629,#11630));
#11589 = ORIENTED_EDGE('',*,*,#11590,.F.);
#11590 = EDGE_CURVE('',#11591,#7702,#11593,.T.);
#11591 = VERTEX_POINT('',#11592);
#11592 = CARTESIAN_POINT('',(17.96,2.,25.));
#11593 = SURFACE_CURVE('',#11594,(#11598,#11604),.PCURVE_S1.);
#11594 = LINE('',#11595,#11596);
#11595 = CARTESIAN_POINT('',(17.96,2.,25.925));
#11596 = VECTOR('',#11597,1.);
#11597 = DIRECTION('',(-0.,0.,1.));
#11598 = PCURVE('',#7716,#11599);
#11599 = DEFINITIONAL_REPRESENTATION('',(#11600),#11603);
#11600 = B_SPLINE_CURVE_WITH_KNOTS('',1,(#11601,#11602),.UNSPECIFIED.,
  .F.,.F.,(2,2),(-0.925,1.075),.PIECEWISE_BEZIER_KNOTS.);
#11601 = CARTESIAN_POINT('',(15.96,-2.));
#11602 = CARTESIAN_POINT('',(15.96,0.));
#11603 = ( GEOMETRIC_REPRESENTATION_CONTEXT(2) 
PARAMETRIC_REPRESENTATION_CONTEXT() REPRESENTATION_CONTEXT('2D SPACE',''
  ) );
#11604 = PCURVE('',#7744,#11605);
#11605 = DEFINITIONAL_REPRESENTATION('',(#11606),#11609);
#11606 = B_SPLINE_CURVE_WITH_KNOTS('',1,(#11607,#11608),.UNSPECIFIED.,
  .F.,.F.,(2,2),(-0.925,1.075),.PIECEWISE_BEZIER_KNOTS.);
#11607 = CARTESIAN_POINT('',(0.15,-2.15));
#11608 = CARTESIAN_POINT('',(2.15,-2.15));
#11609 = ( GEOMETRIC_REPRESENTATION_CONTEXT(2) 
PARAMETRIC_REPRESENTATION_CONTEXT() REPRESENTATION_CONTEXT('2D SPACE',''
  ) );
#11610 = ORIENTED_EDGE('',*,*,#11611,.F.);
#11611 = EDGE_CURVE('',#8560,#11591,#11612,.T.);
#11612 = SURFACE_CURVE('',#11613,(#11617,#11623),.PCURVE_S1.);
#11613 = LINE('',#11614,#11615);
#11614 = CARTESIAN_POINT('',(1.,2.,25.));
#11615 = VECTOR('',#11616,1.);
#11616 = DIRECTION('',(-1.,-0.,-0.));
#11617 = PCURVE('',#7716,#11618);
#11618 = DEFINITIONAL_REPRESENTATION('',(#11619),#11622);
#11619 = B_SPLINE_CURVE_WITH_KNOTS('',1,(#11620,#11621),.UNSPECIFIED.,
  .F.,.F.,(2,2),(-76.,-1.),.PIECEWISE_BEZIER_KNOTS.);
#11620 = CARTESIAN_POINT('',(75.,-2.));
#11621 = CARTESIAN_POINT('',(0.,-2.));
#11622 = ( GEOMETRIC_REPRESENTATION_CONTEXT(2) 
PARAMETRIC_REPRESENTATION_CONTEXT() REPRESENTATION_CONTEXT('2D SPACE',''
  ) );
#11623 = PCURVE('',#7775,#11624);
#11624 = DEFINITIONAL_REPRESENTATION('',(#11625),#11628);
#11625 = B_SPLINE_CURVE_WITH_KNOTS('',1,(#11626,#11627),.UNSPECIFIED.,
  .F.,.F.,(2,2),(-76.,-1.),.PIECEWISE_BEZIER_KNOTS.);
#11626 = CARTESIAN_POINT('',(50.770642394754,57.925312867727));
#11627 = CARTESIAN_POINT('',(2.816544484836,0.258992596307));
#11628 = ( GEOMETRIC_REPRESENTATION_CONTEXT(2) 
PARAMETRIC_REPRESENTATION_CONTEXT() REPRESENTATION_CONTEXT('2D SPACE',''
  ) );
#11629 = ORIENTED_EDGE('',*,*,#8559,.T.);
#11630 = ORIENTED_EDGE('',*,*,#7701,.T.);
#11631 = ADVANCED_FACE('',(#11632),#7744,.F.);
#11632 = FACE_BOUND('',#11633,.F.);
#11633 = EDGE_LOOP('',(#11634,#11635,#11636));
#11634 = ORIENTED_EDGE('',*,*,#11590,.T.);
#11635 = ORIENTED_EDGE('',*,*,#7727,.T.);
#11636 = ORIENTED_EDGE('',*,*,#11637,.F.);
#11637 = EDGE_CURVE('',#11591,#7728,#11638,.T.);
#11638 = SURFACE_CURVE('',#11639,(#11643,#11649),.PCURVE_S1.);
#11639 = LINE('',#11640,#11641);
#11640 = CARTESIAN_POINT('',(17.96,-7.5E-02,25.));
#11641 = VECTOR('',#11642,1.);
#11642 = DIRECTION('',(0.,-1.,0.));
#11643 = PCURVE('',#7744,#11644);
#11644 = DEFINITIONAL_REPRESENTATION('',(#11645),#11648);
#11645 = B_SPLINE_CURVE_WITH_KNOTS('',1,(#11646,#11647),.UNSPECIFIED.,
  .F.,.F.,(2,2),(-2.225,7.5E-02),.PIECEWISE_BEZIER_KNOTS.);
#11646 = CARTESIAN_POINT('',(0.15,-2.3));
#11647 = CARTESIAN_POINT('',(0.15,0.));
#11648 = ( GEOMETRIC_REPRESENTATION_CONTEXT(2) 
PARAMETRIC_REPRESENTATION_CONTEXT() REPRESENTATION_CONTEXT('2D SPACE',''
  ) );
#11649 = PCURVE('',#7775,#11650);
#11650 = DEFINITIONAL_REPRESENTATION('',(#11651),#11654);
#11651 = B_SPLINE_CURVE_WITH_KNOTS('',1,(#11652,#11653),.UNSPECIFIED.,
  .F.,.F.,(2,2),(-2.225,7.5E-02),.PIECEWISE_BEZIER_KNOTS.);
#11652 = CARTESIAN_POINT('',(13.136509160609,12.434477354245));
#11653 = CARTESIAN_POINT('',(11.368075338952,13.905069690149));
#11654 = ( GEOMETRIC_REPRESENTATION_CONTEXT(2) 
PARAMETRIC_REPRESENTATION_CONTEXT() REPRESENTATION_CONTEXT('2D SPACE',''
  ) );
#11655 = ADVANCED_FACE('',(#11656),#7775,.T.);
#11656 = FACE_BOUND('',#11657,.T.);
#11657 = EDGE_LOOP('',(#11658,#11659,#11660,#11661));
#11658 = ORIENTED_EDGE('',*,*,#11611,.F.);
#11659 = ORIENTED_EDGE('',*,*,#8580,.T.);
#11660 = ORIENTED_EDGE('',*,*,#7760,.T.);
#11661 = ORIENTED_EDGE('',*,*,#11637,.F.);
#11662 = ADVANCED_FACE('',(#11663),#7951,.F.);
#11663 = FACE_BOUND('',#11664,.F.);
#11664 = EDGE_LOOP('',(#11665,#11687,#11688,#11689,#11690,#11691,#11692,
    #11693,#11694,#11695,#11696,#11697,#11698,#11699,#11700,#11701,
    #11702,#11703,#11704,#11705,#11706,#11707,#11708,#11730,#11944,
    #11971,#12008));
#11665 = ORIENTED_EDGE('',*,*,#11666,.F.);
#11666 = EDGE_CURVE('',#10288,#11667,#11669,.T.);
#11667 = VERTEX_POINT('',#11668);
#11668 = CARTESIAN_POINT('',(8.381271056384,10.2956523733,35.2956523733)
  );
#11669 = SURFACE_CURVE('',#11670,(#11673,#11680),.PCURVE_S1.);
#11670 = B_SPLINE_CURVE_WITH_KNOTS('',1,(#11671,#11672),.UNSPECIFIED.,
  .F.,.F.,(2,2),(0.,1.),.PIECEWISE_BEZIER_KNOTS.);
#11671 = CARTESIAN_POINT('',(2.,2.,27.));
#11672 = CARTESIAN_POINT('',(10.461538461538,13.,38.));
#11673 = PCURVE('',#7951,#11674);
#11674 = DEFINITIONAL_REPRESENTATION('',(#11675),#11679);
#11675 = LINE('',#11676,#11677);
#11676 = CARTESIAN_POINT('',(0.,0.));
#11677 = VECTOR('',#11678,1.);
#11678 = DIRECTION('',(0.,1.));
#11679 = ( GEOMETRIC_REPRESENTATION_CONTEXT(2) 
PARAMETRIC_REPRESENTATION_CONTEXT() REPRESENTATION_CONTEXT('2D SPACE',''
  ) );
#11680 = PCURVE('',#10321,#11681);
#11681 = DEFINITIONAL_REPRESENTATION('',(#11682),#11686);
#11682 = LINE('',#11683,#11684);
#11683 = CARTESIAN_POINT('',(91.,0.));
#11684 = VECTOR('',#11685,1.);
#11685 = DIRECTION('',(0.,1.));
#11686 = ( GEOMETRIC_REPRESENTATION_CONTEXT(2) 
PARAMETRIC_REPRESENTATION_CONTEXT() REPRESENTATION_CONTEXT('2D SPACE',''
  ) );
#11687 = ORIENTED_EDGE('',*,*,#10359,.T.);
#11688 = ORIENTED_EDGE('',*,*,#10408,.T.);
#11689 = ORIENTED_EDGE('',*,*,#10463,.T.);
#11690 = ORIENTED_EDGE('',*,*,#10510,.F.);
#11691 = ORIENTED_EDGE('',*,*,#10552,.T.);
#11692 = ORIENTED_EDGE('',*,*,#8464,.T.);
#11693 = ORIENTED_EDGE('',*,*,#8407,.F.);
#11694 = ORIENTED_EDGE('',*,*,#8267,.F.);
#11695 = ORIENTED_EDGE('',*,*,#10599,.T.);
#11696 = ORIENTED_EDGE('',*,*,#10648,.T.);
#11697 = ORIENTED_EDGE('',*,*,#10712,.T.);
#11698 = ORIENTED_EDGE('',*,*,#10759,.F.);
#11699 = ORIENTED_EDGE('',*,*,#10801,.T.);
#11700 = ORIENTED_EDGE('',*,*,#8103,.T.);
#11701 = ORIENTED_EDGE('',*,*,#8046,.F.);
#11702 = ORIENTED_EDGE('',*,*,#7901,.F.);
#11703 = ORIENTED_EDGE('',*,*,#10848,.T.);
#11704 = ORIENTED_EDGE('',*,*,#10897,.T.);
#11705 = ORIENTED_EDGE('',*,*,#10961,.T.);
#11706 = ORIENTED_EDGE('',*,*,#11008,.F.);
#11707 = ORIENTED_EDGE('',*,*,#11060,.T.);
#11708 = ORIENTED_EDGE('',*,*,#11709,.T.);
#11709 = EDGE_CURVE('',#11041,#11710,#11712,.T.);
#11710 = VERTEX_POINT('',#11711);
#11711 = CARTESIAN_POINT('',(70.618728943616,10.2956523733,35.2956523733
    ));
#11712 = SURFACE_CURVE('',#11713,(#11716,#11723),.PCURVE_S1.);
#11713 = B_SPLINE_CURVE_WITH_KNOTS('',1,(#11714,#11715),.UNSPECIFIED.,
  .F.,.F.,(2,2),(0.,1.),.PIECEWISE_BEZIER_KNOTS.);
#11714 = CARTESIAN_POINT('',(77.,2.,27.));
#11715 = CARTESIAN_POINT('',(68.538461538462,13.,38.));
#11716 = PCURVE('',#7951,#11717);
#11717 = DEFINITIONAL_REPRESENTATION('',(#11718),#11722);
#11718 = LINE('',#11719,#11720);
#11719 = CARTESIAN_POINT('',(75.,0.));
#11720 = VECTOR('',#11721,1.);
#11721 = DIRECTION('',(0.,1.));
#11722 = ( GEOMETRIC_REPRESENTATION_CONTEXT(2) 
PARAMETRIC_REPRESENTATION_CONTEXT() REPRESENTATION_CONTEXT('2D SPACE',''
  ) );
#11723 = PCURVE('',#11166,#11724);
#11724 = DEFINITIONAL_REPRESENTATION('',(#11725),#11729);
#11725 = LINE('',#11726,#11727);
#11726 = CARTESIAN_POINT('',(0.,0.));
#11727 = VECTOR('',#11728,1.);
#11728 = DIRECTION('',(0.,1.));
#11729 = ( GEOMETRIC_REPRESENTATION_CONTEXT(2) 
PARAMETRIC_REPRESENTATION_CONTEXT() REPRESENTATION_CONTEXT('2D SPACE',''
  ) );
#11730 = ORIENTED_EDGE('',*,*,#11731,.T.);
#11731 = EDGE_CURVE('',#11710,#11732,#11734,.T.);
#11732 = VERTEX_POINT('',#11733);
#11733 = CARTESIAN_POINT('',(63.127016653793,13.,38.));
#11734 = SURFACE_CURVE('',#11735,(#11801,#11870),.PCURVE_S1.);
#11735 = B_SPLINE_CURVE_WITH_KNOTS('',8,(#11736,#11737,#11738,#11739,
    #11740,#11741,#11742,#11743,#11744,#11745,#11746,#11747,#11748,
    #11749,#11750,#11751,#11752,#11753,#11754,#11755,#11756,#11757,
    #11758,#11759,#11760,#11761,#11762,#11763,#11764,#11765,#11766,
    #11767,#11768,#11769,#11770,#11771,#11772,#11773,#11774,#11775,
    #11776,#11777,#11778,#11779,#11780,#11781,#11782,#11783,#11784,
    #11785,#11786,#11787,#11788,#11789,#11790,#11791,#11792,#11793,
    #11794,#11795,#11796,#11797,#11798,#11799,#11800),.UNSPECIFIED.,.F.,
  .F.,(9,7,7,7,7,7,7,7,7,9),(0.,0.270391301831,0.36449260607,
    0.493585325495,0.545719045525,0.61618418242,0.65226153118,
    0.724119787984,0.819880399199,1.),.UNSPECIFIED.);
#11736 = CARTESIAN_POINT('',(70.618728943616,10.2956523733,35.2956523733
    ));
#11737 = CARTESIAN_POINT('',(70.481274645556,10.003804724956,
    35.003804724956));
#11738 = CARTESIAN_POINT('',(70.316677595288,9.7241119186,34.7241119186)
  );
#11739 = CARTESIAN_POINT('',(70.12500273057,9.457130955333,
    34.457130955332));
#11740 = CARTESIAN_POINT('',(69.905709426146,9.204446878344,
    34.204446878346));
#11741 = CARTESIAN_POINT('',(69.65815315317,8.968377212098,
    33.968377212096));
#11742 = CARTESIAN_POINT('',(69.381476933327,8.752167616219,
    33.752167616219));
#11743 = CARTESIAN_POINT('',(69.074972243956,8.55974874072,
    33.55974874072));
#11744 = CARTESIAN_POINT('',(68.619264487692,8.34007643663,
    33.34007643663));
#11745 = CARTESIAN_POINT('',(68.49788185352,8.286974727654,
    33.286974727654));
#11746 = CARTESIAN_POINT('',(68.372736739482,8.23772994315,
    33.23772994315));
#11747 = CARTESIAN_POINT('',(68.243824887642,8.192623448691,
    33.192623448691));
#11748 = CARTESIAN_POINT('',(68.111171882818,8.151968313963,
    33.151968313963));
#11749 = CARTESIAN_POINT('',(67.974837025924,8.116105336464,
    33.116105336464));
#11750 = CARTESIAN_POINT('',(67.834917207303,8.085399065198,
    33.085399065198));
#11751 = CARTESIAN_POINT('',(67.494873782712,8.025710930154,
    33.025710930154));
#11752 = CARTESIAN_POINT('',(67.291673712941,8.001609927582,
    33.001609927582));
#11753 = CARTESIAN_POINT('',(67.082385750027,7.988943039573,
    32.988943039573));
#11754 = CARTESIAN_POINT('',(66.867747162796,7.988799631852,
    32.988799631852));
#11755 = CARTESIAN_POINT('',(66.648826551012,8.002235097254,
    33.002235097254));
#11756 = CARTESIAN_POINT('',(66.427043495839,8.030175298054,
    33.030175298054));
#11757 = CARTESIAN_POINT('',(66.204189972188,8.073264732929,
    33.073264732929));
#11758 = CARTESIAN_POINT('',(65.892921839069,8.155139709923,
    33.155139709923));
#11759 = CARTESIAN_POINT('',(65.803568709367,8.181175590887,
    33.181175590887));
#11760 = CARTESIAN_POINT('',(65.714555196586,8.209697560675,
    33.209697560675));
#11761 = CARTESIAN_POINT('',(65.626031463116,8.240696056924,
    33.240696056924));
#11762 = CARTESIAN_POINT('',(65.538147671467,8.274147797537,
    33.274147797537));
#11763 = CARTESIAN_POINT('',(65.451053532005,8.310014945941,
    33.310014945941));
#11764 = CARTESIAN_POINT('',(65.364897850682,8.348244276339,
    33.348244276339));
#11765 = CARTESIAN_POINT('',(65.16484581076,8.44353689226,33.44353689226
    ));
#11766 = CARTESIAN_POINT('',(65.051826495349,8.502505859638,
    33.502505859638));
#11767 = CARTESIAN_POINT('',(64.941144012019,8.565499742094,
    33.565499742094));
#11768 = CARTESIAN_POINT('',(64.833121208633,8.632309917436,
    33.632309917436));
#11769 = CARTESIAN_POINT('',(64.728035440707,8.702700396081,
    33.702700396081));
#11770 = CARTESIAN_POINT('',(64.626123087578,8.77641380721,
    33.77641380721));
#11771 = CARTESIAN_POINT('',(64.527583043437,8.853175615304,
    33.853175615304));
#11772 = CARTESIAN_POINT('',(64.383938287224,8.973410390043,
    33.973410390043));
#11773 = CARTESIAN_POINT('',(64.336220459284,9.014850740226,
    34.014850740226));
#11774 = CARTESIAN_POINT('',(64.289445608984,9.05698093499,
    34.05698093499));
#11775 = CARTESIAN_POINT('',(64.243630362785,9.099764495389,
    34.099764495389));
#11776 = CARTESIAN_POINT('',(64.1987883272,9.14316530944,34.14316530944)
  );
#11777 = CARTESIAN_POINT('',(64.154930351944,9.187147795425,
    34.187147795425));
#11778 = CARTESIAN_POINT('',(64.112064793071,9.23167706518,
    34.23167706518));
#11779 = CARTESIAN_POINT('',(63.986807755543,9.366433030092,
    34.366433030092));
#11780 = CARTESIAN_POINT('',(63.90738165017,9.458178467435,
    34.458178467434));
#11781 = CARTESIAN_POINT('',(63.831963056593,9.551690471456,
    34.551690471456));
#11782 = CARTESIAN_POINT('',(63.760561101252,9.64671815451,
    34.64671815451));
#11783 = CARTESIAN_POINT('',(63.693157733883,9.743027106511,
    34.743027106511));
#11784 = CARTESIAN_POINT('',(63.6297138015,9.84040137152,34.84040137152)
  );
#11785 = CARTESIAN_POINT('',(63.570173902931,9.938644963692,
    34.938644963692));
#11786 = CARTESIAN_POINT('',(63.440237253177,10.169430810861,
    35.169430810861));
#11787 = CARTESIAN_POINT('',(63.37282477679,10.302498004869,
    35.302498004869));
#11788 = CARTESIAN_POINT('',(63.312062050905,10.436382871638,
    35.436382871638));
#11789 = CARTESIAN_POINT('',(63.257758638719,10.570725253905,
    35.570725253906));
#11790 = CARTESIAN_POINT('',(63.209710269281,10.7052065766,35.7052065766
    ));
#11791 = CARTESIAN_POINT('',(63.167704896321,10.839549953338,
    35.839549953338));
#11792 = CARTESIAN_POINT('',(63.131528757073,10.97352029292,
    35.97352029292));
#11793 = CARTESIAN_POINT('',(63.043497931221,11.357849031887,
    36.357849031887));
#11794 = CARTESIAN_POINT('',(63.005937633563,11.606630525026,
    36.606630525026));
#11795 = CARTESIAN_POINT('',(62.986842333615,11.852068747136,
    36.852068747136));
#11796 = CARTESIAN_POINT('',(62.984933078605,12.093143648643,
    37.093143648643));
#11797 = CARTESIAN_POINT('',(62.999022273536,12.329028517916,
    37.329028517916));
#11798 = CARTESIAN_POINT('',(63.028015196795,12.559084808585,
    37.559084808585));
#11799 = CARTESIAN_POINT('',(63.070947798377,12.782846256733,
    37.782846256733));
#11800 = CARTESIAN_POINT('',(63.127016653793,13.,38.));
#11801 = PCURVE('',#7951,#11802);
#11802 = DEFINITIONAL_REPRESENTATION('',(#11803),#11869);
#11803 = B_SPLINE_CURVE_WITH_KNOTS('',8,(#11804,#11805,#11806,#11807,
    #11808,#11809,#11810,#11811,#11812,#11813,#11814,#11815,#11816,
    #11817,#11818,#11819,#11820,#11821,#11822,#11823,#11824,#11825,
    #11826,#11827,#11828,#11829,#11830,#11831,#11832,#11833,#11834,
    #11835,#11836,#11837,#11838,#11839,#11840,#11841,#11842,#11843,
    #11844,#11845,#11846,#11847,#11848,#11849,#11850,#11851,#11852,
    #11853,#11854,#11855,#11856,#11857,#11858,#11859,#11860,#11861,
    #11862,#11863,#11864,#11865,#11866,#11867,#11868),.UNSPECIFIED.,.F.,
  .F.,(9,7,7,7,7,7,7,7,7,9),(0.,0.270391301831,0.36449260607,
    0.493585325495,0.545719045525,0.61618418242,0.65226153118,
    0.724119787984,0.819880399199,1.),.UNSPECIFIED.);
#11804 = CARTESIAN_POINT('',(75.,0.754150215755));
#11805 = CARTESIAN_POINT('',(74.563824783281,0.72761861136));
#11806 = CARTESIAN_POINT('',(74.113400337342,0.7021919926));
#11807 = CARTESIAN_POINT('',(73.649209114438,0.677920995939));
#11808 = CARTESIAN_POINT('',(73.171843800173,0.654949716213));
#11809 = CARTESIAN_POINT('',(72.682234210745,0.633488837463));
#11810 = CARTESIAN_POINT('',(72.181540935086,0.613833419656));
#11811 = CARTESIAN_POINT('',(71.671291787992,0.596340794611));
#11812 = CARTESIAN_POINT('',(70.972210955005,0.576370585148));
#11813 = CARTESIAN_POINT('',(70.790854450887,0.571543157059));
#11814 = CARTESIAN_POINT('',(70.608727706271,0.567066358468));
#11815 = CARTESIAN_POINT('',(70.425983681896,0.562965768063));
#11816 = CARTESIAN_POINT('',(70.242824482754,0.559269846724));
#11817 = CARTESIAN_POINT('',(70.059501630676,0.556009576042));
#11818 = CARTESIAN_POINT('',(69.876316336906,0.553218096836));
#11819 = CARTESIAN_POINT('',(69.442987796353,0.547791902741));
#11820 = CARTESIAN_POINT('',(69.19322947745,0.545600902507));
#11821 = CARTESIAN_POINT('',(68.945357492578,0.544449367234));
#11822 = CARTESIAN_POINT('',(68.700746942881,0.544436330168));
#11823 = CARTESIAN_POINT('',(68.461084728032,0.545657736114));
#11824 = CARTESIAN_POINT('',(68.228339625366,0.548197754369));
#11825 = CARTESIAN_POINT('',(68.004714739558,0.552114975721));
#11826 = CARTESIAN_POINT('',(67.706859443373,0.559558155448));
#11827 = CARTESIAN_POINT('',(67.623048625437,0.561925053717));
#11828 = CARTESIAN_POINT('',(67.541269260844,0.564517960061));
#11829 = CARTESIAN_POINT('',(67.461672271824,0.567336005175));
#11830 = CARTESIAN_POINT('',(67.384401045256,0.570377072503));
#11831 = CARTESIAN_POINT('',(67.309590703509,0.573637722358));
#11832 = CARTESIAN_POINT('',(67.237367375267,0.577113116031));
#11833 = CARTESIAN_POINT('',(67.073882756103,0.585776081115));
#11834 = CARTESIAN_POINT('',(66.984839732642,0.591136896331));
#11835 = CARTESIAN_POINT('',(66.901015313074,0.596863612918));
#11836 = CARTESIAN_POINT('',(66.822633587828,0.602937265221));
#11837 = CARTESIAN_POINT('',(66.749857485809,0.609336399644));
#11838 = CARTESIAN_POINT('',(66.682797438251,0.616037618837));
#11839 = CARTESIAN_POINT('',(66.621517041299,0.623015965028));
#11840 = CARTESIAN_POINT('',(66.537629910367,0.633946399095));
#11841 = CARTESIAN_POINT('',(66.510741976397,0.637713703657));
#11842 = CARTESIAN_POINT('',(66.485373568044,0.641543721363));
#11843 = CARTESIAN_POINT('',(66.461523113698,0.645433135944));
#11844 = CARTESIAN_POINT('',(66.439186171718,0.649378664495));
#11845 = CARTESIAN_POINT('',(66.418355784661,0.653377072311));
#11846 = CARTESIAN_POINT('',(66.399022833501,0.657425187744));
#11847 = CARTESIAN_POINT('',(66.345630149385,0.669675730008));
#11848 = CARTESIAN_POINT('',(66.315982251973,0.678016224312));
#11849 = CARTESIAN_POINT('',(66.292143523197,0.686517315587));
#11850 = CARTESIAN_POINT('',(66.273997512202,0.695156195865));
#11851 = CARTESIAN_POINT('',(66.261408845719,0.703911555137));
#11852 = CARTESIAN_POINT('',(66.254230261866,0.712763761047));
#11853 = CARTESIAN_POINT('',(66.252308325725,0.721694996699));
#11854 = CARTESIAN_POINT('',(66.259724931395,0.74267552826));
#11855 = CARTESIAN_POINT('',(66.273021105064,0.754772545897));
#11856 = CARTESIAN_POINT('',(66.295007221179,0.766943897422));
#11857 = CARTESIAN_POINT('',(66.325313122292,0.779156841264));
#11858 = CARTESIAN_POINT('',(66.363574087441,0.791382416055));
#11859 = CARTESIAN_POINT('',(66.409437299548,0.803595450303));
#11860 = CARTESIAN_POINT('',(66.462568312823,0.815774572084));
#11861 = CARTESIAN_POINT('',(66.635681485881,0.850713548353));
#11862 = CARTESIAN_POINT('',(66.773260636777,0.87333004773));
#11863 = CARTESIAN_POINT('',(66.933331310164,0.895642613376));
#11864 = CARTESIAN_POINT('',(67.11405137165,0.917558513513));
#11865 = CARTESIAN_POINT('',(67.313712331237,0.939002592538));
#11866 = CARTESIAN_POINT('',(67.530747611503,0.95991680078));
#11867 = CARTESIAN_POINT('',(67.763787366277,0.980258750612));
#11868 = CARTESIAN_POINT('',(68.011710248275,1.));
#11869 = ( GEOMETRIC_REPRESENTATION_CONTEXT(2) 
PARAMETRIC_REPRESENTATION_CONTEXT() REPRESENTATION_CONTEXT('2D SPACE',''
  ) );
#11870 = PCURVE('',#11871,#11876);
#11871 = CYLINDRICAL_SURFACE('',#11872,4.);
#11872 = AXIS2_PLACEMENT_3D('',#11873,#11874,#11875);
#11873 = CARTESIAN_POINT('',(67.,12.,30.85));
#11874 = DIRECTION('',(-0.,-0.,-1.));
#11875 = DIRECTION('',(1.,0.,0.));
#11876 = DEFINITIONAL_REPRESENTATION('',(#11877),#11943);
#11877 = B_SPLINE_CURVE_WITH_KNOTS('',8,(#11878,#11879,#11880,#11881,
    #11882,#11883,#11884,#11885,#11886,#11887,#11888,#11889,#11890,
    #11891,#11892,#11893,#11894,#11895,#11896,#11897,#11898,#11899,
    #11900,#11901,#11902,#11903,#11904,#11905,#11906,#11907,#11908,
    #11909,#11910,#11911,#11912,#11913,#11914,#11915,#11916,#11917,
    #11918,#11919,#11920,#11921,#11922,#11923,#11924,#11925,#11926,
    #11927,#11928,#11929,#11930,#11931,#11932,#11933,#11934,#11935,
    #11936,#11937,#11938,#11939,#11940,#11941,#11942),.UNSPECIFIED.,.F.,
  .F.,(9,7,7,7,7,7,7,7,7,9),(0.,0.270391301831,0.36449260607,
    0.493585325495,0.545719045525,0.61618418242,0.65226153118,
    0.724119787984,0.819880399199,1.),.UNSPECIFIED.);
#11878 = CARTESIAN_POINT('',(-5.843022337304,-4.4456523733));
#11879 = CARTESIAN_POINT('',(-5.762373122375,-4.153804724956));
#11880 = CARTESIAN_POINT('',(-5.681581394531,-3.8741119186));
#11881 = CARTESIAN_POINT('',(-5.599982958107,-3.607130955334));
#11882 = CARTESIAN_POINT('',(-5.517059013678,-3.354446878343));
#11883 = CARTESIAN_POINT('',(-5.432341351327,-3.118377212098));
#11884 = CARTESIAN_POINT('',(-5.345305788629,-2.902167616219));
#11885 = CARTESIAN_POINT('',(-5.255392016207,-2.70974874072));
#11886 = CARTESIAN_POINT('',(-5.128919321451,-2.49007643663));
#11887 = CARTESIAN_POINT('',(-5.095819280661,-2.436974727654));
#11888 = CARTESIAN_POINT('',(-5.062237625663,-2.38772994315));
#11889 = CARTESIAN_POINT('',(-5.028144715274,-2.342623448691));
#11890 = CARTESIAN_POINT('',(-4.993513676175,-2.301968313963));
#11891 = CARTESIAN_POINT('',(-4.958319696831,-2.266105336464));
#11892 = CARTESIAN_POINT('',(-4.922539321419,-2.235399065198));
#11893 = CARTESIAN_POINT('',(-4.836228761494,-2.175710930154));
#11894 = CARTESIAN_POINT('',(-4.785151958745,-2.151609927582));
#11895 = CARTESIAN_POINT('',(-4.732881046699,-2.138943039573));
#11896 = CARTESIAN_POINT('',(-4.679417233658,-2.138799631852));
#11897 = CARTESIAN_POINT('',(-4.624801986916,-2.152235097254));
#11898 = CARTESIAN_POINT('',(-4.569116180127,-2.180175298054));
#11899 = CARTESIAN_POINT('',(-4.512495315561,-2.223264732929));
#11900 = CARTESIAN_POINT('',(-4.432031285339,-2.305139709923));
#11901 = CARTESIAN_POINT('',(-4.40877206932,-2.331175590887));
#11902 = CARTESIAN_POINT('',(-4.385417985183,-2.359697560675));
#11903 = CARTESIAN_POINT('',(-4.361986255511,-2.390696056924));
#11904 = CARTESIAN_POINT('',(-4.338494520076,-2.424147797537));
#11905 = CARTESIAN_POINT('',(-4.314961153044,-2.460014945941));
#11906 = CARTESIAN_POINT('',(-4.291405580188,-2.498244276339));
#11907 = CARTESIAN_POINT('',(-4.236008433756,-2.59353689226));
#11908 = CARTESIAN_POINT('',(-4.204159945747,-2.652505859638));
#11909 = CARTESIAN_POINT('',(-4.172356951551,-2.715499742094));
#11910 = CARTESIAN_POINT('',(-4.14064550644,-2.782309917436));
#11911 = CARTESIAN_POINT('',(-4.109066051165,-2.852700396081));
#11912 = CARTESIAN_POINT('',(-4.077655164151,-2.92641380721));
#11913 = CARTESIAN_POINT('',(-4.046446916231,-3.003175615304));
#11914 = CARTESIAN_POINT('',(-3.999615958892,-3.123410390043));
#11915 = CARTESIAN_POINT('',(-3.983818468741,-3.164850740226));
#11916 = CARTESIAN_POINT('',(-3.968084977162,-3.20698093499));
#11917 = CARTESIAN_POINT('',(-3.952418648235,-3.249764495389));
#11918 = CARTESIAN_POINT('',(-3.936822230649,-3.29316530944));
#11919 = CARTESIAN_POINT('',(-3.921298097953,-3.337147795425));
#11920 = CARTESIAN_POINT('',(-3.905848288811,-3.38167706518));
#11921 = CARTESIAN_POINT('',(-3.859853387239,-3.516433030092));
#11922 = CARTESIAN_POINT('',(-3.829534917343,-3.608178467434));
#11923 = CARTESIAN_POINT('',(-3.79953129857,-3.701690471456));
#11924 = CARTESIAN_POINT('',(-3.769849941492,-3.79671815451));
#11925 = CARTESIAN_POINT('',(-3.74049452337,-3.893027106511));
#11926 = CARTESIAN_POINT('',(-3.71146563729,-3.99040137152));
#11927 = CARTESIAN_POINT('',(-3.682761073335,-4.088644963692));
#11928 = CARTESIAN_POINT('',(-3.616548517783,-4.319430810861));
#11929 = CARTESIAN_POINT('',(-3.579292234768,-4.452498004869));
#11930 = CARTESIAN_POINT('',(-3.542590869707,-4.586382871638));
#11931 = CARTESIAN_POINT('',(-3.50642758296,-4.720725253905));
#11932 = CARTESIAN_POINT('',(-3.470784170795,-4.8552065766));
#11933 = CARTESIAN_POINT('',(-3.435640527904,-4.989549953338));
#11934 = CARTESIAN_POINT('',(-3.400974109933,-5.12352029292));
#11935 = CARTESIAN_POINT('',(-3.302403701754,-5.507849031887));
#11936 = CARTESIAN_POINT('',(-3.239681784266,-5.756630525026));
#11937 = CARTESIAN_POINT('',(-3.178399305996,-6.002068747136));
#11938 = CARTESIAN_POINT('',(-3.118413137528,-6.243143648643));
#11939 = CARTESIAN_POINT('',(-3.059597124298,-6.479028517917));
#11940 = CARTESIAN_POINT('',(-3.001828512876,-6.709084808585));
#11941 = CARTESIAN_POINT('',(-2.944981253864,-6.932846256733));
#11942 = CARTESIAN_POINT('',(-2.888912398448,-7.15));
#11943 = ( GEOMETRIC_REPRESENTATION_CONTEXT(2) 
PARAMETRIC_REPRESENTATION_CONTEXT() REPRESENTATION_CONTEXT('2D SPACE',''
  ) );
#11944 = ORIENTED_EDGE('',*,*,#11945,.F.);
#11945 = EDGE_CURVE('',#11946,#11732,#11948,.T.);
#11946 = VERTEX_POINT('',#11947);
#11947 = CARTESIAN_POINT('',(15.872983346207,13.,38.));
#11948 = SURFACE_CURVE('',#11949,(#11953,#11959),.PCURVE_S1.);
#11949 = LINE('',#11950,#11951);
#11950 = CARTESIAN_POINT('',(10.461538461538,13.,38.));
#11951 = VECTOR('',#11952,1.);
#11952 = DIRECTION('',(1.,0.,0.));
#11953 = PCURVE('',#7951,#11954);
#11954 = DEFINITIONAL_REPRESENTATION('',(#11955),#11958);
#11955 = B_SPLINE_CURVE_WITH_KNOTS('',1,(#11956,#11957),.UNSPECIFIED.,
  .F.,.F.,(2,2),(0.,58.076923076923),.PIECEWISE_BEZIER_KNOTS.);
#11956 = CARTESIAN_POINT('',(0.,1.));
#11957 = CARTESIAN_POINT('',(75.,1.));
#11958 = ( GEOMETRIC_REPRESENTATION_CONTEXT(2) 
PARAMETRIC_REPRESENTATION_CONTEXT() REPRESENTATION_CONTEXT('2D SPACE',''
  ) );
#11959 = PCURVE('',#11960,#11965);
#11960 = PLANE('',#11961);
#11961 = AXIS2_PLACEMENT_3D('',#11962,#11963,#11964);
#11962 = CARTESIAN_POINT('',(10.461538461538,13.,38.));
#11963 = DIRECTION('',(0.,0.,-1.));
#11964 = DIRECTION('',(0.59569917413,0.803207628164,0.));
#11965 = DEFINITIONAL_REPRESENTATION('',(#11966),#11970);
#11966 = LINE('',#11967,#11968);
#11967 = CARTESIAN_POINT('',(0.,0.));
#11968 = VECTOR('',#11969,1.);
#11969 = DIRECTION('',(0.59569917413,0.803207628164));
#11970 = ( GEOMETRIC_REPRESENTATION_CONTEXT(2) 
PARAMETRIC_REPRESENTATION_CONTEXT() REPRESENTATION_CONTEXT('2D SPACE',''
  ) );
#11971 = ORIENTED_EDGE('',*,*,#11972,.T.);
#11972 = EDGE_CURVE('',#11946,#11973,#11975,.T.);
#11973 = VERTEX_POINT('',#11974);
#11974 = CARTESIAN_POINT('',(16.,12.,37.));
#11975 = SURFACE_CURVE('',#11976,(#11983,#11993),.PCURVE_S1.);
#11976 = B_SPLINE_CURVE_WITH_KNOTS('',5,(#11977,#11978,#11979,#11980,
    #11981,#11982),.UNSPECIFIED.,.F.,.F.,(6,6),(0.,1.),
  .PIECEWISE_BEZIER_KNOTS.);
#11977 = CARTESIAN_POINT('',(15.872983346207,13.,38.));
#11978 = CARTESIAN_POINT('',(15.921967698809,12.81028441815,
    37.81028441815));
#11979 = CARTESIAN_POINT('',(15.959998887038,12.615002862612,
    37.615002862612));
#11980 = CARTESIAN_POINT('',(15.986313735607,12.414501894879,
    37.414501894879));
#11981 = CARTESIAN_POINT('',(16.,12.209279007406,37.209279007406));
#11982 = CARTESIAN_POINT('',(16.,12.,37.));
#11983 = PCURVE('',#7951,#11984);
#11984 = DEFINITIONAL_REPRESENTATION('',(#11985),#11992);
#11985 = B_SPLINE_CURVE_WITH_KNOTS('',5,(#11986,#11987,#11988,#11989,
    #11990,#11991),.UNSPECIFIED.,.F.,.F.,(6,6),(0.,1.),
  .PIECEWISE_BEZIER_KNOTS.);
#11986 = CARTESIAN_POINT('',(6.988289751725,1.));
#11987 = CARTESIAN_POINT('',(7.204886680262,0.982753128923));
#11988 = CARTESIAN_POINT('',(7.409116305929,0.965000260237));
#11989 = CARTESIAN_POINT('',(7.599863510797,0.946772899534));
#11990 = CARTESIAN_POINT('',(7.775813352518,0.928116273401));
#11991 = CARTESIAN_POINT('',(7.935483870968,0.909090909091));
#11992 = ( GEOMETRIC_REPRESENTATION_CONTEXT(2) 
PARAMETRIC_REPRESENTATION_CONTEXT() REPRESENTATION_CONTEXT('2D SPACE',''
  ) );
#11993 = PCURVE('',#11994,#11999);
#11994 = CYLINDRICAL_SURFACE('',#11995,4.);
#11995 = AXIS2_PLACEMENT_3D('',#11996,#11997,#11998);
#11996 = CARTESIAN_POINT('',(12.,12.,30.85));
#11997 = DIRECTION('',(-0.,-0.,-1.));
#11998 = DIRECTION('',(1.,0.,0.));
#11999 = DEFINITIONAL_REPRESENTATION('',(#12000),#12007);
#12000 = B_SPLINE_CURVE_WITH_KNOTS('',5,(#12001,#12002,#12003,#12004,
    #12005,#12006),.UNSPECIFIED.,.F.,.F.,(6,6),(0.,1.),
  .PIECEWISE_BEZIER_KNOTS.);
#12001 = CARTESIAN_POINT('',(-0.252680255142,-7.15));
#12002 = CARTESIAN_POINT('',(-0.203695902541,-6.96028441815));
#12003 = CARTESIAN_POINT('',(-0.154048878698,-6.765002862612));
#12004 = CARTESIAN_POINT('',(-0.103625525656,-6.564501894879));
#12005 = CARTESIAN_POINT('',(-5.231975185142E-02,-6.359279007406));
#12006 = CARTESIAN_POINT('',(0.,-6.15));
#12007 = ( GEOMETRIC_REPRESENTATION_CONTEXT(2) 
PARAMETRIC_REPRESENTATION_CONTEXT() REPRESENTATION_CONTEXT('2D SPACE',''
  ) );
#12008 = ORIENTED_EDGE('',*,*,#12009,.T.);
#12009 = EDGE_CURVE('',#11973,#11667,#12010,.T.);
#12010 = SURFACE_CURVE('',#12011,(#12070,#12132),.PCURVE_S1.);
#12011 = B_SPLINE_CURVE_WITH_KNOTS('',8,(#12012,#12013,#12014,#12015,
    #12016,#12017,#12018,#12019,#12020,#12021,#12022,#12023,#12024,
    #12025,#12026,#12027,#12028,#12029,#12030,#12031,#12032,#12033,
    #12034,#12035,#12036,#12037,#12038,#12039,#12040,#12041,#12042,
    #12043,#12044,#12045,#12046,#12047,#12048,#12049,#12050,#12051,
    #12052,#12053,#12054,#12055,#12056,#12057,#12058,#12059,#12060,
    #12061,#12062,#12063,#12064,#12065,#12066,#12067,#12068,#12069),
  .UNSPECIFIED.,.F.,.F.,(9,7,7,7,7,7,7,7,9),(0.,0.216024481612,
    0.285513259174,0.321668465429,0.394443390765,0.452821887252,
    0.595675207536,0.699482399574,1.),.UNSPECIFIED.);
#12012 = CARTESIAN_POINT('',(16.,12.,37.));
#12013 = CARTESIAN_POINT('',(16.,11.741004663699,36.741004663699));
#12014 = CARTESIAN_POINT('',(15.980835069148,11.476543861856,
    36.476543861856));
#12015 = CARTESIAN_POINT('',(15.941087420392,11.207277344519,
    36.207277344519));
#12016 = CARTESIAN_POINT('',(15.879064662682,10.934384342375,
    35.934384342375));
#12017 = CARTESIAN_POINT('',(15.792949630056,10.659592489813,
    35.659592489813));
#12018 = CARTESIAN_POINT('',(15.680950109852,10.38519184973,
    35.38519184973));
#12019 = CARTESIAN_POINT('',(15.54140283948,10.114041765222,
    35.114041765222));
#12020 = CARTESIAN_POINT('',(15.318547065352,9.764508065099,
    34.764508065099));
#12021 = CARTESIAN_POINT('',(15.261325885274,9.680170515807,
    34.680170515807));
#12022 = CARTESIAN_POINT('',(15.20108882547,9.596696745485,
    34.596696745485));
#12023 = CARTESIAN_POINT('',(15.137811284164,9.514230474471,
    34.514230474471));
#12024 = CARTESIAN_POINT('',(15.071480984681,9.4329267817,34.4329267817)
  );
#12025 = CARTESIAN_POINT('',(15.002101126841,9.352950873046,
    34.352950873046));
#12026 = CARTESIAN_POINT('',(14.929693538358,9.274476849668,
    34.274476849668));
#12027 = CARTESIAN_POINT('',(14.815075306526,9.157732229312,
    34.157732229312));
#12028 = CARTESIAN_POINT('',(14.775041242275,9.118234024002,
    34.118234024002));
#12029 = CARTESIAN_POINT('',(14.734206154483,9.079217687171,
    34.079217687171));
#12030 = CARTESIAN_POINT('',(14.692578172133,9.04070950079,
    34.04070950079));
#12031 = CARTESIAN_POINT('',(14.650167191651,9.002736095874,
    34.002736095874));
#12032 = CARTESIAN_POINT('',(14.60698503638,8.965324346294,
    33.965324346294));
#12033 = CARTESIAN_POINT('',(14.563045616053,8.928501262591,
    33.928501262591));
#12034 = CARTESIAN_POINT('',(14.428429982684,8.819413949092,
    33.819413949092));
#12035 = CARTESIAN_POINT('',(14.335481435003,8.749019792085,
    33.749019792085));
#12036 = CARTESIAN_POINT('',(14.239662529908,8.681343076437,
    33.681343076437));
#12037 = CARTESIAN_POINT('',(14.141142902315,8.616603044342,
    33.616603044342));
#12038 = CARTESIAN_POINT('',(14.040120441558,8.555004734836,
    33.555004734836));
#12039 = CARTESIAN_POINT('',(13.936823644619,8.496736044679,
    33.496736044679));
#12040 = CARTESIAN_POINT('',(13.831514616382,8.441963633802,
    33.441963633802));
#12041 = CARTESIAN_POINT('',(13.638642026582,8.349807497578,
    33.349807497578));
#12042 = CARTESIAN_POINT('',(13.551678533119,8.311122341078,
    33.311122341078));
#12043 = CARTESIAN_POINT('',(13.463753932359,8.274844199382,
    33.274844199382));
#12044 = CARTESIAN_POINT('',(13.375021362059,8.241028195419,
    33.241028195419));
#12045 = CARTESIAN_POINT('',(13.285634927579,8.209713453468,
    33.209713453468));
#12046 = CARTESIAN_POINT('',(13.195749227536,8.18092397114,
    33.18092397114));
#12047 = CARTESIAN_POINT('',(13.105518879462,8.154669491363,
    33.154669491363));
#12048 = CARTESIAN_POINT('',(12.793836499912,8.072895444038,
    33.072895444038));
#12049 = CARTESIAN_POINT('',(12.571470209265,8.03001136793,
    33.03001136793));
#12050 = CARTESIAN_POINT('',(12.350179833019,8.002207077465,
    33.002207077465));
#12051 = CARTESIAN_POINT('',(12.131743481765,7.988841310387,
    32.988841310387));
#12052 = CARTESIAN_POINT('',(11.917570833634,7.988994382469,
    32.988994382469));
#12053 = CARTESIAN_POINT('',(11.708724204894,8.001618107762,
    33.001618107762));
#12054 = CARTESIAN_POINT('',(11.505938068517,8.025630201426,
    33.025630201426));
#12055 = CARTESIAN_POINT('',(11.167010825785,8.085016069706,
    33.085016069706));
#12056 = CARTESIAN_POINT('',(11.027782457417,8.115493992196,
    33.115493992196));
#12057 = CARTESIAN_POINT('',(10.892100086664,8.151078853764,
    33.151078853764));
#12058 = CARTESIAN_POINT('',(10.760059634454,8.191411561791,
    33.191411561791));
#12059 = CARTESIAN_POINT('',(10.631720056712,8.236156249206,
    33.236156249206));
#12060 = CARTESIAN_POINT('',(10.5071071357,8.285004179712,
    33.285004179712));
#12061 = CARTESIAN_POINT('',(10.386217271364,8.337677653003,
    33.337677653003));
#12062 = CARTESIAN_POINT('',(9.929743621357,8.556793486718,
    33.556793486718));
#12063 = CARTESIAN_POINT('',(9.622170627789,8.749319858326,
    33.749319858326));
#12064 = CARTESIAN_POINT('',(9.344564307136,8.965787063423,
    33.965787063422));
#12065 = CARTESIAN_POINT('',(9.096215139517,9.20223036821,34.20223036821
    ));
#12066 = CARTESIAN_POINT('',(8.87625887182,9.455374687136,
    34.455374687136));
#12067 = CARTESIAN_POINT('',(8.684045504265,9.722884187334,
    34.722884187335));
#12068 = CARTESIAN_POINT('',(8.519027910026,10.003162328637,
    35.003162328637));
#12069 = CARTESIAN_POINT('',(8.381271056384,10.2956523733,35.2956523733)
  );
#12070 = PCURVE('',#7951,#12071);
#12071 = DEFINITIONAL_REPRESENTATION('',(#12072),#12131);
#12072 = B_SPLINE_CURVE_WITH_KNOTS('',8,(#12073,#12074,#12075,#12076,
    #12077,#12078,#12079,#12080,#12081,#12082,#12083,#12084,#12085,
    #12086,#12087,#12088,#12089,#12090,#12091,#12092,#12093,#12094,
    #12095,#12096,#12097,#12098,#12099,#12100,#12101,#12102,#12103,
    #12104,#12105,#12106,#12107,#12108,#12109,#12110,#12111,#12112,
    #12113,#12114,#12115,#12116,#12117,#12118,#12119,#12120,#12121,
    #12122,#12123,#12124,#12125,#12126,#12127,#12128,#12129,#12130),
  .UNSPECIFIED.,.F.,.F.,(9,7,7,7,7,7,7,7,9),(0.,0.216024481612,
    0.285513259174,0.321668465429,0.394443390765,0.452821887252,
    0.595675207536,0.699482399574,1.),.UNSPECIFIED.);
#12073 = CARTESIAN_POINT('',(7.935483870968,0.909090909091));
#12074 = CARTESIAN_POINT('',(8.133085723805,0.885545878518));
#12075 = CARTESIAN_POINT('',(8.30772791535,0.861503987441));
#12076 = CARTESIAN_POINT('',(8.457626100039,0.837025213138));
#12077 = CARTESIAN_POINT('',(8.580387007346,0.812216758398));
#12078 = CARTESIAN_POINT('',(8.673241674582,0.787235680892));
#12079 = CARTESIAN_POINT('',(8.733240177893,0.762290168157));
#12080 = CARTESIAN_POINT('',(8.757338647537,0.737640160475));
#12081 = CARTESIAN_POINT('',(8.737474867762,0.705864369554));
#12082 = CARTESIAN_POINT('',(8.728593849153,0.698197319619));
#12083 = CARTESIAN_POINT('',(8.715567007636,0.690608795044));
#12084 = CARTESIAN_POINT('',(8.698297822399,0.683111861316));
#12085 = CARTESIAN_POINT('',(8.676696344789,0.675720616518));
#12086 = CARTESIAN_POINT('',(8.650683001269,0.668450079368));
#12087 = CARTESIAN_POINT('',(8.620192396369,0.661316077243));
#12088 = CARTESIAN_POINT('',(8.566958566675,0.650702929937));
#12089 = CARTESIAN_POINT('',(8.547515287883,0.647112184));
#12090 = CARTESIAN_POINT('',(8.52684086743,0.643565244288));
#12091 = CARTESIAN_POINT('',(8.504930281937,0.640064500072));
#12092 = CARTESIAN_POINT('',(8.48178011573,0.636612372352));
#12093 = CARTESIAN_POINT('',(8.457388780089,0.633211304209));
#12094 = CARTESIAN_POINT('',(8.431756732488,0.629863751145));
#12095 = CARTESIAN_POINT('',(8.35080140323,0.619946722645));
#12096 = CARTESIAN_POINT('',(8.291693867758,0.613547253826));
#12097 = CARTESIAN_POINT('',(8.227591817621,0.607394825131));
#12098 = CARTESIAN_POINT('',(8.158557026507,0.601509367667));
#12099 = CARTESIAN_POINT('',(8.084687265991,0.595909521349));
#12100 = CARTESIAN_POINT('',(8.00612020894,0.590612367698));
#12101 = CARTESIAN_POINT('',(7.923039283947,0.585633057618));
#12102 = CARTESIAN_POINT('',(7.765604910037,0.577255227053));
#12103 = CARTESIAN_POINT('',(7.69276751017,0.573738394643));
#12104 = CARTESIAN_POINT('',(7.617288757595,0.570440381762));
#12105 = CARTESIAN_POINT('',(7.539298267778,0.567366199584));
#12106 = CARTESIAN_POINT('',(7.458935032572,0.564519404861));
#12107 = CARTESIAN_POINT('',(7.376346657535,0.561902179195));
#12108 = CARTESIAN_POINT('',(7.291688599256,0.559515408306));
#12109 = CARTESIAN_POINT('',(6.993296677131,0.552081404003));
#12110 = CARTESIAN_POINT('',(6.770084704277,0.54818285163));
#12111 = CARTESIAN_POINT('',(6.537804389671,0.54565518886));
#12112 = CARTESIAN_POINT('',(6.298642653768,0.544440119126));
#12113 = CARTESIAN_POINT('',(6.054554689825,0.54445403477));
#12114 = CARTESIAN_POINT('',(5.807216940009,0.54560164616));
#12115 = CARTESIAN_POINT('',(5.557997714263,0.547784563766));
#12116 = CARTESIAN_POINT('',(5.126176010269,0.553183279064));
#12117 = CARTESIAN_POINT('',(4.943957493296,0.555953999291));
#12118 = CARTESIAN_POINT('',(4.761599089412,0.559188986706));
#12119 = CARTESIAN_POINT('',(4.579397989816,0.562855596526));
#12120 = CARTESIAN_POINT('',(4.39760257959,0.566923295382));
#12121 = CARTESIAN_POINT('',(4.216412704256,0.571364016337));
#12122 = CARTESIAN_POINT('',(4.035979936321,0.576152513909));
#12123 = CARTESIAN_POINT('',(3.336553929199,0.596072135156));
#12124 = CARTESIAN_POINT('',(2.825057326237,0.613574532575));
#12125 = CARTESIAN_POINT('',(2.323139050763,0.633253369402));
#12126 = CARTESIAN_POINT('',(1.832344584829,0.654748215292));
#12127 = CARTESIAN_POINT('',(1.35384514726,0.677761335194));
#12128 = CARTESIAN_POINT('',(0.888577418455,0.702080380667));
#12129 = CARTESIAN_POINT('',(0.437135297621,0.727560211694));
#12130 = CARTESIAN_POINT('',(0.,0.754150215755));
#12131 = ( GEOMETRIC_REPRESENTATION_CONTEXT(2) 
PARAMETRIC_REPRESENTATION_CONTEXT() REPRESENTATION_CONTEXT('2D SPACE',''
  ) );
#12132 = PCURVE('',#11994,#12133);
#12133 = DEFINITIONAL_REPRESENTATION('',(#12134),#12193);
#12134 = B_SPLINE_CURVE_WITH_KNOTS('',8,(#12135,#12136,#12137,#12138,
    #12139,#12140,#12141,#12142,#12143,#12144,#12145,#12146,#12147,
    #12148,#12149,#12150,#12151,#12152,#12153,#12154,#12155,#12156,
    #12157,#12158,#12159,#12160,#12161,#12162,#12163,#12164,#12165,
    #12166,#12167,#12168,#12169,#12170,#12171,#12172,#12173,#12174,
    #12175,#12176,#12177,#12178,#12179,#12180,#12181,#12182,#12183,
    #12184,#12185,#12186,#12187,#12188,#12189,#12190,#12191,#12192),
  .UNSPECIFIED.,.F.,.F.,(9,7,7,7,7,7,7,7,9),(0.,0.216024481612,
    0.285513259174,0.321668465429,0.394443390765,0.452821887252,
    0.595675207536,0.699482399574,1.),.UNSPECIFIED.);
#12135 = CARTESIAN_POINT('',(-6.28318530718,-6.15));
#12136 = CARTESIAN_POINT('',(-6.218436473104,-5.891004663699));
#12137 = CARTESIAN_POINT('',(-6.152321350335,-5.626543861856));
#12138 = CARTESIAN_POINT('',(-6.084590782315,-5.357277344519));
#12139 = CARTESIAN_POINT('',(-6.015053696667,-5.084384342375));
#12140 = CARTESIAN_POINT('',(-5.943545899745,-4.809592489813));
#12141 = CARTESIAN_POINT('',(-5.869915233174,-4.53519184973));
#12142 = CARTESIAN_POINT('',(-5.794001634499,-4.264041765222));
#12143 = CARTESIAN_POINT('',(-5.690368114469,-3.914508065099));
#12144 = CARTESIAN_POINT('',(-5.664899191457,-3.830170515807));
#12145 = CARTESIAN_POINT('',(-5.639182640368,-3.746696745485));
#12146 = CARTESIAN_POINT('',(-5.61321891343,-3.664230474471));
#12147 = CARTESIAN_POINT('',(-5.587010457973,-3.5829267817));
#12148 = CARTESIAN_POINT('',(-5.560562024677,-3.502950873046));
#12149 = CARTESIAN_POINT('',(-5.533880975812,-3.424476849668));
#12150 = CARTESIAN_POINT('',(-5.49297968805,-3.307732229312));
#12151 = CARTESIAN_POINT('',(-5.47892169938,-3.268234024002));
#12152 = CARTESIAN_POINT('',(-5.46480520133,-3.229217687171));
#12153 = CARTESIAN_POINT('',(-5.450631973196,-3.19070950079));
#12154 = CARTESIAN_POINT('',(-5.436404025785,-3.152736095874));
#12155 = CARTESIAN_POINT('',(-5.422123627477,-3.115324346294));
#12156 = CARTESIAN_POINT('',(-5.407793330296,-3.078501262591));
#12157 = CARTESIAN_POINT('',(-5.364476611011,-2.969413949092));
#12158 = CARTESIAN_POINT('',(-5.335343180412,-2.899019792085));
#12159 = CARTESIAN_POINT('',(-5.306043008123,-2.831343076437));
#12160 = CARTESIAN_POINT('',(-5.276604571431,-2.766603044342));
#12161 = CARTESIAN_POINT('',(-5.247058242286,-2.705004734836));
#12162 = CARTESIAN_POINT('',(-5.217437258824,-2.646736044679));
#12163 = CARTESIAN_POINT('',(-5.187778947096,-2.591963633802));
#12164 = CARTESIAN_POINT('',(-5.134339384657,-2.499807497578));
#12165 = CARTESIAN_POINT('',(-5.110553238133,-2.461122341078));
#12166 = CARTESIAN_POINT('',(-5.086789189346,-2.424844199382));
#12167 = CARTESIAN_POINT('',(-5.063067248475,-2.391028195419));
#12168 = CARTESIAN_POINT('',(-5.039406332838,-2.359713453468));
#12169 = CARTESIAN_POINT('',(-5.01582459976,-2.33092397114));
#12170 = CARTESIAN_POINT('',(-4.992339779448,-2.304669491363));
#12171 = CARTESIAN_POINT('',(-4.911781997182,-2.222895444038));
#12172 = CARTESIAN_POINT('',(-4.855289626301,-2.18001136793));
#12173 = CARTESIAN_POINT('',(-4.799728904429,-2.152207077465));
#12174 = CARTESIAN_POINT('',(-4.745234105386,-2.138841310387));
#12175 = CARTESIAN_POINT('',(-4.691885527368,-2.138994382469));
#12176 = CARTESIAN_POINT('',(-4.639724496395,-2.151618107762));
#12177 = CARTESIAN_POINT('',(-4.58875259734,-2.175630201426));
#12178 = CARTESIAN_POINT('',(-4.502729941451,-2.235016069706));
#12179 = CARTESIAN_POINT('',(-4.467130149475,-2.265493992196));
#12180 = CARTESIAN_POINT('',(-4.432110865311,-2.301078853764));
#12181 = CARTESIAN_POINT('',(-4.397649047133,-2.341411561791));
#12182 = CARTESIAN_POINT('',(-4.363720301454,-2.386156249206));
#12183 = CARTESIAN_POINT('',(-4.330298198082,-2.435004179712));
#12184 = CARTESIAN_POINT('',(-4.297353585093,-2.487677653003));
#12185 = CARTESIAN_POINT('',(-4.170768647764,-2.706793486718));
#12186 = CARTESIAN_POINT('',(-4.080619154184,-2.899319858326));
#12187 = CARTESIAN_POINT('',(-3.993366315564,-3.115787063422));
#12188 = CARTESIAN_POINT('',(-3.908446524988,-3.352230368211));
#12189 = CARTESIAN_POINT('',(-3.825331866668,-3.605374687136));
#12190 = CARTESIAN_POINT('',(-3.743551274929,-3.872884187335));
#12191 = CARTESIAN_POINT('',(-3.662582358272,-4.153162328637));
#12192 = CARTESIAN_POINT('',(-3.581755623465,-4.4456523733));
#12193 = ( GEOMETRIC_REPRESENTATION_CONTEXT(2) 
PARAMETRIC_REPRESENTATION_CONTEXT() REPRESENTATION_CONTEXT('2D SPACE',''
  ) );
#12194 = ADVANCED_FACE('',(#12195),#8845,.T.);
#12195 = FACE_BOUND('',#12196,.T.);
#12196 = EDGE_LOOP('',(#12197,#12198,#12220,#12221));
#12197 = ORIENTED_EDGE('',*,*,#8832,.T.);
#12198 = ORIENTED_EDGE('',*,*,#12199,.F.);
#12199 = EDGE_CURVE('',#9478,#8782,#12200,.T.);
#12200 = SURFACE_CURVE('',#12201,(#12207,#12213),.PCURVE_S1.);
#12201 = B_SPLINE_CURVE_WITH_KNOTS('',2,(#12202,#12203,#12204,#12205,
    #12206),.UNSPECIFIED.,.F.,.F.,(3,1,1,3),(-3.796010963536,
    -0.521810963536,59.521810963536,62.796010963536),.UNSPECIFIED.);
#12202 = CARTESIAN_POINT('',(72.796010963536,93.104362192707,
    39.321645747403));
#12203 = CARTESIAN_POINT('',(71.158910963536,93.104362192707,
    39.321645747403));
#12204 = CARTESIAN_POINT('',(39.5,93.104362192707,39.321645747403));
#12205 = CARTESIAN_POINT('',(7.841089036464,93.104362192707,
    39.321645747403));
#12206 = CARTESIAN_POINT('',(6.203989036464,93.104362192707,
    39.321645747403));
#12207 = PCURVE('',#8845,#12208);
#12208 = DEFINITIONAL_REPRESENTATION('',(#12209),#12212);
#12209 = B_SPLINE_CURVE_WITH_KNOTS('',1,(#12210,#12211),.UNSPECIFIED.,
  .F.,.F.,(2,2),(-0.521810963536,59.521810963536),
  .PIECEWISE_BEZIER_KNOTS.);
#12210 = CARTESIAN_POINT('',(5.551115123126E-15,0.947818903646));
#12211 = CARTESIAN_POINT('',(79.,0.947818903646));
#12212 = ( GEOMETRIC_REPRESENTATION_CONTEXT(2) 
PARAMETRIC_REPRESENTATION_CONTEXT() REPRESENTATION_CONTEXT('2D SPACE',''
  ) );
#12213 = PCURVE('',#8805,#12214);
#12214 = DEFINITIONAL_REPRESENTATION('',(#12215),#12219);
#12215 = LINE('',#12216,#12217);
#12216 = CARTESIAN_POINT('',(0.,0.));
#12217 = VECTOR('',#12218,1.);
#12218 = DIRECTION('',(0.,1.));
#12219 = ( GEOMETRIC_REPRESENTATION_CONTEXT(2) 
PARAMETRIC_REPRESENTATION_CONTEXT() REPRESENTATION_CONTEXT('2D SPACE',''
  ) );
#12220 = ORIENTED_EDGE('',*,*,#9475,.F.);
#12221 = ORIENTED_EDGE('',*,*,#12222,.T.);
#12222 = EDGE_CURVE('',#9476,#8604,#12223,.T.);
#12223 = SURFACE_CURVE('',#12224,(#12228,#12235),.PCURVE_S1.);
#12224 = LINE('',#12225,#12226);
#12225 = CARTESIAN_POINT('',(79.,95.,27.));
#12226 = VECTOR('',#12227,1.);
#12227 = DIRECTION('',(-1.,0.,0.));
#12228 = PCURVE('',#8845,#12229);
#12229 = DEFINITIONAL_REPRESENTATION('',(#12230),#12234);
#12230 = LINE('',#12231,#12232);
#12231 = CARTESIAN_POINT('',(0.,0.));
#12232 = VECTOR('',#12233,1.);
#12233 = DIRECTION('',(1.,0.));
#12234 = ( GEOMETRIC_REPRESENTATION_CONTEXT(2) 
PARAMETRIC_REPRESENTATION_CONTEXT() REPRESENTATION_CONTEXT('2D SPACE',''
  ) );
#12235 = PCURVE('',#10046,#12236);
#12236 = DEFINITIONAL_REPRESENTATION('',(#12237),#12241);
#12237 = LINE('',#12238,#12239);
#12238 = CARTESIAN_POINT('',(0.,0.));
#12239 = VECTOR('',#12240,1.);
#12240 = DIRECTION('',(1.,0.));
#12241 = ( GEOMETRIC_REPRESENTATION_CONTEXT(2) 
PARAMETRIC_REPRESENTATION_CONTEXT() REPRESENTATION_CONTEXT('2D SPACE',''
  ) );
#12242 = ADVANCED_FACE('',(#12243),#8805,.F.);
#12243 = FACE_BOUND('',#12244,.F.);
#12244 = EDGE_LOOP('',(#12245,#12246,#12268,#12269,#12270,#12271));
#12245 = ORIENTED_EDGE('',*,*,#9384,.F.);
#12246 = ORIENTED_EDGE('',*,*,#12247,.T.);
#12247 = EDGE_CURVE('',#9361,#9203,#12248,.T.);
#12248 = SURFACE_CURVE('',#12249,(#12255,#12262),.PCURVE_S1.);
#12249 = B_SPLINE_CURVE_WITH_KNOTS('',2,(#12250,#12251,#12252,#12253,
    #12254),.UNSPECIFIED.,.F.,.F.,(3,1,1,3),(-3.796010963536,
    -0.521810963536,59.521810963536,62.796010963536),.UNSPECIFIED.);
#12250 = CARTESIAN_POINT('',(72.796010963536,92.313664834587,40.));
#12251 = CARTESIAN_POINT('',(71.158910963536,92.313664834587,40.));
#12252 = CARTESIAN_POINT('',(39.5,92.313664834587,40.));
#12253 = CARTESIAN_POINT('',(7.841089036464,92.313664834587,40.));
#12254 = CARTESIAN_POINT('',(6.203989036464,92.313664834587,40.));
#12255 = PCURVE('',#8805,#12256);
#12256 = DEFINITIONAL_REPRESENTATION('',(#12257),#12261);
#12257 = LINE('',#12258,#12259);
#12258 = CARTESIAN_POINT('',(60.043621927072,0.));
#12259 = VECTOR('',#12260,1.);
#12260 = DIRECTION('',(0.,1.));
#12261 = ( GEOMETRIC_REPRESENTATION_CONTEXT(2) 
PARAMETRIC_REPRESENTATION_CONTEXT() REPRESENTATION_CONTEXT('2D SPACE',''
  ) );
#12262 = PCURVE('',#9268,#12263);
#12263 = DEFINITIONAL_REPRESENTATION('',(#12264),#12267);
#12264 = B_SPLINE_CURVE_WITH_KNOTS('',1,(#12265,#12266),.UNSPECIFIED.,
  .F.,.F.,(2,2),(-0.521810963536,59.521810963536),
  .PIECEWISE_BEZIER_KNOTS.);
#12265 = CARTESIAN_POINT('',(99.160571524958,0.827323827652));
#12266 = CARTESIAN_POINT('',(63.522151361753,-47.49595774957));
#12267 = ( GEOMETRIC_REPRESENTATION_CONTEXT(2) 
PARAMETRIC_REPRESENTATION_CONTEXT() REPRESENTATION_CONTEXT('2D SPACE',''
  ) );
#12268 = ORIENTED_EDGE('',*,*,#9202,.T.);
#12269 = ORIENTED_EDGE('',*,*,#8781,.T.);
#12270 = ORIENTED_EDGE('',*,*,#12199,.F.);
#12271 = ORIENTED_EDGE('',*,*,#9499,.F.);
#12272 = ADVANCED_FACE('',(#12273),#8875,.T.);
#12273 = FACE_BOUND('',#12274,.T.);
#12274 = EDGE_LOOP('',(#12275,#12276));
#12275 = ORIENTED_EDGE('',*,*,#8859,.T.);
#12276 = ORIENTED_EDGE('',*,*,#12277,.T.);
#12277 = EDGE_CURVE('',#8862,#8860,#12278,.T.);
#12278 = SURFACE_CURVE('',#12279,(#12284,#12291),.PCURVE_S1.);
#12279 = CIRCLE('',#12280,4.);
#12280 = AXIS2_PLACEMENT_3D('',#12281,#12282,#12283);
#12281 = CARTESIAN_POINT('',(12.,83.,39.));
#12282 = DIRECTION('',(0.,0.,1.));
#12283 = DIRECTION('',(1.,0.,0.));
#12284 = PCURVE('',#8875,#12285);
#12285 = DEFINITIONAL_REPRESENTATION('',(#12286),#12290);
#12286 = CIRCLE('',#12287,4.);
#12287 = AXIS2_PLACEMENT_2D('',#12288,#12289);
#12288 = CARTESIAN_POINT('',(0.,-1.42108547152E-14));
#12289 = DIRECTION('',(1.,0.));
#12290 = ( GEOMETRIC_REPRESENTATION_CONTEXT(2) 
PARAMETRIC_REPRESENTATION_CONTEXT() REPRESENTATION_CONTEXT('2D SPACE',''
  ) );
#12291 = PCURVE('',#8958,#12292);
#12292 = DEFINITIONAL_REPRESENTATION('',(#12293),#12297);
#12293 = LINE('',#12294,#12295);
#12294 = CARTESIAN_POINT('',(-0.,-8.15));
#12295 = VECTOR('',#12296,1.);
#12296 = DIRECTION('',(-1.,0.));
#12297 = ( GEOMETRIC_REPRESENTATION_CONTEXT(2) 
PARAMETRIC_REPRESENTATION_CONTEXT() REPRESENTATION_CONTEXT('2D SPACE',''
  ) );
#12298 = ADVANCED_FACE('',(#12299),#8958,.T.);
#12299 = FACE_BOUND('',#12300,.F.);
#12300 = EDGE_LOOP('',(#12301,#12302));
#12301 = ORIENTED_EDGE('',*,*,#8886,.T.);
#12302 = ORIENTED_EDGE('',*,*,#12277,.T.);
#12303 = ADVANCED_FACE('',(#12304,#12330),#9101,.F.);
#12304 = FACE_BOUND('',#12305,.F.);
#12305 = EDGE_LOOP('',(#12306));
#12306 = ORIENTED_EDGE('',*,*,#12307,.T.);
#12307 = EDGE_CURVE('',#12308,#12308,#12310,.T.);
#12308 = VERTEX_POINT('',#12309);
#12309 = CARTESIAN_POINT('',(16.,12.,30.85));
#12310 = SURFACE_CURVE('',#12311,(#12316,#12323),.PCURVE_S1.);
#12311 = CIRCLE('',#12312,4.);
#12312 = AXIS2_PLACEMENT_3D('',#12313,#12314,#12315);
#12313 = CARTESIAN_POINT('',(12.,12.,30.85));
#12314 = DIRECTION('',(0.,0.,1.));
#12315 = DIRECTION('',(1.,0.,0.));
#12316 = PCURVE('',#9101,#12317);
#12317 = DEFINITIONAL_REPRESENTATION('',(#12318),#12322);
#12318 = CIRCLE('',#12319,4.);
#12319 = AXIS2_PLACEMENT_2D('',#12320,#12321);
#12320 = CARTESIAN_POINT('',(0.,-1.7763568394E-15));
#12321 = DIRECTION('',(1.,0.));
#12322 = ( GEOMETRIC_REPRESENTATION_CONTEXT(2) 
PARAMETRIC_REPRESENTATION_CONTEXT() REPRESENTATION_CONTEXT('2D SPACE',''
  ) );
#12323 = PCURVE('',#11994,#12324);
#12324 = DEFINITIONAL_REPRESENTATION('',(#12325),#12329);
#12325 = LINE('',#12326,#12327);
#12326 = CARTESIAN_POINT('',(-0.,0.));
#12327 = VECTOR('',#12328,1.);
#12328 = DIRECTION('',(-1.,0.));
#12329 = ( GEOMETRIC_REPRESENTATION_CONTEXT(2) 
PARAMETRIC_REPRESENTATION_CONTEXT() REPRESENTATION_CONTEXT('2D SPACE',''
  ) );
#12330 = FACE_BOUND('',#12331,.F.);
#12331 = EDGE_LOOP('',(#12332));
#12332 = ORIENTED_EDGE('',*,*,#9086,.T.);
#12333 = ADVANCED_FACE('',(#12334),#9268,.F.);
#12334 = FACE_BOUND('',#12335,.F.);
#12335 = EDGE_LOOP('',(#12336,#12337,#12338,#12339));
#12336 = ORIENTED_EDGE('',*,*,#9283,.F.);
#12337 = ORIENTED_EDGE('',*,*,#9252,.F.);
#12338 = ORIENTED_EDGE('',*,*,#12247,.F.);
#12339 = ORIENTED_EDGE('',*,*,#9360,.F.);
#12340 = ADVANCED_FACE('',(#12341),#9733,.T.);
#12341 = FACE_BOUND('',#12342,.T.);
#12342 = EDGE_LOOP('',(#12343,#12365));
#12343 = ORIENTED_EDGE('',*,*,#12344,.T.);
#12344 = EDGE_CURVE('',#9720,#9718,#12345,.T.);
#12345 = SURFACE_CURVE('',#12346,(#12351,#12358),.PCURVE_S1.);
#12346 = CIRCLE('',#12347,4.);
#12347 = AXIS2_PLACEMENT_3D('',#12348,#12349,#12350);
#12348 = CARTESIAN_POINT('',(67.,83.,39.));
#12349 = DIRECTION('',(-0.,0.,1.));
#12350 = DIRECTION('',(0.692307692308,-0.721602424588,0.));
#12351 = PCURVE('',#9733,#12352);
#12352 = DEFINITIONAL_REPRESENTATION('',(#12353),#12357);
#12353 = CIRCLE('',#12354,4.);
#12354 = AXIS2_PLACEMENT_2D('',#12355,#12356);
#12355 = CARTESIAN_POINT('',(0.,0.));
#12356 = DIRECTION('',(0.692307692308,-0.721602424588));
#12357 = ( GEOMETRIC_REPRESENTATION_CONTEXT(2) 
PARAMETRIC_REPRESENTATION_CONTEXT() REPRESENTATION_CONTEXT('2D SPACE',''
  ) );
#12358 = PCURVE('',#9825,#12359);
#12359 = DEFINITIONAL_REPRESENTATION('',(#12360),#12364);
#12360 = LINE('',#12361,#12362);
#12361 = CARTESIAN_POINT('',(-5.477071158247,-8.15));
#12362 = VECTOR('',#12363,1.);
#12363 = DIRECTION('',(-1.,0.));
#12364 = ( GEOMETRIC_REPRESENTATION_CONTEXT(2) 
PARAMETRIC_REPRESENTATION_CONTEXT() REPRESENTATION_CONTEXT('2D SPACE',''
  ) );
#12365 = ORIENTED_EDGE('',*,*,#9717,.T.);
#12366 = ADVANCED_FACE('',(#12367),#9825,.T.);
#12367 = FACE_BOUND('',#12368,.F.);
#12368 = EDGE_LOOP('',(#12369,#12370));
#12369 = ORIENTED_EDGE('',*,*,#12344,.T.);
#12370 = ORIENTED_EDGE('',*,*,#9744,.T.);
#12371 = ADVANCED_FACE('',(#12372,#12398),#9977,.F.);
#12372 = FACE_BOUND('',#12373,.F.);
#12373 = EDGE_LOOP('',(#12374));
#12374 = ORIENTED_EDGE('',*,*,#12375,.T.);
#12375 = EDGE_CURVE('',#12376,#12376,#12378,.T.);
#12376 = VERTEX_POINT('',#12377);
#12377 = CARTESIAN_POINT('',(71.,12.,30.85));
#12378 = SURFACE_CURVE('',#12379,(#12384,#12391),.PCURVE_S1.);
#12379 = CIRCLE('',#12380,4.);
#12380 = AXIS2_PLACEMENT_3D('',#12381,#12382,#12383);
#12381 = CARTESIAN_POINT('',(67.,12.,30.85));
#12382 = DIRECTION('',(0.,0.,1.));
#12383 = DIRECTION('',(1.,0.,0.));
#12384 = PCURVE('',#9977,#12385);
#12385 = DEFINITIONAL_REPRESENTATION('',(#12386),#12390);
#12386 = CIRCLE('',#12387,4.);
#12387 = AXIS2_PLACEMENT_2D('',#12388,#12389);
#12388 = CARTESIAN_POINT('',(0.,-1.7763568394E-15));
#12389 = DIRECTION('',(1.,0.));
#12390 = ( GEOMETRIC_REPRESENTATION_CONTEXT(2) 
PARAMETRIC_REPRESENTATION_CONTEXT() REPRESENTATION_CONTEXT('2D SPACE',''
  ) );
#12391 = PCURVE('',#11871,#12392);
#12392 = DEFINITIONAL_REPRESENTATION('',(#12393),#12397);
#12393 = LINE('',#12394,#12395);
#12394 = CARTESIAN_POINT('',(-0.,0.));
#12395 = VECTOR('',#12396,1.);
#12396 = DIRECTION('',(-1.,0.));
#12397 = ( GEOMETRIC_REPRESENTATION_CONTEXT(2) 
PARAMETRIC_REPRESENTATION_CONTEXT() REPRESENTATION_CONTEXT('2D SPACE',''
  ) );
#12398 = FACE_BOUND('',#12399,.F.);
#12399 = EDGE_LOOP('',(#12400));
#12400 = ORIENTED_EDGE('',*,*,#9962,.T.);
#12401 = ADVANCED_FACE('',(#12402),#10046,.T.);
#12402 = FACE_BOUND('',#12403,.T.);
#12403 = EDGE_LOOP('',(#12404,#12425,#12426,#12427));
#12404 = ORIENTED_EDGE('',*,*,#12405,.T.);
#12405 = EDGE_CURVE('',#11317,#10033,#12406,.T.);
#12406 = SURFACE_CURVE('',#12407,(#12411,#12418),.PCURVE_S1.);
#12407 = LINE('',#12408,#12409);
#12408 = CARTESIAN_POINT('',(79.,95.,25.));
#12409 = VECTOR('',#12410,1.);
#12410 = DIRECTION('',(-1.,0.,0.));
#12411 = PCURVE('',#10046,#12412);
#12412 = DEFINITIONAL_REPRESENTATION('',(#12413),#12417);
#12413 = LINE('',#12414,#12415);
#12414 = CARTESIAN_POINT('',(0.,-2.));
#12415 = VECTOR('',#12416,1.);
#12416 = DIRECTION('',(1.,0.));
#12417 = ( GEOMETRIC_REPRESENTATION_CONTEXT(2) 
PARAMETRIC_REPRESENTATION_CONTEXT() REPRESENTATION_CONTEXT('2D SPACE',''
  ) );
#12418 = PCURVE('',#10073,#12419);
#12419 = DEFINITIONAL_REPRESENTATION('',(#12420),#12424);
#12420 = LINE('',#12421,#12422);
#12421 = CARTESIAN_POINT('',(123.55565547557,0.));
#12422 = VECTOR('',#12423,1.);
#12423 = DIRECTION('',(-0.639387972132,-0.768884270286));
#12424 = ( GEOMETRIC_REPRESENTATION_CONTEXT(2) 
PARAMETRIC_REPRESENTATION_CONTEXT() REPRESENTATION_CONTEXT('2D SPACE',''
  ) );
#12425 = ORIENTED_EDGE('',*,*,#10032,.T.);
#12426 = ORIENTED_EDGE('',*,*,#12222,.F.);
#12427 = ORIENTED_EDGE('',*,*,#11339,.F.);
#12428 = ADVANCED_FACE('',(#12429),#10073,.T.);
#12429 = FACE_BOUND('',#12430,.T.);
#12430 = EDGE_LOOP('',(#12431,#12432,#12433,#12434,#12435,#12436,#12457,
    #12476,#12477,#12496,#12497,#12518));
#12431 = ORIENTED_EDGE('',*,*,#10113,.T.);
#12432 = ORIENTED_EDGE('',*,*,#10057,.F.);
#12433 = ORIENTED_EDGE('',*,*,#12405,.F.);
#12434 = ORIENTED_EDGE('',*,*,#11316,.F.);
#12435 = ORIENTED_EDGE('',*,*,#11264,.T.);
#12436 = ORIENTED_EDGE('',*,*,#12437,.F.);
#12437 = EDGE_CURVE('',#12438,#11232,#12440,.T.);
#12438 = VERTEX_POINT('',#12439);
#12439 = CARTESIAN_POINT('',(75.4,2.,25.));
#12440 = SURFACE_CURVE('',#12441,(#12445,#12451),.PCURVE_S1.);
#12441 = LINE('',#12442,#12443);
#12442 = CARTESIAN_POINT('',(75.4,-7.5E-02,25.));
#12443 = VECTOR('',#12444,1.);
#12444 = DIRECTION('',(0.,-1.,0.));
#12445 = PCURVE('',#10073,#12446);
#12446 = DEFINITIONAL_REPRESENTATION('',(#12447),#12450);
#12447 = B_SPLINE_CURVE_WITH_KNOTS('',1,(#12448,#12449),.UNSPECIFIED.,
  .F.,.F.,(2,2),(-2.225,7.5E-02),.PIECEWISE_BEZIER_KNOTS.);
#12448 = CARTESIAN_POINT('',(49.862954279885,56.59918983945));
#12449 = CARTESIAN_POINT('',(48.094520458228,58.069782175354));
#12450 = ( GEOMETRIC_REPRESENTATION_CONTEXT(2) 
PARAMETRIC_REPRESENTATION_CONTEXT() REPRESENTATION_CONTEXT('2D SPACE',''
  ) );
#12451 = PCURVE('',#11248,#12452);
#12452 = DEFINITIONAL_REPRESENTATION('',(#12453),#12456);
#12453 = B_SPLINE_CURVE_WITH_KNOTS('',1,(#12454,#12455),.UNSPECIFIED.,
  .F.,.F.,(2,2),(-2.225,7.5E-02),.PIECEWISE_BEZIER_KNOTS.);
#12454 = CARTESIAN_POINT('',(0.15,-2.3));
#12455 = CARTESIAN_POINT('',(0.15,0.));
#12456 = ( GEOMETRIC_REPRESENTATION_CONTEXT(2) 
PARAMETRIC_REPRESENTATION_CONTEXT() REPRESENTATION_CONTEXT('2D SPACE',''
  ) );
#12457 = ORIENTED_EDGE('',*,*,#12458,.F.);
#12458 = EDGE_CURVE('',#11085,#12438,#12459,.T.);
#12459 = SURFACE_CURVE('',#12460,(#12464,#12470),.PCURVE_S1.);
#12460 = LINE('',#12461,#12462);
#12461 = CARTESIAN_POINT('',(1.,2.,25.));
#12462 = VECTOR('',#12463,1.);
#12463 = DIRECTION('',(-1.,-0.,-0.));
#12464 = PCURVE('',#10073,#12465);
#12465 = DEFINITIONAL_REPRESENTATION('',(#12466),#12469);
#12466 = B_SPLINE_CURVE_WITH_KNOTS('',1,(#12467,#12468),.UNSPECIFIED.,
  .F.,.F.,(2,2),(-76.,-1.),.PIECEWISE_BEZIER_KNOTS.);
#12467 = CARTESIAN_POINT('',(50.770642394754,57.925312867727));
#12468 = CARTESIAN_POINT('',(2.816544484836,0.258992596307));
#12469 = ( GEOMETRIC_REPRESENTATION_CONTEXT(2) 
PARAMETRIC_REPRESENTATION_CONTEXT() REPRESENTATION_CONTEXT('2D SPACE',''
  ) );
#12470 = PCURVE('',#11100,#12471);
#12471 = DEFINITIONAL_REPRESENTATION('',(#12472),#12475);
#12472 = B_SPLINE_CURVE_WITH_KNOTS('',1,(#12473,#12474),.UNSPECIFIED.,
  .F.,.F.,(2,2),(-76.,-1.),.PIECEWISE_BEZIER_KNOTS.);
#12473 = CARTESIAN_POINT('',(75.,-2.));
#12474 = CARTESIAN_POINT('',(0.,-2.));
#12475 = ( GEOMETRIC_REPRESENTATION_CONTEXT(2) 
PARAMETRIC_REPRESENTATION_CONTEXT() REPRESENTATION_CONTEXT('2D SPACE',''
  ) );
#12476 = ORIENTED_EDGE('',*,*,#11111,.F.);
#12477 = ORIENTED_EDGE('',*,*,#12478,.F.);
#12478 = EDGE_CURVE('',#10220,#11112,#12479,.T.);
#12479 = SURFACE_CURVE('',#12480,(#12484,#12490),.PCURVE_S1.);
#12480 = LINE('',#12481,#12482);
#12481 = CARTESIAN_POINT('',(38.5,93.,25.));
#12482 = VECTOR('',#12483,1.);
#12483 = DIRECTION('',(1.,0.,0.));
#12484 = PCURVE('',#10073,#12485);
#12485 = DEFINITIONAL_REPRESENTATION('',(#12486),#12489);
#12486 = B_SPLINE_CURVE_WITH_KNOTS('',1,(#12487,#12488),.UNSPECIFIED.,
  .F.,.F.,(2,2),(-36.5,38.5),.PIECEWISE_BEZIER_KNOTS.);
#12487 = CARTESIAN_POINT('',(72.785013080826,-57.92531286772));
#12488 = CARTESIAN_POINT('',(120.73911099074,-0.258992596307));
#12489 = ( GEOMETRIC_REPRESENTATION_CONTEXT(2) 
PARAMETRIC_REPRESENTATION_CONTEXT() REPRESENTATION_CONTEXT('2D SPACE',''
  ) );
#12490 = PCURVE('',#10235,#12491);
#12491 = DEFINITIONAL_REPRESENTATION('',(#12492),#12495);
#12492 = B_SPLINE_CURVE_WITH_KNOTS('',1,(#12493,#12494),.UNSPECIFIED.,
  .F.,.F.,(2,2),(-36.5,38.5),.PIECEWISE_BEZIER_KNOTS.);
#12493 = CARTESIAN_POINT('',(75.,-2.));
#12494 = CARTESIAN_POINT('',(0.,-2.));
#12495 = ( GEOMETRIC_REPRESENTATION_CONTEXT(2) 
PARAMETRIC_REPRESENTATION_CONTEXT() REPRESENTATION_CONTEXT('2D SPACE',''
  ) );
#12496 = ORIENTED_EDGE('',*,*,#10246,.F.);
#12497 = ORIENTED_EDGE('',*,*,#12498,.F.);
#12498 = EDGE_CURVE('',#12499,#10247,#12501,.T.);
#12499 = VERTEX_POINT('',#12500);
#12500 = CARTESIAN_POINT('',(3.6,2.,25.));
#12501 = SURFACE_CURVE('',#12502,(#12506,#12512),.PCURVE_S1.);
#12502 = LINE('',#12503,#12504);
#12503 = CARTESIAN_POINT('',(1.,2.,25.));
#12504 = VECTOR('',#12505,1.);
#12505 = DIRECTION('',(-1.,-0.,-0.));
#12506 = PCURVE('',#10073,#12507);
#12507 = DEFINITIONAL_REPRESENTATION('',(#12508),#12511);
#12508 = B_SPLINE_CURVE_WITH_KNOTS('',1,(#12509,#12510),.UNSPECIFIED.,
  .F.,.F.,(2,2),(-76.,-1.),.PIECEWISE_BEZIER_KNOTS.);
#12509 = CARTESIAN_POINT('',(50.770642394754,57.925312867727));
#12510 = CARTESIAN_POINT('',(2.816544484836,0.258992596307));
#12511 = ( GEOMETRIC_REPRESENTATION_CONTEXT(2) 
PARAMETRIC_REPRESENTATION_CONTEXT() REPRESENTATION_CONTEXT('2D SPACE',''
  ) );
#12512 = PCURVE('',#10182,#12513);
#12513 = DEFINITIONAL_REPRESENTATION('',(#12514),#12517);
#12514 = B_SPLINE_CURVE_WITH_KNOTS('',1,(#12515,#12516),.UNSPECIFIED.,
  .F.,.F.,(2,2),(-76.,-1.),.PIECEWISE_BEZIER_KNOTS.);
#12515 = CARTESIAN_POINT('',(75.,-2.));
#12516 = CARTESIAN_POINT('',(0.,-2.));
#12517 = ( GEOMETRIC_REPRESENTATION_CONTEXT(2) 
PARAMETRIC_REPRESENTATION_CONTEXT() REPRESENTATION_CONTEXT('2D SPACE',''
  ) );
#12518 = ORIENTED_EDGE('',*,*,#12519,.T.);
#12519 = EDGE_CURVE('',#12499,#10114,#12520,.T.);
#12520 = SURFACE_CURVE('',#12521,(#12525,#12531),.PCURVE_S1.);
#12521 = LINE('',#12522,#12523);
#12522 = CARTESIAN_POINT('',(3.6,-7.5E-02,25.));
#12523 = VECTOR('',#12524,1.);
#12524 = DIRECTION('',(0.,-1.,0.));
#12525 = PCURVE('',#10073,#12526);
#12526 = DEFINITIONAL_REPRESENTATION('',(#12527),#12530);
#12527 = B_SPLINE_CURVE_WITH_KNOTS('',1,(#12528,#12529),.UNSPECIFIED.,
  .F.,.F.,(2,2),(-2.225,7.5E-02),.PIECEWISE_BEZIER_KNOTS.);
#12528 = CARTESIAN_POINT('',(3.95489788079,1.393299232944));
#12529 = CARTESIAN_POINT('',(2.186464059133,2.863891568848));
#12530 = ( GEOMETRIC_REPRESENTATION_CONTEXT(2) 
PARAMETRIC_REPRESENTATION_CONTEXT() REPRESENTATION_CONTEXT('2D SPACE',''
  ) );
#12531 = PCURVE('',#10151,#12532);
#12532 = DEFINITIONAL_REPRESENTATION('',(#12533),#12536);
#12533 = B_SPLINE_CURVE_WITH_KNOTS('',1,(#12534,#12535),.UNSPECIFIED.,
  .F.,.F.,(2,2),(-2.225,7.5E-02),.PIECEWISE_BEZIER_KNOTS.);
#12534 = CARTESIAN_POINT('',(0.15,-2.3));
#12535 = CARTESIAN_POINT('',(0.15,0.));
#12536 = ( GEOMETRIC_REPRESENTATION_CONTEXT(2) 
PARAMETRIC_REPRESENTATION_CONTEXT() REPRESENTATION_CONTEXT('2D SPACE',''
  ) );
#12537 = ADVANCED_FACE('',(#12538),#10151,.T.);
#12538 = FACE_BOUND('',#12539,.T.);
#12539 = EDGE_LOOP('',(#12540,#12559,#12560));
#12540 = ORIENTED_EDGE('',*,*,#12541,.T.);
#12541 = EDGE_CURVE('',#12499,#10135,#12542,.T.);
#12542 = SURFACE_CURVE('',#12543,(#12547,#12553),.PCURVE_S1.);
#12543 = LINE('',#12544,#12545);
#12544 = CARTESIAN_POINT('',(3.6,2.,25.925));
#12545 = VECTOR('',#12546,1.);
#12546 = DIRECTION('',(-0.,0.,1.));
#12547 = PCURVE('',#10151,#12548);
#12548 = DEFINITIONAL_REPRESENTATION('',(#12549),#12552);
#12549 = B_SPLINE_CURVE_WITH_KNOTS('',1,(#12550,#12551),.UNSPECIFIED.,
  .F.,.F.,(2,2),(-0.925,1.075),.PIECEWISE_BEZIER_KNOTS.);
#12550 = CARTESIAN_POINT('',(0.15,-2.15));
#12551 = CARTESIAN_POINT('',(2.15,-2.15));
#12552 = ( GEOMETRIC_REPRESENTATION_CONTEXT(2) 
PARAMETRIC_REPRESENTATION_CONTEXT() REPRESENTATION_CONTEXT('2D SPACE',''
  ) );
#12553 = PCURVE('',#10182,#12554);
#12554 = DEFINITIONAL_REPRESENTATION('',(#12555),#12558);
#12555 = B_SPLINE_CURVE_WITH_KNOTS('',1,(#12556,#12557),.UNSPECIFIED.,
  .F.,.F.,(2,2),(-0.925,1.075),.PIECEWISE_BEZIER_KNOTS.);
#12556 = CARTESIAN_POINT('',(1.6,-2.));
#12557 = CARTESIAN_POINT('',(1.6,0.));
#12558 = ( GEOMETRIC_REPRESENTATION_CONTEXT(2) 
PARAMETRIC_REPRESENTATION_CONTEXT() REPRESENTATION_CONTEXT('2D SPACE',''
  ) );
#12559 = ORIENTED_EDGE('',*,*,#10134,.T.);
#12560 = ORIENTED_EDGE('',*,*,#12519,.F.);
#12561 = ADVANCED_FACE('',(#12562),#10182,.F.);
#12562 = FACE_BOUND('',#12563,.F.);
#12563 = EDGE_LOOP('',(#12564,#12565,#12566,#12567));
#12564 = ORIENTED_EDGE('',*,*,#10267,.F.);
#12565 = ORIENTED_EDGE('',*,*,#12498,.F.);
#12566 = ORIENTED_EDGE('',*,*,#12541,.T.);
#12567 = ORIENTED_EDGE('',*,*,#10167,.T.);
#12568 = ADVANCED_FACE('',(#12569),#10235,.F.);
#12569 = FACE_BOUND('',#12570,.F.);
#12570 = EDGE_LOOP('',(#12571,#12572,#12573,#12574,#12602,#12630,#12653,
    #12681));
#12571 = ORIENTED_EDGE('',*,*,#11132,.F.);
#12572 = ORIENTED_EDGE('',*,*,#12478,.F.);
#12573 = ORIENTED_EDGE('',*,*,#10219,.T.);
#12574 = ORIENTED_EDGE('',*,*,#12575,.F.);
#12575 = EDGE_CURVE('',#12576,#10222,#12578,.T.);
#12576 = VERTEX_POINT('',#12577);
#12577 = CARTESIAN_POINT('',(23.,93.,27.));
#12578 = SURFACE_CURVE('',#12579,(#12583,#12590),.PCURVE_S1.);
#12579 = LINE('',#12580,#12581);
#12580 = CARTESIAN_POINT('',(77.,93.,27.));
#12581 = VECTOR('',#12582,1.);
#12582 = DIRECTION('',(-1.,0.,0.));
#12583 = PCURVE('',#10235,#12584);
#12584 = DEFINITIONAL_REPRESENTATION('',(#12585),#12589);
#12585 = LINE('',#12586,#12587);
#12586 = CARTESIAN_POINT('',(0.,0.));
#12587 = VECTOR('',#12588,1.);
#12588 = DIRECTION('',(1.,0.));
#12589 = ( GEOMETRIC_REPRESENTATION_CONTEXT(2) 
PARAMETRIC_REPRESENTATION_CONTEXT() REPRESENTATION_CONTEXT('2D SPACE',''
  ) );
#12590 = PCURVE('',#12591,#12596);
#12591 = B_SPLINE_SURFACE_WITH_KNOTS('',1,1,(
    (#12592,#12593)
    ,(#12594,#12595
    )),.UNSPECIFIED.,.F.,.F.,.F.,(2,2),(2,2),(0.,75.),(0.,1.),
  .PIECEWISE_BEZIER_KNOTS.);
#12592 = CARTESIAN_POINT('',(77.,93.,27.));
#12593 = CARTESIAN_POINT('',(68.538461538462,91.307692307692,38.));
#12594 = CARTESIAN_POINT('',(2.,93.,27.));
#12595 = CARTESIAN_POINT('',(10.461538461538,91.307692307692,38.));
#12596 = DEFINITIONAL_REPRESENTATION('',(#12597),#12601);
#12597 = LINE('',#12598,#12599);
#12598 = CARTESIAN_POINT('',(0.,0.));
#12599 = VECTOR('',#12600,1.);
#12600 = DIRECTION('',(1.,0.));
#12601 = ( GEOMETRIC_REPRESENTATION_CONTEXT(2) 
PARAMETRIC_REPRESENTATION_CONTEXT() REPRESENTATION_CONTEXT('2D SPACE',''
  ) );
#12602 = ORIENTED_EDGE('',*,*,#12603,.F.);
#12603 = EDGE_CURVE('',#12604,#12576,#12606,.T.);
#12604 = VERTEX_POINT('',#12605);
#12605 = CARTESIAN_POINT('',(31.,93.,27.));
#12606 = SURFACE_CURVE('',#12607,(#12611,#12618),.PCURVE_S1.);
#12607 = LINE('',#12608,#12609);
#12608 = CARTESIAN_POINT('',(77.,93.,27.));
#12609 = VECTOR('',#12610,1.);
#12610 = DIRECTION('',(-1.,0.,0.));
#12611 = PCURVE('',#10235,#12612);
#12612 = DEFINITIONAL_REPRESENTATION('',(#12613),#12617);
#12613 = LINE('',#12614,#12615);
#12614 = CARTESIAN_POINT('',(0.,0.));
#12615 = VECTOR('',#12616,1.);
#12616 = DIRECTION('',(1.,0.));
#12617 = ( GEOMETRIC_REPRESENTATION_CONTEXT(2) 
PARAMETRIC_REPRESENTATION_CONTEXT() REPRESENTATION_CONTEXT('2D SPACE',''
  ) );
#12618 = PCURVE('',#12619,#12624);
#12619 = PLANE('',#12620);
#12620 = AXIS2_PLACEMENT_3D('',#12621,#12622,#12623);
#12621 = CARTESIAN_POINT('',(23.,90.,27.));
#12622 = DIRECTION('',(0.,0.,1.));
#12623 = DIRECTION('',(1.,0.,0.));
#12624 = DEFINITIONAL_REPRESENTATION('',(#12625),#12629);
#12625 = LINE('',#12626,#12627);
#12626 = CARTESIAN_POINT('',(54.,3.));
#12627 = VECTOR('',#12628,1.);
#12628 = DIRECTION('',(-1.,0.));
#12629 = ( GEOMETRIC_REPRESENTATION_CONTEXT(2) 
PARAMETRIC_REPRESENTATION_CONTEXT() REPRESENTATION_CONTEXT('2D SPACE',''
  ) );
#12630 = ORIENTED_EDGE('',*,*,#12631,.F.);
#12631 = EDGE_CURVE('',#12632,#12604,#12634,.T.);
#12632 = VERTEX_POINT('',#12633);
#12633 = CARTESIAN_POINT('',(48.,93.,27.));
#12634 = SURFACE_CURVE('',#12635,(#12639,#12646),.PCURVE_S1.);
#12635 = LINE('',#12636,#12637);
#12636 = CARTESIAN_POINT('',(77.,93.,27.));
#12637 = VECTOR('',#12638,1.);
#12638 = DIRECTION('',(-1.,0.,0.));
#12639 = PCURVE('',#10235,#12640);
#12640 = DEFINITIONAL_REPRESENTATION('',(#12641),#12645);
#12641 = LINE('',#12642,#12643);
#12642 = CARTESIAN_POINT('',(0.,0.));
#12643 = VECTOR('',#12644,1.);
#12644 = DIRECTION('',(1.,0.));
#12645 = ( GEOMETRIC_REPRESENTATION_CONTEXT(2) 
PARAMETRIC_REPRESENTATION_CONTEXT() REPRESENTATION_CONTEXT('2D SPACE',''
  ) );
#12646 = PCURVE('',#12591,#12647);
#12647 = DEFINITIONAL_REPRESENTATION('',(#12648),#12652);
#12648 = LINE('',#12649,#12650);
#12649 = CARTESIAN_POINT('',(0.,0.));
#12650 = VECTOR('',#12651,1.);
#12651 = DIRECTION('',(1.,0.));
#12652 = ( GEOMETRIC_REPRESENTATION_CONTEXT(2) 
PARAMETRIC_REPRESENTATION_CONTEXT() REPRESENTATION_CONTEXT('2D SPACE',''
  ) );
#12653 = ORIENTED_EDGE('',*,*,#12654,.F.);
#12654 = EDGE_CURVE('',#12655,#12632,#12657,.T.);
#12655 = VERTEX_POINT('',#12656);
#12656 = CARTESIAN_POINT('',(56.,93.,27.));
#12657 = SURFACE_CURVE('',#12658,(#12662,#12669),.PCURVE_S1.);
#12658 = LINE('',#12659,#12660);
#12659 = CARTESIAN_POINT('',(77.,93.,27.));
#12660 = VECTOR('',#12661,1.);
#12661 = DIRECTION('',(-1.,0.,0.));
#12662 = PCURVE('',#10235,#12663);
#12663 = DEFINITIONAL_REPRESENTATION('',(#12664),#12668);
#12664 = LINE('',#12665,#12666);
#12665 = CARTESIAN_POINT('',(0.,0.));
#12666 = VECTOR('',#12667,1.);
#12667 = DIRECTION('',(1.,0.));
#12668 = ( GEOMETRIC_REPRESENTATION_CONTEXT(2) 
PARAMETRIC_REPRESENTATION_CONTEXT() REPRESENTATION_CONTEXT('2D SPACE',''
  ) );
#12669 = PCURVE('',#12670,#12675);
#12670 = PLANE('',#12671);
#12671 = AXIS2_PLACEMENT_3D('',#12672,#12673,#12674);
#12672 = CARTESIAN_POINT('',(48.,90.,27.));
#12673 = DIRECTION('',(0.,0.,1.));
#12674 = DIRECTION('',(1.,0.,0.));
#12675 = DEFINITIONAL_REPRESENTATION('',(#12676),#12680);
#12676 = LINE('',#12677,#12678);
#12677 = CARTESIAN_POINT('',(29.,3.));
#12678 = VECTOR('',#12679,1.);
#12679 = DIRECTION('',(-1.,0.));
#12680 = ( GEOMETRIC_REPRESENTATION_CONTEXT(2) 
PARAMETRIC_REPRESENTATION_CONTEXT() REPRESENTATION_CONTEXT('2D SPACE',''
  ) );
#12681 = ORIENTED_EDGE('',*,*,#12682,.F.);
#12682 = EDGE_CURVE('',#11133,#12655,#12683,.T.);
#12683 = SURFACE_CURVE('',#12684,(#12688,#12695),.PCURVE_S1.);
#12684 = LINE('',#12685,#12686);
#12685 = CARTESIAN_POINT('',(77.,93.,27.));
#12686 = VECTOR('',#12687,1.);
#12687 = DIRECTION('',(-1.,0.,0.));
#12688 = PCURVE('',#10235,#12689);
#12689 = DEFINITIONAL_REPRESENTATION('',(#12690),#12694);
#12690 = LINE('',#12691,#12692);
#12691 = CARTESIAN_POINT('',(0.,0.));
#12692 = VECTOR('',#12693,1.);
#12693 = DIRECTION('',(1.,0.));
#12694 = ( GEOMETRIC_REPRESENTATION_CONTEXT(2) 
PARAMETRIC_REPRESENTATION_CONTEXT() REPRESENTATION_CONTEXT('2D SPACE',''
  ) );
#12695 = PCURVE('',#12591,#12696);
#12696 = DEFINITIONAL_REPRESENTATION('',(#12697),#12701);
#12697 = LINE('',#12698,#12699);
#12698 = CARTESIAN_POINT('',(0.,0.));
#12699 = VECTOR('',#12700,1.);
#12700 = DIRECTION('',(1.,0.));
#12701 = ( GEOMETRIC_REPRESENTATION_CONTEXT(2) 
PARAMETRIC_REPRESENTATION_CONTEXT() REPRESENTATION_CONTEXT('2D SPACE',''
  ) );
#12702 = ADVANCED_FACE('',(#12703),#10321,.F.);
#12703 = FACE_BOUND('',#12704,.F.);
#12704 = EDGE_LOOP('',(#12705,#12727,#12728,#12729,#12917,#12939,#13090)
  );
#12705 = ORIENTED_EDGE('',*,*,#12706,.F.);
#12706 = EDGE_CURVE('',#10222,#12707,#12709,.T.);
#12707 = VERTEX_POINT('',#12708);
#12708 = CARTESIAN_POINT('',(10.461538461538,91.307692307692,38.));
#12709 = SURFACE_CURVE('',#12710,(#12713,#12720),.PCURVE_S1.);
#12710 = B_SPLINE_CURVE_WITH_KNOTS('',1,(#12711,#12712),.UNSPECIFIED.,
  .F.,.F.,(2,2),(0.,1.),.PIECEWISE_BEZIER_KNOTS.);
#12711 = CARTESIAN_POINT('',(2.,93.,27.));
#12712 = CARTESIAN_POINT('',(10.461538461538,91.307692307692,38.));
#12713 = PCURVE('',#10321,#12714);
#12714 = DEFINITIONAL_REPRESENTATION('',(#12715),#12719);
#12715 = LINE('',#12716,#12717);
#12716 = CARTESIAN_POINT('',(0.,0.));
#12717 = VECTOR('',#12718,1.);
#12718 = DIRECTION('',(0.,1.));
#12719 = ( GEOMETRIC_REPRESENTATION_CONTEXT(2) 
PARAMETRIC_REPRESENTATION_CONTEXT() REPRESENTATION_CONTEXT('2D SPACE',''
  ) );
#12720 = PCURVE('',#12591,#12721);
#12721 = DEFINITIONAL_REPRESENTATION('',(#12722),#12726);
#12722 = LINE('',#12723,#12724);
#12723 = CARTESIAN_POINT('',(75.,0.));
#12724 = VECTOR('',#12725,1.);
#12725 = DIRECTION('',(0.,1.));
#12726 = ( GEOMETRIC_REPRESENTATION_CONTEXT(2) 
PARAMETRIC_REPRESENTATION_CONTEXT() REPRESENTATION_CONTEXT('2D SPACE',''
  ) );
#12727 = ORIENTED_EDGE('',*,*,#10307,.T.);
#12728 = ORIENTED_EDGE('',*,*,#11666,.T.);
#12729 = ORIENTED_EDGE('',*,*,#12730,.T.);
#12730 = EDGE_CURVE('',#11667,#12731,#12733,.T.);
#12731 = VERTEX_POINT('',#12732);
#12732 = CARTESIAN_POINT('',(10.461538461538,15.692307692308,38.));
#12733 = SURFACE_CURVE('',#12734,(#12793,#12855),.PCURVE_S1.);
#12734 = B_SPLINE_CURVE_WITH_KNOTS('',8,(#12735,#12736,#12737,#12738,
    #12739,#12740,#12741,#12742,#12743,#12744,#12745,#12746,#12747,
    #12748,#12749,#12750,#12751,#12752,#12753,#12754,#12755,#12756,
    #12757,#12758,#12759,#12760,#12761,#12762,#12763,#12764,#12765,
    #12766,#12767,#12768,#12769,#12770,#12771,#12772,#12773,#12774,
    #12775,#12776,#12777,#12778,#12779,#12780,#12781,#12782,#12783,
    #12784,#12785,#12786,#12787,#12788,#12789,#12790,#12791,#12792),
  .UNSPECIFIED.,.F.,.F.,(9,7,7,7,7,7,7,7,9),(0.,0.267166141956,
    0.380606615063,0.464600413755,0.543143601038,0.584525788132,
    0.664728801385,0.833176746021,1.),.UNSPECIFIED.);
#12735 = CARTESIAN_POINT('',(8.381271056384,10.2956523733,35.2956523733)
  );
#12736 = CARTESIAN_POINT('',(8.30849076445,10.450181968567,
    35.201037993785));
#12737 = CARTESIAN_POINT('',(8.241036549508,10.612967736598,
    35.11334751436));
#12738 = CARTESIAN_POINT('',(8.179476654396,10.784884894889,
    35.033319650715));
#12739 = CARTESIAN_POINT('',(8.124742371439,10.966721178905,
    34.962165082871));
#12740 = CARTESIAN_POINT('',(8.078096568227,11.159125627157,
    34.901525538695));
#12741 = CARTESIAN_POINT('',(8.041168959783,11.362622513192,
    34.853519647718));
#12742 = CARTESIAN_POINT('',(8.015898573065,11.577540254304,
    34.820668144985));
#12743 = CARTESIAN_POINT('',(8.000074552384,11.900561838638,
    34.800096918099));
#12744 = CARTESIAN_POINT('',(7.997916647212,11.998866778074,
    34.797291641376));
#12745 = CARTESIAN_POINT('',(7.99850276578,12.09916402555,
    34.798053595514));
#12746 = CARTESIAN_POINT('',(8.002027986739,12.201365543121,
    34.80263638276));
#12747 = CARTESIAN_POINT('',(8.008689255362,12.305326392975,
    34.811296031971));
#12748 = CARTESIAN_POINT('',(8.018672510523,12.410838465928,
    34.82427426368));
#12749 = CARTESIAN_POINT('',(8.032134599053,12.517622278622,
    34.841774978769));
#12750 = CARTESIAN_POINT('',(8.061800747174,12.705056239448,
    34.880340971327));
#12751 = CARTESIAN_POINT('',(8.076387040972,12.785301481479,
    34.899303153263));
#12752 = CARTESIAN_POINT('',(8.092978113886,12.865885719457,
    34.920871548051));
#12753 = CARTESIAN_POINT('',(8.111597058999,12.946631070381,
    34.945076176699));
#12754 = CARTESIAN_POINT('',(8.132247535927,13.027349009449,
    34.971921796706));
#12755 = CARTESIAN_POINT('',(8.154910499276,13.107840765171,
    35.001383649059));
#12756 = CARTESIAN_POINT('',(8.179540927096,13.18789771449,
    35.033403205225));
#12757 = CARTESIAN_POINT('',(8.230866973596,13.341553071686,
    35.100127065675));
#12758 = CARTESIAN_POINT('',(8.257330139506,13.415249281231,
    35.134529181358));
#12759 = CARTESIAN_POINT('',(8.285394489939,13.488212948289,
    35.171012836921));
#12760 = CARTESIAN_POINT('',(8.314987383191,13.560286561773,
    35.209483598148));
#12761 = CARTESIAN_POINT('',(8.346025168302,13.631331175047,
    35.249832718792));
#12762 = CARTESIAN_POINT('',(8.37841526037,13.701225023216,
    35.291939838481));
#12763 = CARTESIAN_POINT('',(8.412058215862,13.769862140409,
    35.33567568062));
#12764 = CARTESIAN_POINT('',(8.465180515168,13.872603564679,
    35.404734669719));
#12765 = CARTESIAN_POINT('',(8.483831276946,13.907684233499,
    35.42898066003));
#12766 = CARTESIAN_POINT('',(8.502787640755,13.942380992162,
    35.453623932982));
#12767 = CARTESIAN_POINT('',(8.522035222866,13.976683606277,
    35.478645789726));
#12768 = CARTESIAN_POINT('',(8.541559794064,14.010583475171,
    35.504027732283));
#12769 = CARTESIAN_POINT('',(8.561347365398,14.04407350864,
    35.529751575017));
#12770 = CARTESIAN_POINT('',(8.581384273924,14.077148003694,
    35.555799556101));
#12771 = CARTESIAN_POINT('',(8.64094845538,14.173090396913,
    35.633232991994));
#12772 = CARTESIAN_POINT('',(8.681125144483,14.234798444901,
    35.685462687828));
#12773 = CARTESIAN_POINT('',(8.722092575659,14.294898358705,
    35.738720348357));
#12774 = CARTESIAN_POINT('',(8.76376157132,14.35337752394,
    35.792890042717));
#12775 = CARTESIAN_POINT('',(8.806049430218,14.410236830279,
    35.847864259284));
#12776 = CARTESIAN_POINT('',(8.848880821267,14.465488483335,
    35.903545067647));
#12777 = CARTESIAN_POINT('',(8.892188677372,14.519153816532,
    35.959845280584));
#12778 = CARTESIAN_POINT('',(9.027752339621,14.680700448828,
    36.136078041508));
#12779 = CARTESIAN_POINT('',(9.121389093455,14.783212174753,
    36.257805821492));
#12780 = CARTESIAN_POINT('',(9.216335760039,14.879134513585,
    36.381236488051));
#12781 = CARTESIAN_POINT('',(9.312182156913,14.968810449356,
    36.505836803987));
#12782 = CARTESIAN_POINT('',(9.408596939591,15.052587673154,
    36.631176021468));
#12783 = CARTESIAN_POINT('',(9.505327423344,15.130815722507,
    36.756925650347));
#12784 = CARTESIAN_POINT('',(9.602199797047,15.203840304289,
    36.882859736161));
#12785 = CARTESIAN_POINT('',(9.795104862491,15.339491943797,
    37.133636321238));
#12786 = CARTESIAN_POINT('',(9.891092378241,15.402181593194,
    37.258420091713));
#12787 = CARTESIAN_POINT('',(9.986959996989,15.460373540118,
    37.383047996086));
#12788 = CARTESIAN_POINT('',(10.082604109414,15.51433498039,
    37.507385342238));
#12789 = CARTESIAN_POINT('',(10.17794006046,15.564303051654,
    37.631322078598));
#12790 = CARTESIAN_POINT('',(10.272902283002,15.610492972469,
    37.754772967902));
#12791 = CARTESIAN_POINT('',(10.36744428091,15.653101783712,
    37.877677565182));
#12792 = CARTESIAN_POINT('',(10.461538461538,15.692307692308,38.));
#12793 = PCURVE('',#10321,#12794);
#12794 = DEFINITIONAL_REPRESENTATION('',(#12795),#12854);
#12795 = B_SPLINE_CURVE_WITH_KNOTS('',8,(#12796,#12797,#12798,#12799,
    #12800,#12801,#12802,#12803,#12804,#12805,#12806,#12807,#12808,
    #12809,#12810,#12811,#12812,#12813,#12814,#12815,#12816,#12817,
    #12818,#12819,#12820,#12821,#12822,#12823,#12824,#12825,#12826,
    #12827,#12828,#12829,#12830,#12831,#12832,#12833,#12834,#12835,
    #12836,#12837,#12838,#12839,#12840,#12841,#12842,#12843,#12844,
    #12845,#12846,#12847,#12848,#12849,#12850,#12851,#12852,#12853),
  .UNSPECIFIED.,.F.,.F.,(9,7,7,7,7,7,7,7,9),(0.,0.267166141956,
    0.380606615063,0.464600413755,0.543143601038,0.584525788132,
    0.664728801385,0.833176746021,1.),.UNSPECIFIED.);
#12796 = CARTESIAN_POINT('',(91.,0.754150215755));
#12797 = CARTESIAN_POINT('',(90.72156904633,0.745548908526));
#12798 = CARTESIAN_POINT('',(90.442502439066,0.73757704676));
#12799 = CARTESIAN_POINT('',(90.162541849731,0.730301786429));
#12800 = CARTESIAN_POINT('',(89.882036614618,0.723833189352));
#12801 = CARTESIAN_POINT('',(89.601929255674,0.718320503518));
#12802 = CARTESIAN_POINT('',(89.323765436344,0.713956331611));
#12803 = CARTESIAN_POINT('',(89.04967895913,0.710969831362));
#12804 = CARTESIAN_POINT('',(88.668983278375,0.709099719827));
#12805 = CARTESIAN_POINT('',(88.556875687631,0.708844694671));
#12806 = CARTESIAN_POINT('',(88.44640536538,0.708913963229));
#12807 = CARTESIAN_POINT('',(88.337919975027,0.709330580251));
#12808 = CARTESIAN_POINT('',(88.231831220013,0.710117821088));
#12809 = CARTESIAN_POINT('',(88.128604710336,0.711297660335));
#12810 = CARTESIAN_POINT('',(88.028745478999,0.712888634434));
#12811 = CARTESIAN_POINT('',(87.861723585658,0.716394633757));
#12812 = CARTESIAN_POINT('',(87.792796448487,0.718118468478));
#12813 = CARTESIAN_POINT('',(87.726229218864,0.720079231641));
#12814 = CARTESIAN_POINT('',(87.662244176225,0.722279652427));
#12815 = CARTESIAN_POINT('',(87.60104980297,0.724720163337));
#12816 = CARTESIAN_POINT('',(87.542836189982,0.727398513551));
#12817 = CARTESIAN_POINT('',(87.487770442132,0.730309382293));
#12818 = CARTESIAN_POINT('',(87.387573779594,0.736375187789));
#12819 = CARTESIAN_POINT('',(87.342019740777,0.739502652851));
#12820 = CARTESIAN_POINT('',(87.299444541314,0.742819348811));
#12821 = CARTESIAN_POINT('',(87.259924222591,0.746316690741));
#12822 = CARTESIAN_POINT('',(87.223500488307,0.749984792617));
#12823 = CARTESIAN_POINT('',(87.190184899365,0.753812712589));
#12824 = CARTESIAN_POINT('',(87.159963068761,0.757788698238));
#12825 = CARTESIAN_POINT('',(87.11848680023,0.764066788156));
#12826 = CARTESIAN_POINT('',(87.105022539561,0.766270969094));
#12827 = CARTESIAN_POINT('',(87.092400309575,0.768511266635));
#12828 = CARTESIAN_POINT('',(87.080612541329,0.770785980884));
#12829 = CARTESIAN_POINT('',(87.069650106087,0.773093430208));
#12830 = CARTESIAN_POINT('',(87.059502559566,0.775431961365));
#12831 = CARTESIAN_POINT('',(87.05015838619,0.777799959646));
#12832 = CARTESIAN_POINT('',(87.025028356563,0.784839362909));
#12833 = CARTESIAN_POINT('',(87.011423531985,0.789587517075));
#12834 = CARTESIAN_POINT('',(87.000698852429,0.794429122578));
#12835 = CARTESIAN_POINT('',(86.992752728916,0.799353640247));
#12836 = CARTESIAN_POINT('',(86.987477432623,0.804351296299));
#12837 = CARTESIAN_POINT('',(86.984762626861,0.809413187968));
#12838 = CARTESIAN_POINT('',(86.984498899036,0.814531389144));
#12839 = CARTESIAN_POINT('',(86.990954880421,0.830552549228));
#12840 = CARTESIAN_POINT('',(87.005674341,0.841618711045));
#12841 = CARTESIAN_POINT('',(87.029747115403,0.852839680732));
#12842 = CARTESIAN_POINT('',(87.062278469138,0.864166982181));
#12843 = CARTESIAN_POINT('',(87.102469337864,0.875561456497));
#12844 = CARTESIAN_POINT('',(87.149619448113,0.886993240941));
#12845 = CARTESIAN_POINT('',(87.203135713023,0.898441794196));
#12846 = CARTESIAN_POINT('',(87.321383078304,0.921239665567));
#12847 = CARTESIAN_POINT('',(87.385973631727,0.932583644701));
#12848 = CARTESIAN_POINT('',(87.455830998776,0.94391345419));
#12849 = CARTESIAN_POINT('',(87.530537420028,0.955216849294));
#12850 = CARTESIAN_POINT('',(87.609730977601,0.966483825327));
#12851 = CARTESIAN_POINT('',(87.693097475456,0.977706633446));
#12852 = CARTESIAN_POINT('',(87.780367163641,0.988879778653));
#12853 = CARTESIAN_POINT('',(87.871316306483,1.));
#12854 = ( GEOMETRIC_REPRESENTATION_CONTEXT(2) 
PARAMETRIC_REPRESENTATION_CONTEXT() REPRESENTATION_CONTEXT('2D SPACE',''
  ) );
#12855 = PCURVE('',#11994,#12856);
#12856 = DEFINITIONAL_REPRESENTATION('',(#12857),#12916);
#12857 = B_SPLINE_CURVE_WITH_KNOTS('',8,(#12858,#12859,#12860,#12861,
    #12862,#12863,#12864,#12865,#12866,#12867,#12868,#12869,#12870,
    #12871,#12872,#12873,#12874,#12875,#12876,#12877,#12878,#12879,
    #12880,#12881,#12882,#12883,#12884,#12885,#12886,#12887,#12888,
    #12889,#12890,#12891,#12892,#12893,#12894,#12895,#12896,#12897,
    #12898,#12899,#12900,#12901,#12902,#12903,#12904,#12905,#12906,
    #12907,#12908,#12909,#12910,#12911,#12912,#12913,#12914,#12915),
  .UNSPECIFIED.,.F.,.F.,(9,7,7,7,7,7,7,7,9),(0.,0.267166141956,
    0.380606615063,0.464600413755,0.543143601038,0.584525788132,
    0.664728801385,0.833176746021,1.),.UNSPECIFIED.);
#12858 = CARTESIAN_POINT('',(-3.581755623465,-4.4456523733));
#12859 = CARTESIAN_POINT('',(-3.539052896161,-4.351037993785));
#12860 = CARTESIAN_POINT('',(-3.495050182353,-4.263347514359));
#12861 = CARTESIAN_POINT('',(-3.449491613217,-4.183319650716));
#12862 = CARTESIAN_POINT('',(-3.402148435802,-4.11216508287));
#12863 = CARTESIAN_POINT('',(-3.352812723313,-4.051525538696));
#12864 = CARTESIAN_POINT('',(-3.301269331213,-4.003519647717));
#12865 = CARTESIAN_POINT('',(-3.247295110132,-3.970668144985));
#12866 = CARTESIAN_POINT('',(-3.166442874705,-3.950096918099));
#12867 = CARTESIAN_POINT('',(-3.141869698987,-3.947291641376));
#12868 = CARTESIAN_POINT('',(-3.11681121972,-3.948053595514));
#12869 = CARTESIAN_POINT('',(-3.09126707906,-3.95263638276));
#12870 = CARTESIAN_POINT('',(-3.065246989794,-3.961296031971));
#12871 = CARTESIAN_POINT('',(-3.038772214415,-3.97427426368));
#12872 = CARTESIAN_POINT('',(-3.011878374046,-3.991774978769));
#12873 = CARTESIAN_POINT('',(-2.964436587339,-4.030340971327));
#12874 = CARTESIAN_POINT('',(-2.944051827541,-4.049303153263));
#12875 = CARTESIAN_POINT('',(-2.923492558977,-4.070871548051));
#12876 = CARTESIAN_POINT('',(-2.902788140648,-4.095076176699));
#12877 = CARTESIAN_POINT('',(-2.881970612621,-4.121921796706));
#12878 = CARTESIAN_POINT('',(-2.861075269244,-4.151383649059));
#12879 = CARTESIAN_POINT('',(-2.840141232369,-4.183403205225));
#12880 = CARTESIAN_POINT('',(-2.799640976318,-4.250127065675));
#12881 = CARTESIAN_POINT('',(-2.780070032119,-4.284529181358));
#12882 = CARTESIAN_POINT('',(-2.760534491158,-4.321012836921));
#12883 = CARTESIAN_POINT('',(-2.741066092691,-4.359483598148));
#12884 = CARTESIAN_POINT('',(-2.721693468552,-4.399832718792));
#12885 = CARTESIAN_POINT('',(-2.702442595651,-4.441939838481));
#12886 = CARTESIAN_POINT('',(-2.683337248474,-4.48567568062));
#12887 = CARTESIAN_POINT('',(-2.654421661258,-4.554734669719));
#12888 = CARTESIAN_POINT('',(-2.644489714981,-4.57898066003));
#12889 = CARTESIAN_POINT('',(-2.634606419472,-4.603623932982));
#12890 = CARTESIAN_POINT('',(-2.624774245443,-4.628645789726));
#12891 = CARTESIAN_POINT('',(-2.614995348955,-4.654027732283));
#12892 = CARTESIAN_POINT('',(-2.605271592781,-4.679751575017));
#12893 = CARTESIAN_POINT('',(-2.595604567762,-4.705799556101));
#12894 = CARTESIAN_POINT('',(-2.567372455583,-4.783232991994));
#12895 = CARTESIAN_POINT('',(-2.548968096667,-4.835462687828));
#12896 = CARTESIAN_POINT('',(-2.53079115459,-4.888720348357));
#12897 = CARTESIAN_POINT('',(-2.512847239074,-4.942890042717));
#12898 = CARTESIAN_POINT('',(-2.495139239185,-4.997864259284));
#12899 = CARTESIAN_POINT('',(-2.477667610125,-5.053545067647));
#12900 = CARTESIAN_POINT('',(-2.460430660031,-5.109845280584));
#12901 = CARTESIAN_POINT('',(-2.407708024399,-5.286078041508));
#12902 = CARTESIAN_POINT('',(-2.373028687807,-5.407805821492));
#12903 = CARTESIAN_POINT('',(-2.339331365705,-5.531236488051));
#12904 = CARTESIAN_POINT('',(-2.306563683179,-5.655836803987));
#12905 = CARTESIAN_POINT('',(-2.274672724982,-5.781176021468));
#12906 = CARTESIAN_POINT('',(-2.243602219651,-5.906925650347));
#12907 = CARTESIAN_POINT('',(-2.213290534473,-6.032859736161));
#12908 = CARTESIAN_POINT('',(-2.154334124953,-6.283636321238));
#12909 = CARTESIAN_POINT('',(-2.125689609633,-6.408420091713));
#12910 = CARTESIAN_POINT('',(-2.097677988197,-6.533047996086));
#12911 = CARTESIAN_POINT('',(-2.070251043907,-6.657385342238));
#12912 = CARTESIAN_POINT('',(-2.043366566109,-6.781322078598));
#12913 = CARTESIAN_POINT('',(-2.016985688086,-6.904772967902));
#12914 = CARTESIAN_POINT('',(-1.991071287082,-7.027677565182));
#12915 = CARTESIAN_POINT('',(-1.965587446495,-7.15));
#12916 = ( GEOMETRIC_REPRESENTATION_CONTEXT(2) 
PARAMETRIC_REPRESENTATION_CONTEXT() REPRESENTATION_CONTEXT('2D SPACE',''
  ) );
#12917 = ORIENTED_EDGE('',*,*,#12918,.F.);
#12918 = EDGE_CURVE('',#12919,#12731,#12921,.T.);
#12919 = VERTEX_POINT('',#12920);
#12920 = CARTESIAN_POINT('',(10.461538461538,79.307692307692,38.));
#12921 = SURFACE_CURVE('',#12922,(#12926,#12932),.PCURVE_S1.);
#12922 = LINE('',#12923,#12924);
#12923 = CARTESIAN_POINT('',(10.461538461538,91.307692307692,38.));
#12924 = VECTOR('',#12925,1.);
#12925 = DIRECTION('',(0.,-1.,0.));
#12926 = PCURVE('',#10321,#12927);
#12927 = DEFINITIONAL_REPRESENTATION('',(#12928),#12931);
#12928 = B_SPLINE_CURVE_WITH_KNOTS('',1,(#12929,#12930),.UNSPECIFIED.,
  .F.,.F.,(2,2),(0.,78.307692307692),.PIECEWISE_BEZIER_KNOTS.);
#12929 = CARTESIAN_POINT('',(0.,1.));
#12930 = CARTESIAN_POINT('',(91.,1.));
#12931 = ( GEOMETRIC_REPRESENTATION_CONTEXT(2) 
PARAMETRIC_REPRESENTATION_CONTEXT() REPRESENTATION_CONTEXT('2D SPACE',''
  ) );
#12932 = PCURVE('',#11960,#12933);
#12933 = DEFINITIONAL_REPRESENTATION('',(#12934),#12938);
#12934 = LINE('',#12935,#12936);
#12935 = CARTESIAN_POINT('',(62.897335805477,-46.64782763569));
#12936 = VECTOR('',#12937,1.);
#12937 = DIRECTION('',(-0.803207628164,0.59569917413));
#12938 = ( GEOMETRIC_REPRESENTATION_CONTEXT(2) 
PARAMETRIC_REPRESENTATION_CONTEXT() REPRESENTATION_CONTEXT('2D SPACE',''
  ) );
#12939 = ORIENTED_EDGE('',*,*,#12940,.T.);
#12940 = EDGE_CURVE('',#12919,#12941,#12943,.T.);
#12941 = VERTEX_POINT('',#12942);
#12942 = CARTESIAN_POINT('',(10.461538461538,86.692307692308,38.));
#12943 = SURFACE_CURVE('',#12944,(#12989,#13037),.PCURVE_S1.);
#12944 = B_SPLINE_CURVE_WITH_KNOTS('',8,(#12945,#12946,#12947,#12948,
    #12949,#12950,#12951,#12952,#12953,#12954,#12955,#12956,#12957,
    #12958,#12959,#12960,#12961,#12962,#12963,#12964,#12965,#12966,
    #12967,#12968,#12969,#12970,#12971,#12972,#12973,#12974,#12975,
    #12976,#12977,#12978,#12979,#12980,#12981,#12982,#12983,#12984,
    #12985,#12986,#12987,#12988),.UNSPECIFIED.,.F.,.F.,(9,7,7,7,7,7,9),(
    0.,0.291894184234,0.368434408285,0.410134205064,0.571960398151,
    0.690826129257,1.),.UNSPECIFIED.);
#12945 = CARTESIAN_POINT('',(10.461538461538,79.307692307692,38.));
#12946 = CARTESIAN_POINT('',(10.189648657025,79.420979726239,
    37.646543254133));
#12947 = CARTESIAN_POINT('',(9.923796896042,79.558605341493,
    37.300935964855));
#12948 = CARTESIAN_POINT('',(9.664780951502,79.72144260842,
    36.96421523695));
#12949 = CARTESIAN_POINT('',(9.41437389685,79.910719739461,
    36.638686065908));
#12950 = CARTESIAN_POINT('',(9.175165873873,80.127633164519,
    36.327715636033));
#12951 = CARTESIAN_POINT('',(8.950593902091,80.373287986256,
    36.035772072719));
#12952 = CARTESIAN_POINT('',(8.744817456828,80.648393585919,
    35.768262693877));
#12953 = CARTESIAN_POINT('',(8.515369543419,81.033777099767,
    35.469980406445));
#12954 = CARTESIAN_POINT('',(8.469389882966,81.115854191601,
    35.410206847856));
#12955 = CARTESIAN_POINT('',(8.425200462237,81.199931090549,
    35.352760600908));
#12956 = CARTESIAN_POINT('',(8.382911929822,81.285980212131,
    35.297785508769));
#12957 = CARTESIAN_POINT('',(8.342640124685,81.373960402266,
    35.24543216209));
#12958 = CARTESIAN_POINT('',(8.304503974755,81.463814975051,
    35.195855167181));
#12959 = CARTESIAN_POINT('',(8.268623395521,81.555469750535,
    35.149210414177));
#12960 = CARTESIAN_POINT('',(8.216862708244,81.699695184345,
    35.081921520717));
#12961 = CARTESIAN_POINT('',(8.199313098692,81.751065386989,
    35.059107028299));
#12962 = CARTESIAN_POINT('',(8.182487635223,81.802926067355,
    35.03723392579));
#12963 = CARTESIAN_POINT('',(8.166405403446,81.855259882307,
    35.01632702448));
#12964 = CARTESIAN_POINT('',(8.151085124532,81.908047683393,
    34.996410661892));
#12965 = CARTESIAN_POINT('',(8.136544980424,81.961268421578,
    34.977508474551));
#12966 = CARTESIAN_POINT('',(8.122802439039,82.014899051998,
    34.95964317075));
#12967 = CARTESIAN_POINT('',(8.059702439028,82.278534270742,
    34.877613170737));
#12968 = CARTESIAN_POINT('',(8.021705356018,82.494312507424,
    34.828216962823));
#12969 = CARTESIAN_POINT('',(7.997049574022,82.714295847884,
    34.796164446228));
#12970 = CARTESIAN_POINT('',(7.986412172004,82.936480166148,
    34.782335823605));
#12971 = CARTESIAN_POINT('',(7.990026663133,83.158833563284,
    34.787034662073));
#12972 = CARTESIAN_POINT('',(8.007698715956,83.37931933936,
    34.810008330743));
#12973 = CARTESIAN_POINT('',(8.038791497934,83.595918885222,
    34.850428947314));
#12974 = CARTESIAN_POINT('',(8.114051144819,83.961445518567,
    34.948266488265));
#12975 = CARTESIAN_POINT('',(8.152595376973,84.113263219337,
    34.998373990065));
#12976 = CARTESIAN_POINT('',(8.197440663779,84.261530316799,
    35.056672862913));
#12977 = CARTESIAN_POINT('',(8.248157157045,84.40581028139,
    35.122604304159));
#12978 = CARTESIAN_POINT('',(8.304292566593,84.545783922745,
    35.195580336571));
#12979 = CARTESIAN_POINT('',(8.365399175255,84.681230003361,
    35.275018927831));
#12980 = CARTESIAN_POINT('',(8.431053136679,84.812009876777,
    35.360369077682));
#12981 = CARTESIAN_POINT('',(8.682451869376,85.26590685957,
    35.687187430188));
#12982 = CARTESIAN_POINT('',(8.891575999735,85.560651656131,
    35.959048799656));
#12983 = CARTESIAN_POINT('',(9.122119649283,85.823307564753,
    36.258755544067));
#12984 = CARTESIAN_POINT('',(9.369324315232,86.054642527155,
    36.580121609803));
#12985 = CARTESIAN_POINT('',(9.629262276726,86.255920045923,
    36.918040959744));
#12986 = CARTESIAN_POINT('',(9.899038811113,86.428463110412,
    37.268750454447));
#12987 = CARTESIAN_POINT('',(10.176715760656,86.57363156694,
    37.629730488853));
#12988 = CARTESIAN_POINT('',(10.461538461538,86.692307692308,38.));
#12989 = PCURVE('',#10321,#12990);
#12990 = DEFINITIONAL_REPRESENTATION('',(#12991),#13036);
#12991 = B_SPLINE_CURVE_WITH_KNOTS('',8,(#12992,#12993,#12994,#12995,
    #12996,#12997,#12998,#12999,#13000,#13001,#13002,#13003,#13004,
    #13005,#13006,#13007,#13008,#13009,#13010,#13011,#13012,#13013,
    #13014,#13015,#13016,#13017,#13018,#13019,#13020,#13021,#13022,
    #13023,#13024,#13025,#13026,#13027,#13028,#13029,#13030,#13031,
    #13032,#13033,#13034,#13035),.UNSPECIFIED.,.F.,.F.,(9,7,7,7,7,7,9),(
    0.,0.291894184234,0.368434408285,0.410134205064,0.571960398151,
    0.690826129257,1.),.UNSPECIFIED.);
#12992 = CARTESIAN_POINT('',(13.944990176817,1.));
#12993 = CARTESIAN_POINT('',(13.803905548989,0.967867568558));
#12994 = CARTESIAN_POINT('',(13.636426969906,0.936448724078));
#12995 = CARTESIAN_POINT('',(13.442051664845,0.905837748814));
#12996 = CARTESIAN_POINT('',(13.219867350814,0.87624418781));
#12997 = CARTESIAN_POINT('',(12.968977010097,0.84797414873));
#12998 = CARTESIAN_POINT('',(12.688488796145,0.821433824793));
#12999 = CARTESIAN_POINT('',(12.377756058076,0.797114790352));
#13000 = CARTESIAN_POINT('',(11.946037579469,0.769998218768));
#13001 = CARTESIAN_POINT('',(11.854267678221,0.764564258896));
#13002 = CARTESIAN_POINT('',(11.760428951573,0.75934187281));
#13003 = CARTESIAN_POINT('',(11.664546347949,0.754344137161));
#13004 = CARTESIAN_POINT('',(11.566657804832,0.749584742008));
#13005 = CARTESIAN_POINT('',(11.466816223276,0.745077742471));
#13006 = CARTESIAN_POINT('',(11.365091442418,0.74083731038));
#13007 = CARTESIAN_POINT('',(11.205174014996,0.734720138247));
#13008 = CARTESIAN_POINT('',(11.148243672236,0.732646093482));
#13009 = CARTESIAN_POINT('',(11.090796097092,0.730657629617));
#13010 = CARTESIAN_POINT('',(11.032847866323,0.728757002225));
#13011 = CARTESIAN_POINT('',(10.974417335019,0.726946423808));
#13012 = CARTESIAN_POINT('',(10.91552474956,0.725228043141));
#13013 = CARTESIAN_POINT('',(10.856192360567,0.723603924614));
#13014 = CARTESIAN_POINT('',(10.564578585277,0.716146651885));
#13015 = CARTESIAN_POINT('',(10.326053492142,0.711656087529));
#13016 = CARTESIAN_POINT('',(10.08283072651,0.708742222384));
#13017 = CARTESIAN_POINT('',(9.836879020594,0.707485074873));
#13018 = CARTESIAN_POINT('',(9.590179343079,0.707912242007));
#13019 = CARTESIAN_POINT('',(9.344732072368,0.71000075734));
#13020 = CARTESIAN_POINT('',(9.102566368715,0.713675358847));
#13021 = CARTESIAN_POINT('',(8.691804976751,0.722569680751));
#13022 = CARTESIAN_POINT('',(8.520531233438,0.727124908188));
#13023 = CARTESIAN_POINT('',(8.352515394174,0.732424805719));
#13024 = CARTESIAN_POINT('',(8.188203330114,0.738418573105));
#13025 = CARTESIAN_POINT('',(8.027927247633,0.74505275787));
#13026 = CARTESIAN_POINT('',(7.871925317658,0.752274447985));
#13027 = CARTESIAN_POINT('',(7.720355591424,0.760033552517));
#13028 = CARTESIAN_POINT('',(7.190818463251,0.789744311835));
#13029 = CARTESIAN_POINT('',(6.840162691735,0.814458981787));
#13030 = CARTESIAN_POINT('',(6.52036226444,0.841705049461));
#13031 = CARTESIAN_POINT('',(6.231041954332,0.870920146346));
#13032 = CARTESIAN_POINT('',(5.9714548062,0.901640087249));
#13033 = CARTESIAN_POINT('',(5.740830553846,0.933522768586));
#13034 = CARTESIAN_POINT('',(5.538304552155,0.96633913535));
#13035 = CARTESIAN_POINT('',(5.363457760314,1.));
#13036 = ( GEOMETRIC_REPRESENTATION_CONTEXT(2) 
PARAMETRIC_REPRESENTATION_CONTEXT() REPRESENTATION_CONTEXT('2D SPACE',''
  ) );
#13037 = PCURVE('',#13038,#13043);
#13038 = CYLINDRICAL_SURFACE('',#13039,4.);
#13039 = AXIS2_PLACEMENT_3D('',#13040,#13041,#13042);
#13040 = CARTESIAN_POINT('',(12.,83.,30.85));
#13041 = DIRECTION('',(-0.,-0.,-1.));
#13042 = DIRECTION('',(1.,0.,0.));
#13043 = DEFINITIONAL_REPRESENTATION('',(#13044),#13089);
#13044 = B_SPLINE_CURVE_WITH_KNOTS('',8,(#13045,#13046,#13047,#13048,
    #13049,#13050,#13051,#13052,#13053,#13054,#13055,#13056,#13057,
    #13058,#13059,#13060,#13061,#13062,#13063,#13064,#13065,#13066,
    #13067,#13068,#13069,#13070,#13071,#13072,#13073,#13074,#13075,
    #13076,#13077,#13078,#13079,#13080,#13081,#13082,#13083,#13084,
    #13085,#13086,#13087,#13088),.UNSPECIFIED.,.F.,.F.,(9,7,7,7,7,7,9),(
    0.,0.291894184234,0.368434408285,0.410134205064,0.571960398151,
    0.690826129257,1.),.UNSPECIFIED.);
#13045 = CARTESIAN_POINT('',(-4.317597860685,-7.15));
#13046 = CARTESIAN_POINT('',(-4.243961038629,-6.796543254133));
#13047 = CARTESIAN_POINT('',(-4.169377278767,-6.450935964855));
#13048 = CARTESIAN_POINT('',(-4.093339203474,-6.114215236951));
#13049 = CARTESIAN_POINT('',(-4.015460175189,-5.788686065907));
#13050 = CARTESIAN_POINT('',(-3.935410570082,-5.477715636034));
#13051 = CARTESIAN_POINT('',(-3.852852651378,-5.185772072718));
#13052 = CARTESIAN_POINT('',(-3.767439728568,-4.918262693877));
#13053 = CARTESIAN_POINT('',(-3.655310674095,-4.619980406445));
#13054 = CARTESIAN_POINT('',(-3.63179918005,-4.560206847856));
#13055 = CARTESIAN_POINT('',(-3.608067865404,-4.502760600908));
#13056 = CARTESIAN_POINT('',(-3.584115973134,-4.447785508769));
#13057 = CARTESIAN_POINT('',(-3.559944754791,-4.39543216209));
#13058 = CARTESIAN_POINT('',(-3.53555771453,-4.345855167181));
#13059 = CARTESIAN_POINT('',(-3.510960853147,-4.299210414177));
#13060 = CARTESIAN_POINT('',(-3.472652772648,-4.231921520717));
#13061 = CARTESIAN_POINT('',(-3.459083066449,-4.209107028299));
#13062 = CARTESIAN_POINT('',(-3.445455346102,-4.18723392579));
#13063 = CARTESIAN_POINT('',(-3.431771404604,-4.16632702448));
#13064 = CARTESIAN_POINT('',(-3.418033299186,-4.146410661892));
#13065 = CARTESIAN_POINT('',(-3.40424337514,-4.127508474551));
#13066 = CARTESIAN_POINT('',(-3.390404289647,-4.10964317075));
#13067 = CARTESIAN_POINT('',(-3.322633933588,-4.027613170737));
#13068 = CARTESIAN_POINT('',(-3.267960143858,-3.978216962823));
#13069 = CARTESIAN_POINT('',(-3.212801346502,-3.946164446228));
#13070 = CARTESIAN_POINT('',(-3.157417696759,-3.932335823605));
#13071 = CARTESIAN_POINT('',(-3.102047775315,-3.937034662073));
#13072 = CARTESIAN_POINT('',(-3.046930288016,-3.960008330743));
#13073 = CARTESIAN_POINT('',(-2.992325514961,-4.000428947314));
#13074 = CARTESIAN_POINT('',(-2.899027024173,-4.098266488265));
#13075 = CARTESIAN_POINT('',(-2.859909175431,-4.148373990065));
#13076 = CARTESIAN_POINT('',(-2.8212489443,-4.206672862913));
#13077 = CARTESIAN_POINT('',(-2.783089064762,-4.272604304159));
#13078 = CARTESIAN_POINT('',(-2.745455353617,-4.345580336571));
#13079 = CARTESIAN_POINT('',(-2.708360773567,-4.425018927831));
#13080 = CARTESIAN_POINT('',(-2.671807229006,-4.510369077682));
#13081 = CARTESIAN_POINT('',(-2.542090279027,-4.837187430188));
#13082 = CARTESIAN_POINT('',(-2.45229973867,-5.109048799656));
#13083 = CARTESIAN_POINT('',(-2.365680317011,-5.408755544068));
#13084 = CARTESIAN_POINT('',(-2.281819530785,-5.730121609802));
#13085 = CARTESIAN_POINT('',(-2.200310003228,-6.068040959744));
#13086 = CARTESIAN_POINT('',(-2.120764935589,-6.418750454447));
#13087 = CARTESIAN_POINT('',(-2.042726927984,-6.779730488853));
#13088 = CARTESIAN_POINT('',(-1.965587446495,-7.15));
#13089 = ( GEOMETRIC_REPRESENTATION_CONTEXT(2) 
PARAMETRIC_REPRESENTATION_CONTEXT() REPRESENTATION_CONTEXT('2D SPACE',''
  ) );
#13090 = ORIENTED_EDGE('',*,*,#13091,.F.);
#13091 = EDGE_CURVE('',#12707,#12941,#13092,.T.);
#13092 = SURFACE_CURVE('',#13093,(#13097,#13103),.PCURVE_S1.);
#13093 = LINE('',#13094,#13095);
#13094 = CARTESIAN_POINT('',(10.461538461538,91.307692307692,38.));
#13095 = VECTOR('',#13096,1.);
#13096 = DIRECTION('',(0.,-1.,0.));
#13097 = PCURVE('',#10321,#13098);
#13098 = DEFINITIONAL_REPRESENTATION('',(#13099),#13102);
#13099 = B_SPLINE_CURVE_WITH_KNOTS('',1,(#13100,#13101),.UNSPECIFIED.,
  .F.,.F.,(2,2),(0.,78.307692307692),.PIECEWISE_BEZIER_KNOTS.);
#13100 = CARTESIAN_POINT('',(0.,1.));
#13101 = CARTESIAN_POINT('',(91.,1.));
#13102 = ( GEOMETRIC_REPRESENTATION_CONTEXT(2) 
PARAMETRIC_REPRESENTATION_CONTEXT() REPRESENTATION_CONTEXT('2D SPACE',''
  ) );
#13103 = PCURVE('',#11960,#13104);
#13104 = DEFINITIONAL_REPRESENTATION('',(#13105),#13109);
#13105 = LINE('',#13106,#13107);
#13106 = CARTESIAN_POINT('',(62.897335805477,-46.64782763569));
#13107 = VECTOR('',#13108,1.);
#13108 = DIRECTION('',(-0.803207628164,0.59569917413));
#13109 = ( GEOMETRIC_REPRESENTATION_CONTEXT(2) 
PARAMETRIC_REPRESENTATION_CONTEXT() REPRESENTATION_CONTEXT('2D SPACE',''
  ) );
#13110 = ADVANCED_FACE('',(#13111),#11100,.F.);
#13111 = FACE_BOUND('',#13112,.F.);
#13112 = EDGE_LOOP('',(#13113,#13132,#13133,#13134));
#13113 = ORIENTED_EDGE('',*,*,#13114,.F.);
#13114 = EDGE_CURVE('',#12438,#11211,#13115,.T.);
#13115 = SURFACE_CURVE('',#13116,(#13120,#13126),.PCURVE_S1.);
#13116 = LINE('',#13117,#13118);
#13117 = CARTESIAN_POINT('',(75.4,2.,25.925));
#13118 = VECTOR('',#13119,1.);
#13119 = DIRECTION('',(-0.,0.,1.));
#13120 = PCURVE('',#11100,#13121);
#13121 = DEFINITIONAL_REPRESENTATION('',(#13122),#13125);
#13122 = B_SPLINE_CURVE_WITH_KNOTS('',1,(#13123,#13124),.UNSPECIFIED.,
  .F.,.F.,(2,2),(-0.925,1.075),.PIECEWISE_BEZIER_KNOTS.);
#13123 = CARTESIAN_POINT('',(73.4,-2.));
#13124 = CARTESIAN_POINT('',(73.4,0.));
#13125 = ( GEOMETRIC_REPRESENTATION_CONTEXT(2) 
PARAMETRIC_REPRESENTATION_CONTEXT() REPRESENTATION_CONTEXT('2D SPACE',''
  ) );
#13126 = PCURVE('',#11248,#13127);
#13127 = DEFINITIONAL_REPRESENTATION('',(#13128),#13131);
#13128 = B_SPLINE_CURVE_WITH_KNOTS('',1,(#13129,#13130),.UNSPECIFIED.,
  .F.,.F.,(2,2),(-0.925,1.075),.PIECEWISE_BEZIER_KNOTS.);
#13129 = CARTESIAN_POINT('',(0.15,-2.15));
#13130 = CARTESIAN_POINT('',(2.15,-2.15));
#13131 = ( GEOMETRIC_REPRESENTATION_CONTEXT(2) 
PARAMETRIC_REPRESENTATION_CONTEXT() REPRESENTATION_CONTEXT('2D SPACE',''
  ) );
#13132 = ORIENTED_EDGE('',*,*,#12458,.F.);
#13133 = ORIENTED_EDGE('',*,*,#11084,.T.);
#13134 = ORIENTED_EDGE('',*,*,#11210,.T.);
#13135 = ADVANCED_FACE('',(#13136),#11166,.F.);
#13136 = FACE_BOUND('',#13137,.F.);
#13137 = EDGE_LOOP('',(#13138,#13139,#13140,#13162,#13184,#13272,#13355,
    #13377,#13505));
#13138 = ORIENTED_EDGE('',*,*,#11709,.F.);
#13139 = ORIENTED_EDGE('',*,*,#11152,.T.);
#13140 = ORIENTED_EDGE('',*,*,#13141,.T.);
#13141 = EDGE_CURVE('',#11133,#13142,#13144,.T.);
#13142 = VERTEX_POINT('',#13143);
#13143 = CARTESIAN_POINT('',(68.538461538462,91.307692307692,38.));
#13144 = SURFACE_CURVE('',#13145,(#13148,#13155),.PCURVE_S1.);
#13145 = B_SPLINE_CURVE_WITH_KNOTS('',1,(#13146,#13147),.UNSPECIFIED.,
  .F.,.F.,(2,2),(0.,1.),.PIECEWISE_BEZIER_KNOTS.);
#13146 = CARTESIAN_POINT('',(77.,93.,27.));
#13147 = CARTESIAN_POINT('',(68.538461538462,91.307692307692,38.));
#13148 = PCURVE('',#11166,#13149);
#13149 = DEFINITIONAL_REPRESENTATION('',(#13150),#13154);
#13150 = LINE('',#13151,#13152);
#13151 = CARTESIAN_POINT('',(91.,0.));
#13152 = VECTOR('',#13153,1.);
#13153 = DIRECTION('',(0.,1.));
#13154 = ( GEOMETRIC_REPRESENTATION_CONTEXT(2) 
PARAMETRIC_REPRESENTATION_CONTEXT() REPRESENTATION_CONTEXT('2D SPACE',''
  ) );
#13155 = PCURVE('',#12591,#13156);
#13156 = DEFINITIONAL_REPRESENTATION('',(#13157),#13161);
#13157 = LINE('',#13158,#13159);
#13158 = CARTESIAN_POINT('',(0.,0.));
#13159 = VECTOR('',#13160,1.);
#13160 = DIRECTION('',(0.,1.));
#13161 = ( GEOMETRIC_REPRESENTATION_CONTEXT(2) 
PARAMETRIC_REPRESENTATION_CONTEXT() REPRESENTATION_CONTEXT('2D SPACE',''
  ) );
#13162 = ORIENTED_EDGE('',*,*,#13163,.F.);
#13163 = EDGE_CURVE('',#13164,#13142,#13166,.T.);
#13164 = VERTEX_POINT('',#13165);
#13165 = CARTESIAN_POINT('',(68.538461538462,86.692307692308,38.));
#13166 = SURFACE_CURVE('',#13167,(#13171,#13177),.PCURVE_S1.);
#13167 = LINE('',#13168,#13169);
#13168 = CARTESIAN_POINT('',(68.538461538462,13.,38.));
#13169 = VECTOR('',#13170,1.);
#13170 = DIRECTION('',(0.,1.,0.));
#13171 = PCURVE('',#11166,#13172);
#13172 = DEFINITIONAL_REPRESENTATION('',(#13173),#13176);
#13173 = B_SPLINE_CURVE_WITH_KNOTS('',1,(#13174,#13175),.UNSPECIFIED.,
  .F.,.F.,(2,2),(0.,78.307692307692),.PIECEWISE_BEZIER_KNOTS.);
#13174 = CARTESIAN_POINT('',(0.,1.));
#13175 = CARTESIAN_POINT('',(91.,1.));
#13176 = ( GEOMETRIC_REPRESENTATION_CONTEXT(2) 
PARAMETRIC_REPRESENTATION_CONTEXT() REPRESENTATION_CONTEXT('2D SPACE',''
  ) );
#13177 = PCURVE('',#11960,#13178);
#13178 = DEFINITIONAL_REPRESENTATION('',(#13179),#13183);
#13179 = LINE('',#13180,#13181);
#13180 = CARTESIAN_POINT('',(34.596375112915,46.647827635693));
#13181 = VECTOR('',#13182,1.);
#13182 = DIRECTION('',(0.803207628164,-0.59569917413));
#13183 = ( GEOMETRIC_REPRESENTATION_CONTEXT(2) 
PARAMETRIC_REPRESENTATION_CONTEXT() REPRESENTATION_CONTEXT('2D SPACE',''
  ) );
#13184 = ORIENTED_EDGE('',*,*,#13185,.T.);
#13185 = EDGE_CURVE('',#13164,#13186,#13188,.T.);
#13186 = VERTEX_POINT('',#13187);
#13187 = CARTESIAN_POINT('',(71.,83.,34.8));
#13188 = SURFACE_CURVE('',#13189,(#13213,#13240),.PCURVE_S1.);
#13189 = B_SPLINE_CURVE_WITH_KNOTS('',8,(#13190,#13191,#13192,#13193,
    #13194,#13195,#13196,#13197,#13198,#13199,#13200,#13201,#13202,
    #13203,#13204,#13205,#13206,#13207,#13208,#13209,#13210,#13211,
    #13212),.UNSPECIFIED.,.F.,.F.,(9,7,7,9),(0.,0.613267664398,
    0.76320262411,1.),.UNSPECIFIED.);
#13190 = CARTESIAN_POINT('',(68.538461538462,86.692307692308,38.));
#13191 = CARTESIAN_POINT('',(68.822748994846,86.573854585481,
    37.6304263067));
#13192 = CARTESIAN_POINT('',(69.099921108779,86.429007138708,
    37.270102558589));
#13193 = CARTESIAN_POINT('',(69.369223328096,86.25688843828,
    36.920009673471));
#13194 = CARTESIAN_POINT('',(69.628729128921,86.056148655752,
    36.582652132409));
#13195 = CARTESIAN_POINT('',(69.875563796476,85.825473075113,
    36.261767064576));
#13196 = CARTESIAN_POINT('',(70.105829244848,85.563604635169,
    35.962421981699));
#13197 = CARTESIAN_POINT('',(70.31480275625,85.269773655116,
    35.690756416875));
#13198 = CARTESIAN_POINT('',(70.540814646374,84.863058588809,
    35.396940959714));
#13199 = CARTESIAN_POINT('',(70.583542478598,84.781253557466,
    35.341394777822));
#13200 = CARTESIAN_POINT('',(70.624499460875,84.697560600996,
    35.288150700863));
#13201 = CARTESIAN_POINT('',(70.663581374005,84.61200654742,
    35.237344213793));
#13202 = CARTESIAN_POINT('',(70.700679239459,84.524630882537,
    35.189116988704));
#13203 = CARTESIAN_POINT('',(70.735681259448,84.435487483836,
    35.143614362718));
#13204 = CARTESIAN_POINT('',(70.768474757,84.344646354405,35.1009828159)
  );
#13205 = CARTESIAN_POINT('',(70.847075727276,84.106184355391,
    34.998801554541));
#13206 = CARTESIAN_POINT('',(70.889433081183,83.956108039782,
    34.943736994461));
#13207 = CARTESIAN_POINT('',(70.925551012611,83.802378885361,
    34.896783683606));
#13208 = CARTESIAN_POINT('',(70.954998647736,83.64549863201,
    34.858501757943));
#13209 = CARTESIAN_POINT('',(70.977400093967,83.486064532084,
    34.829379877843));
#13210 = CARTESIAN_POINT('',(70.992460287709,83.324776470837,
    34.809801625978));
#13211 = CARTESIAN_POINT('',(71.,83.162444959356,34.8));
#13212 = CARTESIAN_POINT('',(71.,83.,34.8));
#13213 = PCURVE('',#11166,#13214);
#13214 = DEFINITIONAL_REPRESENTATION('',(#13215),#13239);
#13215 = B_SPLINE_CURVE_WITH_KNOTS('',8,(#13216,#13217,#13218,#13219,
    #13220,#13221,#13222,#13223,#13224,#13225,#13226,#13227,#13228,
    #13229,#13230,#13231,#13232,#13233,#13234,#13235,#13236,#13237,
    #13238),.UNSPECIFIED.,.F.,.F.,(9,7,7,9),(0.,0.613267664398,
    0.76320262411,1.),.UNSPECIFIED.);
#13216 = CARTESIAN_POINT('',(85.636542239686,1.));
#13217 = CARTESIAN_POINT('',(85.462024023422,0.966402391518));
#13218 = CARTESIAN_POINT('',(85.25992834072,0.933645687144));
#13219 = CARTESIAN_POINT('',(85.029839602492,0.901819061225));
#13220 = CARTESIAN_POINT('',(84.770900755501,0.871150193855));
#13221 = CARTESIAN_POINT('',(84.482346485081,0.841978824052));
#13222 = CARTESIAN_POINT('',(84.163433211946,0.8147656347));
#13223 = CARTESIAN_POINT('',(83.81378216511,0.79006876517));
#13224 = CARTESIAN_POINT('',(83.339179147529,0.763358269065));
#13225 = CARTESIAN_POINT('',(83.244124333272,0.758308616166));
#13226 = CARTESIAN_POINT('',(83.147273355698,0.753468245533));
#13227 = CARTESIAN_POINT('',(83.048657636235,0.748849473981));
#13228 = CARTESIAN_POINT('',(82.948321091179,0.744465180791));
#13229 = CARTESIAN_POINT('',(82.846321727604,0.740328578429));
#13230 = CARTESIAN_POINT('',(82.74273323926,0.736452983264));
#13231 = CARTESIAN_POINT('',(82.471679706722,0.727163777686));
#13232 = CARTESIAN_POINT('',(82.301919394972,0.722157908587));
#13233 = CARTESIAN_POINT('',(82.128800534061,0.717889425782));
#13234 = CARTESIAN_POINT('',(81.952839020467,0.714409250722));
#13235 = CARTESIAN_POINT('',(81.774637661574,0.711761807077));
#13236 = CARTESIAN_POINT('',(81.594895506374,0.709981965998));
#13237 = CARTESIAN_POINT('',(81.414420625627,0.709090909091));
#13238 = CARTESIAN_POINT('',(81.234146341463,0.709090909091));
#13239 = ( GEOMETRIC_REPRESENTATION_CONTEXT(2) 
PARAMETRIC_REPRESENTATION_CONTEXT() REPRESENTATION_CONTEXT('2D SPACE',''
  ) );
#13240 = PCURVE('',#13241,#13246);
#13241 = CYLINDRICAL_SURFACE('',#13242,4.);
#13242 = AXIS2_PLACEMENT_3D('',#13243,#13244,#13245);
#13243 = CARTESIAN_POINT('',(67.,83.,30.85));
#13244 = DIRECTION('',(-0.,-0.,-1.));
#13245 = DIRECTION('',(1.,0.,0.));
#13246 = DEFINITIONAL_REPRESENTATION('',(#13247),#13271);
#13247 = B_SPLINE_CURVE_WITH_KNOTS('',8,(#13248,#13249,#13250,#13251,
    #13252,#13253,#13254,#13255,#13256,#13257,#13258,#13259,#13260,
    #13261,#13262,#13263,#13264,#13265,#13266,#13267,#13268,#13269,
    #13270),.UNSPECIFIED.,.F.,.F.,(9,7,7,9),(0.,0.613267664398,
    0.76320262411,1.),.UNSPECIFIED.);
#13248 = CARTESIAN_POINT('',(-1.176005207095,-7.15));
#13249 = CARTESIAN_POINT('',(-1.099010687658,-6.7804263067));
#13250 = CARTESIAN_POINT('',(-1.021120049978,-6.420102558588));
#13251 = CARTESIAN_POINT('',(-0.941729161887,-6.070009673474));
#13252 = CARTESIAN_POINT('',(-0.86038336834,-5.732652132404));
#13253 = CARTESIAN_POINT('',(-0.776697811099,-5.411767064579));
#13254 = CARTESIAN_POINT('',(-0.690267193532,-5.112421981698));
#13255 = CARTESIAN_POINT('',(-0.600680662204,-4.840756416875));
#13256 = CARTESIAN_POINT('',(-0.484357158657,-4.546940959714));
#13257 = CARTESIAN_POINT('',(-0.461291966905,-4.491394777822));
#13258 = CARTESIAN_POINT('',(-0.438011125608,-4.438150700863));
#13259 = CARTESIAN_POINT('',(-0.414513489089,-4.387344213793));
#13260 = CARTESIAN_POINT('',(-0.390799768554,-4.339116988704));
#13261 = CARTESIAN_POINT('',(-0.366872744769,-4.293614362718));
#13262 = CARTESIAN_POINT('',(-0.342737480739,-4.2509828159));
#13263 = CARTESIAN_POINT('',(-0.279966947494,-4.148801554541));
#13264 = CARTESIAN_POINT('',(-0.241018748684,-4.093736994461));
#13265 = CARTESIAN_POINT('',(-0.201604888479,-4.046783683606));
#13266 = CARTESIAN_POINT('',(-0.161782306915,-4.008501757943));
#13267 = CARTESIAN_POINT('',(-0.121618263955,-3.979379877843));
#13268 = CARTESIAN_POINT('',(-8.119407333572E-02,-3.959801625978));
#13269 = CARTESIAN_POINT('',(-4.0611239839E-02,-3.95));
#13270 = CARTESIAN_POINT('',(0.,-3.95));
#13271 = ( GEOMETRIC_REPRESENTATION_CONTEXT(2) 
PARAMETRIC_REPRESENTATION_CONTEXT() REPRESENTATION_CONTEXT('2D SPACE',''
  ) );
#13272 = ORIENTED_EDGE('',*,*,#13273,.T.);
#13273 = EDGE_CURVE('',#13186,#13274,#13276,.T.);
#13274 = VERTEX_POINT('',#13275);
#13275 = CARTESIAN_POINT('',(68.538461538462,79.307692307692,38.));
#13276 = SURFACE_CURVE('',#13277,(#13301,#13328),.PCURVE_S1.);
#13277 = B_SPLINE_CURVE_WITH_KNOTS('',8,(#13278,#13279,#13280,#13281,
    #13282,#13283,#13284,#13285,#13286,#13287,#13288,#13289,#13290,
    #13291,#13292,#13293,#13294,#13295,#13296,#13297,#13298,#13299,
    #13300),.UNSPECIFIED.,.F.,.F.,(9,7,7,9),(0.,0.260270579081,
    0.41204772337,1.),.UNSPECIFIED.);
#13278 = CARTESIAN_POINT('',(71.,83.,34.8));
#13279 = CARTESIAN_POINT('',(71.,82.823658123396,34.8));
#13280 = CARTESIAN_POINT('',(70.991115033805,82.647050213657,
    34.811550456053));
#13281 = CARTESIAN_POINT('',(70.973299366885,82.471402216537,
    34.83471082305));
#13282 = CARTESIAN_POINT('',(70.946739447886,82.297785477806,
    34.869238717748));
#13283 = CARTESIAN_POINT('',(70.911791094937,82.127127659966,
    34.914671576582));
#13284 = CARTESIAN_POINT('',(70.868930588498,81.960222602996,
    34.970390234953));
#13285 = CARTESIAN_POINT('',(70.818719670774,81.797739129128,
    35.035664427993));
#13286 = CARTESIAN_POINT('',(70.728582600771,81.548376422833,
    35.152842618998));
#13287 = CARTESIAN_POINT('',(70.693083677658,81.458187088003,
    35.198991219044));
#13288 = CARTESIAN_POINT('',(70.655401400955,81.369749268061,
    35.247978178759));
#13289 = CARTESIAN_POINT('',(70.615650428386,81.283133193202,
    35.299654443098));
#13290 = CARTESIAN_POINT('',(70.573944412463,81.198392665038,
    35.353872263799));
#13291 = CARTESIAN_POINT('',(70.530394056152,81.115566878728,
    35.410487727003));
#13292 = CARTESIAN_POINT('',(70.485105168546,81.034682245109,
    35.469363280891));
#13293 = CARTESIAN_POINT('',(70.256385924714,80.650003854373,
    35.766698297871));
#13294 = CARTESIAN_POINT('',(70.050532320762,80.374520255124,
    36.034307983009));
#13295 = CARTESIAN_POINT('',(69.825833309467,80.128539210977,
    36.326416697694));
#13296 = CARTESIAN_POINT('',(69.586462221365,79.911351746612,
    36.637599112223));
#13297 = CARTESIAN_POINT('',(69.335867449743,79.721850353817,
    36.963372315336));
#13298 = CARTESIAN_POINT('',(69.076647092113,79.558835324906,
    37.300358780253));
#13299 = CARTESIAN_POINT('',(68.810578988202,79.421074578417,
    37.646247315338));
#13300 = CARTESIAN_POINT('',(68.538461538462,79.307692307692,38.));
#13301 = PCURVE('',#11166,#13302);
#13302 = DEFINITIONAL_REPRESENTATION('',(#13303),#13327);
#13303 = B_SPLINE_CURVE_WITH_KNOTS('',8,(#13304,#13305,#13306,#13307,
    #13308,#13309,#13310,#13311,#13312,#13313,#13314,#13315,#13316,
    #13317,#13318,#13319,#13320,#13321,#13322,#13323,#13324,#13325,
    #13326),.UNSPECIFIED.,.F.,.F.,(9,7,7,9),(0.,0.260270579081,
    0.41204772337,1.),.UNSPECIFIED.);
#13304 = CARTESIAN_POINT('',(81.234146341463,0.709090909091));
#13305 = CARTESIAN_POINT('',(81.038449868647,0.709090909091));
#13306 = CARTESIAN_POINT('',(80.842843000518,0.71014095055));
#13307 = CARTESIAN_POINT('',(80.648560774593,0.712246438459));
#13308 = CARTESIAN_POINT('',(80.456656263368,0.715385337977));
#13309 = CARTESIAN_POINT('',(80.268028400169,0.719515597871));
#13310 = CARTESIAN_POINT('',(80.083443479518,0.72458093045));
#13311 = CARTESIAN_POINT('',(79.903550332024,0.730514947999));
#13312 = CARTESIAN_POINT('',(79.627035280388,0.741167510818));
#13313 = CARTESIAN_POINT('',(79.526929417466,0.745362838095));
#13314 = CARTESIAN_POINT('',(79.428655418691,0.749816198069));
#13315 = CARTESIAN_POINT('',(79.33227938276,0.754514040282));
#13316 = CARTESIAN_POINT('',(79.237851505768,0.759442933073));
#13317 = CARTESIAN_POINT('',(79.145407913597,0.764589793364));
#13318 = CARTESIAN_POINT('',(79.054972494294,0.769942116445));
#13319 = CARTESIAN_POINT('',(78.624062671664,0.796972572534));
#13320 = CARTESIAN_POINT('',(78.312918177338,0.821300725728));
#13321 = CARTESIAN_POINT('',(78.032070961442,0.847856063427));
#13322 = CARTESIAN_POINT('',(77.780874535385,0.876145373839));
#13323 = CARTESIAN_POINT('',(77.558435036958,0.905761119576));
#13324 = CARTESIAN_POINT('',(77.363852883801,0.93639625275));
#13325 = CARTESIAN_POINT('',(77.196212576963,0.967840665031));
#13326 = CARTESIAN_POINT('',(77.055009823183,1.));
#13327 = ( GEOMETRIC_REPRESENTATION_CONTEXT(2) 
PARAMETRIC_REPRESENTATION_CONTEXT() REPRESENTATION_CONTEXT('2D SPACE',''
  ) );
#13328 = PCURVE('',#13241,#13329);
#13329 = DEFINITIONAL_REPRESENTATION('',(#13330),#13354);
#13330 = B_SPLINE_CURVE_WITH_KNOTS('',8,(#13331,#13332,#13333,#13334,
    #13335,#13336,#13337,#13338,#13339,#13340,#13341,#13342,#13343,
    #13344,#13345,#13346,#13347,#13348,#13349,#13350,#13351,#13352,
    #13353),.UNSPECIFIED.,.F.,.F.,(9,7,7,9),(0.,0.260270579081,
    0.41204772337,1.),.UNSPECIFIED.);
#13331 = CARTESIAN_POINT('',(-6.28318530718,-3.95));
#13332 = CARTESIAN_POINT('',(-6.239099838029,-3.95));
#13333 = CARTESIAN_POINT('',(-6.194947931999,-3.961550456053));
#13334 = CARTESIAN_POINT('',(-6.150905190333,-3.98471082305));
#13335 = CARTESIAN_POINT('',(-6.107107780337,-4.019238717748));
#13336 = CARTESIAN_POINT('',(-6.063665156496,-4.064671576582));
#13337 = CARTESIAN_POINT('',(-6.020669289899,-4.120390234953));
#13338 = CARTESIAN_POINT('',(-5.978200405935,-4.185664427993));
#13339 = CARTESIAN_POINT('',(-5.911911996937,-4.302842618998));
#13340 = CARTESIAN_POINT('',(-5.887690568266,-4.348991219044));
#13341 = CARTESIAN_POINT('',(-5.863673148954,-4.397978178759));
#13342 = CARTESIAN_POINT('',(-5.839865373314,-4.449654443098));
#13343 = CARTESIAN_POINT('',(-5.816270531075,-4.503872263799));
#13344 = CARTESIAN_POINT('',(-5.792889793159,-4.560487727003));
#13345 = CARTESIAN_POINT('',(-5.769722437463,-4.619363280891));
#13346 = CARTESIAN_POINT('',(-5.657838022552,-4.916698297872));
#13347 = CARTESIAN_POINT('',(-5.572339376997,-5.184307983008));
#13348 = CARTESIAN_POINT('',(-5.489701755517,-5.476416697695));
#13349 = CARTESIAN_POINT('',(-5.40957783164,-5.787599112222));
#13350 = CARTESIAN_POINT('',(-5.331629120448,-6.113372315336));
#13351 = CARTESIAN_POINT('',(-5.255525255372,-6.450358780253));
#13352 = CARTESIAN_POINT('',(-5.180878576056,-6.796247315338));
#13353 = CARTESIAN_POINT('',(-5.107180100084,-7.15));
#13354 = ( GEOMETRIC_REPRESENTATION_CONTEXT(2) 
PARAMETRIC_REPRESENTATION_CONTEXT() REPRESENTATION_CONTEXT('2D SPACE',''
  ) );
#13355 = ORIENTED_EDGE('',*,*,#13356,.F.);
#13356 = EDGE_CURVE('',#13357,#13274,#13359,.T.);
#13357 = VERTEX_POINT('',#13358);
#13358 = CARTESIAN_POINT('',(68.538461538462,15.692307692308,38.));
#13359 = SURFACE_CURVE('',#13360,(#13364,#13370),.PCURVE_S1.);
#13360 = LINE('',#13361,#13362);
#13361 = CARTESIAN_POINT('',(68.538461538462,13.,38.));
#13362 = VECTOR('',#13363,1.);
#13363 = DIRECTION('',(0.,1.,0.));
#13364 = PCURVE('',#11166,#13365);
#13365 = DEFINITIONAL_REPRESENTATION('',(#13366),#13369);
#13366 = B_SPLINE_CURVE_WITH_KNOTS('',1,(#13367,#13368),.UNSPECIFIED.,
  .F.,.F.,(2,2),(0.,78.307692307692),.PIECEWISE_BEZIER_KNOTS.);
#13367 = CARTESIAN_POINT('',(0.,1.));
#13368 = CARTESIAN_POINT('',(91.,1.));
#13369 = ( GEOMETRIC_REPRESENTATION_CONTEXT(2) 
PARAMETRIC_REPRESENTATION_CONTEXT() REPRESENTATION_CONTEXT('2D SPACE',''
  ) );
#13370 = PCURVE('',#11960,#13371);
#13371 = DEFINITIONAL_REPRESENTATION('',(#13372),#13376);
#13372 = LINE('',#13373,#13374);
#13373 = CARTESIAN_POINT('',(34.596375112915,46.647827635693));
#13374 = VECTOR('',#13375,1.);
#13375 = DIRECTION('',(0.803207628164,-0.59569917413));
#13376 = ( GEOMETRIC_REPRESENTATION_CONTEXT(2) 
PARAMETRIC_REPRESENTATION_CONTEXT() REPRESENTATION_CONTEXT('2D SPACE',''
  ) );
#13377 = ORIENTED_EDGE('',*,*,#13378,.T.);
#13378 = EDGE_CURVE('',#13357,#13379,#13381,.T.);
#13379 = VERTEX_POINT('',#13380);
#13380 = CARTESIAN_POINT('',(71.,12.,34.8));
#13381 = SURFACE_CURVE('',#13382,(#13421,#13463),.PCURVE_S1.);
#13382 = B_SPLINE_CURVE_WITH_KNOTS('',7,(#13383,#13384,#13385,#13386,
    #13387,#13388,#13389,#13390,#13391,#13392,#13393,#13394,#13395,
    #13396,#13397,#13398,#13399,#13400,#13401,#13402,#13403,#13404,
    #13405,#13406,#13407,#13408,#13409,#13410,#13411,#13412,#13413,
    #13414,#13415,#13416,#13417,#13418,#13419,#13420),.UNSPECIFIED.,.F.,
  .F.,(8,6,6,6,6,6,8),(0.,0.234475984592,0.475062342062,0.589114065034,
    0.64582566858,0.761356886205,1.),.UNSPECIFIED.);
#13383 = CARTESIAN_POINT('',(68.538461538462,15.692307692308,38.));
#13384 = CARTESIAN_POINT('',(68.644948700587,15.647938041422,
    37.861566689236));
#13385 = CARTESIAN_POINT('',(68.752021812823,15.599119096954,
    37.72237164333));
#13386 = CARTESIAN_POINT('',(68.859637516324,15.545574099951,
    37.582471228778));
#13387 = CARTESIAN_POINT('',(68.967716362074,15.486990144242,
    37.441968729304));
#13388 = CARTESIAN_POINT('',(69.076142390552,15.423019640484,
    37.301014892282));
#13389 = CARTESIAN_POINT('',(69.184763294676,15.353265263422,
    37.159807716921));
#13390 = CARTESIAN_POINT('',(69.404849846665,15.19925052447,
    36.873695199336));
#13391 = CARTESIAN_POINT('',(69.516255002307,15.114701790413,
    36.728868497001));
#13392 = CARTESIAN_POINT('',(69.627456052324,15.023061106627,
    36.584307131979));
#13393 = CARTESIAN_POINT('',(69.738140938215,14.923761299513,
    36.44041678032));
#13394 = CARTESIAN_POINT('',(69.847837758475,14.816232301625,
    36.297810913982));
#13395 = CARTESIAN_POINT('',(69.955914691222,14.699912082823,
    36.157310901411));
#13396 = CARTESIAN_POINT('',(70.111668766139,14.514672051556,
    35.954830604019));
#13397 = CARTESIAN_POINT('',(70.161202527672,14.453015240118,
    35.890436714026));
#13398 = CARTESIAN_POINT('',(70.210086777413,14.389228967902,
    35.826887189364));
#13399 = CARTESIAN_POINT('',(70.258210344387,14.32328125056,
    35.764326552297));
#13400 = CARTESIAN_POINT('',(70.305445996198,14.255159837776,
    35.702920204943));
#13401 = CARTESIAN_POINT('',(70.351652836817,14.184878027503,
    35.642851312138));
#13402 = CARTESIAN_POINT('',(70.419067573959,14.076481190628,
    35.555212153853));
#13403 = CARTESIAN_POINT('',(70.441163997385,14.039959569524,
    35.526486803399));
#13404 = CARTESIAN_POINT('',(70.462948931326,14.002921897508,
    35.498166389277));
#13405 = CARTESIAN_POINT('',(70.484402608253,13.965376651616,
    35.470276609271));
#13406 = CARTESIAN_POINT('',(70.505504726178,13.927334781538,
    35.442843855968));
#13407 = CARTESIAN_POINT('',(70.526234638372,13.888809985871,
    35.415894970116));
#13408 = CARTESIAN_POINT('',(70.588001289721,13.770387670301,
    35.335598323362));
#13409 = CARTESIAN_POINT('',(70.627806906812,13.689008183661,
    35.283851021144));
#13410 = CARTESIAN_POINT('',(70.665802083731,13.605840127405,
    35.23445729115));
#13411 = CARTESIAN_POINT('',(70.701811006663,13.521076124709,
    35.187645691339));
#13412 = CARTESIAN_POINT('',(70.735674981102,13.434946245694,
    35.143622524567));
#13413 = CARTESIAN_POINT('',(70.767259054332,13.347722430151,
    35.102563229368));
#13414 = CARTESIAN_POINT('',(70.856773760425,13.077949707599,
    34.986194111448));
#13415 = CARTESIAN_POINT('',(70.906958893938,12.892735484852,
    34.92095343788));
#13416 = CARTESIAN_POINT('',(70.945999885186,12.707089244707,
    34.870200149258));
#13417 = CARTESIAN_POINT('',(70.974018398518,12.523399976794,
    34.833776081927));
#13418 = CARTESIAN_POINT('',(70.991692581569,12.343515629031,
    34.81079964396));
#13419 = CARTESIAN_POINT('',(71.,12.16876688302,34.8));
#13420 = CARTESIAN_POINT('',(71.,12.,34.8));
#13421 = PCURVE('',#11166,#13422);
#13422 = DEFINITIONAL_REPRESENTATION('',(#13423),#13462);
#13423 = B_SPLINE_CURVE_WITH_KNOTS('',7,(#13424,#13425,#13426,#13427,
    #13428,#13429,#13430,#13431,#13432,#13433,#13434,#13435,#13436,
    #13437,#13438,#13439,#13440,#13441,#13442,#13443,#13444,#13445,
    #13446,#13447,#13448,#13449,#13450,#13451,#13452,#13453,#13454,
    #13455,#13456,#13457,#13458,#13459,#13460,#13461),.UNSPECIFIED.,.F.,
  .F.,(8,6,6,6,6,6,8),(0.,0.234475984592,0.475062342062,0.589114065034,
    0.64582566858,0.761356886205,1.),.UNSPECIFIED.);
#13424 = CARTESIAN_POINT('',(3.128683693517,1.));
#13425 = CARTESIAN_POINT('',(3.231611590378,0.987415153567));
#13426 = CARTESIAN_POINT('',(3.329729244445,0.974761058485));
#13427 = CARTESIAN_POINT('',(3.422688462311,0.96204283898));
#13428 = CARTESIAN_POINT('',(3.51005303847,0.949269884482));
#13429 = CARTESIAN_POINT('',(3.591302497256,0.936455899298));
#13430 = CARTESIAN_POINT('',(3.665817670468,0.923618883356));
#13431 = CARTESIAN_POINT('',(3.801625343803,0.897608654485));
#13432 = CARTESIAN_POINT('',(3.862484737776,0.884442590636));
#13433 = CARTESIAN_POINT('',(3.914663232757,0.871300648362));
#13434 = CARTESIAN_POINT('',(3.957150979825,0.858219707302));
#13435 = CARTESIAN_POINT('',(3.988728699712,0.845255537635));
#13436 = CARTESIAN_POINT('',(4.007982476928,0.832482809219));
#13437 = CARTESIAN_POINT('',(4.015814898685,0.814075509456));
#13438 = CARTESIAN_POINT('',(4.015200002296,0.808221519457));
#13439 = CARTESIAN_POINT('',(4.011282587389,0.802444289942));
#13440 = CARTESIAN_POINT('',(4.003884882427,0.7967569593));
#13441 = CARTESIAN_POINT('',(3.992829473981,0.791174564086));
#13442 = CARTESIAN_POINT('',(3.977948723667,0.785713755649));
#13443 = CARTESIAN_POINT('',(3.949718867539,0.777746559441));
#13444 = CARTESIAN_POINT('',(3.93936128089,0.775135163945));
#13445 = CARTESIAN_POINT('',(3.928003581583,0.772560580843));
#13446 = CARTESIAN_POINT('',(3.91562935186,0.770025146297));
#13447 = CARTESIAN_POINT('',(3.902224144021,0.767531259633));
#13448 = CARTESIAN_POINT('',(3.887776024694,0.76508136092));
#13449 = CARTESIAN_POINT('',(3.840700165462,0.75778166576));
#13450 = CARTESIAN_POINT('',(3.804753720025,0.753077365559));
#13451 = CARTESIAN_POINT('',(3.764367805209,0.748587026468));
#13452 = CARTESIAN_POINT('',(3.719522678925,0.744331426485));
#13453 = CARTESIAN_POINT('',(3.670261229569,0.740329320415));
#13454 = CARTESIAN_POINT('',(3.61670237101,0.736596657215));
#13455 = CARTESIAN_POINT('',(3.4399759528,0.726017646495));
#13456 = CARTESIAN_POINT('',(3.303365169532,0.720086676171));
#13457 = CARTESIAN_POINT('',(3.151160316182,0.715472740842));
#13458 = CARTESIAN_POINT('',(2.986106590618,0.712161461993));
#13459 = CARTESIAN_POINT('',(2.811067981848,0.710072694905));
#13460 = CARTESIAN_POINT('',(2.628753492132,0.709090909091));
#13461 = CARTESIAN_POINT('',(2.441463414634,0.709090909091));
#13462 = ( GEOMETRIC_REPRESENTATION_CONTEXT(2) 
PARAMETRIC_REPRESENTATION_CONTEXT() REPRESENTATION_CONTEXT('2D SPACE',''
  ) );
#13463 = PCURVE('',#11871,#13464);
#13464 = DEFINITIONAL_REPRESENTATION('',(#13465),#13504);
#13465 = B_SPLINE_CURVE_WITH_KNOTS('',7,(#13466,#13467,#13468,#13469,
    #13470,#13471,#13472,#13473,#13474,#13475,#13476,#13477,#13478,
    #13479,#13480,#13481,#13482,#13483,#13484,#13485,#13486,#13487,
    #13488,#13489,#13490,#13491,#13492,#13493,#13494,#13495,#13496,
    #13497,#13498,#13499,#13500,#13501,#13502,#13503),.UNSPECIFIED.,.F.,
  .F.,(8,6,6,6,6,6,8),(0.,0.234475984592,0.475062342062,0.589114065034,
    0.64582566858,0.761356886205,1.),.UNSPECIFIED.);
#13466 = CARTESIAN_POINT('',(-1.176005207095,-7.15));
#13467 = CARTESIAN_POINT('',(-1.147164934019,-7.011566689236));
#13468 = CARTESIAN_POINT('',(-1.117761605457,-6.87237164333));
#13469 = CARTESIAN_POINT('',(-1.087739539078,-6.732471228778));
#13470 = CARTESIAN_POINT('',(-1.057040689388,-6.591968729304));
#13471 = CARTESIAN_POINT('',(-1.025603246425,-6.451014892282));
#13472 = CARTESIAN_POINT('',(-0.993356245094,-6.309807716921));
#13473 = CARTESIAN_POINT('',(-0.926200348955,-6.023695199336));
#13474 = CARTESIAN_POINT('',(-0.89126247201,-5.878868497001));
#13475 = CARTESIAN_POINT('',(-0.855285704121,-5.734307131979));
#13476 = CARTESIAN_POINT('',(-0.818172384258,-5.590416780321));
#13477 = CARTESIAN_POINT('',(-0.779834817092,-5.447810913982));
#13478 = CARTESIAN_POINT('',(-0.740188549211,-5.307310901411));
#13479 = CARTESIAN_POINT('',(-0.679683796796,-5.104830604019));
#13480 = CARTESIAN_POINT('',(-0.659916325995,-5.040436714026));
#13481 = CARTESIAN_POINT('',(-0.639833910251,-4.976887189364));
#13482 = CARTESIAN_POINT('',(-0.619434472627,-4.914326552297));
#13483 = CARTESIAN_POINT('',(-0.598720434512,-4.852920204943));
#13484 = CARTESIAN_POINT('',(-0.577699468529,-4.792851312138));
#13485 = CARTESIAN_POINT('',(-0.545786872046,-4.705212153853));
#13486 = CARTESIAN_POINT('',(-0.535116216616,-4.676486803399));
#13487 = CARTESIAN_POINT('',(-0.524375190959,-4.648166389277));
#13488 = CARTESIAN_POINT('',(-0.513566137727,-4.620276609271));
#13489 = CARTESIAN_POINT('',(-0.502691884045,-4.592843855968));
#13490 = CARTESIAN_POINT('',(-0.491755789136,-4.565894970116));
#13491 = CARTESIAN_POINT('',(-0.45836514295,-4.485598323362));
#13492 = CARTESIAN_POINT('',(-0.435724393751,-4.433851021144));
#13493 = CARTESIAN_POINT('',(-0.412878262582,-4.38445729115));
#13494 = CARTESIAN_POINT('',(-0.389869444056,-4.337645691339));
#13495 = CARTESIAN_POINT('',(-0.366746047773,-4.293622524567));
#13496 = CARTESIAN_POINT('',(-0.343563036909,-4.252563229368));
#13497 = CARTESIAN_POINT('',(-0.272503992604,-4.136194111448));
#13498 = CARTESIAN_POINT('',(-0.224605410695,-4.07095343788));
#13499 = CARTESIAN_POINT('',(-0.177302371624,-4.020200149258));
#13500 = CARTESIAN_POINT('',(-0.130972571626,-3.983776081927));
#13501 = CARTESIAN_POINT('',(-8.587893094282E-02,-3.96079964396));
#13502 = CARTESIAN_POINT('',(-4.219172075502E-02,-3.95));
#13503 = CARTESIAN_POINT('',(0.,-3.95));
#13504 = ( GEOMETRIC_REPRESENTATION_CONTEXT(2) 
PARAMETRIC_REPRESENTATION_CONTEXT() REPRESENTATION_CONTEXT('2D SPACE',''
  ) );
#13505 = ORIENTED_EDGE('',*,*,#13506,.T.);
#13506 = EDGE_CURVE('',#13379,#11710,#13507,.T.);
#13507 = SURFACE_CURVE('',#13508,(#13518,#13531),.PCURVE_S1.);
#13508 = B_SPLINE_CURVE_WITH_KNOTS('',8,(#13509,#13510,#13511,#13512,
    #13513,#13514,#13515,#13516,#13517),.UNSPECIFIED.,.F.,.F.,(9,9),(0.,
    1.),.PIECEWISE_BEZIER_KNOTS.);
#13509 = CARTESIAN_POINT('',(71.,12.,34.8));
#13510 = CARTESIAN_POINT('',(71.,11.740006285858,34.8));
#13511 = CARTESIAN_POINT('',(70.980687142578,11.494179317896,
    34.825106714648));
#13512 = CARTESIAN_POINT('',(70.945740678454,11.26238771016,
    34.87053711801));
#13513 = CARTESIAN_POINT('',(70.898002429039,11.044468954969,
    34.93259684225));
#13514 = CARTESIAN_POINT('',(70.839882515541,10.839824141597,
    35.008152729797));
#13515 = CARTESIAN_POINT('',(70.773203601864,10.647590653848,
    35.094835317577));
#13516 = CARTESIAN_POINT('',(70.699257426901,10.466633192403,
    35.190965345029));
#13517 = CARTESIAN_POINT('',(70.618728943616,10.2956523733,35.2956523733
    ));
#13518 = PCURVE('',#11166,#13519);
#13519 = DEFINITIONAL_REPRESENTATION('',(#13520),#13530);
#13520 = B_SPLINE_CURVE_WITH_KNOTS('',8,(#13521,#13522,#13523,#13524,
    #13525,#13526,#13527,#13528,#13529),.UNSPECIFIED.,.F.,.F.,(9,9),(0.,
    1.),.PIECEWISE_BEZIER_KNOTS.);
#13521 = CARTESIAN_POINT('',(2.441463414634,0.709090909091));
#13522 = CARTESIAN_POINT('',(2.152933805038,0.709090909091));
#13523 = CARTESIAN_POINT('',(1.853126009806,0.711373337695));
#13524 = CARTESIAN_POINT('',(1.546630307456,0.715503374365));
#13525 = CARTESIAN_POINT('',(1.236910697764,0.721145167477));
#13526 = CARTESIAN_POINT('',(0.92644708706,0.728013884527));
#13527 = CARTESIAN_POINT('',(0.616687399735,0.73589411978));
#13528 = CARTESIAN_POINT('',(0.308072718626,0.744633213184));
#13529 = CARTESIAN_POINT('',(0.,0.754150215755));
#13530 = ( GEOMETRIC_REPRESENTATION_CONTEXT(2) 
PARAMETRIC_REPRESENTATION_CONTEXT() REPRESENTATION_CONTEXT('2D SPACE',''
  ) );
#13531 = PCURVE('',#11871,#13532);
#13532 = DEFINITIONAL_REPRESENTATION('',(#13533),#13543);
#13533 = B_SPLINE_CURVE_WITH_KNOTS('',8,(#13534,#13535,#13536,#13537,
    #13538,#13539,#13540,#13541,#13542),.UNSPECIFIED.,.F.,.F.,(9,9),(0.,
    1.),.PIECEWISE_BEZIER_KNOTS.);
#13534 = CARTESIAN_POINT('',(-6.28318530718,-3.95));
#13535 = CARTESIAN_POINT('',(-6.218186878644,-3.95));
#13536 = CARTESIAN_POINT('',(-6.156730082125,-3.975106714648));
#13537 = CARTESIAN_POINT('',(-6.098364079249,-4.02053711801));
#13538 = CARTESIAN_POINT('',(-6.042819375455,-4.08259684225));
#13539 = CARTESIAN_POINT('',(-5.989816084125,-4.158152729797));
#13540 = CARTESIAN_POINT('',(-5.939075379133,-4.244835317577));
#13541 = CARTESIAN_POINT('',(-5.89027119782,-4.340965345029));
#13542 = CARTESIAN_POINT('',(-5.843022337304,-4.4456523733));
#13543 = ( GEOMETRIC_REPRESENTATION_CONTEXT(2) 
PARAMETRIC_REPRESENTATION_CONTEXT() REPRESENTATION_CONTEXT('2D SPACE',''
  ) );
#13544 = ADVANCED_FACE('',(#13545),#11248,.F.);
#13545 = FACE_BOUND('',#13546,.F.);
#13546 = EDGE_LOOP('',(#13547,#13548,#13549));
#13547 = ORIENTED_EDGE('',*,*,#13114,.T.);
#13548 = ORIENTED_EDGE('',*,*,#11231,.T.);
#13549 = ORIENTED_EDGE('',*,*,#12437,.F.);
#13550 = ADVANCED_FACE('',(#13551),#11994,.T.);
#13551 = FACE_BOUND('',#13552,.F.);
#13552 = EDGE_LOOP('',(#13553,#13554,#13575,#13576,#13598,#13599,#13600)
  );
#13553 = ORIENTED_EDGE('',*,*,#12307,.F.);
#13554 = ORIENTED_EDGE('',*,*,#13555,.T.);
#13555 = EDGE_CURVE('',#12308,#11973,#13556,.T.);
#13556 = SEAM_CURVE('',#13557,(#13561,#13568),.PCURVE_S1.);
#13557 = LINE('',#13558,#13559);
#13558 = CARTESIAN_POINT('',(16.,12.,30.85));
#13559 = VECTOR('',#13560,1.);
#13560 = DIRECTION('',(0.,0.,1.));
#13561 = PCURVE('',#11994,#13562);
#13562 = DEFINITIONAL_REPRESENTATION('',(#13563),#13567);
#13563 = LINE('',#13564,#13565);
#13564 = CARTESIAN_POINT('',(-6.28318530718,0.));
#13565 = VECTOR('',#13566,1.);
#13566 = DIRECTION('',(-0.,-1.));
#13567 = ( GEOMETRIC_REPRESENTATION_CONTEXT(2) 
PARAMETRIC_REPRESENTATION_CONTEXT() REPRESENTATION_CONTEXT('2D SPACE',''
  ) );
#13568 = PCURVE('',#11994,#13569);
#13569 = DEFINITIONAL_REPRESENTATION('',(#13570),#13574);
#13570 = LINE('',#13571,#13572);
#13571 = CARTESIAN_POINT('',(-0.,0.));
#13572 = VECTOR('',#13573,1.);
#13573 = DIRECTION('',(-0.,-1.));
#13574 = ( GEOMETRIC_REPRESENTATION_CONTEXT(2) 
PARAMETRIC_REPRESENTATION_CONTEXT() REPRESENTATION_CONTEXT('2D SPACE',''
  ) );
#13575 = ORIENTED_EDGE('',*,*,#11972,.F.);
#13576 = ORIENTED_EDGE('',*,*,#13577,.F.);
#13577 = EDGE_CURVE('',#12731,#11946,#13578,.T.);
#13578 = SURFACE_CURVE('',#13579,(#13584,#13591),.PCURVE_S1.);
#13579 = CIRCLE('',#13580,4.);
#13580 = AXIS2_PLACEMENT_3D('',#13581,#13582,#13583);
#13581 = CARTESIAN_POINT('',(12.,12.,38.));
#13582 = DIRECTION('',(0.,0.,-1.));
#13583 = DIRECTION('',(1.,0.,0.));
#13584 = PCURVE('',#11994,#13585);
#13585 = DEFINITIONAL_REPRESENTATION('',(#13586),#13590);
#13586 = LINE('',#13587,#13588);
#13587 = CARTESIAN_POINT('',(-6.28318530718,-7.15));
#13588 = VECTOR('',#13589,1.);
#13589 = DIRECTION('',(1.,-0.));
#13590 = ( GEOMETRIC_REPRESENTATION_CONTEXT(2) 
PARAMETRIC_REPRESENTATION_CONTEXT() REPRESENTATION_CONTEXT('2D SPACE',''
  ) );
#13591 = PCURVE('',#11960,#13592);
#13592 = DEFINITIONAL_REPRESENTATION('',(#13593),#13597);
#13593 = CIRCLE('',#13594,4.);
#13594 = AXIS2_PLACEMENT_2D('',#13595,#13596);
#13595 = CARTESIAN_POINT('',(0.113252639728,1.831403217459));
#13596 = DIRECTION('',(0.59569917413,0.803207628164));
#13597 = ( GEOMETRIC_REPRESENTATION_CONTEXT(2) 
PARAMETRIC_REPRESENTATION_CONTEXT() REPRESENTATION_CONTEXT('2D SPACE',''
  ) );
#13598 = ORIENTED_EDGE('',*,*,#12730,.F.);
#13599 = ORIENTED_EDGE('',*,*,#12009,.F.);
#13600 = ORIENTED_EDGE('',*,*,#13555,.F.);
#13601 = ADVANCED_FACE('',(#13602,#13720,#13751,#13782,#13813,#13844,
    #13875),#11960,.T.);
#13602 = FACE_BOUND('',#13603,.T.);
#13603 = EDGE_LOOP('',(#13604,#13605,#13606,#13607,#13631,#13653,#13654,
    #13674,#13675,#13697,#13698));
#13604 = ORIENTED_EDGE('',*,*,#11945,.F.);
#13605 = ORIENTED_EDGE('',*,*,#13577,.F.);
#13606 = ORIENTED_EDGE('',*,*,#12918,.F.);
#13607 = ORIENTED_EDGE('',*,*,#13608,.F.);
#13608 = EDGE_CURVE('',#13609,#12919,#13611,.T.);
#13609 = VERTEX_POINT('',#13610);
#13610 = CARTESIAN_POINT('',(16.,83.,38.));
#13611 = SURFACE_CURVE('',#13612,(#13617,#13624),.PCURVE_S1.);
#13612 = CIRCLE('',#13613,4.);
#13613 = AXIS2_PLACEMENT_3D('',#13614,#13615,#13616);
#13614 = CARTESIAN_POINT('',(12.,83.,38.));
#13615 = DIRECTION('',(0.,0.,-1.));
#13616 = DIRECTION('',(1.,0.,0.));
#13617 = PCURVE('',#11960,#13618);
#13618 = DEFINITIONAL_REPRESENTATION('',(#13619),#13623);
#13619 = CIRCLE('',#13620,4.);
#13620 = AXIS2_PLACEMENT_2D('',#13621,#13622);
#13621 = CARTESIAN_POINT('',(57.140994239389,-40.46323814574));
#13622 = DIRECTION('',(0.59569917413,0.803207628164));
#13623 = ( GEOMETRIC_REPRESENTATION_CONTEXT(2) 
PARAMETRIC_REPRESENTATION_CONTEXT() REPRESENTATION_CONTEXT('2D SPACE',''
  ) );
#13624 = PCURVE('',#13038,#13625);
#13625 = DEFINITIONAL_REPRESENTATION('',(#13626),#13630);
#13626 = LINE('',#13627,#13628);
#13627 = CARTESIAN_POINT('',(-6.28318530718,-7.15));
#13628 = VECTOR('',#13629,1.);
#13629 = DIRECTION('',(1.,-0.));
#13630 = ( GEOMETRIC_REPRESENTATION_CONTEXT(2) 
PARAMETRIC_REPRESENTATION_CONTEXT() REPRESENTATION_CONTEXT('2D SPACE',''
  ) );
#13631 = ORIENTED_EDGE('',*,*,#13632,.F.);
#13632 = EDGE_CURVE('',#12941,#13609,#13633,.T.);
#13633 = SURFACE_CURVE('',#13634,(#13639,#13646),.PCURVE_S1.);
#13634 = CIRCLE('',#13635,4.);
#13635 = AXIS2_PLACEMENT_3D('',#13636,#13637,#13638);
#13636 = CARTESIAN_POINT('',(12.,83.,38.));
#13637 = DIRECTION('',(0.,0.,-1.));
#13638 = DIRECTION('',(1.,0.,0.));
#13639 = PCURVE('',#11960,#13640);
#13640 = DEFINITIONAL_REPRESENTATION('',(#13641),#13645);
#13641 = CIRCLE('',#13642,4.);
#13642 = AXIS2_PLACEMENT_2D('',#13643,#13644);
#13643 = CARTESIAN_POINT('',(57.140994239389,-40.46323814574));
#13644 = DIRECTION('',(0.59569917413,0.803207628164));
#13645 = ( GEOMETRIC_REPRESENTATION_CONTEXT(2) 
PARAMETRIC_REPRESENTATION_CONTEXT() REPRESENTATION_CONTEXT('2D SPACE',''
  ) );
#13646 = PCURVE('',#13038,#13647);
#13647 = DEFINITIONAL_REPRESENTATION('',(#13648),#13652);
#13648 = LINE('',#13649,#13650);
#13649 = CARTESIAN_POINT('',(-6.28318530718,-7.15));
#13650 = VECTOR('',#13651,1.);
#13651 = DIRECTION('',(1.,-0.));
#13652 = ( GEOMETRIC_REPRESENTATION_CONTEXT(2) 
PARAMETRIC_REPRESENTATION_CONTEXT() REPRESENTATION_CONTEXT('2D SPACE',''
  ) );
#13653 = ORIENTED_EDGE('',*,*,#13091,.F.);
#13654 = ORIENTED_EDGE('',*,*,#13655,.F.);
#13655 = EDGE_CURVE('',#13142,#12707,#13656,.T.);
#13656 = SURFACE_CURVE('',#13657,(#13661,#13668),.PCURVE_S1.);
#13657 = LINE('',#13658,#13659);
#13658 = CARTESIAN_POINT('',(68.538461538462,91.307692307692,38.));
#13659 = VECTOR('',#13660,1.);
#13660 = DIRECTION('',(-1.,0.,0.));
#13661 = PCURVE('',#11960,#13662);
#13662 = DEFINITIONAL_REPRESENTATION('',(#13663),#13667);
#13663 = LINE('',#13664,#13665);
#13664 = CARTESIAN_POINT('',(97.493710918392,7.105427357601E-15));
#13665 = VECTOR('',#13666,1.);
#13666 = DIRECTION('',(-0.59569917413,-0.803207628164));
#13667 = ( GEOMETRIC_REPRESENTATION_CONTEXT(2) 
PARAMETRIC_REPRESENTATION_CONTEXT() REPRESENTATION_CONTEXT('2D SPACE',''
  ) );
#13668 = PCURVE('',#12591,#13669);
#13669 = DEFINITIONAL_REPRESENTATION('',(#13670),#13673);
#13670 = B_SPLINE_CURVE_WITH_KNOTS('',1,(#13671,#13672),.UNSPECIFIED.,
  .F.,.F.,(2,2),(0.,58.076923076923),.PIECEWISE_BEZIER_KNOTS.);
#13671 = CARTESIAN_POINT('',(0.,1.));
#13672 = CARTESIAN_POINT('',(75.,1.));
#13673 = ( GEOMETRIC_REPRESENTATION_CONTEXT(2) 
PARAMETRIC_REPRESENTATION_CONTEXT() REPRESENTATION_CONTEXT('2D SPACE',''
  ) );
#13674 = ORIENTED_EDGE('',*,*,#13163,.F.);
#13675 = ORIENTED_EDGE('',*,*,#13676,.F.);
#13676 = EDGE_CURVE('',#13274,#13164,#13677,.T.);
#13677 = SURFACE_CURVE('',#13678,(#13683,#13690),.PCURVE_S1.);
#13678 = CIRCLE('',#13679,4.);
#13679 = AXIS2_PLACEMENT_3D('',#13680,#13681,#13682);
#13680 = CARTESIAN_POINT('',(67.,83.,38.));
#13681 = DIRECTION('',(0.,0.,-1.));
#13682 = DIRECTION('',(1.,0.,0.));
#13683 = PCURVE('',#11960,#13684);
#13684 = DEFINITIONAL_REPRESENTATION('',(#13685),#13689);
#13685 = CIRCLE('',#13686,4.);
#13686 = AXIS2_PLACEMENT_2D('',#13687,#13688);
#13687 = CARTESIAN_POINT('',(89.904448816521,3.713181403286));
#13688 = DIRECTION('',(0.59569917413,0.803207628164));
#13689 = ( GEOMETRIC_REPRESENTATION_CONTEXT(2) 
PARAMETRIC_REPRESENTATION_CONTEXT() REPRESENTATION_CONTEXT('2D SPACE',''
  ) );
#13690 = PCURVE('',#13241,#13691);
#13691 = DEFINITIONAL_REPRESENTATION('',(#13692),#13696);
#13692 = LINE('',#13693,#13694);
#13693 = CARTESIAN_POINT('',(-6.28318530718,-7.15));
#13694 = VECTOR('',#13695,1.);
#13695 = DIRECTION('',(1.,-0.));
#13696 = ( GEOMETRIC_REPRESENTATION_CONTEXT(2) 
PARAMETRIC_REPRESENTATION_CONTEXT() REPRESENTATION_CONTEXT('2D SPACE',''
  ) );
#13697 = ORIENTED_EDGE('',*,*,#13356,.F.);
#13698 = ORIENTED_EDGE('',*,*,#13699,.F.);
#13699 = EDGE_CURVE('',#11732,#13357,#13700,.T.);
#13700 = SURFACE_CURVE('',#13701,(#13706,#13713),.PCURVE_S1.);
#13701 = CIRCLE('',#13702,4.);
#13702 = AXIS2_PLACEMENT_3D('',#13703,#13704,#13705);
#13703 = CARTESIAN_POINT('',(67.,12.,38.));
#13704 = DIRECTION('',(0.,0.,-1.));
#13705 = DIRECTION('',(1.,0.,0.));
#13706 = PCURVE('',#11960,#13707);
#13707 = DEFINITIONAL_REPRESENTATION('',(#13708),#13712);
#13708 = CIRCLE('',#13709,4.);
#13709 = AXIS2_PLACEMENT_2D('',#13710,#13711);
#13710 = CARTESIAN_POINT('',(32.876707216859,46.007822766493));
#13711 = DIRECTION('',(0.59569917413,0.803207628164));
#13712 = ( GEOMETRIC_REPRESENTATION_CONTEXT(2) 
PARAMETRIC_REPRESENTATION_CONTEXT() REPRESENTATION_CONTEXT('2D SPACE',''
  ) );
#13713 = PCURVE('',#11871,#13714);
#13714 = DEFINITIONAL_REPRESENTATION('',(#13715),#13719);
#13715 = LINE('',#13716,#13717);
#13716 = CARTESIAN_POINT('',(-6.28318530718,-7.15));
#13717 = VECTOR('',#13718,1.);
#13718 = DIRECTION('',(1.,-0.));
#13719 = ( GEOMETRIC_REPRESENTATION_CONTEXT(2) 
PARAMETRIC_REPRESENTATION_CONTEXT() REPRESENTATION_CONTEXT('2D SPACE',''
  ) );
#13720 = FACE_BOUND('',#13721,.T.);
#13721 = EDGE_LOOP('',(#13722));
#13722 = ORIENTED_EDGE('',*,*,#13723,.F.);
#13723 = EDGE_CURVE('',#13724,#13724,#13726,.T.);
#13724 = VERTEX_POINT('',#13725);
#13725 = CARTESIAN_POINT('',(33.5,48.,38.));
#13726 = SURFACE_CURVE('',#13727,(#13732,#13739),.PCURVE_S1.);
#13727 = CIRCLE('',#13728,3.);
#13728 = AXIS2_PLACEMENT_3D('',#13729,#13730,#13731);
#13729 = CARTESIAN_POINT('',(30.5,48.,38.));
#13730 = DIRECTION('',(0.,0.,-1.));
#13731 = DIRECTION('',(1.,0.,0.));
#13732 = PCURVE('',#11960,#13733);
#13733 = DEFINITIONAL_REPRESENTATION('',(#13734),#13738);
#13734 = CIRCLE('',#13735,3.);
#13735 = AXIS2_PLACEMENT_2D('',#13736,#13737);
#13736 = CARTESIAN_POINT('',(40.049161975039,-4.75442593017));
#13737 = DIRECTION('',(0.59569917413,0.803207628164));
#13738 = ( GEOMETRIC_REPRESENTATION_CONTEXT(2) 
PARAMETRIC_REPRESENTATION_CONTEXT() REPRESENTATION_CONTEXT('2D SPACE',''
  ) );
#13739 = PCURVE('',#13740,#13745);
#13740 = CYLINDRICAL_SURFACE('',#13741,3.);
#13741 = AXIS2_PLACEMENT_3D('',#13742,#13743,#13744);
#13742 = CARTESIAN_POINT('',(30.5,48.,34.85));
#13743 = DIRECTION('',(-0.,-0.,-1.));
#13744 = DIRECTION('',(1.,0.,0.));
#13745 = DEFINITIONAL_REPRESENTATION('',(#13746),#13750);
#13746 = LINE('',#13747,#13748);
#13747 = CARTESIAN_POINT('',(-6.28318530718,-3.15));
#13748 = VECTOR('',#13749,1.);
#13749 = DIRECTION('',(1.,-0.));
#13750 = ( GEOMETRIC_REPRESENTATION_CONTEXT(2) 
PARAMETRIC_REPRESENTATION_CONTEXT() REPRESENTATION_CONTEXT('2D SPACE',''
  ) );
#13751 = FACE_BOUND('',#13752,.T.);
#13752 = EDGE_LOOP('',(#13753));
#13753 = ORIENTED_EDGE('',*,*,#13754,.F.);
#13754 = EDGE_CURVE('',#13755,#13755,#13757,.T.);
#13755 = VERTEX_POINT('',#13756);
#13756 = CARTESIAN_POINT('',(33.5,58.,38.));
#13757 = SURFACE_CURVE('',#13758,(#13763,#13770),.PCURVE_S1.);
#13758 = CIRCLE('',#13759,3.);
#13759 = AXIS2_PLACEMENT_3D('',#13760,#13761,#13762);
#13760 = CARTESIAN_POINT('',(30.5,58.,38.));
#13761 = DIRECTION('',(0.,0.,-1.));
#13762 = DIRECTION('',(1.,0.,0.));
#13763 = PCURVE('',#11960,#13764);
#13764 = DEFINITIONAL_REPRESENTATION('',(#13765),#13769);
#13765 = CIRCLE('',#13766,3.);
#13766 = AXIS2_PLACEMENT_2D('',#13767,#13768);
#13767 = CARTESIAN_POINT('',(48.081238256682,-10.71141767146));
#13768 = DIRECTION('',(0.59569917413,0.803207628164));
#13769 = ( GEOMETRIC_REPRESENTATION_CONTEXT(2) 
PARAMETRIC_REPRESENTATION_CONTEXT() REPRESENTATION_CONTEXT('2D SPACE',''
  ) );
#13770 = PCURVE('',#13771,#13776);
#13771 = CYLINDRICAL_SURFACE('',#13772,3.);
#13772 = AXIS2_PLACEMENT_3D('',#13773,#13774,#13775);
#13773 = CARTESIAN_POINT('',(30.5,58.,34.85));
#13774 = DIRECTION('',(-0.,-0.,-1.));
#13775 = DIRECTION('',(1.,0.,0.));
#13776 = DEFINITIONAL_REPRESENTATION('',(#13777),#13781);
#13777 = LINE('',#13778,#13779);
#13778 = CARTESIAN_POINT('',(-6.28318530718,-3.15));
#13779 = VECTOR('',#13780,1.);
#13780 = DIRECTION('',(1.,-0.));
#13781 = ( GEOMETRIC_REPRESENTATION_CONTEXT(2) 
PARAMETRIC_REPRESENTATION_CONTEXT() REPRESENTATION_CONTEXT('2D SPACE',''
  ) );
#13782 = FACE_BOUND('',#13783,.T.);
#13783 = EDGE_LOOP('',(#13784));
#13784 = ORIENTED_EDGE('',*,*,#13785,.F.);
#13785 = EDGE_CURVE('',#13786,#13786,#13788,.T.);
#13786 = VERTEX_POINT('',#13787);
#13787 = CARTESIAN_POINT('',(33.5,68.,38.));
#13788 = SURFACE_CURVE('',#13789,(#13794,#13801),.PCURVE_S1.);
#13789 = CIRCLE('',#13790,3.);
#13790 = AXIS2_PLACEMENT_3D('',#13791,#13792,#13793);
#13791 = CARTESIAN_POINT('',(30.5,68.,38.));
#13792 = DIRECTION('',(0.,0.,-1.));
#13793 = DIRECTION('',(1.,0.,0.));
#13794 = PCURVE('',#11960,#13795);
#13795 = DEFINITIONAL_REPRESENTATION('',(#13796),#13800);
#13796 = CIRCLE('',#13797,3.);
#13797 = AXIS2_PLACEMENT_2D('',#13798,#13799);
#13798 = CARTESIAN_POINT('',(56.113314538324,-16.66840941276));
#13799 = DIRECTION('',(0.59569917413,0.803207628164));
#13800 = ( GEOMETRIC_REPRESENTATION_CONTEXT(2) 
PARAMETRIC_REPRESENTATION_CONTEXT() REPRESENTATION_CONTEXT('2D SPACE',''
  ) );
#13801 = PCURVE('',#13802,#13807);
#13802 = CYLINDRICAL_SURFACE('',#13803,3.);
#13803 = AXIS2_PLACEMENT_3D('',#13804,#13805,#13806);
#13804 = CARTESIAN_POINT('',(30.5,68.,34.85));
#13805 = DIRECTION('',(-0.,-0.,-1.));
#13806 = DIRECTION('',(1.,0.,0.));
#13807 = DEFINITIONAL_REPRESENTATION('',(#13808),#13812);
#13808 = LINE('',#13809,#13810);
#13809 = CARTESIAN_POINT('',(-6.28318530718,-3.15));
#13810 = VECTOR('',#13811,1.);
#13811 = DIRECTION('',(1.,-0.));
#13812 = ( GEOMETRIC_REPRESENTATION_CONTEXT(2) 
PARAMETRIC_REPRESENTATION_CONTEXT() REPRESENTATION_CONTEXT('2D SPACE',''
  ) );
#13813 = FACE_BOUND('',#13814,.T.);
#13814 = EDGE_LOOP('',(#13815));
#13815 = ORIENTED_EDGE('',*,*,#13816,.F.);
#13816 = EDGE_CURVE('',#13817,#13817,#13819,.T.);
#13817 = VERTEX_POINT('',#13818);
#13818 = CARTESIAN_POINT('',(51.5,48.,38.));
#13819 = SURFACE_CURVE('',#13820,(#13825,#13832),.PCURVE_S1.);
#13820 = CIRCLE('',#13821,3.);
#13821 = AXIS2_PLACEMENT_3D('',#13822,#13823,#13824);
#13822 = CARTESIAN_POINT('',(48.5,48.,38.));
#13823 = DIRECTION('',(0.,0.,-1.));
#13824 = DIRECTION('',(1.,0.,0.));
#13825 = PCURVE('',#11960,#13826);
#13826 = DEFINITIONAL_REPRESENTATION('',(#13827),#13831);
#13827 = CIRCLE('',#13828,3.);
#13828 = AXIS2_PLACEMENT_2D('',#13829,#13830);
#13829 = CARTESIAN_POINT('',(50.771747109373,9.703311376786));
#13830 = DIRECTION('',(0.59569917413,0.803207628164));
#13831 = ( GEOMETRIC_REPRESENTATION_CONTEXT(2) 
PARAMETRIC_REPRESENTATION_CONTEXT() REPRESENTATION_CONTEXT('2D SPACE',''
  ) );
#13832 = PCURVE('',#13833,#13838);
#13833 = CYLINDRICAL_SURFACE('',#13834,3.);
#13834 = AXIS2_PLACEMENT_3D('',#13835,#13836,#13837);
#13835 = CARTESIAN_POINT('',(48.5,48.,34.85));
#13836 = DIRECTION('',(-0.,-0.,-1.));
#13837 = DIRECTION('',(1.,0.,0.));
#13838 = DEFINITIONAL_REPRESENTATION('',(#13839),#13843);
#13839 = LINE('',#13840,#13841);
#13840 = CARTESIAN_POINT('',(-6.28318530718,-3.15));
#13841 = VECTOR('',#13842,1.);
#13842 = DIRECTION('',(1.,-0.));
#13843 = ( GEOMETRIC_REPRESENTATION_CONTEXT(2) 
PARAMETRIC_REPRESENTATION_CONTEXT() REPRESENTATION_CONTEXT('2D SPACE',''
  ) );
#13844 = FACE_BOUND('',#13845,.T.);
#13845 = EDGE_LOOP('',(#13846));
#13846 = ORIENTED_EDGE('',*,*,#13847,.F.);
#13847 = EDGE_CURVE('',#13848,#13848,#13850,.T.);
#13848 = VERTEX_POINT('',#13849);
#13849 = CARTESIAN_POINT('',(51.5,58.,38.));
#13850 = SURFACE_CURVE('',#13851,(#13856,#13863),.PCURVE_S1.);
#13851 = CIRCLE('',#13852,3.);
#13852 = AXIS2_PLACEMENT_3D('',#13853,#13854,#13855);
#13853 = CARTESIAN_POINT('',(48.5,58.,38.));
#13854 = DIRECTION('',(0.,0.,-1.));
#13855 = DIRECTION('',(1.,0.,0.));
#13856 = PCURVE('',#11960,#13857);
#13857 = DEFINITIONAL_REPRESENTATION('',(#13858),#13862);
#13858 = CIRCLE('',#13859,3.);
#13859 = AXIS2_PLACEMENT_2D('',#13860,#13861);
#13860 = CARTESIAN_POINT('',(58.803823391016,3.746319635489));
#13861 = DIRECTION('',(0.59569917413,0.803207628164));
#13862 = ( GEOMETRIC_REPRESENTATION_CONTEXT(2) 
PARAMETRIC_REPRESENTATION_CONTEXT() REPRESENTATION_CONTEXT('2D SPACE',''
  ) );
#13863 = PCURVE('',#13864,#13869);
#13864 = CYLINDRICAL_SURFACE('',#13865,3.);
#13865 = AXIS2_PLACEMENT_3D('',#13866,#13867,#13868);
#13866 = CARTESIAN_POINT('',(48.5,58.,34.85));
#13867 = DIRECTION('',(-0.,-0.,-1.));
#13868 = DIRECTION('',(1.,0.,0.));
#13869 = DEFINITIONAL_REPRESENTATION('',(#13870),#13874);
#13870 = LINE('',#13871,#13872);
#13871 = CARTESIAN_POINT('',(-6.28318530718,-3.15));
#13872 = VECTOR('',#13873,1.);
#13873 = DIRECTION('',(1.,-0.));
#13874 = ( GEOMETRIC_REPRESENTATION_CONTEXT(2) 
PARAMETRIC_REPRESENTATION_CONTEXT() REPRESENTATION_CONTEXT('2D SPACE',''
  ) );
#13875 = FACE_BOUND('',#13876,.T.);
#13876 = EDGE_LOOP('',(#13877));
#13877 = ORIENTED_EDGE('',*,*,#13878,.F.);
#13878 = EDGE_CURVE('',#13879,#13879,#13881,.T.);
#13879 = VERTEX_POINT('',#13880);
#13880 = CARTESIAN_POINT('',(51.5,68.,38.));
#13881 = SURFACE_CURVE('',#13882,(#13887,#13894),.PCURVE_S1.);
#13882 = CIRCLE('',#13883,3.);
#13883 = AXIS2_PLACEMENT_3D('',#13884,#13885,#13886);
#13884 = CARTESIAN_POINT('',(48.5,68.,38.));
#13885 = DIRECTION('',(0.,0.,-1.));
#13886 = DIRECTION('',(1.,0.,0.));
#13887 = PCURVE('',#11960,#13888);
#13888 = DEFINITIONAL_REPRESENTATION('',(#13889),#13893);
#13889 = CIRCLE('',#13890,3.);
#13890 = AXIS2_PLACEMENT_2D('',#13891,#13892);
#13891 = CARTESIAN_POINT('',(66.835899672658,-2.210672105807));
#13892 = DIRECTION('',(0.59569917413,0.803207628164));
#13893 = ( GEOMETRIC_REPRESENTATION_CONTEXT(2) 
PARAMETRIC_REPRESENTATION_CONTEXT() REPRESENTATION_CONTEXT('2D SPACE',''
  ) );
#13894 = PCURVE('',#13895,#13900);
#13895 = CYLINDRICAL_SURFACE('',#13896,3.);
#13896 = AXIS2_PLACEMENT_3D('',#13897,#13898,#13899);
#13897 = CARTESIAN_POINT('',(48.5,68.,34.85));
#13898 = DIRECTION('',(-0.,-0.,-1.));
#13899 = DIRECTION('',(1.,0.,0.));
#13900 = DEFINITIONAL_REPRESENTATION('',(#13901),#13905);
#13901 = LINE('',#13902,#13903);
#13902 = CARTESIAN_POINT('',(-6.28318530718,-3.15));
#13903 = VECTOR('',#13904,1.);
#13904 = DIRECTION('',(1.,-0.));
#13905 = ( GEOMETRIC_REPRESENTATION_CONTEXT(2) 
PARAMETRIC_REPRESENTATION_CONTEXT() REPRESENTATION_CONTEXT('2D SPACE',''
  ) );
#13906 = ADVANCED_FACE('',(#13907),#11871,.T.);
#13907 = FACE_BOUND('',#13908,.F.);
#13908 = EDGE_LOOP('',(#13909,#13910,#13931,#13932,#13933,#13934,#13935)
  );
#13909 = ORIENTED_EDGE('',*,*,#12375,.F.);
#13910 = ORIENTED_EDGE('',*,*,#13911,.T.);
#13911 = EDGE_CURVE('',#12376,#13379,#13912,.T.);
#13912 = SEAM_CURVE('',#13913,(#13917,#13924),.PCURVE_S1.);
#13913 = LINE('',#13914,#13915);
#13914 = CARTESIAN_POINT('',(71.,12.,30.85));
#13915 = VECTOR('',#13916,1.);
#13916 = DIRECTION('',(0.,0.,1.));
#13917 = PCURVE('',#11871,#13918);
#13918 = DEFINITIONAL_REPRESENTATION('',(#13919),#13923);
#13919 = LINE('',#13920,#13921);
#13920 = CARTESIAN_POINT('',(-6.28318530718,0.));
#13921 = VECTOR('',#13922,1.);
#13922 = DIRECTION('',(-0.,-1.));
#13923 = ( GEOMETRIC_REPRESENTATION_CONTEXT(2) 
PARAMETRIC_REPRESENTATION_CONTEXT() REPRESENTATION_CONTEXT('2D SPACE',''
  ) );
#13924 = PCURVE('',#11871,#13925);
#13925 = DEFINITIONAL_REPRESENTATION('',(#13926),#13930);
#13926 = LINE('',#13927,#13928);
#13927 = CARTESIAN_POINT('',(-0.,0.));
#13928 = VECTOR('',#13929,1.);
#13929 = DIRECTION('',(-0.,-1.));
#13930 = ( GEOMETRIC_REPRESENTATION_CONTEXT(2) 
PARAMETRIC_REPRESENTATION_CONTEXT() REPRESENTATION_CONTEXT('2D SPACE',''
  ) );
#13931 = ORIENTED_EDGE('',*,*,#13378,.F.);
#13932 = ORIENTED_EDGE('',*,*,#13699,.F.);
#13933 = ORIENTED_EDGE('',*,*,#11731,.F.);
#13934 = ORIENTED_EDGE('',*,*,#13506,.F.);
#13935 = ORIENTED_EDGE('',*,*,#13911,.F.);
#13936 = ADVANCED_FACE('',(#13937),#12591,.F.);
#13937 = FACE_BOUND('',#13938,.F.);
#13938 = EDGE_LOOP('',(#13939,#13940,#13941,#14047,#14072,#14176,#14177,
    #14283,#14308,#14412,#14413,#14414));
#13939 = ORIENTED_EDGE('',*,*,#13141,.F.);
#13940 = ORIENTED_EDGE('',*,*,#12682,.T.);
#13941 = ORIENTED_EDGE('',*,*,#13942,.T.);
#13942 = EDGE_CURVE('',#12655,#13943,#13945,.T.);
#13943 = VERTEX_POINT('',#13944);
#13944 = CARTESIAN_POINT('',(56.,91.461538461538,37.));
#13945 = SURFACE_CURVE('',#13946,(#13976,#14009),.PCURVE_S1.);
#13946 = B_SPLINE_CURVE_WITH_KNOTS('',4,(#13947,#13948,#13949,#13950,
    #13951,#13952,#13953,#13954,#13955,#13956,#13957,#13958,#13959,
    #13960,#13961,#13962,#13963,#13964,#13965,#13966,#13967,#13968,
    #13969,#13970,#13971,#13972,#13973,#13974,#13975),.UNSPECIFIED.,.F.,
  .F.,(5,3,3,3,3,3,3,3,3,5),(0.,0.244842857351,0.49182781723,
    0.742990256884,0.871099543147,0.935736457702,0.96764247036,
    0.983635301202,0.991638474497,1.),.UNSPECIFIED.);
#13947 = CARTESIAN_POINT('',(56.,93.,27.));
#13948 = CARTESIAN_POINT('',(56.,92.903019825442,27.630371134628));
#13949 = CARTESIAN_POINT('',(56.,92.806373824747,28.258570139143));
#13950 = CARTESIAN_POINT('',(56.,92.71009813157,28.884362144796));
#13951 = CARTESIAN_POINT('',(56.,92.517538685317,30.135998545437));
#13952 = CARTESIAN_POINT('',(56.,92.421262309112,30.761794990771));
#13953 = CARTESIAN_POINT('',(56.,92.325454832215,31.384543590601));
#13954 = CARTESIAN_POINT('',(56.,92.133279848635,32.633680983871));
#13955 = CARTESIAN_POINT('',(56.,92.036930342936,33.259952770915));
#13956 = CARTESIAN_POINT('',(56.,91.941184519816,33.882300621196));
#13957 = CARTESIAN_POINT('',(56.,91.797622919039,34.815451026248));
#13958 = CARTESIAN_POINT('',(56.,91.749306995678,35.129504528096));
#13959 = CARTESIAN_POINT('',(56.,91.701176577513,35.442352246164));
#13960 = CARTESIAN_POINT('',(56.,91.629057031447,35.911129295593));
#13961 = CARTESIAN_POINT('',(56.,91.604921823962,36.068008144245));
#13962 = CARTESIAN_POINT('',(56.,91.580837846261,36.224553999302));
#13963 = CARTESIAN_POINT('',(56.,91.544944162185,36.457862945796));
#13964 = CARTESIAN_POINT('',(56.,91.533094652275,36.534884760214));
#13965 = CARTESIAN_POINT('',(56.,91.521258133297,36.611822133569));
#13966 = CARTESIAN_POINT('',(56.,91.503508340103,36.727195789329));
#13967 = CARTESIAN_POINT('',(56.,91.497585210849,36.765696129484));
#13968 = CARTESIAN_POINT('',(56.,91.49166541008,36.804174834481));
#13969 = CARTESIAN_POINT('',(56.,91.48278823422,36.861876477572));
#13970 = CARTESIAN_POINT('',(56.,91.479827509507,36.881121188204));
#13971 = CARTESIAN_POINT('',(56.,91.476866785393,36.900365894949));
#13972 = CARTESIAN_POINT('',(56.,91.470812768221,36.939717006566));
#13973 = CARTESIAN_POINT('',(56.,91.46772036961,36.959817597535));
#13974 = CARTESIAN_POINT('',(56.,91.464628976035,36.979911655775));
#13975 = CARTESIAN_POINT('',(56.,91.461538461538,37.));
#13976 = PCURVE('',#12591,#13977);
#13977 = DEFINITIONAL_REPRESENTATION('',(#13978),#14008);
#13978 = B_SPLINE_CURVE_WITH_KNOTS('',4,(#13979,#13980,#13981,#13982,
    #13983,#13984,#13985,#13986,#13987,#13988,#13989,#13990,#13991,
    #13992,#13993,#13994,#13995,#13996,#13997,#13998,#13999,#14000,
    #14001,#14002,#14003,#14004,#14005,#14006,#14007),.UNSPECIFIED.,.F.,
  .F.,(5,3,3,3,3,3,3,3,3,5),(0.,0.244842857351,0.49182781723,
    0.742990256884,0.871099543147,0.935736457702,0.96764247036,
    0.983635301202,0.991638474497,1.),.UNSPECIFIED.);
#13979 = CARTESIAN_POINT('',(21.,0.));
#13980 = CARTESIAN_POINT('',(20.786643615972,5.730646678432E-02));
#13981 = CARTESIAN_POINT('',(20.566665566684,0.114415467195));
#13982 = CARTESIAN_POINT('',(20.339688223662,0.171305649527));
#13983 = CARTESIAN_POINT('',(19.868869975358,0.285090776858));
#13984 = CARTESIAN_POINT('',(19.624899392235,0.341981362797));
#13985 = CARTESIAN_POINT('',(19.372974092906,0.398594871873));
#13986 = CARTESIAN_POINT('',(18.84793748294,0.512152816716));
#13987 = CARTESIAN_POINT('',(18.574540767428,0.569086615538));
#13988 = CARTESIAN_POINT('',(18.292006942823,0.625663692836));
#13989 = CARTESIAN_POINT('',(17.850875859269,0.710495547841));
#13990 = CARTESIAN_POINT('',(17.699376220455,0.739045866191));
#13991 = CARTESIAN_POINT('',(17.545320661694,0.767486567833));
#13992 = CARTESIAN_POINT('',(17.309604053641,0.810102663236));
#13993 = CARTESIAN_POINT('',(17.229891670279,0.82436437675));
#13994 = CARTESIAN_POINT('',(17.149506364838,0.838595818118));
#13995 = CARTESIAN_POINT('',(17.028425407581,0.859805722345));
#13996 = CARTESIAN_POINT('',(16.988244205295,0.866807705474));
#13997 = CARTESIAN_POINT('',(16.947896397407,0.873802012143));
#13998 = CARTESIAN_POINT('',(16.887072919002,0.884290526303));
#13999 = CARTESIAN_POINT('',(16.866722637275,0.887790557226));
#14000 = CARTESIAN_POINT('',(16.846330172144,0.891288621316));
#14001 = CARTESIAN_POINT('',(16.815669403812,0.896534225234));
#14002 = CARTESIAN_POINT('',(16.805429904984,0.898283744382));
#14003 = CARTESIAN_POINT('',(16.795176879982,0.900033263177));
#14004 = CARTESIAN_POINT('',(16.774183997347,0.903610636961));
#14005 = CARTESIAN_POINT('',(16.763446444279,0.905437963412));
#14006 = CARTESIAN_POINT('',(16.75269629137,0.90726469598));
#14007 = CARTESIAN_POINT('',(16.741935126141,0.909090909091));
#14008 = ( GEOMETRIC_REPRESENTATION_CONTEXT(2) 
PARAMETRIC_REPRESENTATION_CONTEXT() REPRESENTATION_CONTEXT('2D SPACE',''
  ) );
#14009 = PCURVE('',#14010,#14015);
#14010 = PLANE('',#14011);
#14011 = AXIS2_PLACEMENT_3D('',#14012,#14013,#14014);
#14012 = CARTESIAN_POINT('',(56.,90.,27.));
#14013 = DIRECTION('',(1.,0.,0.));
#14014 = DIRECTION('',(0.,0.,1.));
#14015 = DEFINITIONAL_REPRESENTATION('',(#14016),#14046);
#14016 = B_SPLINE_CURVE_WITH_KNOTS('',4,(#14017,#14018,#14019,#14020,
    #14021,#14022,#14023,#14024,#14025,#14026,#14027,#14028,#14029,
    #14030,#14031,#14032,#14033,#14034,#14035,#14036,#14037,#14038,
    #14039,#14040,#14041,#14042,#14043,#14044,#14045),.UNSPECIFIED.,.F.,
  .F.,(5,3,3,3,3,3,3,3,3,5),(0.,0.244842857351,0.49182781723,
    0.742990256884,0.871099543147,0.935736457702,0.96764247036,
    0.983635301202,0.991638474497,1.),.UNSPECIFIED.);
#14017 = CARTESIAN_POINT('',(0.,-3.));
#14018 = CARTESIAN_POINT('',(0.630371134628,-2.903019825442));
#14019 = CARTESIAN_POINT('',(1.258570139143,-2.806373824747));
#14020 = CARTESIAN_POINT('',(1.884362144796,-2.71009813157));
#14021 = CARTESIAN_POINT('',(3.135998545437,-2.517538685317));
#14022 = CARTESIAN_POINT('',(3.761794990771,-2.421262309112));
#14023 = CARTESIAN_POINT('',(4.384543590601,-2.325454832215));
#14024 = CARTESIAN_POINT('',(5.633680983871,-2.133279848635));
#14025 = CARTESIAN_POINT('',(6.259952770915,-2.036930342936));
#14026 = CARTESIAN_POINT('',(6.882300621196,-1.941184519816));
#14027 = CARTESIAN_POINT('',(7.815451026248,-1.797622919039));
#14028 = CARTESIAN_POINT('',(8.129504528096,-1.749306995678));
#14029 = CARTESIAN_POINT('',(8.442352246164,-1.701176577513));
#14030 = CARTESIAN_POINT('',(8.911129295593,-1.629057031447));
#14031 = CARTESIAN_POINT('',(9.068008144245,-1.604921823962));
#14032 = CARTESIAN_POINT('',(9.224553999302,-1.580837846261));
#14033 = CARTESIAN_POINT('',(9.457862945796,-1.544944162185));
#14034 = CARTESIAN_POINT('',(9.534884760214,-1.533094652275));
#14035 = CARTESIAN_POINT('',(9.611822133569,-1.521258133297));
#14036 = CARTESIAN_POINT('',(9.727195789329,-1.503508340103));
#14037 = CARTESIAN_POINT('',(9.765696129484,-1.497585210849));
#14038 = CARTESIAN_POINT('',(9.804174834481,-1.49166541008));
#14039 = CARTESIAN_POINT('',(9.861876477572,-1.48278823422));
#14040 = CARTESIAN_POINT('',(9.881121188204,-1.479827509507));
#14041 = CARTESIAN_POINT('',(9.900365894949,-1.476866785393));
#14042 = CARTESIAN_POINT('',(9.939717006566,-1.470812768221));
#14043 = CARTESIAN_POINT('',(9.959817597535,-1.46772036961));
#14044 = CARTESIAN_POINT('',(9.979911655775,-1.464628976035));
#14045 = CARTESIAN_POINT('',(10.,-1.461538461538));
#14046 = ( GEOMETRIC_REPRESENTATION_CONTEXT(2) 
PARAMETRIC_REPRESENTATION_CONTEXT() REPRESENTATION_CONTEXT('2D SPACE',''
  ) );
#14047 = ORIENTED_EDGE('',*,*,#14048,.F.);
#14048 = EDGE_CURVE('',#14049,#13943,#14051,.T.);
#14049 = VERTEX_POINT('',#14050);
#14050 = CARTESIAN_POINT('',(48.,91.461538461538,37.));
#14051 = SURFACE_CURVE('',#14052,(#14055,#14061),.PCURVE_S1.);
#14052 = B_SPLINE_CURVE_WITH_KNOTS('',1,(#14053,#14054),.UNSPECIFIED.,
  .F.,.F.,(2,2),(0.,1.),.PIECEWISE_BEZIER_KNOTS.);
#14053 = CARTESIAN_POINT('',(48.,91.461538461538,37.));
#14054 = CARTESIAN_POINT('',(56.,91.461538461538,37.));
#14055 = PCURVE('',#12591,#14056);
#14056 = DEFINITIONAL_REPRESENTATION('',(#14057),#14060);
#14057 = B_SPLINE_CURVE_WITH_KNOTS('',1,(#14058,#14059),.UNSPECIFIED.,
  .F.,.F.,(2,2),(0.,1.),.PIECEWISE_BEZIER_KNOTS.);
#14058 = CARTESIAN_POINT('',(26.806451612903,0.909090909091));
#14059 = CARTESIAN_POINT('',(16.741935483871,0.909090909091));
#14060 = ( GEOMETRIC_REPRESENTATION_CONTEXT(2) 
PARAMETRIC_REPRESENTATION_CONTEXT() REPRESENTATION_CONTEXT('2D SPACE',''
  ) );
#14061 = PCURVE('',#14062,#14067);
#14062 = PLANE('',#14063);
#14063 = AXIS2_PLACEMENT_3D('',#14064,#14065,#14066);
#14064 = CARTESIAN_POINT('',(48.,90.,37.));
#14065 = DIRECTION('',(0.,0.,1.));
#14066 = DIRECTION('',(1.,0.,0.));
#14067 = DEFINITIONAL_REPRESENTATION('',(#14068),#14071);
#14068 = B_SPLINE_CURVE_WITH_KNOTS('',1,(#14069,#14070),.UNSPECIFIED.,
  .F.,.F.,(2,2),(0.,1.),.PIECEWISE_BEZIER_KNOTS.);
#14069 = CARTESIAN_POINT('',(0.,1.461538461538));
#14070 = CARTESIAN_POINT('',(8.,1.461538461538));
#14071 = ( GEOMETRIC_REPRESENTATION_CONTEXT(2) 
PARAMETRIC_REPRESENTATION_CONTEXT() REPRESENTATION_CONTEXT('2D SPACE',''
  ) );
#14072 = ORIENTED_EDGE('',*,*,#14073,.F.);
#14073 = EDGE_CURVE('',#12632,#14049,#14074,.T.);
#14074 = SURFACE_CURVE('',#14075,(#14105,#14138),.PCURVE_S1.);
#14075 = B_SPLINE_CURVE_WITH_KNOTS('',4,(#14076,#14077,#14078,#14079,
    #14080,#14081,#14082,#14083,#14084,#14085,#14086,#14087,#14088,
    #14089,#14090,#14091,#14092,#14093,#14094,#14095,#14096,#14097,
    #14098,#14099,#14100,#14101,#14102,#14103,#14104),.UNSPECIFIED.,.F.,
  .F.,(5,3,3,3,3,3,3,3,3,5),(0.,0.248995412134,0.497844110391,
    0.747934786867,0.874124663351,0.937396216883,0.968524094371,
    0.984100206415,0.991890330554,1.),.UNSPECIFIED.);
#14076 = CARTESIAN_POINT('',(48.,93.,27.));
#14077 = CARTESIAN_POINT('',(48.,92.903401428354,27.627890715698));
#14078 = CARTESIAN_POINT('',(48.,92.80689783215,28.255164091024));
#14079 = CARTESIAN_POINT('',(48.,92.710500749632,28.881745127393));
#14080 = CARTESIAN_POINT('',(48.,92.51800723262,30.132952987971));
#14081 = CARTESIAN_POINT('',(48.,92.421910723589,30.757580296669));
#14082 = CARTESIAN_POINT('',(48.,92.325951472003,31.381315431979));
#14083 = CARTESIAN_POINT('',(48.,92.133870840337,32.629839537811));
#14084 = CARTESIAN_POINT('',(48.,92.037751139432,33.254617593691));
#14085 = CARTESIAN_POINT('',(48.,91.941812110944,33.878221278863));
#14086 = CARTESIAN_POINT('',(48.,91.79777931164,34.814434474338));
#14087 = CARTESIAN_POINT('',(48.,91.749529594349,35.128057636733));
#14088 = CARTESIAN_POINT('',(48.,91.701336856473,35.441310432925));
#14089 = CARTESIAN_POINT('',(48.,91.629072327473,35.911029871424));
#14090 = CARTESIAN_POINT('',(48.,91.604954651654,36.067794764252));
#14091 = CARTESIAN_POINT('',(48.,91.580852931155,36.22445594749));
#14092 = CARTESIAN_POINT('',(48.,91.544918506164,36.458029709931));
#14093 = CARTESIAN_POINT('',(48.,91.533073261451,36.535023800566));
#14094 = CARTESIAN_POINT('',(48.,91.521232091395,36.61199140593));
#14095 = CARTESIAN_POINT('',(48.,91.503471928597,36.727432464122));
#14096 = CARTESIAN_POINT('',(48.,91.49754982676,36.765926126063));
#14097 = CARTESIAN_POINT('',(48.,91.491628772595,36.804412978132));
#14098 = CARTESIAN_POINT('',(48.,91.482747990812,36.862138059724));
#14099 = CARTESIAN_POINT('',(48.,91.479787206893,36.881383155193));
#14100 = CARTESIAN_POINT('',(48.,91.47682642367,36.900628246142));
#14101 = CARTESIAN_POINT('',(48.,91.470783409441,36.939907838631));
#14102 = CARTESIAN_POINT('',(48.,91.467701458411,36.95994052033));
#14103 = CARTESIAN_POINT('',(48.,91.464619821651,36.979971159268));
#14104 = CARTESIAN_POINT('',(48.,91.461538461538,37.));
#14105 = PCURVE('',#12591,#14106);
#14106 = DEFINITIONAL_REPRESENTATION('',(#14107),#14137);
#14107 = B_SPLINE_CURVE_WITH_KNOTS('',4,(#14108,#14109,#14110,#14111,
    #14112,#14113,#14114,#14115,#14116,#14117,#14118,#14119,#14120,
    #14121,#14122,#14123,#14124,#14125,#14126,#14127,#14128,#14129,
    #14130,#14131,#14132,#14133,#14134,#14135,#14136),.UNSPECIFIED.,.F.,
  .F.,(5,3,3,3,3,3,3,3,3,5),(0.,0.248995412134,0.497844110391,
    0.747934786867,0.874124663351,0.937396216883,0.968524094371,
    0.984100206415,0.991890330554,1.),.UNSPECIFIED.);
#14108 = CARTESIAN_POINT('',(29.,0.));
#14109 = CARTESIAN_POINT('',(28.890521618801,5.708097415435E-02));
#14110 = CARTESIAN_POINT('',(28.77739054131,0.114105826457));
#14111 = CARTESIAN_POINT('',(28.660346927954,0.171067738854));
#14112 = CARTESIAN_POINT('',(28.417886410775,0.284813907997));
#14113 = CARTESIAN_POINT('',(28.29247418775,0.341598208788));
#14114 = CARTESIAN_POINT('',(28.162535043834,0.398301402907));
#14115 = CARTESIAN_POINT('',(27.892192592173,0.511803594346));
#14116 = CARTESIAN_POINT('',(27.751739998271,0.568601599426));
#14117 = CARTESIAN_POINT('',(27.605968260349,0.625292843533));
#14118 = CARTESIAN_POINT('',(27.377970706114,0.710403134031));
#14119 = CARTESIAN_POINT('',(27.300041570749,0.738914330612));
#14120 = CARTESIAN_POINT('',(27.220587537482,0.767391857539));
#14121 = CARTESIAN_POINT('',(27.098912205856,0.810093624675));
#14122 = CARTESIAN_POINT('',(27.057879110155,0.824344978568));
#14123 = CARTESIAN_POINT('',(27.016439118855,0.838586904317));
#14124 = CARTESIAN_POINT('',(26.953992483024,0.859820882721));
#14125 = CARTESIAN_POINT('',(26.933300459685,0.866820345506));
#14126 = CARTESIAN_POINT('',(26.912506994071,0.873817400539));
#14127 = CARTESIAN_POINT('',(26.88115496747,0.884312042193));
#14128 = CARTESIAN_POINT('',(26.870673194575,0.887811466006));
#14129 = CARTESIAN_POINT('',(26.86016564751,0.891310270739));
#14130 = CARTESIAN_POINT('',(26.844364078157,0.896558005429));
#14131 = CARTESIAN_POINT('',(26.839089008327,0.898307559563));
#14132 = CARTESIAN_POINT('',(26.833806970223,0.900057113286));
#14133 = CARTESIAN_POINT('',(26.823011963808,0.90362798533));
#14134 = CARTESIAN_POINT('',(26.817499129457,0.905449138212));
#14135 = CARTESIAN_POINT('',(26.811978646801,0.907270105388));
#14136 = CARTESIAN_POINT('',(26.806451436968,0.909090909091));
#14137 = ( GEOMETRIC_REPRESENTATION_CONTEXT(2) 
PARAMETRIC_REPRESENTATION_CONTEXT() REPRESENTATION_CONTEXT('2D SPACE',''
  ) );
#14138 = PCURVE('',#14139,#14144);
#14139 = PLANE('',#14140);
#14140 = AXIS2_PLACEMENT_3D('',#14141,#14142,#14143);
#14141 = CARTESIAN_POINT('',(48.,90.,27.));
#14142 = DIRECTION('',(1.,0.,0.));
#14143 = DIRECTION('',(0.,0.,1.));
#14144 = DEFINITIONAL_REPRESENTATION('',(#14145),#14175);
#14145 = B_SPLINE_CURVE_WITH_KNOTS('',4,(#14146,#14147,#14148,#14149,
    #14150,#14151,#14152,#14153,#14154,#14155,#14156,#14157,#14158,
    #14159,#14160,#14161,#14162,#14163,#14164,#14165,#14166,#14167,
    #14168,#14169,#14170,#14171,#14172,#14173,#14174),.UNSPECIFIED.,.F.,
  .F.,(5,3,3,3,3,3,3,3,3,5),(0.,0.248995412134,0.497844110391,
    0.747934786867,0.874124663351,0.937396216883,0.968524094371,
    0.984100206415,0.991890330554,1.),.UNSPECIFIED.);
#14146 = CARTESIAN_POINT('',(0.,-3.));
#14147 = CARTESIAN_POINT('',(0.627890715698,-2.903401428354));
#14148 = CARTESIAN_POINT('',(1.255164091024,-2.80689783215));
#14149 = CARTESIAN_POINT('',(1.881745127393,-2.710500749632));
#14150 = CARTESIAN_POINT('',(3.132952987971,-2.51800723262));
#14151 = CARTESIAN_POINT('',(3.757580296669,-2.421910723589));
#14152 = CARTESIAN_POINT('',(4.381315431979,-2.325951472003));
#14153 = CARTESIAN_POINT('',(5.629839537811,-2.133870840337));
#14154 = CARTESIAN_POINT('',(6.254617593691,-2.037751139432));
#14155 = CARTESIAN_POINT('',(6.878221278863,-1.941812110944));
#14156 = CARTESIAN_POINT('',(7.814434474338,-1.79777931164));
#14157 = CARTESIAN_POINT('',(8.128057636733,-1.749529594349));
#14158 = CARTESIAN_POINT('',(8.441310432925,-1.701336856473));
#14159 = CARTESIAN_POINT('',(8.911029871424,-1.629072327473));
#14160 = CARTESIAN_POINT('',(9.067794764252,-1.604954651654));
#14161 = CARTESIAN_POINT('',(9.22445594749,-1.580852931155));
#14162 = CARTESIAN_POINT('',(9.458029709931,-1.544918506164));
#14163 = CARTESIAN_POINT('',(9.535023800566,-1.533073261451));
#14164 = CARTESIAN_POINT('',(9.61199140593,-1.521232091395));
#14165 = CARTESIAN_POINT('',(9.727432464122,-1.503471928597));
#14166 = CARTESIAN_POINT('',(9.765926126063,-1.49754982676));
#14167 = CARTESIAN_POINT('',(9.804412978132,-1.491628772595));
#14168 = CARTESIAN_POINT('',(9.862138059724,-1.482747990812));
#14169 = CARTESIAN_POINT('',(9.881383155193,-1.479787206893));
#14170 = CARTESIAN_POINT('',(9.900628246142,-1.47682642367));
#14171 = CARTESIAN_POINT('',(9.939907838631,-1.470783409441));
#14172 = CARTESIAN_POINT('',(9.95994052033,-1.467701458411));
#14173 = CARTESIAN_POINT('',(9.979971159268,-1.464619821651));
#14174 = CARTESIAN_POINT('',(10.,-1.461538461538));
#14175 = ( GEOMETRIC_REPRESENTATION_CONTEXT(2) 
PARAMETRIC_REPRESENTATION_CONTEXT() REPRESENTATION_CONTEXT('2D SPACE',''
  ) );
#14176 = ORIENTED_EDGE('',*,*,#12631,.T.);
#14177 = ORIENTED_EDGE('',*,*,#14178,.T.);
#14178 = EDGE_CURVE('',#12604,#14179,#14181,.T.);
#14179 = VERTEX_POINT('',#14180);
#14180 = CARTESIAN_POINT('',(31.,91.461538461538,37.));
#14181 = SURFACE_CURVE('',#14182,(#14212,#14245),.PCURVE_S1.);
#14182 = B_SPLINE_CURVE_WITH_KNOTS('',4,(#14183,#14184,#14185,#14186,
    #14187,#14188,#14189,#14190,#14191,#14192,#14193,#14194,#14195,
    #14196,#14197,#14198,#14199,#14200,#14201,#14202,#14203,#14204,
    #14205,#14206,#14207,#14208,#14209,#14210,#14211),.UNSPECIFIED.,.F.,
  .F.,(5,3,3,3,3,3,3,3,3,5),(0.,0.248995412134,0.497844110391,
    0.747934786867,0.874124663351,0.937396216883,0.968524094371,
    0.984100206415,0.991890330555,1.),.UNSPECIFIED.);
#14183 = CARTESIAN_POINT('',(31.,93.,27.));
#14184 = CARTESIAN_POINT('',(31.,92.903401428354,27.627890715698));
#14185 = CARTESIAN_POINT('',(31.,92.80689783215,28.255164091024));
#14186 = CARTESIAN_POINT('',(31.,92.710500749632,28.881745127393));
#14187 = CARTESIAN_POINT('',(31.,92.51800723262,30.132952987972));
#14188 = CARTESIAN_POINT('',(31.,92.421910723589,30.75758029667));
#14189 = CARTESIAN_POINT('',(31.,92.325951472003,31.38131543198));
#14190 = CARTESIAN_POINT('',(31.,92.133870840337,32.629839537812));
#14191 = CARTESIAN_POINT('',(31.,92.037751139432,33.254617593692));
#14192 = CARTESIAN_POINT('',(31.,91.941812110944,33.878221278864));
#14193 = CARTESIAN_POINT('',(31.,91.79777931164,34.814434474339));
#14194 = CARTESIAN_POINT('',(31.,91.749529594349,35.128057636734));
#14195 = CARTESIAN_POINT('',(31.,91.701336856473,35.441310432926));
#14196 = CARTESIAN_POINT('',(31.,91.629072327473,35.911029871425));
#14197 = CARTESIAN_POINT('',(31.,91.604954651653,36.067794764253));
#14198 = CARTESIAN_POINT('',(31.,91.580852931155,36.224455947491));
#14199 = CARTESIAN_POINT('',(31.,91.544918506164,36.458029709932));
#14200 = CARTESIAN_POINT('',(31.,91.533073261451,36.535023800567));
#14201 = CARTESIAN_POINT('',(31.,91.521232091395,36.611991405932));
#14202 = CARTESIAN_POINT('',(31.,91.503471928596,36.727432464123));
#14203 = CARTESIAN_POINT('',(31.,91.497549826759,36.765926126064));
#14204 = CARTESIAN_POINT('',(31.,91.491628772595,36.804412978133));
#14205 = CARTESIAN_POINT('',(31.,91.482747990812,36.862138059725));
#14206 = CARTESIAN_POINT('',(31.,91.479787206893,36.881383155194));
#14207 = CARTESIAN_POINT('',(31.,91.47682642367,36.900628246143));
#14208 = CARTESIAN_POINT('',(31.,91.470783409441,36.939907838632));
#14209 = CARTESIAN_POINT('',(31.,91.467701458411,36.95994052033));
#14210 = CARTESIAN_POINT('',(31.,91.464619821651,36.979971159268));
#14211 = CARTESIAN_POINT('',(31.,91.461538461538,37.));
#14212 = PCURVE('',#12591,#14213);
#14213 = DEFINITIONAL_REPRESENTATION('',(#14214),#14244);
#14214 = B_SPLINE_CURVE_WITH_KNOTS('',4,(#14215,#14216,#14217,#14218,
    #14219,#14220,#14221,#14222,#14223,#14224,#14225,#14226,#14227,
    #14228,#14229,#14230,#14231,#14232,#14233,#14234,#14235,#14236,
    #14237,#14238,#14239,#14240,#14241,#14242,#14243),.UNSPECIFIED.,.F.,
  .F.,(5,3,3,3,3,3,3,3,3,5),(0.,0.248995412134,0.497844110391,
    0.747934786867,0.874124663351,0.937396216883,0.968524094371,
    0.984100206415,0.991890330555,1.),.UNSPECIFIED.);
#14215 = CARTESIAN_POINT('',(46.,0.));
#14216 = CARTESIAN_POINT('',(46.109478381199,5.708097415436E-02));
#14217 = CARTESIAN_POINT('',(46.22260945869,0.114105826457));
#14218 = CARTESIAN_POINT('',(46.339653072046,0.171067738854));
#14219 = CARTESIAN_POINT('',(46.582113589226,0.284813907997));
#14220 = CARTESIAN_POINT('',(46.70752581225,0.341598208788));
#14221 = CARTESIAN_POINT('',(46.837464956166,0.398301402907));
#14222 = CARTESIAN_POINT('',(47.107807407828,0.511803594347));
#14223 = CARTESIAN_POINT('',(47.24826000173,0.568601599427));
#14224 = CARTESIAN_POINT('',(47.394031739651,0.625292843533));
#14225 = CARTESIAN_POINT('',(47.622029293886,0.710403134031));
#14226 = CARTESIAN_POINT('',(47.699958429251,0.738914330612));
#14227 = CARTESIAN_POINT('',(47.779412462519,0.767391857539));
#14228 = CARTESIAN_POINT('',(47.901087794145,0.810093624675));
#14229 = CARTESIAN_POINT('',(47.942120889846,0.824344978568));
#14230 = CARTESIAN_POINT('',(47.983560881146,0.838586904317));
#14231 = CARTESIAN_POINT('',(48.046007516976,0.859820882721));
#14232 = CARTESIAN_POINT('',(48.066699540315,0.866820345506));
#14233 = CARTESIAN_POINT('',(48.08749300593,0.873817400539));
#14234 = CARTESIAN_POINT('',(48.11884503253,0.884312042193));
#14235 = CARTESIAN_POINT('',(48.129326805425,0.887811466006));
#14236 = CARTESIAN_POINT('',(48.13983435249,0.891310270739));
#14237 = CARTESIAN_POINT('',(48.155635921843,0.89655800543));
#14238 = CARTESIAN_POINT('',(48.160910991673,0.898307559563));
#14239 = CARTESIAN_POINT('',(48.166193029777,0.900057113286));
#14240 = CARTESIAN_POINT('',(48.176988036192,0.90362798533));
#14241 = CARTESIAN_POINT('',(48.182500870544,0.905449138212));
#14242 = CARTESIAN_POINT('',(48.188021353199,0.907270105388));
#14243 = CARTESIAN_POINT('',(48.193548563032,0.909090909091));
#14244 = ( GEOMETRIC_REPRESENTATION_CONTEXT(2) 
PARAMETRIC_REPRESENTATION_CONTEXT() REPRESENTATION_CONTEXT('2D SPACE',''
  ) );
#14245 = PCURVE('',#14246,#14251);
#14246 = PLANE('',#14247);
#14247 = AXIS2_PLACEMENT_3D('',#14248,#14249,#14250);
#14248 = CARTESIAN_POINT('',(31.,90.,27.));
#14249 = DIRECTION('',(1.,0.,0.));
#14250 = DIRECTION('',(0.,0.,1.));
#14251 = DEFINITIONAL_REPRESENTATION('',(#14252),#14282);
#14252 = B_SPLINE_CURVE_WITH_KNOTS('',4,(#14253,#14254,#14255,#14256,
    #14257,#14258,#14259,#14260,#14261,#14262,#14263,#14264,#14265,
    #14266,#14267,#14268,#14269,#14270,#14271,#14272,#14273,#14274,
    #14275,#14276,#14277,#14278,#14279,#14280,#14281),.UNSPECIFIED.,.F.,
  .F.,(5,3,3,3,3,3,3,3,3,5),(0.,0.248995412134,0.497844110391,
    0.747934786867,0.874124663351,0.937396216883,0.968524094371,
    0.984100206415,0.991890330555,1.),.UNSPECIFIED.);
#14253 = CARTESIAN_POINT('',(0.,-3.));
#14254 = CARTESIAN_POINT('',(0.627890715698,-2.903401428354));
#14255 = CARTESIAN_POINT('',(1.255164091024,-2.80689783215));
#14256 = CARTESIAN_POINT('',(1.881745127393,-2.710500749632));
#14257 = CARTESIAN_POINT('',(3.132952987972,-2.51800723262));
#14258 = CARTESIAN_POINT('',(3.75758029667,-2.421910723589));
#14259 = CARTESIAN_POINT('',(4.38131543198,-2.325951472003));
#14260 = CARTESIAN_POINT('',(5.629839537812,-2.133870840337));
#14261 = CARTESIAN_POINT('',(6.254617593692,-2.037751139432));
#14262 = CARTESIAN_POINT('',(6.878221278864,-1.941812110944));
#14263 = CARTESIAN_POINT('',(7.814434474339,-1.79777931164));
#14264 = CARTESIAN_POINT('',(8.128057636734,-1.749529594349));
#14265 = CARTESIAN_POINT('',(8.441310432926,-1.701336856473));
#14266 = CARTESIAN_POINT('',(8.911029871425,-1.629072327473));
#14267 = CARTESIAN_POINT('',(9.067794764253,-1.604954651653));
#14268 = CARTESIAN_POINT('',(9.224455947491,-1.580852931155));
#14269 = CARTESIAN_POINT('',(9.458029709932,-1.544918506164));
#14270 = CARTESIAN_POINT('',(9.535023800567,-1.533073261451));
#14271 = CARTESIAN_POINT('',(9.611991405932,-1.521232091395));
#14272 = CARTESIAN_POINT('',(9.727432464123,-1.503471928596));
#14273 = CARTESIAN_POINT('',(9.765926126064,-1.497549826759));
#14274 = CARTESIAN_POINT('',(9.804412978133,-1.491628772595));
#14275 = CARTESIAN_POINT('',(9.862138059725,-1.482747990812));
#14276 = CARTESIAN_POINT('',(9.881383155194,-1.479787206893));
#14277 = CARTESIAN_POINT('',(9.900628246143,-1.47682642367));
#14278 = CARTESIAN_POINT('',(9.939907838632,-1.470783409441));
#14279 = CARTESIAN_POINT('',(9.95994052033,-1.467701458411));
#14280 = CARTESIAN_POINT('',(9.979971159268,-1.464619821651));
#14281 = CARTESIAN_POINT('',(10.,-1.461538461538));
#14282 = ( GEOMETRIC_REPRESENTATION_CONTEXT(2) 
PARAMETRIC_REPRESENTATION_CONTEXT() REPRESENTATION_CONTEXT('2D SPACE',''
  ) );
#14283 = ORIENTED_EDGE('',*,*,#14284,.F.);
#14284 = EDGE_CURVE('',#14285,#14179,#14287,.T.);
#14285 = VERTEX_POINT('',#14286);
#14286 = CARTESIAN_POINT('',(23.,91.461538461538,37.));
#14287 = SURFACE_CURVE('',#14288,(#14291,#14297),.PCURVE_S1.);
#14288 = B_SPLINE_CURVE_WITH_KNOTS('',1,(#14289,#14290),.UNSPECIFIED.,
  .F.,.F.,(2,2),(0.,1.),.PIECEWISE_BEZIER_KNOTS.);
#14289 = CARTESIAN_POINT('',(23.,91.461538461538,37.));
#14290 = CARTESIAN_POINT('',(31.,91.461538461538,37.));
#14291 = PCURVE('',#12591,#14292);
#14292 = DEFINITIONAL_REPRESENTATION('',(#14293),#14296);
#14293 = B_SPLINE_CURVE_WITH_KNOTS('',1,(#14294,#14295),.UNSPECIFIED.,
  .F.,.F.,(2,2),(0.,1.),.PIECEWISE_BEZIER_KNOTS.);
#14294 = CARTESIAN_POINT('',(58.258064516129,0.909090909091));
#14295 = CARTESIAN_POINT('',(48.193548387097,0.909090909091));
#14296 = ( GEOMETRIC_REPRESENTATION_CONTEXT(2) 
PARAMETRIC_REPRESENTATION_CONTEXT() REPRESENTATION_CONTEXT('2D SPACE',''
  ) );
#14297 = PCURVE('',#14298,#14303);
#14298 = PLANE('',#14299);
#14299 = AXIS2_PLACEMENT_3D('',#14300,#14301,#14302);
#14300 = CARTESIAN_POINT('',(23.,90.,37.));
#14301 = DIRECTION('',(0.,0.,1.));
#14302 = DIRECTION('',(1.,0.,0.));
#14303 = DEFINITIONAL_REPRESENTATION('',(#14304),#14307);
#14304 = B_SPLINE_CURVE_WITH_KNOTS('',1,(#14305,#14306),.UNSPECIFIED.,
  .F.,.F.,(2,2),(0.,1.),.PIECEWISE_BEZIER_KNOTS.);
#14305 = CARTESIAN_POINT('',(0.,1.461538461538));
#14306 = CARTESIAN_POINT('',(8.,1.461538461538));
#14307 = ( GEOMETRIC_REPRESENTATION_CONTEXT(2) 
PARAMETRIC_REPRESENTATION_CONTEXT() REPRESENTATION_CONTEXT('2D SPACE',''
  ) );
#14308 = ORIENTED_EDGE('',*,*,#14309,.F.);
#14309 = EDGE_CURVE('',#12576,#14285,#14310,.T.);
#14310 = SURFACE_CURVE('',#14311,(#14341,#14374),.PCURVE_S1.);
#14311 = B_SPLINE_CURVE_WITH_KNOTS('',4,(#14312,#14313,#14314,#14315,
    #14316,#14317,#14318,#14319,#14320,#14321,#14322,#14323,#14324,
    #14325,#14326,#14327,#14328,#14329,#14330,#14331,#14332,#14333,
    #14334,#14335,#14336,#14337,#14338,#14339,#14340),.UNSPECIFIED.,.F.,
  .F.,(5,3,3,3,3,3,3,3,3,5),(0.,0.244842857351,0.49182781723,
    0.742990256884,0.871099543147,0.935736457702,0.96764247036,
    0.983635301202,0.991638474497,1.),.UNSPECIFIED.);
#14312 = CARTESIAN_POINT('',(23.,93.,27.));
#14313 = CARTESIAN_POINT('',(23.,92.903019825442,27.630371134628));
#14314 = CARTESIAN_POINT('',(23.,92.806373824747,28.258570139143));
#14315 = CARTESIAN_POINT('',(23.,92.71009813157,28.884362144795));
#14316 = CARTESIAN_POINT('',(23.,92.517538685317,30.135998545437));
#14317 = CARTESIAN_POINT('',(23.,92.421262309112,30.761794990771));
#14318 = CARTESIAN_POINT('',(23.,92.325454832215,31.384543590601));
#14319 = CARTESIAN_POINT('',(23.,92.133279848635,32.633680983871));
#14320 = CARTESIAN_POINT('',(23.,92.036930342936,33.259952770915));
#14321 = CARTESIAN_POINT('',(23.,91.941184519816,33.882300621196));
#14322 = CARTESIAN_POINT('',(23.,91.797622919039,34.815451026248));
#14323 = CARTESIAN_POINT('',(23.,91.749306995678,35.129504528096));
#14324 = CARTESIAN_POINT('',(23.,91.701176577513,35.442352246164));
#14325 = CARTESIAN_POINT('',(23.,91.629057031447,35.911129295592));
#14326 = CARTESIAN_POINT('',(23.,91.604921823962,36.068008144245));
#14327 = CARTESIAN_POINT('',(23.,91.580837846261,36.224553999302));
#14328 = CARTESIAN_POINT('',(23.,91.544944162185,36.457862945795));
#14329 = CARTESIAN_POINT('',(23.,91.533094652275,36.534884760213));
#14330 = CARTESIAN_POINT('',(23.,91.521258133297,36.611822133569));
#14331 = CARTESIAN_POINT('',(23.,91.503508340103,36.727195789328));
#14332 = CARTESIAN_POINT('',(23.,91.497585210849,36.765696129484));
#14333 = CARTESIAN_POINT('',(23.,91.49166541008,36.80417483448));
#14334 = CARTESIAN_POINT('',(23.,91.48278823422,36.861876477572));
#14335 = CARTESIAN_POINT('',(23.,91.479827509507,36.881121188204));
#14336 = CARTESIAN_POINT('',(23.,91.476866785393,36.900365894948));
#14337 = CARTESIAN_POINT('',(23.,91.470812768221,36.939717006566));
#14338 = CARTESIAN_POINT('',(23.,91.46772036961,36.959817597535));
#14339 = CARTESIAN_POINT('',(23.,91.464628976035,36.979911655775));
#14340 = CARTESIAN_POINT('',(23.,91.461538461538,37.));
#14341 = PCURVE('',#12591,#14342);
#14342 = DEFINITIONAL_REPRESENTATION('',(#14343),#14373);
#14343 = B_SPLINE_CURVE_WITH_KNOTS('',4,(#14344,#14345,#14346,#14347,
    #14348,#14349,#14350,#14351,#14352,#14353,#14354,#14355,#14356,
    #14357,#14358,#14359,#14360,#14361,#14362,#14363,#14364,#14365,
    #14366,#14367,#14368,#14369,#14370,#14371,#14372),.UNSPECIFIED.,.F.,
  .F.,(5,3,3,3,3,3,3,3,3,5),(0.,0.244842857351,0.49182781723,
    0.742990256884,0.871099543147,0.935736457702,0.96764247036,
    0.983635301202,0.991638474497,1.),.UNSPECIFIED.);
#14344 = CARTESIAN_POINT('',(54.,0.));
#14345 = CARTESIAN_POINT('',(54.213356384028,5.730646678432E-02));
#14346 = CARTESIAN_POINT('',(54.433334433316,0.114415467195));
#14347 = CARTESIAN_POINT('',(54.660311776338,0.171305649527));
#14348 = CARTESIAN_POINT('',(55.131130024642,0.285090776858));
#14349 = CARTESIAN_POINT('',(55.375100607765,0.341981362797));
#14350 = CARTESIAN_POINT('',(55.627025907094,0.398594871873));
#14351 = CARTESIAN_POINT('',(56.15206251706,0.512152816716));
#14352 = CARTESIAN_POINT('',(56.425459232572,0.569086615538));
#14353 = CARTESIAN_POINT('',(56.707993057176,0.625663692836));
#14354 = CARTESIAN_POINT('',(57.149124140731,0.710495547841));
#14355 = CARTESIAN_POINT('',(57.300623779545,0.739045866191));
#14356 = CARTESIAN_POINT('',(57.454679338306,0.767486567833));
#14357 = CARTESIAN_POINT('',(57.690395946359,0.810102663236));
#14358 = CARTESIAN_POINT('',(57.77010832972,0.82436437675));
#14359 = CARTESIAN_POINT('',(57.850493635162,0.838595818118));
#14360 = CARTESIAN_POINT('',(57.971574592418,0.859805722345));
#14361 = CARTESIAN_POINT('',(58.011755794705,0.866807705474));
#14362 = CARTESIAN_POINT('',(58.052103602593,0.873802012143));
#14363 = CARTESIAN_POINT('',(58.112927080997,0.884290526303));
#14364 = CARTESIAN_POINT('',(58.133277362725,0.887790557226));
#14365 = CARTESIAN_POINT('',(58.153669827856,0.891288621316));
#14366 = CARTESIAN_POINT('',(58.184330596188,0.896534225234));
#14367 = CARTESIAN_POINT('',(58.194570095016,0.898283744382));
#14368 = CARTESIAN_POINT('',(58.204823120018,0.900033263177));
#14369 = CARTESIAN_POINT('',(58.225816002653,0.903610636961));
#14370 = CARTESIAN_POINT('',(58.236553555721,0.905437963412));
#14371 = CARTESIAN_POINT('',(58.24730370863,0.90726469598));
#14372 = CARTESIAN_POINT('',(58.258064873859,0.909090909091));
#14373 = ( GEOMETRIC_REPRESENTATION_CONTEXT(2) 
PARAMETRIC_REPRESENTATION_CONTEXT() REPRESENTATION_CONTEXT('2D SPACE',''
  ) );
#14374 = PCURVE('',#14375,#14380);
#14375 = PLANE('',#14376);
#14376 = AXIS2_PLACEMENT_3D('',#14377,#14378,#14379);
#14377 = CARTESIAN_POINT('',(23.,90.,27.));
#14378 = DIRECTION('',(1.,0.,0.));
#14379 = DIRECTION('',(0.,0.,1.));
#14380 = DEFINITIONAL_REPRESENTATION('',(#14381),#14411);
#14381 = B_SPLINE_CURVE_WITH_KNOTS('',4,(#14382,#14383,#14384,#14385,
    #14386,#14387,#14388,#14389,#14390,#14391,#14392,#14393,#14394,
    #14395,#14396,#14397,#14398,#14399,#14400,#14401,#14402,#14403,
    #14404,#14405,#14406,#14407,#14408,#14409,#14410),.UNSPECIFIED.,.F.,
  .F.,(5,3,3,3,3,3,3,3,3,5),(0.,0.244842857351,0.49182781723,
    0.742990256884,0.871099543147,0.935736457702,0.96764247036,
    0.983635301202,0.991638474497,1.),.UNSPECIFIED.);
#14382 = CARTESIAN_POINT('',(0.,-3.));
#14383 = CARTESIAN_POINT('',(0.630371134628,-2.903019825442));
#14384 = CARTESIAN_POINT('',(1.258570139143,-2.806373824747));
#14385 = CARTESIAN_POINT('',(1.884362144795,-2.71009813157));
#14386 = CARTESIAN_POINT('',(3.135998545437,-2.517538685317));
#14387 = CARTESIAN_POINT('',(3.761794990771,-2.421262309112));
#14388 = CARTESIAN_POINT('',(4.384543590601,-2.325454832215));
#14389 = CARTESIAN_POINT('',(5.633680983871,-2.133279848635));
#14390 = CARTESIAN_POINT('',(6.259952770915,-2.036930342936));
#14391 = CARTESIAN_POINT('',(6.882300621196,-1.941184519816));
#14392 = CARTESIAN_POINT('',(7.815451026248,-1.797622919039));
#14393 = CARTESIAN_POINT('',(8.129504528096,-1.749306995678));
#14394 = CARTESIAN_POINT('',(8.442352246164,-1.701176577513));
#14395 = CARTESIAN_POINT('',(8.911129295592,-1.629057031447));
#14396 = CARTESIAN_POINT('',(9.068008144245,-1.604921823962));
#14397 = CARTESIAN_POINT('',(9.224553999302,-1.580837846261));
#14398 = CARTESIAN_POINT('',(9.457862945795,-1.544944162185));
#14399 = CARTESIAN_POINT('',(9.534884760213,-1.533094652275));
#14400 = CARTESIAN_POINT('',(9.611822133569,-1.521258133297));
#14401 = CARTESIAN_POINT('',(9.727195789328,-1.503508340103));
#14402 = CARTESIAN_POINT('',(9.765696129484,-1.497585210849));
#14403 = CARTESIAN_POINT('',(9.80417483448,-1.49166541008));
#14404 = CARTESIAN_POINT('',(9.861876477572,-1.48278823422));
#14405 = CARTESIAN_POINT('',(9.881121188204,-1.479827509507));
#14406 = CARTESIAN_POINT('',(9.900365894948,-1.476866785393));
#14407 = CARTESIAN_POINT('',(9.939717006566,-1.470812768221));
#14408 = CARTESIAN_POINT('',(9.959817597535,-1.46772036961));
#14409 = CARTESIAN_POINT('',(9.979911655775,-1.464628976035));
#14410 = CARTESIAN_POINT('',(10.,-1.461538461538));
#14411 = ( GEOMETRIC_REPRESENTATION_CONTEXT(2) 
PARAMETRIC_REPRESENTATION_CONTEXT() REPRESENTATION_CONTEXT('2D SPACE',''
  ) );
#14412 = ORIENTED_EDGE('',*,*,#12575,.T.);
#14413 = ORIENTED_EDGE('',*,*,#12706,.T.);
#14414 = ORIENTED_EDGE('',*,*,#13655,.F.);
#14415 = ADVANCED_FACE('',(#14416),#12670,.F.);
#14416 = FACE_BOUND('',#14417,.F.);
#14417 = EDGE_LOOP('',(#14418,#14441,#14469,#14490));
#14418 = ORIENTED_EDGE('',*,*,#14419,.F.);
#14419 = EDGE_CURVE('',#14420,#12632,#14422,.T.);
#14420 = VERTEX_POINT('',#14421);
#14421 = CARTESIAN_POINT('',(48.,90.,27.));
#14422 = SURFACE_CURVE('',#14423,(#14427,#14434),.PCURVE_S1.);
#14423 = LINE('',#14424,#14425);
#14424 = CARTESIAN_POINT('',(48.,90.,27.));
#14425 = VECTOR('',#14426,1.);
#14426 = DIRECTION('',(0.,1.,0.));
#14427 = PCURVE('',#12670,#14428);
#14428 = DEFINITIONAL_REPRESENTATION('',(#14429),#14433);
#14429 = LINE('',#14430,#14431);
#14430 = CARTESIAN_POINT('',(0.,0.));
#14431 = VECTOR('',#14432,1.);
#14432 = DIRECTION('',(0.,1.));
#14433 = ( GEOMETRIC_REPRESENTATION_CONTEXT(2) 
PARAMETRIC_REPRESENTATION_CONTEXT() REPRESENTATION_CONTEXT('2D SPACE',''
  ) );
#14434 = PCURVE('',#14139,#14435);
#14435 = DEFINITIONAL_REPRESENTATION('',(#14436),#14440);
#14436 = LINE('',#14437,#14438);
#14437 = CARTESIAN_POINT('',(0.,0.));
#14438 = VECTOR('',#14439,1.);
#14439 = DIRECTION('',(0.,-1.));
#14440 = ( GEOMETRIC_REPRESENTATION_CONTEXT(2) 
PARAMETRIC_REPRESENTATION_CONTEXT() REPRESENTATION_CONTEXT('2D SPACE',''
  ) );
#14441 = ORIENTED_EDGE('',*,*,#14442,.T.);
#14442 = EDGE_CURVE('',#14420,#14443,#14445,.T.);
#14443 = VERTEX_POINT('',#14444);
#14444 = CARTESIAN_POINT('',(56.,90.,27.));
#14445 = SURFACE_CURVE('',#14446,(#14450,#14457),.PCURVE_S1.);
#14446 = LINE('',#14447,#14448);
#14447 = CARTESIAN_POINT('',(48.,90.,27.));
#14448 = VECTOR('',#14449,1.);
#14449 = DIRECTION('',(1.,0.,0.));
#14450 = PCURVE('',#12670,#14451);
#14451 = DEFINITIONAL_REPRESENTATION('',(#14452),#14456);
#14452 = LINE('',#14453,#14454);
#14453 = CARTESIAN_POINT('',(0.,0.));
#14454 = VECTOR('',#14455,1.);
#14455 = DIRECTION('',(1.,0.));
#14456 = ( GEOMETRIC_REPRESENTATION_CONTEXT(2) 
PARAMETRIC_REPRESENTATION_CONTEXT() REPRESENTATION_CONTEXT('2D SPACE',''
  ) );
#14457 = PCURVE('',#14458,#14463);
#14458 = PLANE('',#14459);
#14459 = AXIS2_PLACEMENT_3D('',#14460,#14461,#14462);
#14460 = CARTESIAN_POINT('',(48.,90.,27.));
#14461 = DIRECTION('',(0.,1.,0.));
#14462 = DIRECTION('',(0.,0.,1.));
#14463 = DEFINITIONAL_REPRESENTATION('',(#14464),#14468);
#14464 = LINE('',#14465,#14466);
#14465 = CARTESIAN_POINT('',(0.,0.));
#14466 = VECTOR('',#14467,1.);
#14467 = DIRECTION('',(0.,1.));
#14468 = ( GEOMETRIC_REPRESENTATION_CONTEXT(2) 
PARAMETRIC_REPRESENTATION_CONTEXT() REPRESENTATION_CONTEXT('2D SPACE',''
  ) );
#14469 = ORIENTED_EDGE('',*,*,#14470,.T.);
#14470 = EDGE_CURVE('',#14443,#12655,#14471,.T.);
#14471 = SURFACE_CURVE('',#14472,(#14476,#14483),.PCURVE_S1.);
#14472 = LINE('',#14473,#14474);
#14473 = CARTESIAN_POINT('',(56.,90.,27.));
#14474 = VECTOR('',#14475,1.);
#14475 = DIRECTION('',(0.,1.,0.));
#14476 = PCURVE('',#12670,#14477);
#14477 = DEFINITIONAL_REPRESENTATION('',(#14478),#14482);
#14478 = LINE('',#14479,#14480);
#14479 = CARTESIAN_POINT('',(8.,0.));
#14480 = VECTOR('',#14481,1.);
#14481 = DIRECTION('',(0.,1.));
#14482 = ( GEOMETRIC_REPRESENTATION_CONTEXT(2) 
PARAMETRIC_REPRESENTATION_CONTEXT() REPRESENTATION_CONTEXT('2D SPACE',''
  ) );
#14483 = PCURVE('',#14010,#14484);
#14484 = DEFINITIONAL_REPRESENTATION('',(#14485),#14489);
#14485 = LINE('',#14486,#14487);
#14486 = CARTESIAN_POINT('',(0.,0.));
#14487 = VECTOR('',#14488,1.);
#14488 = DIRECTION('',(0.,-1.));
#14489 = ( GEOMETRIC_REPRESENTATION_CONTEXT(2) 
PARAMETRIC_REPRESENTATION_CONTEXT() REPRESENTATION_CONTEXT('2D SPACE',''
  ) );
#14490 = ORIENTED_EDGE('',*,*,#12654,.T.);
#14491 = ADVANCED_FACE('',(#14492),#12619,.F.);
#14492 = FACE_BOUND('',#14493,.F.);
#14493 = EDGE_LOOP('',(#14494,#14517,#14545,#14566));
#14494 = ORIENTED_EDGE('',*,*,#14495,.F.);
#14495 = EDGE_CURVE('',#14496,#12576,#14498,.T.);
#14496 = VERTEX_POINT('',#14497);
#14497 = CARTESIAN_POINT('',(23.,90.,27.));
#14498 = SURFACE_CURVE('',#14499,(#14503,#14510),.PCURVE_S1.);
#14499 = LINE('',#14500,#14501);
#14500 = CARTESIAN_POINT('',(23.,90.,27.));
#14501 = VECTOR('',#14502,1.);
#14502 = DIRECTION('',(0.,1.,0.));
#14503 = PCURVE('',#12619,#14504);
#14504 = DEFINITIONAL_REPRESENTATION('',(#14505),#14509);
#14505 = LINE('',#14506,#14507);
#14506 = CARTESIAN_POINT('',(0.,0.));
#14507 = VECTOR('',#14508,1.);
#14508 = DIRECTION('',(0.,1.));
#14509 = ( GEOMETRIC_REPRESENTATION_CONTEXT(2) 
PARAMETRIC_REPRESENTATION_CONTEXT() REPRESENTATION_CONTEXT('2D SPACE',''
  ) );
#14510 = PCURVE('',#14375,#14511);
#14511 = DEFINITIONAL_REPRESENTATION('',(#14512),#14516);
#14512 = LINE('',#14513,#14514);
#14513 = CARTESIAN_POINT('',(0.,0.));
#14514 = VECTOR('',#14515,1.);
#14515 = DIRECTION('',(0.,-1.));
#14516 = ( GEOMETRIC_REPRESENTATION_CONTEXT(2) 
PARAMETRIC_REPRESENTATION_CONTEXT() REPRESENTATION_CONTEXT('2D SPACE',''
  ) );
#14517 = ORIENTED_EDGE('',*,*,#14518,.T.);
#14518 = EDGE_CURVE('',#14496,#14519,#14521,.T.);
#14519 = VERTEX_POINT('',#14520);
#14520 = CARTESIAN_POINT('',(31.,90.,27.));
#14521 = SURFACE_CURVE('',#14522,(#14526,#14533),.PCURVE_S1.);
#14522 = LINE('',#14523,#14524);
#14523 = CARTESIAN_POINT('',(23.,90.,27.));
#14524 = VECTOR('',#14525,1.);
#14525 = DIRECTION('',(1.,0.,0.));
#14526 = PCURVE('',#12619,#14527);
#14527 = DEFINITIONAL_REPRESENTATION('',(#14528),#14532);
#14528 = LINE('',#14529,#14530);
#14529 = CARTESIAN_POINT('',(0.,0.));
#14530 = VECTOR('',#14531,1.);
#14531 = DIRECTION('',(1.,0.));
#14532 = ( GEOMETRIC_REPRESENTATION_CONTEXT(2) 
PARAMETRIC_REPRESENTATION_CONTEXT() REPRESENTATION_CONTEXT('2D SPACE',''
  ) );
#14533 = PCURVE('',#14534,#14539);
#14534 = PLANE('',#14535);
#14535 = AXIS2_PLACEMENT_3D('',#14536,#14537,#14538);
#14536 = CARTESIAN_POINT('',(23.,90.,27.));
#14537 = DIRECTION('',(0.,1.,0.));
#14538 = DIRECTION('',(0.,0.,1.));
#14539 = DEFINITIONAL_REPRESENTATION('',(#14540),#14544);
#14540 = LINE('',#14541,#14542);
#14541 = CARTESIAN_POINT('',(0.,0.));
#14542 = VECTOR('',#14543,1.);
#14543 = DIRECTION('',(0.,1.));
#14544 = ( GEOMETRIC_REPRESENTATION_CONTEXT(2) 
PARAMETRIC_REPRESENTATION_CONTEXT() REPRESENTATION_CONTEXT('2D SPACE',''
  ) );
#14545 = ORIENTED_EDGE('',*,*,#14546,.T.);
#14546 = EDGE_CURVE('',#14519,#12604,#14547,.T.);
#14547 = SURFACE_CURVE('',#14548,(#14552,#14559),.PCURVE_S1.);
#14548 = LINE('',#14549,#14550);
#14549 = CARTESIAN_POINT('',(31.,90.,27.));
#14550 = VECTOR('',#14551,1.);
#14551 = DIRECTION('',(0.,1.,0.));
#14552 = PCURVE('',#12619,#14553);
#14553 = DEFINITIONAL_REPRESENTATION('',(#14554),#14558);
#14554 = LINE('',#14555,#14556);
#14555 = CARTESIAN_POINT('',(8.,0.));
#14556 = VECTOR('',#14557,1.);
#14557 = DIRECTION('',(0.,1.));
#14558 = ( GEOMETRIC_REPRESENTATION_CONTEXT(2) 
PARAMETRIC_REPRESENTATION_CONTEXT() REPRESENTATION_CONTEXT('2D SPACE',''
  ) );
#14559 = PCURVE('',#14246,#14560);
#14560 = DEFINITIONAL_REPRESENTATION('',(#14561),#14565);
#14561 = LINE('',#14562,#14563);
#14562 = CARTESIAN_POINT('',(0.,0.));
#14563 = VECTOR('',#14564,1.);
#14564 = DIRECTION('',(0.,-1.));
#14565 = ( GEOMETRIC_REPRESENTATION_CONTEXT(2) 
PARAMETRIC_REPRESENTATION_CONTEXT() REPRESENTATION_CONTEXT('2D SPACE',''
  ) );
#14566 = ORIENTED_EDGE('',*,*,#12603,.T.);
#14567 = ADVANCED_FACE('',(#14568),#13038,.T.);
#14568 = FACE_BOUND('',#14569,.F.);
#14569 = EDGE_LOOP('',(#14570,#14599,#14620,#14621,#14622,#14623));
#14570 = ORIENTED_EDGE('',*,*,#14571,.F.);
#14571 = EDGE_CURVE('',#14572,#14572,#14574,.T.);
#14572 = VERTEX_POINT('',#14573);
#14573 = CARTESIAN_POINT('',(16.,83.,30.85));
#14574 = SURFACE_CURVE('',#14575,(#14580,#14587),.PCURVE_S1.);
#14575 = CIRCLE('',#14576,4.);
#14576 = AXIS2_PLACEMENT_3D('',#14577,#14578,#14579);
#14577 = CARTESIAN_POINT('',(12.,83.,30.85));
#14578 = DIRECTION('',(0.,0.,1.));
#14579 = DIRECTION('',(1.,0.,0.));
#14580 = PCURVE('',#13038,#14581);
#14581 = DEFINITIONAL_REPRESENTATION('',(#14582),#14586);
#14582 = LINE('',#14583,#14584);
#14583 = CARTESIAN_POINT('',(-0.,0.));
#14584 = VECTOR('',#14585,1.);
#14585 = DIRECTION('',(-1.,0.));
#14586 = ( GEOMETRIC_REPRESENTATION_CONTEXT(2) 
PARAMETRIC_REPRESENTATION_CONTEXT() REPRESENTATION_CONTEXT('2D SPACE',''
  ) );
#14587 = PCURVE('',#14588,#14593);
#14588 = PLANE('',#14589);
#14589 = AXIS2_PLACEMENT_3D('',#14590,#14591,#14592);
#14590 = CARTESIAN_POINT('',(12.,83.,30.85));
#14591 = DIRECTION('',(0.,0.,1.));
#14592 = DIRECTION('',(1.,0.,-0.));
#14593 = DEFINITIONAL_REPRESENTATION('',(#14594),#14598);
#14594 = CIRCLE('',#14595,4.);
#14595 = AXIS2_PLACEMENT_2D('',#14596,#14597);
#14596 = CARTESIAN_POINT('',(0.,-1.42108547152E-14));
#14597 = DIRECTION('',(1.,0.));
#14598 = ( GEOMETRIC_REPRESENTATION_CONTEXT(2) 
PARAMETRIC_REPRESENTATION_CONTEXT() REPRESENTATION_CONTEXT('2D SPACE',''
  ) );
#14599 = ORIENTED_EDGE('',*,*,#14600,.T.);
#14600 = EDGE_CURVE('',#14572,#13609,#14601,.T.);
#14601 = SEAM_CURVE('',#14602,(#14606,#14613),.PCURVE_S1.);
#14602 = LINE('',#14603,#14604);
#14603 = CARTESIAN_POINT('',(16.,83.,30.85));
#14604 = VECTOR('',#14605,1.);
#14605 = DIRECTION('',(0.,0.,1.));
#14606 = PCURVE('',#13038,#14607);
#14607 = DEFINITIONAL_REPRESENTATION('',(#14608),#14612);
#14608 = LINE('',#14609,#14610);
#14609 = CARTESIAN_POINT('',(-6.28318530718,0.));
#14610 = VECTOR('',#14611,1.);
#14611 = DIRECTION('',(-0.,-1.));
#14612 = ( GEOMETRIC_REPRESENTATION_CONTEXT(2) 
PARAMETRIC_REPRESENTATION_CONTEXT() REPRESENTATION_CONTEXT('2D SPACE',''
  ) );
#14613 = PCURVE('',#13038,#14614);
#14614 = DEFINITIONAL_REPRESENTATION('',(#14615),#14619);
#14615 = LINE('',#14616,#14617);
#14616 = CARTESIAN_POINT('',(-0.,0.));
#14617 = VECTOR('',#14618,1.);
#14618 = DIRECTION('',(-0.,-1.));
#14619 = ( GEOMETRIC_REPRESENTATION_CONTEXT(2) 
PARAMETRIC_REPRESENTATION_CONTEXT() REPRESENTATION_CONTEXT('2D SPACE',''
  ) );
#14620 = ORIENTED_EDGE('',*,*,#13632,.F.);
#14621 = ORIENTED_EDGE('',*,*,#12940,.F.);
#14622 = ORIENTED_EDGE('',*,*,#13608,.F.);
#14623 = ORIENTED_EDGE('',*,*,#14600,.F.);
#14624 = ADVANCED_FACE('',(#14625),#13241,.T.);
#14625 = FACE_BOUND('',#14626,.F.);
#14626 = EDGE_LOOP('',(#14627,#14656,#14677,#14678,#14679,#14680));
#14627 = ORIENTED_EDGE('',*,*,#14628,.F.);
#14628 = EDGE_CURVE('',#14629,#14629,#14631,.T.);
#14629 = VERTEX_POINT('',#14630);
#14630 = CARTESIAN_POINT('',(71.,83.,30.85));
#14631 = SURFACE_CURVE('',#14632,(#14637,#14644),.PCURVE_S1.);
#14632 = CIRCLE('',#14633,4.);
#14633 = AXIS2_PLACEMENT_3D('',#14634,#14635,#14636);
#14634 = CARTESIAN_POINT('',(67.,83.,30.85));
#14635 = DIRECTION('',(0.,0.,1.));
#14636 = DIRECTION('',(1.,0.,0.));
#14637 = PCURVE('',#13241,#14638);
#14638 = DEFINITIONAL_REPRESENTATION('',(#14639),#14643);
#14639 = LINE('',#14640,#14641);
#14640 = CARTESIAN_POINT('',(-0.,0.));
#14641 = VECTOR('',#14642,1.);
#14642 = DIRECTION('',(-1.,0.));
#14643 = ( GEOMETRIC_REPRESENTATION_CONTEXT(2) 
PARAMETRIC_REPRESENTATION_CONTEXT() REPRESENTATION_CONTEXT('2D SPACE',''
  ) );
#14644 = PCURVE('',#14645,#14650);
#14645 = PLANE('',#14646);
#14646 = AXIS2_PLACEMENT_3D('',#14647,#14648,#14649);
#14647 = CARTESIAN_POINT('',(67.,83.,30.85));
#14648 = DIRECTION('',(0.,0.,1.));
#14649 = DIRECTION('',(1.,0.,-0.));
#14650 = DEFINITIONAL_REPRESENTATION('',(#14651),#14655);
#14651 = CIRCLE('',#14652,4.);
#14652 = AXIS2_PLACEMENT_2D('',#14653,#14654);
#14653 = CARTESIAN_POINT('',(0.,0.));
#14654 = DIRECTION('',(1.,0.));
#14655 = ( GEOMETRIC_REPRESENTATION_CONTEXT(2) 
PARAMETRIC_REPRESENTATION_CONTEXT() REPRESENTATION_CONTEXT('2D SPACE',''
  ) );
#14656 = ORIENTED_EDGE('',*,*,#14657,.T.);
#14657 = EDGE_CURVE('',#14629,#13186,#14658,.T.);
#14658 = SEAM_CURVE('',#14659,(#14663,#14670),.PCURVE_S1.);
#14659 = LINE('',#14660,#14661);
#14660 = CARTESIAN_POINT('',(71.,83.,30.85));
#14661 = VECTOR('',#14662,1.);
#14662 = DIRECTION('',(0.,0.,1.));
#14663 = PCURVE('',#13241,#14664);
#14664 = DEFINITIONAL_REPRESENTATION('',(#14665),#14669);
#14665 = LINE('',#14666,#14667);
#14666 = CARTESIAN_POINT('',(-6.28318530718,0.));
#14667 = VECTOR('',#14668,1.);
#14668 = DIRECTION('',(-0.,-1.));
#14669 = ( GEOMETRIC_REPRESENTATION_CONTEXT(2) 
PARAMETRIC_REPRESENTATION_CONTEXT() REPRESENTATION_CONTEXT('2D SPACE',''
  ) );
#14670 = PCURVE('',#13241,#14671);
#14671 = DEFINITIONAL_REPRESENTATION('',(#14672),#14676);
#14672 = LINE('',#14673,#14674);
#14673 = CARTESIAN_POINT('',(-0.,0.));
#14674 = VECTOR('',#14675,1.);
#14675 = DIRECTION('',(-0.,-1.));
#14676 = ( GEOMETRIC_REPRESENTATION_CONTEXT(2) 
PARAMETRIC_REPRESENTATION_CONTEXT() REPRESENTATION_CONTEXT('2D SPACE',''
  ) );
#14677 = ORIENTED_EDGE('',*,*,#13185,.F.);
#14678 = ORIENTED_EDGE('',*,*,#13676,.F.);
#14679 = ORIENTED_EDGE('',*,*,#13273,.F.);
#14680 = ORIENTED_EDGE('',*,*,#14657,.F.);
#14681 = ADVANCED_FACE('',(#14682),#13740,.T.);
#14682 = FACE_BOUND('',#14683,.F.);
#14683 = EDGE_LOOP('',(#14684,#14713,#14734,#14735));
#14684 = ORIENTED_EDGE('',*,*,#14685,.F.);
#14685 = EDGE_CURVE('',#14686,#14686,#14688,.T.);
#14686 = VERTEX_POINT('',#14687);
#14687 = CARTESIAN_POINT('',(33.5,48.,34.85));
#14688 = SURFACE_CURVE('',#14689,(#14694,#14701),.PCURVE_S1.);
#14689 = CIRCLE('',#14690,3.);
#14690 = AXIS2_PLACEMENT_3D('',#14691,#14692,#14693);
#14691 = CARTESIAN_POINT('',(30.5,48.,34.85));
#14692 = DIRECTION('',(0.,0.,1.));
#14693 = DIRECTION('',(1.,0.,0.));
#14694 = PCURVE('',#13740,#14695);
#14695 = DEFINITIONAL_REPRESENTATION('',(#14696),#14700);
#14696 = LINE('',#14697,#14698);
#14697 = CARTESIAN_POINT('',(-0.,0.));
#14698 = VECTOR('',#14699,1.);
#14699 = DIRECTION('',(-1.,0.));
#14700 = ( GEOMETRIC_REPRESENTATION_CONTEXT(2) 
PARAMETRIC_REPRESENTATION_CONTEXT() REPRESENTATION_CONTEXT('2D SPACE',''
  ) );
#14701 = PCURVE('',#14702,#14707);
#14702 = PLANE('',#14703);
#14703 = AXIS2_PLACEMENT_3D('',#14704,#14705,#14706);
#14704 = CARTESIAN_POINT('',(30.5,48.,34.85));
#14705 = DIRECTION('',(0.,0.,1.));
#14706 = DIRECTION('',(1.,0.,-0.));
#14707 = DEFINITIONAL_REPRESENTATION('',(#14708),#14712);
#14708 = CIRCLE('',#14709,3.);
#14709 = AXIS2_PLACEMENT_2D('',#14710,#14711);
#14710 = CARTESIAN_POINT('',(3.552713678801E-15,0.));
#14711 = DIRECTION('',(1.,0.));
#14712 = ( GEOMETRIC_REPRESENTATION_CONTEXT(2) 
PARAMETRIC_REPRESENTATION_CONTEXT() REPRESENTATION_CONTEXT('2D SPACE',''
  ) );
#14713 = ORIENTED_EDGE('',*,*,#14714,.T.);
#14714 = EDGE_CURVE('',#14686,#13724,#14715,.T.);
#14715 = SEAM_CURVE('',#14716,(#14720,#14727),.PCURVE_S1.);
#14716 = LINE('',#14717,#14718);
#14717 = CARTESIAN_POINT('',(33.5,48.,34.85));
#14718 = VECTOR('',#14719,1.);
#14719 = DIRECTION('',(0.,0.,1.));
#14720 = PCURVE('',#13740,#14721);
#14721 = DEFINITIONAL_REPRESENTATION('',(#14722),#14726);
#14722 = LINE('',#14723,#14724);
#14723 = CARTESIAN_POINT('',(-6.28318530718,0.));
#14724 = VECTOR('',#14725,1.);
#14725 = DIRECTION('',(-0.,-1.));
#14726 = ( GEOMETRIC_REPRESENTATION_CONTEXT(2) 
PARAMETRIC_REPRESENTATION_CONTEXT() REPRESENTATION_CONTEXT('2D SPACE',''
  ) );
#14727 = PCURVE('',#13740,#14728);
#14728 = DEFINITIONAL_REPRESENTATION('',(#14729),#14733);
#14729 = LINE('',#14730,#14731);
#14730 = CARTESIAN_POINT('',(-0.,0.));
#14731 = VECTOR('',#14732,1.);
#14732 = DIRECTION('',(-0.,-1.));
#14733 = ( GEOMETRIC_REPRESENTATION_CONTEXT(2) 
PARAMETRIC_REPRESENTATION_CONTEXT() REPRESENTATION_CONTEXT('2D SPACE',''
  ) );
#14734 = ORIENTED_EDGE('',*,*,#13723,.F.);
#14735 = ORIENTED_EDGE('',*,*,#14714,.F.);
#14736 = ADVANCED_FACE('',(#14737),#13771,.T.);
#14737 = FACE_BOUND('',#14738,.F.);
#14738 = EDGE_LOOP('',(#14739,#14768,#14789,#14790));
#14739 = ORIENTED_EDGE('',*,*,#14740,.F.);
#14740 = EDGE_CURVE('',#14741,#14741,#14743,.T.);
#14741 = VERTEX_POINT('',#14742);
#14742 = CARTESIAN_POINT('',(33.5,58.,34.85));
#14743 = SURFACE_CURVE('',#14744,(#14749,#14756),.PCURVE_S1.);
#14744 = CIRCLE('',#14745,3.);
#14745 = AXIS2_PLACEMENT_3D('',#14746,#14747,#14748);
#14746 = CARTESIAN_POINT('',(30.5,58.,34.85));
#14747 = DIRECTION('',(0.,0.,1.));
#14748 = DIRECTION('',(1.,0.,0.));
#14749 = PCURVE('',#13771,#14750);
#14750 = DEFINITIONAL_REPRESENTATION('',(#14751),#14755);
#14751 = LINE('',#14752,#14753);
#14752 = CARTESIAN_POINT('',(-0.,0.));
#14753 = VECTOR('',#14754,1.);
#14754 = DIRECTION('',(-1.,0.));
#14755 = ( GEOMETRIC_REPRESENTATION_CONTEXT(2) 
PARAMETRIC_REPRESENTATION_CONTEXT() REPRESENTATION_CONTEXT('2D SPACE',''
  ) );
#14756 = PCURVE('',#14757,#14762);
#14757 = PLANE('',#14758);
#14758 = AXIS2_PLACEMENT_3D('',#14759,#14760,#14761);
#14759 = CARTESIAN_POINT('',(30.5,58.,34.85));
#14760 = DIRECTION('',(0.,0.,1.));
#14761 = DIRECTION('',(1.,0.,-0.));
#14762 = DEFINITIONAL_REPRESENTATION('',(#14763),#14767);
#14763 = CIRCLE('',#14764,3.);
#14764 = AXIS2_PLACEMENT_2D('',#14765,#14766);
#14765 = CARTESIAN_POINT('',(3.552713678801E-15,0.));
#14766 = DIRECTION('',(1.,0.));
#14767 = ( GEOMETRIC_REPRESENTATION_CONTEXT(2) 
PARAMETRIC_REPRESENTATION_CONTEXT() REPRESENTATION_CONTEXT('2D SPACE',''
  ) );
#14768 = ORIENTED_EDGE('',*,*,#14769,.T.);
#14769 = EDGE_CURVE('',#14741,#13755,#14770,.T.);
#14770 = SEAM_CURVE('',#14771,(#14775,#14782),.PCURVE_S1.);
#14771 = LINE('',#14772,#14773);
#14772 = CARTESIAN_POINT('',(33.5,58.,34.85));
#14773 = VECTOR('',#14774,1.);
#14774 = DIRECTION('',(0.,0.,1.));
#14775 = PCURVE('',#13771,#14776);
#14776 = DEFINITIONAL_REPRESENTATION('',(#14777),#14781);
#14777 = LINE('',#14778,#14779);
#14778 = CARTESIAN_POINT('',(-6.28318530718,0.));
#14779 = VECTOR('',#14780,1.);
#14780 = DIRECTION('',(-0.,-1.));
#14781 = ( GEOMETRIC_REPRESENTATION_CONTEXT(2) 
PARAMETRIC_REPRESENTATION_CONTEXT() REPRESENTATION_CONTEXT('2D SPACE',''
  ) );
#14782 = PCURVE('',#13771,#14783);
#14783 = DEFINITIONAL_REPRESENTATION('',(#14784),#14788);
#14784 = LINE('',#14785,#14786);
#14785 = CARTESIAN_POINT('',(-0.,0.));
#14786 = VECTOR('',#14787,1.);
#14787 = DIRECTION('',(-0.,-1.));
#14788 = ( GEOMETRIC_REPRESENTATION_CONTEXT(2) 
PARAMETRIC_REPRESENTATION_CONTEXT() REPRESENTATION_CONTEXT('2D SPACE',''
  ) );
#14789 = ORIENTED_EDGE('',*,*,#13754,.F.);
#14790 = ORIENTED_EDGE('',*,*,#14769,.F.);
#14791 = ADVANCED_FACE('',(#14792),#13802,.T.);
#14792 = FACE_BOUND('',#14793,.F.);
#14793 = EDGE_LOOP('',(#14794,#14823,#14844,#14845));
#14794 = ORIENTED_EDGE('',*,*,#14795,.F.);
#14795 = EDGE_CURVE('',#14796,#14796,#14798,.T.);
#14796 = VERTEX_POINT('',#14797);
#14797 = CARTESIAN_POINT('',(33.5,68.,34.85));
#14798 = SURFACE_CURVE('',#14799,(#14804,#14811),.PCURVE_S1.);
#14799 = CIRCLE('',#14800,3.);
#14800 = AXIS2_PLACEMENT_3D('',#14801,#14802,#14803);
#14801 = CARTESIAN_POINT('',(30.5,68.,34.85));
#14802 = DIRECTION('',(0.,0.,1.));
#14803 = DIRECTION('',(1.,0.,0.));
#14804 = PCURVE('',#13802,#14805);
#14805 = DEFINITIONAL_REPRESENTATION('',(#14806),#14810);
#14806 = LINE('',#14807,#14808);
#14807 = CARTESIAN_POINT('',(-0.,0.));
#14808 = VECTOR('',#14809,1.);
#14809 = DIRECTION('',(-1.,0.));
#14810 = ( GEOMETRIC_REPRESENTATION_CONTEXT(2) 
PARAMETRIC_REPRESENTATION_CONTEXT() REPRESENTATION_CONTEXT('2D SPACE',''
  ) );
#14811 = PCURVE('',#14812,#14817);
#14812 = PLANE('',#14813);
#14813 = AXIS2_PLACEMENT_3D('',#14814,#14815,#14816);
#14814 = CARTESIAN_POINT('',(30.5,68.,34.85));
#14815 = DIRECTION('',(0.,0.,1.));
#14816 = DIRECTION('',(1.,0.,-0.));
#14817 = DEFINITIONAL_REPRESENTATION('',(#14818),#14822);
#14818 = CIRCLE('',#14819,3.);
#14819 = AXIS2_PLACEMENT_2D('',#14820,#14821);
#14820 = CARTESIAN_POINT('',(3.552713678801E-15,0.));
#14821 = DIRECTION('',(1.,0.));
#14822 = ( GEOMETRIC_REPRESENTATION_CONTEXT(2) 
PARAMETRIC_REPRESENTATION_CONTEXT() REPRESENTATION_CONTEXT('2D SPACE',''
  ) );
#14823 = ORIENTED_EDGE('',*,*,#14824,.T.);
#14824 = EDGE_CURVE('',#14796,#13786,#14825,.T.);
#14825 = SEAM_CURVE('',#14826,(#14830,#14837),.PCURVE_S1.);
#14826 = LINE('',#14827,#14828);
#14827 = CARTESIAN_POINT('',(33.5,68.,34.85));
#14828 = VECTOR('',#14829,1.);
#14829 = DIRECTION('',(0.,0.,1.));
#14830 = PCURVE('',#13802,#14831);
#14831 = DEFINITIONAL_REPRESENTATION('',(#14832),#14836);
#14832 = LINE('',#14833,#14834);
#14833 = CARTESIAN_POINT('',(-6.28318530718,0.));
#14834 = VECTOR('',#14835,1.);
#14835 = DIRECTION('',(-0.,-1.));
#14836 = ( GEOMETRIC_REPRESENTATION_CONTEXT(2) 
PARAMETRIC_REPRESENTATION_CONTEXT() REPRESENTATION_CONTEXT('2D SPACE',''
  ) );
#14837 = PCURVE('',#13802,#14838);
#14838 = DEFINITIONAL_REPRESENTATION('',(#14839),#14843);
#14839 = LINE('',#14840,#14841);
#14840 = CARTESIAN_POINT('',(-0.,0.));
#14841 = VECTOR('',#14842,1.);
#14842 = DIRECTION('',(-0.,-1.));
#14843 = ( GEOMETRIC_REPRESENTATION_CONTEXT(2) 
PARAMETRIC_REPRESENTATION_CONTEXT() REPRESENTATION_CONTEXT('2D SPACE',''
  ) );
#14844 = ORIENTED_EDGE('',*,*,#13785,.F.);
#14845 = ORIENTED_EDGE('',*,*,#14824,.F.);
#14846 = ADVANCED_FACE('',(#14847),#13833,.T.);
#14847 = FACE_BOUND('',#14848,.F.);
#14848 = EDGE_LOOP('',(#14849,#14878,#14899,#14900));
#14849 = ORIENTED_EDGE('',*,*,#14850,.F.);
#14850 = EDGE_CURVE('',#14851,#14851,#14853,.T.);
#14851 = VERTEX_POINT('',#14852);
#14852 = CARTESIAN_POINT('',(51.5,48.,34.85));
#14853 = SURFACE_CURVE('',#14854,(#14859,#14866),.PCURVE_S1.);
#14854 = CIRCLE('',#14855,3.);
#14855 = AXIS2_PLACEMENT_3D('',#14856,#14857,#14858);
#14856 = CARTESIAN_POINT('',(48.5,48.,34.85));
#14857 = DIRECTION('',(0.,0.,1.));
#14858 = DIRECTION('',(1.,0.,0.));
#14859 = PCURVE('',#13833,#14860);
#14860 = DEFINITIONAL_REPRESENTATION('',(#14861),#14865);
#14861 = LINE('',#14862,#14863);
#14862 = CARTESIAN_POINT('',(-0.,0.));
#14863 = VECTOR('',#14864,1.);
#14864 = DIRECTION('',(-1.,0.));
#14865 = ( GEOMETRIC_REPRESENTATION_CONTEXT(2) 
PARAMETRIC_REPRESENTATION_CONTEXT() REPRESENTATION_CONTEXT('2D SPACE',''
  ) );
#14866 = PCURVE('',#14867,#14872);
#14867 = PLANE('',#14868);
#14868 = AXIS2_PLACEMENT_3D('',#14869,#14870,#14871);
#14869 = CARTESIAN_POINT('',(48.5,48.,34.85));
#14870 = DIRECTION('',(0.,0.,1.));
#14871 = DIRECTION('',(1.,0.,-0.));
#14872 = DEFINITIONAL_REPRESENTATION('',(#14873),#14877);
#14873 = CIRCLE('',#14874,3.);
#14874 = AXIS2_PLACEMENT_2D('',#14875,#14876);
#14875 = CARTESIAN_POINT('',(7.105427357601E-15,0.));
#14876 = DIRECTION('',(1.,0.));
#14877 = ( GEOMETRIC_REPRESENTATION_CONTEXT(2) 
PARAMETRIC_REPRESENTATION_CONTEXT() REPRESENTATION_CONTEXT('2D SPACE',''
  ) );
#14878 = ORIENTED_EDGE('',*,*,#14879,.T.);
#14879 = EDGE_CURVE('',#14851,#13817,#14880,.T.);
#14880 = SEAM_CURVE('',#14881,(#14885,#14892),.PCURVE_S1.);
#14881 = LINE('',#14882,#14883);
#14882 = CARTESIAN_POINT('',(51.5,48.,34.85));
#14883 = VECTOR('',#14884,1.);
#14884 = DIRECTION('',(0.,0.,1.));
#14885 = PCURVE('',#13833,#14886);
#14886 = DEFINITIONAL_REPRESENTATION('',(#14887),#14891);
#14887 = LINE('',#14888,#14889);
#14888 = CARTESIAN_POINT('',(-6.28318530718,0.));
#14889 = VECTOR('',#14890,1.);
#14890 = DIRECTION('',(-0.,-1.));
#14891 = ( GEOMETRIC_REPRESENTATION_CONTEXT(2) 
PARAMETRIC_REPRESENTATION_CONTEXT() REPRESENTATION_CONTEXT('2D SPACE',''
  ) );
#14892 = PCURVE('',#13833,#14893);
#14893 = DEFINITIONAL_REPRESENTATION('',(#14894),#14898);
#14894 = LINE('',#14895,#14896);
#14895 = CARTESIAN_POINT('',(-0.,0.));
#14896 = VECTOR('',#14897,1.);
#14897 = DIRECTION('',(-0.,-1.));
#14898 = ( GEOMETRIC_REPRESENTATION_CONTEXT(2) 
PARAMETRIC_REPRESENTATION_CONTEXT() REPRESENTATION_CONTEXT('2D SPACE',''
  ) );
#14899 = ORIENTED_EDGE('',*,*,#13816,.F.);
#14900 = ORIENTED_EDGE('',*,*,#14879,.F.);
#14901 = ADVANCED_FACE('',(#14902),#13864,.T.);
#14902 = FACE_BOUND('',#14903,.F.);
#14903 = EDGE_LOOP('',(#14904,#14933,#14954,#14955));
#14904 = ORIENTED_EDGE('',*,*,#14905,.F.);
#14905 = EDGE_CURVE('',#14906,#14906,#14908,.T.);
#14906 = VERTEX_POINT('',#14907);
#14907 = CARTESIAN_POINT('',(51.5,58.,34.85));
#14908 = SURFACE_CURVE('',#14909,(#14914,#14921),.PCURVE_S1.);
#14909 = CIRCLE('',#14910,3.);
#14910 = AXIS2_PLACEMENT_3D('',#14911,#14912,#14913);
#14911 = CARTESIAN_POINT('',(48.5,58.,34.85));
#14912 = DIRECTION('',(0.,0.,1.));
#14913 = DIRECTION('',(1.,0.,0.));
#14914 = PCURVE('',#13864,#14915);
#14915 = DEFINITIONAL_REPRESENTATION('',(#14916),#14920);
#14916 = LINE('',#14917,#14918);
#14917 = CARTESIAN_POINT('',(-0.,0.));
#14918 = VECTOR('',#14919,1.);
#14919 = DIRECTION('',(-1.,0.));
#14920 = ( GEOMETRIC_REPRESENTATION_CONTEXT(2) 
PARAMETRIC_REPRESENTATION_CONTEXT() REPRESENTATION_CONTEXT('2D SPACE',''
  ) );
#14921 = PCURVE('',#14922,#14927);
#14922 = PLANE('',#14923);
#14923 = AXIS2_PLACEMENT_3D('',#14924,#14925,#14926);
#14924 = CARTESIAN_POINT('',(48.5,58.,34.85));
#14925 = DIRECTION('',(0.,0.,1.));
#14926 = DIRECTION('',(1.,0.,-0.));
#14927 = DEFINITIONAL_REPRESENTATION('',(#14928),#14932);
#14928 = CIRCLE('',#14929,3.);
#14929 = AXIS2_PLACEMENT_2D('',#14930,#14931);
#14930 = CARTESIAN_POINT('',(7.105427357601E-15,0.));
#14931 = DIRECTION('',(1.,0.));
#14932 = ( GEOMETRIC_REPRESENTATION_CONTEXT(2) 
PARAMETRIC_REPRESENTATION_CONTEXT() REPRESENTATION_CONTEXT('2D SPACE',''
  ) );
#14933 = ORIENTED_EDGE('',*,*,#14934,.T.);
#14934 = EDGE_CURVE('',#14906,#13848,#14935,.T.);
#14935 = SEAM_CURVE('',#14936,(#14940,#14947),.PCURVE_S1.);
#14936 = LINE('',#14937,#14938);
#14937 = CARTESIAN_POINT('',(51.5,58.,34.85));
#14938 = VECTOR('',#14939,1.);
#14939 = DIRECTION('',(0.,0.,1.));
#14940 = PCURVE('',#13864,#14941);
#14941 = DEFINITIONAL_REPRESENTATION('',(#14942),#14946);
#14942 = LINE('',#14943,#14944);
#14943 = CARTESIAN_POINT('',(-6.28318530718,0.));
#14944 = VECTOR('',#14945,1.);
#14945 = DIRECTION('',(-0.,-1.));
#14946 = ( GEOMETRIC_REPRESENTATION_CONTEXT(2) 
PARAMETRIC_REPRESENTATION_CONTEXT() REPRESENTATION_CONTEXT('2D SPACE',''
  ) );
#14947 = PCURVE('',#13864,#14948);
#14948 = DEFINITIONAL_REPRESENTATION('',(#14949),#14953);
#14949 = LINE('',#14950,#14951);
#14950 = CARTESIAN_POINT('',(-0.,0.));
#14951 = VECTOR('',#14952,1.);
#14952 = DIRECTION('',(-0.,-1.));
#14953 = ( GEOMETRIC_REPRESENTATION_CONTEXT(2) 
PARAMETRIC_REPRESENTATION_CONTEXT() REPRESENTATION_CONTEXT('2D SPACE',''
  ) );
#14954 = ORIENTED_EDGE('',*,*,#13847,.F.);
#14955 = ORIENTED_EDGE('',*,*,#14934,.F.);
#14956 = ADVANCED_FACE('',(#14957),#13895,.T.);
#14957 = FACE_BOUND('',#14958,.F.);
#14958 = EDGE_LOOP('',(#14959,#14988,#15009,#15010));
#14959 = ORIENTED_EDGE('',*,*,#14960,.F.);
#14960 = EDGE_CURVE('',#14961,#14961,#14963,.T.);
#14961 = VERTEX_POINT('',#14962);
#14962 = CARTESIAN_POINT('',(51.5,68.,34.85));
#14963 = SURFACE_CURVE('',#14964,(#14969,#14976),.PCURVE_S1.);
#14964 = CIRCLE('',#14965,3.);
#14965 = AXIS2_PLACEMENT_3D('',#14966,#14967,#14968);
#14966 = CARTESIAN_POINT('',(48.5,68.,34.85));
#14967 = DIRECTION('',(0.,0.,1.));
#14968 = DIRECTION('',(1.,0.,0.));
#14969 = PCURVE('',#13895,#14970);
#14970 = DEFINITIONAL_REPRESENTATION('',(#14971),#14975);
#14971 = LINE('',#14972,#14973);
#14972 = CARTESIAN_POINT('',(-0.,0.));
#14973 = VECTOR('',#14974,1.);
#14974 = DIRECTION('',(-1.,0.));
#14975 = ( GEOMETRIC_REPRESENTATION_CONTEXT(2) 
PARAMETRIC_REPRESENTATION_CONTEXT() REPRESENTATION_CONTEXT('2D SPACE',''
  ) );
#14976 = PCURVE('',#14977,#14982);
#14977 = PLANE('',#14978);
#14978 = AXIS2_PLACEMENT_3D('',#14979,#14980,#14981);
#14979 = CARTESIAN_POINT('',(48.5,68.,34.85));
#14980 = DIRECTION('',(0.,0.,1.));
#14981 = DIRECTION('',(1.,0.,-0.));
#14982 = DEFINITIONAL_REPRESENTATION('',(#14983),#14987);
#14983 = CIRCLE('',#14984,3.);
#14984 = AXIS2_PLACEMENT_2D('',#14985,#14986);
#14985 = CARTESIAN_POINT('',(7.105427357601E-15,0.));
#14986 = DIRECTION('',(1.,0.));
#14987 = ( GEOMETRIC_REPRESENTATION_CONTEXT(2) 
PARAMETRIC_REPRESENTATION_CONTEXT() REPRESENTATION_CONTEXT('2D SPACE',''
  ) );
#14988 = ORIENTED_EDGE('',*,*,#14989,.T.);
#14989 = EDGE_CURVE('',#14961,#13879,#14990,.T.);
#14990 = SEAM_CURVE('',#14991,(#14995,#15002),.PCURVE_S1.);
#14991 = LINE('',#14992,#14993);
#14992 = CARTESIAN_POINT('',(51.5,68.,34.85));
#14993 = VECTOR('',#14994,1.);
#14994 = DIRECTION('',(0.,0.,1.));
#14995 = PCURVE('',#13895,#14996);
#14996 = DEFINITIONAL_REPRESENTATION('',(#14997),#15001);
#14997 = LINE('',#14998,#14999);
#14998 = CARTESIAN_POINT('',(-6.28318530718,0.));
#14999 = VECTOR('',#15000,1.);
#15000 = DIRECTION('',(-0.,-1.));
#15001 = ( GEOMETRIC_REPRESENTATION_CONTEXT(2) 
PARAMETRIC_REPRESENTATION_CONTEXT() REPRESENTATION_CONTEXT('2D SPACE',''
  ) );
#15002 = PCURVE('',#13895,#15003);
#15003 = DEFINITIONAL_REPRESENTATION('',(#15004),#15008);
#15004 = LINE('',#15005,#15006);
#15005 = CARTESIAN_POINT('',(-0.,0.));
#15006 = VECTOR('',#15007,1.);
#15007 = DIRECTION('',(-0.,-1.));
#15008 = ( GEOMETRIC_REPRESENTATION_CONTEXT(2) 
PARAMETRIC_REPRESENTATION_CONTEXT() REPRESENTATION_CONTEXT('2D SPACE',''
  ) );
#15009 = ORIENTED_EDGE('',*,*,#13878,.F.);
#15010 = ORIENTED_EDGE('',*,*,#14989,.F.);
#15011 = ADVANCED_FACE('',(#15012),#14375,.F.);
#15012 = FACE_BOUND('',#15013,.F.);
#15013 = EDGE_LOOP('',(#15014,#15037,#15058,#15059));
#15014 = ORIENTED_EDGE('',*,*,#15015,.F.);
#15015 = EDGE_CURVE('',#15016,#14285,#15018,.T.);
#15016 = VERTEX_POINT('',#15017);
#15017 = CARTESIAN_POINT('',(23.,90.,37.));
#15018 = SURFACE_CURVE('',#15019,(#15023,#15030),.PCURVE_S1.);
#15019 = LINE('',#15020,#15021);
#15020 = CARTESIAN_POINT('',(23.,90.,37.));
#15021 = VECTOR('',#15022,1.);
#15022 = DIRECTION('',(0.,1.,0.));
#15023 = PCURVE('',#14375,#15024);
#15024 = DEFINITIONAL_REPRESENTATION('',(#15025),#15029);
#15025 = LINE('',#15026,#15027);
#15026 = CARTESIAN_POINT('',(10.,0.));
#15027 = VECTOR('',#15028,1.);
#15028 = DIRECTION('',(0.,-1.));
#15029 = ( GEOMETRIC_REPRESENTATION_CONTEXT(2) 
PARAMETRIC_REPRESENTATION_CONTEXT() REPRESENTATION_CONTEXT('2D SPACE',''
  ) );
#15030 = PCURVE('',#14298,#15031);
#15031 = DEFINITIONAL_REPRESENTATION('',(#15032),#15036);
#15032 = LINE('',#15033,#15034);
#15033 = CARTESIAN_POINT('',(0.,0.));
#15034 = VECTOR('',#15035,1.);
#15035 = DIRECTION('',(0.,1.));
#15036 = ( GEOMETRIC_REPRESENTATION_CONTEXT(2) 
PARAMETRIC_REPRESENTATION_CONTEXT() REPRESENTATION_CONTEXT('2D SPACE',''
  ) );
#15037 = ORIENTED_EDGE('',*,*,#15038,.F.);
#15038 = EDGE_CURVE('',#14496,#15016,#15039,.T.);
#15039 = SURFACE_CURVE('',#15040,(#15044,#15051),.PCURVE_S1.);
#15040 = LINE('',#15041,#15042);
#15041 = CARTESIAN_POINT('',(23.,90.,27.));
#15042 = VECTOR('',#15043,1.);
#15043 = DIRECTION('',(0.,0.,1.));
#15044 = PCURVE('',#14375,#15045);
#15045 = DEFINITIONAL_REPRESENTATION('',(#15046),#15050);
#15046 = LINE('',#15047,#15048);
#15047 = CARTESIAN_POINT('',(0.,0.));
#15048 = VECTOR('',#15049,1.);
#15049 = DIRECTION('',(1.,0.));
#15050 = ( GEOMETRIC_REPRESENTATION_CONTEXT(2) 
PARAMETRIC_REPRESENTATION_CONTEXT() REPRESENTATION_CONTEXT('2D SPACE',''
  ) );
#15051 = PCURVE('',#14534,#15052);
#15052 = DEFINITIONAL_REPRESENTATION('',(#15053),#15057);
#15053 = LINE('',#15054,#15055);
#15054 = CARTESIAN_POINT('',(0.,0.));
#15055 = VECTOR('',#15056,1.);
#15056 = DIRECTION('',(1.,0.));
#15057 = ( GEOMETRIC_REPRESENTATION_CONTEXT(2) 
PARAMETRIC_REPRESENTATION_CONTEXT() REPRESENTATION_CONTEXT('2D SPACE',''
  ) );
#15058 = ORIENTED_EDGE('',*,*,#14495,.T.);
#15059 = ORIENTED_EDGE('',*,*,#14309,.T.);
#15060 = ADVANCED_FACE('',(#15061),#14298,.T.);
#15061 = FACE_BOUND('',#15062,.T.);
#15062 = EDGE_LOOP('',(#15063,#15064,#15087,#15108));
#15063 = ORIENTED_EDGE('',*,*,#15015,.F.);
#15064 = ORIENTED_EDGE('',*,*,#15065,.T.);
#15065 = EDGE_CURVE('',#15016,#15066,#15068,.T.);
#15066 = VERTEX_POINT('',#15067);
#15067 = CARTESIAN_POINT('',(31.,90.,37.));
#15068 = SURFACE_CURVE('',#15069,(#15073,#15080),.PCURVE_S1.);
#15069 = LINE('',#15070,#15071);
#15070 = CARTESIAN_POINT('',(23.,90.,37.));
#15071 = VECTOR('',#15072,1.);
#15072 = DIRECTION('',(1.,0.,0.));
#15073 = PCURVE('',#14298,#15074);
#15074 = DEFINITIONAL_REPRESENTATION('',(#15075),#15079);
#15075 = LINE('',#15076,#15077);
#15076 = CARTESIAN_POINT('',(0.,0.));
#15077 = VECTOR('',#15078,1.);
#15078 = DIRECTION('',(1.,0.));
#15079 = ( GEOMETRIC_REPRESENTATION_CONTEXT(2) 
PARAMETRIC_REPRESENTATION_CONTEXT() REPRESENTATION_CONTEXT('2D SPACE',''
  ) );
#15080 = PCURVE('',#14534,#15081);
#15081 = DEFINITIONAL_REPRESENTATION('',(#15082),#15086);
#15082 = LINE('',#15083,#15084);
#15083 = CARTESIAN_POINT('',(10.,0.));
#15084 = VECTOR('',#15085,1.);
#15085 = DIRECTION('',(0.,1.));
#15086 = ( GEOMETRIC_REPRESENTATION_CONTEXT(2) 
PARAMETRIC_REPRESENTATION_CONTEXT() REPRESENTATION_CONTEXT('2D SPACE',''
  ) );
#15087 = ORIENTED_EDGE('',*,*,#15088,.T.);
#15088 = EDGE_CURVE('',#15066,#14179,#15089,.T.);
#15089 = SURFACE_CURVE('',#15090,(#15094,#15101),.PCURVE_S1.);
#15090 = LINE('',#15091,#15092);
#15091 = CARTESIAN_POINT('',(31.,90.,37.));
#15092 = VECTOR('',#15093,1.);
#15093 = DIRECTION('',(0.,1.,0.));
#15094 = PCURVE('',#14298,#15095);
#15095 = DEFINITIONAL_REPRESENTATION('',(#15096),#15100);
#15096 = LINE('',#15097,#15098);
#15097 = CARTESIAN_POINT('',(8.,0.));
#15098 = VECTOR('',#15099,1.);
#15099 = DIRECTION('',(0.,1.));
#15100 = ( GEOMETRIC_REPRESENTATION_CONTEXT(2) 
PARAMETRIC_REPRESENTATION_CONTEXT() REPRESENTATION_CONTEXT('2D SPACE',''
  ) );
#15101 = PCURVE('',#14246,#15102);
#15102 = DEFINITIONAL_REPRESENTATION('',(#15103),#15107);
#15103 = LINE('',#15104,#15105);
#15104 = CARTESIAN_POINT('',(10.,0.));
#15105 = VECTOR('',#15106,1.);
#15106 = DIRECTION('',(0.,-1.));
#15107 = ( GEOMETRIC_REPRESENTATION_CONTEXT(2) 
PARAMETRIC_REPRESENTATION_CONTEXT() REPRESENTATION_CONTEXT('2D SPACE',''
  ) );
#15108 = ORIENTED_EDGE('',*,*,#14284,.F.);
#15109 = ADVANCED_FACE('',(#15110),#14246,.T.);
#15110 = FACE_BOUND('',#15111,.T.);
#15111 = EDGE_LOOP('',(#15112,#15113,#15134,#15135));
#15112 = ORIENTED_EDGE('',*,*,#15088,.F.);
#15113 = ORIENTED_EDGE('',*,*,#15114,.F.);
#15114 = EDGE_CURVE('',#14519,#15066,#15115,.T.);
#15115 = SURFACE_CURVE('',#15116,(#15120,#15127),.PCURVE_S1.);
#15116 = LINE('',#15117,#15118);
#15117 = CARTESIAN_POINT('',(31.,90.,27.));
#15118 = VECTOR('',#15119,1.);
#15119 = DIRECTION('',(0.,0.,1.));
#15120 = PCURVE('',#14246,#15121);
#15121 = DEFINITIONAL_REPRESENTATION('',(#15122),#15126);
#15122 = LINE('',#15123,#15124);
#15123 = CARTESIAN_POINT('',(0.,0.));
#15124 = VECTOR('',#15125,1.);
#15125 = DIRECTION('',(1.,0.));
#15126 = ( GEOMETRIC_REPRESENTATION_CONTEXT(2) 
PARAMETRIC_REPRESENTATION_CONTEXT() REPRESENTATION_CONTEXT('2D SPACE',''
  ) );
#15127 = PCURVE('',#14534,#15128);
#15128 = DEFINITIONAL_REPRESENTATION('',(#15129),#15133);
#15129 = LINE('',#15130,#15131);
#15130 = CARTESIAN_POINT('',(0.,8.));
#15131 = VECTOR('',#15132,1.);
#15132 = DIRECTION('',(1.,0.));
#15133 = ( GEOMETRIC_REPRESENTATION_CONTEXT(2) 
PARAMETRIC_REPRESENTATION_CONTEXT() REPRESENTATION_CONTEXT('2D SPACE',''
  ) );
#15134 = ORIENTED_EDGE('',*,*,#14546,.T.);
#15135 = ORIENTED_EDGE('',*,*,#14178,.T.);
#15136 = ADVANCED_FACE('',(#15137),#14139,.F.);
#15137 = FACE_BOUND('',#15138,.F.);
#15138 = EDGE_LOOP('',(#15139,#15162,#15183,#15184));
#15139 = ORIENTED_EDGE('',*,*,#15140,.F.);
#15140 = EDGE_CURVE('',#15141,#14049,#15143,.T.);
#15141 = VERTEX_POINT('',#15142);
#15142 = CARTESIAN_POINT('',(48.,90.,37.));
#15143 = SURFACE_CURVE('',#15144,(#15148,#15155),.PCURVE_S1.);
#15144 = LINE('',#15145,#15146);
#15145 = CARTESIAN_POINT('',(48.,90.,37.));
#15146 = VECTOR('',#15147,1.);
#15147 = DIRECTION('',(0.,1.,0.));
#15148 = PCURVE('',#14139,#15149);
#15149 = DEFINITIONAL_REPRESENTATION('',(#15150),#15154);
#15150 = LINE('',#15151,#15152);
#15151 = CARTESIAN_POINT('',(10.,0.));
#15152 = VECTOR('',#15153,1.);
#15153 = DIRECTION('',(0.,-1.));
#15154 = ( GEOMETRIC_REPRESENTATION_CONTEXT(2) 
PARAMETRIC_REPRESENTATION_CONTEXT() REPRESENTATION_CONTEXT('2D SPACE',''
  ) );
#15155 = PCURVE('',#14062,#15156);
#15156 = DEFINITIONAL_REPRESENTATION('',(#15157),#15161);
#15157 = LINE('',#15158,#15159);
#15158 = CARTESIAN_POINT('',(0.,0.));
#15159 = VECTOR('',#15160,1.);
#15160 = DIRECTION('',(0.,1.));
#15161 = ( GEOMETRIC_REPRESENTATION_CONTEXT(2) 
PARAMETRIC_REPRESENTATION_CONTEXT() REPRESENTATION_CONTEXT('2D SPACE',''
  ) );
#15162 = ORIENTED_EDGE('',*,*,#15163,.F.);
#15163 = EDGE_CURVE('',#14420,#15141,#15164,.T.);
#15164 = SURFACE_CURVE('',#15165,(#15169,#15176),.PCURVE_S1.);
#15165 = LINE('',#15166,#15167);
#15166 = CARTESIAN_POINT('',(48.,90.,27.));
#15167 = VECTOR('',#15168,1.);
#15168 = DIRECTION('',(0.,0.,1.));
#15169 = PCURVE('',#14139,#15170);
#15170 = DEFINITIONAL_REPRESENTATION('',(#15171),#15175);
#15171 = LINE('',#15172,#15173);
#15172 = CARTESIAN_POINT('',(0.,0.));
#15173 = VECTOR('',#15174,1.);
#15174 = DIRECTION('',(1.,0.));
#15175 = ( GEOMETRIC_REPRESENTATION_CONTEXT(2) 
PARAMETRIC_REPRESENTATION_CONTEXT() REPRESENTATION_CONTEXT('2D SPACE',''
  ) );
#15176 = PCURVE('',#14458,#15177);
#15177 = DEFINITIONAL_REPRESENTATION('',(#15178),#15182);
#15178 = LINE('',#15179,#15180);
#15179 = CARTESIAN_POINT('',(0.,0.));
#15180 = VECTOR('',#15181,1.);
#15181 = DIRECTION('',(1.,0.));
#15182 = ( GEOMETRIC_REPRESENTATION_CONTEXT(2) 
PARAMETRIC_REPRESENTATION_CONTEXT() REPRESENTATION_CONTEXT('2D SPACE',''
  ) );
#15183 = ORIENTED_EDGE('',*,*,#14419,.T.);
#15184 = ORIENTED_EDGE('',*,*,#14073,.T.);
#15185 = ADVANCED_FACE('',(#15186),#14062,.T.);
#15186 = FACE_BOUND('',#15187,.T.);
#15187 = EDGE_LOOP('',(#15188,#15189,#15212,#15233));
#15188 = ORIENTED_EDGE('',*,*,#15140,.F.);
#15189 = ORIENTED_EDGE('',*,*,#15190,.T.);
#15190 = EDGE_CURVE('',#15141,#15191,#15193,.T.);
#15191 = VERTEX_POINT('',#15192);
#15192 = CARTESIAN_POINT('',(56.,90.,37.));
#15193 = SURFACE_CURVE('',#15194,(#15198,#15205),.PCURVE_S1.);
#15194 = LINE('',#15195,#15196);
#15195 = CARTESIAN_POINT('',(48.,90.,37.));
#15196 = VECTOR('',#15197,1.);
#15197 = DIRECTION('',(1.,0.,0.));
#15198 = PCURVE('',#14062,#15199);
#15199 = DEFINITIONAL_REPRESENTATION('',(#15200),#15204);
#15200 = LINE('',#15201,#15202);
#15201 = CARTESIAN_POINT('',(0.,0.));
#15202 = VECTOR('',#15203,1.);
#15203 = DIRECTION('',(1.,0.));
#15204 = ( GEOMETRIC_REPRESENTATION_CONTEXT(2) 
PARAMETRIC_REPRESENTATION_CONTEXT() REPRESENTATION_CONTEXT('2D SPACE',''
  ) );
#15205 = PCURVE('',#14458,#15206);
#15206 = DEFINITIONAL_REPRESENTATION('',(#15207),#15211);
#15207 = LINE('',#15208,#15209);
#15208 = CARTESIAN_POINT('',(10.,0.));
#15209 = VECTOR('',#15210,1.);
#15210 = DIRECTION('',(0.,1.));
#15211 = ( GEOMETRIC_REPRESENTATION_CONTEXT(2) 
PARAMETRIC_REPRESENTATION_CONTEXT() REPRESENTATION_CONTEXT('2D SPACE',''
  ) );
#15212 = ORIENTED_EDGE('',*,*,#15213,.T.);
#15213 = EDGE_CURVE('',#15191,#13943,#15214,.T.);
#15214 = SURFACE_CURVE('',#15215,(#15219,#15226),.PCURVE_S1.);
#15215 = LINE('',#15216,#15217);
#15216 = CARTESIAN_POINT('',(56.,90.,37.));
#15217 = VECTOR('',#15218,1.);
#15218 = DIRECTION('',(0.,1.,0.));
#15219 = PCURVE('',#14062,#15220);
#15220 = DEFINITIONAL_REPRESENTATION('',(#15221),#15225);
#15221 = LINE('',#15222,#15223);
#15222 = CARTESIAN_POINT('',(8.,0.));
#15223 = VECTOR('',#15224,1.);
#15224 = DIRECTION('',(0.,1.));
#15225 = ( GEOMETRIC_REPRESENTATION_CONTEXT(2) 
PARAMETRIC_REPRESENTATION_CONTEXT() REPRESENTATION_CONTEXT('2D SPACE',''
  ) );
#15226 = PCURVE('',#14010,#15227);
#15227 = DEFINITIONAL_REPRESENTATION('',(#15228),#15232);
#15228 = LINE('',#15229,#15230);
#15229 = CARTESIAN_POINT('',(10.,0.));
#15230 = VECTOR('',#15231,1.);
#15231 = DIRECTION('',(0.,-1.));
#15232 = ( GEOMETRIC_REPRESENTATION_CONTEXT(2) 
PARAMETRIC_REPRESENTATION_CONTEXT() REPRESENTATION_CONTEXT('2D SPACE',''
  ) );
#15233 = ORIENTED_EDGE('',*,*,#14048,.F.);
#15234 = ADVANCED_FACE('',(#15235),#14010,.T.);
#15235 = FACE_BOUND('',#15236,.T.);
#15236 = EDGE_LOOP('',(#15237,#15238,#15259,#15260));
#15237 = ORIENTED_EDGE('',*,*,#15213,.F.);
#15238 = ORIENTED_EDGE('',*,*,#15239,.F.);
#15239 = EDGE_CURVE('',#14443,#15191,#15240,.T.);
#15240 = SURFACE_CURVE('',#15241,(#15245,#15252),.PCURVE_S1.);
#15241 = LINE('',#15242,#15243);
#15242 = CARTESIAN_POINT('',(56.,90.,27.));
#15243 = VECTOR('',#15244,1.);
#15244 = DIRECTION('',(0.,0.,1.));
#15245 = PCURVE('',#14010,#15246);
#15246 = DEFINITIONAL_REPRESENTATION('',(#15247),#15251);
#15247 = LINE('',#15248,#15249);
#15248 = CARTESIAN_POINT('',(0.,0.));
#15249 = VECTOR('',#15250,1.);
#15250 = DIRECTION('',(1.,0.));
#15251 = ( GEOMETRIC_REPRESENTATION_CONTEXT(2) 
PARAMETRIC_REPRESENTATION_CONTEXT() REPRESENTATION_CONTEXT('2D SPACE',''
  ) );
#15252 = PCURVE('',#14458,#15253);
#15253 = DEFINITIONAL_REPRESENTATION('',(#15254),#15258);
#15254 = LINE('',#15255,#15256);
#15255 = CARTESIAN_POINT('',(0.,8.));
#15256 = VECTOR('',#15257,1.);
#15257 = DIRECTION('',(1.,0.));
#15258 = ( GEOMETRIC_REPRESENTATION_CONTEXT(2) 
PARAMETRIC_REPRESENTATION_CONTEXT() REPRESENTATION_CONTEXT('2D SPACE',''
  ) );
#15259 = ORIENTED_EDGE('',*,*,#14470,.T.);
#15260 = ORIENTED_EDGE('',*,*,#13942,.T.);
#15261 = ADVANCED_FACE('',(#15262),#14458,.F.);
#15262 = FACE_BOUND('',#15263,.F.);
#15263 = EDGE_LOOP('',(#15264,#15265,#15266,#15267));
#15264 = ORIENTED_EDGE('',*,*,#14442,.F.);
#15265 = ORIENTED_EDGE('',*,*,#15163,.T.);
#15266 = ORIENTED_EDGE('',*,*,#15190,.T.);
#15267 = ORIENTED_EDGE('',*,*,#15239,.F.);
#15268 = ADVANCED_FACE('',(#15269),#14534,.F.);
#15269 = FACE_BOUND('',#15270,.F.);
#15270 = EDGE_LOOP('',(#15271,#15272,#15273,#15274));
#15271 = ORIENTED_EDGE('',*,*,#14518,.F.);
#15272 = ORIENTED_EDGE('',*,*,#15038,.T.);
#15273 = ORIENTED_EDGE('',*,*,#15065,.T.);
#15274 = ORIENTED_EDGE('',*,*,#15114,.F.);
#15275 = ADVANCED_FACE('',(#15276,#15279),#14588,.F.);
#15276 = FACE_BOUND('',#15277,.F.);
#15277 = EDGE_LOOP('',(#15278));
#15278 = ORIENTED_EDGE('',*,*,#14571,.T.);
#15279 = FACE_BOUND('',#15280,.F.);
#15280 = EDGE_LOOP('',(#15281));
#15281 = ORIENTED_EDGE('',*,*,#15282,.T.);
#15282 = EDGE_CURVE('',#15283,#15283,#15285,.T.);
#15283 = VERTEX_POINT('',#15284);
#15284 = CARTESIAN_POINT('',(13.,83.,30.85));
#15285 = SURFACE_CURVE('',#15286,(#15291,#15302),.PCURVE_S1.);
#15286 = CIRCLE('',#15287,1.);
#15287 = AXIS2_PLACEMENT_3D('',#15288,#15289,#15290);
#15288 = CARTESIAN_POINT('',(12.,83.,30.85));
#15289 = DIRECTION('',(0.,0.,-1.));
#15290 = DIRECTION('',(1.,0.,0.));
#15291 = PCURVE('',#14588,#15292);
#15292 = DEFINITIONAL_REPRESENTATION('',(#15293),#15301);
#15293 = ( BOUNDED_CURVE() B_SPLINE_CURVE(2,(#15294,#15295,#15296,#15297
    ,#15298,#15299,#15300),.UNSPECIFIED.,.T.,.F.) 
B_SPLINE_CURVE_WITH_KNOTS((1,2,2,2,2,1),(-2.094395102393,0.,
    2.094395102393,4.188790204786,6.28318530718,8.377580409573),
.UNSPECIFIED.) CURVE() GEOMETRIC_REPRESENTATION_ITEM() 
RATIONAL_B_SPLINE_CURVE((1.,0.5,1.,0.5,1.,0.5,1.)) REPRESENTATION_ITEM(
  '') );
#15294 = CARTESIAN_POINT('',(1.,-1.42108547152E-14));
#15295 = CARTESIAN_POINT('',(1.,-1.732050807569));
#15296 = CARTESIAN_POINT('',(-0.5,-0.866025403784));
#15297 = CARTESIAN_POINT('',(-2.,-1.445578407503E-14));
#15298 = CARTESIAN_POINT('',(-0.5,0.866025403784));
#15299 = CARTESIAN_POINT('',(1.,1.732050807569));
#15300 = CARTESIAN_POINT('',(1.,-1.42108547152E-14));
#15301 = ( GEOMETRIC_REPRESENTATION_CONTEXT(2) 
PARAMETRIC_REPRESENTATION_CONTEXT() REPRESENTATION_CONTEXT('2D SPACE',''
  ) );
#15302 = PCURVE('',#15303,#15308);
#15303 = CYLINDRICAL_SURFACE('',#15304,1.);
#15304 = AXIS2_PLACEMENT_3D('',#15305,#15306,#15307);
#15305 = CARTESIAN_POINT('',(12.,83.,30.7));
#15306 = DIRECTION('',(-0.,-0.,-1.));
#15307 = DIRECTION('',(1.,0.,0.));
#15308 = DEFINITIONAL_REPRESENTATION('',(#15309),#15313);
#15309 = LINE('',#15310,#15311);
#15310 = CARTESIAN_POINT('',(-6.28318530718,-0.15));
#15311 = VECTOR('',#15312,1.);
#15312 = DIRECTION('',(1.,-0.));
#15313 = ( GEOMETRIC_REPRESENTATION_CONTEXT(2) 
PARAMETRIC_REPRESENTATION_CONTEXT() REPRESENTATION_CONTEXT('2D SPACE',''
  ) );
#15314 = ADVANCED_FACE('',(#15315,#15318),#14645,.F.);
#15315 = FACE_BOUND('',#15316,.F.);
#15316 = EDGE_LOOP('',(#15317));
#15317 = ORIENTED_EDGE('',*,*,#14628,.T.);
#15318 = FACE_BOUND('',#15319,.F.);
#15319 = EDGE_LOOP('',(#15320));
#15320 = ORIENTED_EDGE('',*,*,#15321,.T.);
#15321 = EDGE_CURVE('',#15322,#15322,#15324,.T.);
#15322 = VERTEX_POINT('',#15323);
#15323 = CARTESIAN_POINT('',(68.,83.,30.85));
#15324 = SURFACE_CURVE('',#15325,(#15330,#15341),.PCURVE_S1.);
#15325 = CIRCLE('',#15326,1.);
#15326 = AXIS2_PLACEMENT_3D('',#15327,#15328,#15329);
#15327 = CARTESIAN_POINT('',(67.,83.,30.85));
#15328 = DIRECTION('',(0.,0.,-1.));
#15329 = DIRECTION('',(1.,0.,0.));
#15330 = PCURVE('',#14645,#15331);
#15331 = DEFINITIONAL_REPRESENTATION('',(#15332),#15340);
#15332 = ( BOUNDED_CURVE() B_SPLINE_CURVE(2,(#15333,#15334,#15335,#15336
    ,#15337,#15338,#15339),.UNSPECIFIED.,.T.,.F.) 
B_SPLINE_CURVE_WITH_KNOTS((1,2,2,2,2,1),(-2.094395102393,0.,
    2.094395102393,4.188790204786,6.28318530718,8.377580409573),
.UNSPECIFIED.) CURVE() GEOMETRIC_REPRESENTATION_ITEM() 
RATIONAL_B_SPLINE_CURVE((1.,0.5,1.,0.5,1.,0.5,1.)) REPRESENTATION_ITEM(
  '') );
#15333 = CARTESIAN_POINT('',(1.,0.));
#15334 = CARTESIAN_POINT('',(1.,-1.732050807569));
#15335 = CARTESIAN_POINT('',(-0.5,-0.866025403784));
#15336 = CARTESIAN_POINT('',(-2.,-2.449293598295E-16));
#15337 = CARTESIAN_POINT('',(-0.5,0.866025403784));
#15338 = CARTESIAN_POINT('',(1.,1.732050807569));
#15339 = CARTESIAN_POINT('',(1.,0.));
#15340 = ( GEOMETRIC_REPRESENTATION_CONTEXT(2) 
PARAMETRIC_REPRESENTATION_CONTEXT() REPRESENTATION_CONTEXT('2D SPACE',''
  ) );
#15341 = PCURVE('',#15342,#15347);
#15342 = CYLINDRICAL_SURFACE('',#15343,1.);
#15343 = AXIS2_PLACEMENT_3D('',#15344,#15345,#15346);
#15344 = CARTESIAN_POINT('',(67.,83.,30.7));
#15345 = DIRECTION('',(-0.,-0.,-1.));
#15346 = DIRECTION('',(1.,0.,0.));
#15347 = DEFINITIONAL_REPRESENTATION('',(#15348),#15352);
#15348 = LINE('',#15349,#15350);
#15349 = CARTESIAN_POINT('',(-6.28318530718,-0.15));
#15350 = VECTOR('',#15351,1.);
#15351 = DIRECTION('',(1.,-0.));
#15352 = ( GEOMETRIC_REPRESENTATION_CONTEXT(2) 
PARAMETRIC_REPRESENTATION_CONTEXT() REPRESENTATION_CONTEXT('2D SPACE',''
  ) );
#15353 = ADVANCED_FACE('',(#15354,#15357),#14702,.F.);
#15354 = FACE_BOUND('',#15355,.F.);
#15355 = EDGE_LOOP('',(#15356));
#15356 = ORIENTED_EDGE('',*,*,#14685,.T.);
#15357 = FACE_BOUND('',#15358,.F.);
#15358 = EDGE_LOOP('',(#15359));
#15359 = ORIENTED_EDGE('',*,*,#15360,.T.);
#15360 = EDGE_CURVE('',#15361,#15361,#15363,.T.);
#15361 = VERTEX_POINT('',#15362);
#15362 = CARTESIAN_POINT('',(31.5,48.,34.85));
#15363 = SURFACE_CURVE('',#15364,(#15369,#15380),.PCURVE_S1.);
#15364 = CIRCLE('',#15365,1.);
#15365 = AXIS2_PLACEMENT_3D('',#15366,#15367,#15368);
#15366 = CARTESIAN_POINT('',(30.5,48.,34.85));
#15367 = DIRECTION('',(0.,0.,-1.));
#15368 = DIRECTION('',(1.,0.,0.));
#15369 = PCURVE('',#14702,#15370);
#15370 = DEFINITIONAL_REPRESENTATION('',(#15371),#15379);
#15371 = ( BOUNDED_CURVE() B_SPLINE_CURVE(2,(#15372,#15373,#15374,#15375
    ,#15376,#15377,#15378),.UNSPECIFIED.,.T.,.F.) 
B_SPLINE_CURVE_WITH_KNOTS((1,2,2,2,2,1),(-2.094395102393,0.,
    2.094395102393,4.188790204786,6.28318530718,8.377580409573),
.UNSPECIFIED.) CURVE() GEOMETRIC_REPRESENTATION_ITEM() 
RATIONAL_B_SPLINE_CURVE((1.,0.5,1.,0.5,1.,0.5,1.)) REPRESENTATION_ITEM(
  '') );
#15372 = CARTESIAN_POINT('',(1.,0.));
#15373 = CARTESIAN_POINT('',(1.,-1.732050807569));
#15374 = CARTESIAN_POINT('',(-0.5,-0.866025403784));
#15375 = CARTESIAN_POINT('',(-2.,-2.449293598295E-16));
#15376 = CARTESIAN_POINT('',(-0.5,0.866025403784));
#15377 = CARTESIAN_POINT('',(1.,1.732050807569));
#15378 = CARTESIAN_POINT('',(1.,0.));
#15379 = ( GEOMETRIC_REPRESENTATION_CONTEXT(2) 
PARAMETRIC_REPRESENTATION_CONTEXT() REPRESENTATION_CONTEXT('2D SPACE',''
  ) );
#15380 = PCURVE('',#15381,#15386);
#15381 = CYLINDRICAL_SURFACE('',#15382,1.);
#15382 = AXIS2_PLACEMENT_3D('',#15383,#15384,#15385);
#15383 = CARTESIAN_POINT('',(30.5,48.,34.7));
#15384 = DIRECTION('',(-0.,-0.,-1.));
#15385 = DIRECTION('',(1.,0.,0.));
#15386 = DEFINITIONAL_REPRESENTATION('',(#15387),#15391);
#15387 = LINE('',#15388,#15389);
#15388 = CARTESIAN_POINT('',(-6.28318530718,-0.15));
#15389 = VECTOR('',#15390,1.);
#15390 = DIRECTION('',(1.,-0.));
#15391 = ( GEOMETRIC_REPRESENTATION_CONTEXT(2) 
PARAMETRIC_REPRESENTATION_CONTEXT() REPRESENTATION_CONTEXT('2D SPACE',''
  ) );
#15392 = ADVANCED_FACE('',(#15393,#15396),#14757,.F.);
#15393 = FACE_BOUND('',#15394,.F.);
#15394 = EDGE_LOOP('',(#15395));
#15395 = ORIENTED_EDGE('',*,*,#14740,.T.);
#15396 = FACE_BOUND('',#15397,.F.);
#15397 = EDGE_LOOP('',(#15398));
#15398 = ORIENTED_EDGE('',*,*,#15399,.T.);
#15399 = EDGE_CURVE('',#15400,#15400,#15402,.T.);
#15400 = VERTEX_POINT('',#15401);
#15401 = CARTESIAN_POINT('',(31.5,58.,34.85));
#15402 = SURFACE_CURVE('',#15403,(#15408,#15419),.PCURVE_S1.);
#15403 = CIRCLE('',#15404,1.);
#15404 = AXIS2_PLACEMENT_3D('',#15405,#15406,#15407);
#15405 = CARTESIAN_POINT('',(30.5,58.,34.85));
#15406 = DIRECTION('',(0.,0.,-1.));
#15407 = DIRECTION('',(1.,0.,0.));
#15408 = PCURVE('',#14757,#15409);
#15409 = DEFINITIONAL_REPRESENTATION('',(#15410),#15418);
#15410 = ( BOUNDED_CURVE() B_SPLINE_CURVE(2,(#15411,#15412,#15413,#15414
    ,#15415,#15416,#15417),.UNSPECIFIED.,.T.,.F.) 
B_SPLINE_CURVE_WITH_KNOTS((1,2,2,2,2,1),(-2.094395102393,0.,
    2.094395102393,4.188790204786,6.28318530718,8.377580409573),
.UNSPECIFIED.) CURVE() GEOMETRIC_REPRESENTATION_ITEM() 
RATIONAL_B_SPLINE_CURVE((1.,0.5,1.,0.5,1.,0.5,1.)) REPRESENTATION_ITEM(
  '') );
#15411 = CARTESIAN_POINT('',(1.,0.));
#15412 = CARTESIAN_POINT('',(1.,-1.732050807569));
#15413 = CARTESIAN_POINT('',(-0.5,-0.866025403784));
#15414 = CARTESIAN_POINT('',(-2.,-2.449293598295E-16));
#15415 = CARTESIAN_POINT('',(-0.5,0.866025403784));
#15416 = CARTESIAN_POINT('',(1.,1.732050807569));
#15417 = CARTESIAN_POINT('',(1.,0.));
#15418 = ( GEOMETRIC_REPRESENTATION_CONTEXT(2) 
PARAMETRIC_REPRESENTATION_CONTEXT() REPRESENTATION_CONTEXT('2D SPACE',''
  ) );
#15419 = PCURVE('',#15420,#15425);
#15420 = CYLINDRICAL_SURFACE('',#15421,1.);
#15421 = AXIS2_PLACEMENT_3D('',#15422,#15423,#15424);
#15422 = CARTESIAN_POINT('',(30.5,58.,34.7));
#15423 = DIRECTION('',(-0.,-0.,-1.));
#15424 = DIRECTION('',(1.,0.,0.));
#15425 = DEFINITIONAL_REPRESENTATION('',(#15426),#15430);
#15426 = LINE('',#15427,#15428);
#15427 = CARTESIAN_POINT('',(-6.28318530718,-0.15));
#15428 = VECTOR('',#15429,1.);
#15429 = DIRECTION('',(1.,-0.));
#15430 = ( GEOMETRIC_REPRESENTATION_CONTEXT(2) 
PARAMETRIC_REPRESENTATION_CONTEXT() REPRESENTATION_CONTEXT('2D SPACE',''
  ) );
#15431 = ADVANCED_FACE('',(#15432,#15435),#14812,.F.);
#15432 = FACE_BOUND('',#15433,.F.);
#15433 = EDGE_LOOP('',(#15434));
#15434 = ORIENTED_EDGE('',*,*,#14795,.T.);
#15435 = FACE_BOUND('',#15436,.F.);
#15436 = EDGE_LOOP('',(#15437));
#15437 = ORIENTED_EDGE('',*,*,#15438,.T.);
#15438 = EDGE_CURVE('',#15439,#15439,#15441,.T.);
#15439 = VERTEX_POINT('',#15440);
#15440 = CARTESIAN_POINT('',(31.5,68.,34.85));
#15441 = SURFACE_CURVE('',#15442,(#15447,#15458),.PCURVE_S1.);
#15442 = CIRCLE('',#15443,1.);
#15443 = AXIS2_PLACEMENT_3D('',#15444,#15445,#15446);
#15444 = CARTESIAN_POINT('',(30.5,68.,34.85));
#15445 = DIRECTION('',(0.,0.,-1.));
#15446 = DIRECTION('',(1.,0.,0.));
#15447 = PCURVE('',#14812,#15448);
#15448 = DEFINITIONAL_REPRESENTATION('',(#15449),#15457);
#15449 = ( BOUNDED_CURVE() B_SPLINE_CURVE(2,(#15450,#15451,#15452,#15453
    ,#15454,#15455,#15456),.UNSPECIFIED.,.T.,.F.) 
B_SPLINE_CURVE_WITH_KNOTS((1,2,2,2,2,1),(-2.094395102393,0.,
    2.094395102393,4.188790204786,6.28318530718,8.377580409573),
.UNSPECIFIED.) CURVE() GEOMETRIC_REPRESENTATION_ITEM() 
RATIONAL_B_SPLINE_CURVE((1.,0.5,1.,0.5,1.,0.5,1.)) REPRESENTATION_ITEM(
  '') );
#15450 = CARTESIAN_POINT('',(1.,0.));
#15451 = CARTESIAN_POINT('',(1.,-1.732050807569));
#15452 = CARTESIAN_POINT('',(-0.5,-0.866025403784));
#15453 = CARTESIAN_POINT('',(-2.,-2.449293598295E-16));
#15454 = CARTESIAN_POINT('',(-0.5,0.866025403784));
#15455 = CARTESIAN_POINT('',(1.,1.732050807569));
#15456 = CARTESIAN_POINT('',(1.,0.));
#15457 = ( GEOMETRIC_REPRESENTATION_CONTEXT(2) 
PARAMETRIC_REPRESENTATION_CONTEXT() REPRESENTATION_CONTEXT('2D SPACE',''
  ) );
#15458 = PCURVE('',#15459,#15464);
#15459 = CYLINDRICAL_SURFACE('',#15460,1.);
#15460 = AXIS2_PLACEMENT_3D('',#15461,#15462,#15463);
#15461 = CARTESIAN_POINT('',(30.5,68.,34.7));
#15462 = DIRECTION('',(-0.,-0.,-1.));
#15463 = DIRECTION('',(1.,0.,0.));
#15464 = DEFINITIONAL_REPRESENTATION('',(#15465),#15469);
#15465 = LINE('',#15466,#15467);
#15466 = CARTESIAN_POINT('',(-6.28318530718,-0.15));
#15467 = VECTOR('',#15468,1.);
#15468 = DIRECTION('',(1.,-0.));
#15469 = ( GEOMETRIC_REPRESENTATION_CONTEXT(2) 
PARAMETRIC_REPRESENTATION_CONTEXT() REPRESENTATION_CONTEXT('2D SPACE',''
  ) );
#15470 = ADVANCED_FACE('',(#15471,#15474),#14867,.F.);
#15471 = FACE_BOUND('',#15472,.F.);
#15472 = EDGE_LOOP('',(#15473));
#15473 = ORIENTED_EDGE('',*,*,#14850,.T.);
#15474 = FACE_BOUND('',#15475,.F.);
#15475 = EDGE_LOOP('',(#15476));
#15476 = ORIENTED_EDGE('',*,*,#15477,.T.);
#15477 = EDGE_CURVE('',#15478,#15478,#15480,.T.);
#15478 = VERTEX_POINT('',#15479);
#15479 = CARTESIAN_POINT('',(49.5,48.,34.85));
#15480 = SURFACE_CURVE('',#15481,(#15486,#15497),.PCURVE_S1.);
#15481 = CIRCLE('',#15482,1.);
#15482 = AXIS2_PLACEMENT_3D('',#15483,#15484,#15485);
#15483 = CARTESIAN_POINT('',(48.5,48.,34.85));
#15484 = DIRECTION('',(0.,0.,-1.));
#15485 = DIRECTION('',(1.,0.,0.));
#15486 = PCURVE('',#14867,#15487);
#15487 = DEFINITIONAL_REPRESENTATION('',(#15488),#15496);
#15488 = ( BOUNDED_CURVE() B_SPLINE_CURVE(2,(#15489,#15490,#15491,#15492
    ,#15493,#15494,#15495),.UNSPECIFIED.,.T.,.F.) 
B_SPLINE_CURVE_WITH_KNOTS((1,2,2,2,2,1),(-2.094395102393,0.,
    2.094395102393,4.188790204786,6.28318530718,8.377580409573),
.UNSPECIFIED.) CURVE() GEOMETRIC_REPRESENTATION_ITEM() 
RATIONAL_B_SPLINE_CURVE((1.,0.5,1.,0.5,1.,0.5,1.)) REPRESENTATION_ITEM(
  '') );
#15489 = CARTESIAN_POINT('',(1.,0.));
#15490 = CARTESIAN_POINT('',(1.,-1.732050807569));
#15491 = CARTESIAN_POINT('',(-0.5,-0.866025403784));
#15492 = CARTESIAN_POINT('',(-2.,-2.449293598295E-16));
#15493 = CARTESIAN_POINT('',(-0.5,0.866025403784));
#15494 = CARTESIAN_POINT('',(1.,1.732050807569));
#15495 = CARTESIAN_POINT('',(1.,0.));
#15496 = ( GEOMETRIC_REPRESENTATION_CONTEXT(2) 
PARAMETRIC_REPRESENTATION_CONTEXT() REPRESENTATION_CONTEXT('2D SPACE',''
  ) );
#15497 = PCURVE('',#15498,#15503);
#15498 = CYLINDRICAL_SURFACE('',#15499,1.);
#15499 = AXIS2_PLACEMENT_3D('',#15500,#15501,#15502);
#15500 = CARTESIAN_POINT('',(48.5,48.,34.7));
#15501 = DIRECTION('',(-0.,-0.,-1.));
#15502 = DIRECTION('',(1.,0.,0.));
#15503 = DEFINITIONAL_REPRESENTATION('',(#15504),#15508);
#15504 = LINE('',#15505,#15506);
#15505 = CARTESIAN_POINT('',(-6.28318530718,-0.15));
#15506 = VECTOR('',#15507,1.);
#15507 = DIRECTION('',(1.,-0.));
#15508 = ( GEOMETRIC_REPRESENTATION_CONTEXT(2) 
PARAMETRIC_REPRESENTATION_CONTEXT() REPRESENTATION_CONTEXT('2D SPACE',''
  ) );
#15509 = ADVANCED_FACE('',(#15510,#15513),#14922,.F.);
#15510 = FACE_BOUND('',#15511,.F.);
#15511 = EDGE_LOOP('',(#15512));
#15512 = ORIENTED_EDGE('',*,*,#14905,.T.);
#15513 = FACE_BOUND('',#15514,.F.);
#15514 = EDGE_LOOP('',(#15515));
#15515 = ORIENTED_EDGE('',*,*,#15516,.T.);
#15516 = EDGE_CURVE('',#15517,#15517,#15519,.T.);
#15517 = VERTEX_POINT('',#15518);
#15518 = CARTESIAN_POINT('',(49.5,58.,34.85));
#15519 = SURFACE_CURVE('',#15520,(#15525,#15536),.PCURVE_S1.);
#15520 = CIRCLE('',#15521,1.);
#15521 = AXIS2_PLACEMENT_3D('',#15522,#15523,#15524);
#15522 = CARTESIAN_POINT('',(48.5,58.,34.85));
#15523 = DIRECTION('',(0.,0.,-1.));
#15524 = DIRECTION('',(1.,0.,0.));
#15525 = PCURVE('',#14922,#15526);
#15526 = DEFINITIONAL_REPRESENTATION('',(#15527),#15535);
#15527 = ( BOUNDED_CURVE() B_SPLINE_CURVE(2,(#15528,#15529,#15530,#15531
    ,#15532,#15533,#15534),.UNSPECIFIED.,.T.,.F.) 
B_SPLINE_CURVE_WITH_KNOTS((1,2,2,2,2,1),(-2.094395102393,0.,
    2.094395102393,4.188790204786,6.28318530718,8.377580409573),
.UNSPECIFIED.) CURVE() GEOMETRIC_REPRESENTATION_ITEM() 
RATIONAL_B_SPLINE_CURVE((1.,0.5,1.,0.5,1.,0.5,1.)) REPRESENTATION_ITEM(
  '') );
#15528 = CARTESIAN_POINT('',(1.,0.));
#15529 = CARTESIAN_POINT('',(1.,-1.732050807569));
#15530 = CARTESIAN_POINT('',(-0.5,-0.866025403784));
#15531 = CARTESIAN_POINT('',(-2.,-2.449293598295E-16));
#15532 = CARTESIAN_POINT('',(-0.5,0.866025403784));
#15533 = CARTESIAN_POINT('',(1.,1.732050807569));
#15534 = CARTESIAN_POINT('',(1.,0.));
#15535 = ( GEOMETRIC_REPRESENTATION_CONTEXT(2) 
PARAMETRIC_REPRESENTATION_CONTEXT() REPRESENTATION_CONTEXT('2D SPACE',''
  ) );
#15536 = PCURVE('',#15537,#15542);
#15537 = CYLINDRICAL_SURFACE('',#15538,1.);
#15538 = AXIS2_PLACEMENT_3D('',#15539,#15540,#15541);
#15539 = CARTESIAN_POINT('',(48.5,58.,34.7));
#15540 = DIRECTION('',(-0.,-0.,-1.));
#15541 = DIRECTION('',(1.,0.,0.));
#15542 = DEFINITIONAL_REPRESENTATION('',(#15543),#15547);
#15543 = LINE('',#15544,#15545);
#15544 = CARTESIAN_POINT('',(-6.28318530718,-0.15));
#15545 = VECTOR('',#15546,1.);
#15546 = DIRECTION('',(1.,-0.));
#15547 = ( GEOMETRIC_REPRESENTATION_CONTEXT(2) 
PARAMETRIC_REPRESENTATION_CONTEXT() REPRESENTATION_CONTEXT('2D SPACE',''
  ) );
#15548 = ADVANCED_FACE('',(#15549,#15552),#14977,.F.);
#15549 = FACE_BOUND('',#15550,.F.);
#15550 = EDGE_LOOP('',(#15551));
#15551 = ORIENTED_EDGE('',*,*,#14960,.T.);
#15552 = FACE_BOUND('',#15553,.F.);
#15553 = EDGE_LOOP('',(#15554));
#15554 = ORIENTED_EDGE('',*,*,#15555,.T.);
#15555 = EDGE_CURVE('',#15556,#15556,#15558,.T.);
#15556 = VERTEX_POINT('',#15557);
#15557 = CARTESIAN_POINT('',(49.5,68.,34.85));
#15558 = SURFACE_CURVE('',#15559,(#15564,#15575),.PCURVE_S1.);
#15559 = CIRCLE('',#15560,1.);
#15560 = AXIS2_PLACEMENT_3D('',#15561,#15562,#15563);
#15561 = CARTESIAN_POINT('',(48.5,68.,34.85));
#15562 = DIRECTION('',(0.,0.,-1.));
#15563 = DIRECTION('',(1.,0.,0.));
#15564 = PCURVE('',#14977,#15565);
#15565 = DEFINITIONAL_REPRESENTATION('',(#15566),#15574);
#15566 = ( BOUNDED_CURVE() B_SPLINE_CURVE(2,(#15567,#15568,#15569,#15570
    ,#15571,#15572,#15573),.UNSPECIFIED.,.T.,.F.) 
B_SPLINE_CURVE_WITH_KNOTS((1,2,2,2,2,1),(-2.094395102393,0.,
    2.094395102393,4.188790204786,6.28318530718,8.377580409573),
.UNSPECIFIED.) CURVE() GEOMETRIC_REPRESENTATION_ITEM() 
RATIONAL_B_SPLINE_CURVE((1.,0.5,1.,0.5,1.,0.5,1.)) REPRESENTATION_ITEM(
  '') );
#15567 = CARTESIAN_POINT('',(1.,0.));
#15568 = CARTESIAN_POINT('',(1.,-1.732050807569));
#15569 = CARTESIAN_POINT('',(-0.5,-0.866025403784));
#15570 = CARTESIAN_POINT('',(-2.,-2.449293598295E-16));
#15571 = CARTESIAN_POINT('',(-0.5,0.866025403784));
#15572 = CARTESIAN_POINT('',(1.,1.732050807569));
#15573 = CARTESIAN_POINT('',(1.,0.));
#15574 = ( GEOMETRIC_REPRESENTATION_CONTEXT(2) 
PARAMETRIC_REPRESENTATION_CONTEXT() REPRESENTATION_CONTEXT('2D SPACE',''
  ) );
#15575 = PCURVE('',#15576,#15581);
#15576 = CYLINDRICAL_SURFACE('',#15577,1.);
#15577 = AXIS2_PLACEMENT_3D('',#15578,#15579,#15580);
#15578 = CARTESIAN_POINT('',(48.5,68.,34.7));
#15579 = DIRECTION('',(-0.,-0.,-1.));
#15580 = DIRECTION('',(1.,0.,0.));
#15581 = DEFINITIONAL_REPRESENTATION('',(#15582),#15586);
#15582 = LINE('',#15583,#15584);
#15583 = CARTESIAN_POINT('',(-6.28318530718,-0.15));
#15584 = VECTOR('',#15585,1.);
#15585 = DIRECTION('',(1.,-0.));
#15586 = ( GEOMETRIC_REPRESENTATION_CONTEXT(2) 
PARAMETRIC_REPRESENTATION_CONTEXT() REPRESENTATION_CONTEXT('2D SPACE',''
  ) );
#15587 = ADVANCED_FACE('',(#15588),#15303,.F.);
#15588 = FACE_BOUND('',#15589,.T.);
#15589 = EDGE_LOOP('',(#15590,#15591,#15614,#15641));
#15590 = ORIENTED_EDGE('',*,*,#15282,.T.);
#15591 = ORIENTED_EDGE('',*,*,#15592,.T.);
#15592 = EDGE_CURVE('',#15283,#15593,#15595,.T.);
#15593 = VERTEX_POINT('',#15594);
#15594 = CARTESIAN_POINT('',(13.,83.,39.3));
#15595 = SEAM_CURVE('',#15596,(#15600,#15607),.PCURVE_S1.);
#15596 = LINE('',#15597,#15598);
#15597 = CARTESIAN_POINT('',(13.,83.,30.7));
#15598 = VECTOR('',#15599,1.);
#15599 = DIRECTION('',(0.,0.,1.));
#15600 = PCURVE('',#15303,#15601);
#15601 = DEFINITIONAL_REPRESENTATION('',(#15602),#15606);
#15602 = LINE('',#15603,#15604);
#15603 = CARTESIAN_POINT('',(-6.28318530718,0.));
#15604 = VECTOR('',#15605,1.);
#15605 = DIRECTION('',(-0.,-1.));
#15606 = ( GEOMETRIC_REPRESENTATION_CONTEXT(2) 
PARAMETRIC_REPRESENTATION_CONTEXT() REPRESENTATION_CONTEXT('2D SPACE',''
  ) );
#15607 = PCURVE('',#15303,#15608);
#15608 = DEFINITIONAL_REPRESENTATION('',(#15609),#15613);
#15609 = LINE('',#15610,#15611);
#15610 = CARTESIAN_POINT('',(-0.,0.));
#15611 = VECTOR('',#15612,1.);
#15612 = DIRECTION('',(-0.,-1.));
#15613 = ( GEOMETRIC_REPRESENTATION_CONTEXT(2) 
PARAMETRIC_REPRESENTATION_CONTEXT() REPRESENTATION_CONTEXT('2D SPACE',''
  ) );
#15614 = ORIENTED_EDGE('',*,*,#15615,.T.);
#15615 = EDGE_CURVE('',#15593,#15593,#15616,.T.);
#15616 = SURFACE_CURVE('',#15617,(#15622,#15629),.PCURVE_S1.);
#15617 = CIRCLE('',#15618,1.);
#15618 = AXIS2_PLACEMENT_3D('',#15619,#15620,#15621);
#15619 = CARTESIAN_POINT('',(12.,83.,39.3));
#15620 = DIRECTION('',(0.,0.,1.));
#15621 = DIRECTION('',(1.,0.,0.));
#15622 = PCURVE('',#15303,#15623);
#15623 = DEFINITIONAL_REPRESENTATION('',(#15624),#15628);
#15624 = LINE('',#15625,#15626);
#15625 = CARTESIAN_POINT('',(-0.,-8.6));
#15626 = VECTOR('',#15627,1.);
#15627 = DIRECTION('',(-1.,0.));
#15628 = ( GEOMETRIC_REPRESENTATION_CONTEXT(2) 
PARAMETRIC_REPRESENTATION_CONTEXT() REPRESENTATION_CONTEXT('2D SPACE',''
  ) );
#15629 = PCURVE('',#15630,#15635);
#15630 = PLANE('',#15631);
#15631 = AXIS2_PLACEMENT_3D('',#15632,#15633,#15634);
#15632 = CARTESIAN_POINT('',(12.,83.,39.3));
#15633 = DIRECTION('',(0.,0.,1.));
#15634 = DIRECTION('',(1.,0.,-0.));
#15635 = DEFINITIONAL_REPRESENTATION('',(#15636),#15640);
#15636 = CIRCLE('',#15637,1.);
#15637 = AXIS2_PLACEMENT_2D('',#15638,#15639);
#15638 = CARTESIAN_POINT('',(0.,-1.42108547152E-14));
#15639 = DIRECTION('',(1.,0.));
#15640 = ( GEOMETRIC_REPRESENTATION_CONTEXT(2) 
PARAMETRIC_REPRESENTATION_CONTEXT() REPRESENTATION_CONTEXT('2D SPACE',''
  ) );
#15641 = ORIENTED_EDGE('',*,*,#15592,.F.);
#15642 = ADVANCED_FACE('',(#15643),#15342,.F.);
#15643 = FACE_BOUND('',#15644,.T.);
#15644 = EDGE_LOOP('',(#15645,#15646,#15669,#15696));
#15645 = ORIENTED_EDGE('',*,*,#15321,.T.);
#15646 = ORIENTED_EDGE('',*,*,#15647,.T.);
#15647 = EDGE_CURVE('',#15322,#15648,#15650,.T.);
#15648 = VERTEX_POINT('',#15649);
#15649 = CARTESIAN_POINT('',(68.,83.,39.3));
#15650 = SEAM_CURVE('',#15651,(#15655,#15662),.PCURVE_S1.);
#15651 = LINE('',#15652,#15653);
#15652 = CARTESIAN_POINT('',(68.,83.,30.7));
#15653 = VECTOR('',#15654,1.);
#15654 = DIRECTION('',(0.,0.,1.));
#15655 = PCURVE('',#15342,#15656);
#15656 = DEFINITIONAL_REPRESENTATION('',(#15657),#15661);
#15657 = LINE('',#15658,#15659);
#15658 = CARTESIAN_POINT('',(-6.28318530718,0.));
#15659 = VECTOR('',#15660,1.);
#15660 = DIRECTION('',(-0.,-1.));
#15661 = ( GEOMETRIC_REPRESENTATION_CONTEXT(2) 
PARAMETRIC_REPRESENTATION_CONTEXT() REPRESENTATION_CONTEXT('2D SPACE',''
  ) );
#15662 = PCURVE('',#15342,#15663);
#15663 = DEFINITIONAL_REPRESENTATION('',(#15664),#15668);
#15664 = LINE('',#15665,#15666);
#15665 = CARTESIAN_POINT('',(-0.,0.));
#15666 = VECTOR('',#15667,1.);
#15667 = DIRECTION('',(-0.,-1.));
#15668 = ( GEOMETRIC_REPRESENTATION_CONTEXT(2) 
PARAMETRIC_REPRESENTATION_CONTEXT() REPRESENTATION_CONTEXT('2D SPACE',''
  ) );
#15669 = ORIENTED_EDGE('',*,*,#15670,.T.);
#15670 = EDGE_CURVE('',#15648,#15648,#15671,.T.);
#15671 = SURFACE_CURVE('',#15672,(#15677,#15684),.PCURVE_S1.);
#15672 = CIRCLE('',#15673,1.);
#15673 = AXIS2_PLACEMENT_3D('',#15674,#15675,#15676);
#15674 = CARTESIAN_POINT('',(67.,83.,39.3));
#15675 = DIRECTION('',(0.,0.,1.));
#15676 = DIRECTION('',(1.,0.,0.));
#15677 = PCURVE('',#15342,#15678);
#15678 = DEFINITIONAL_REPRESENTATION('',(#15679),#15683);
#15679 = LINE('',#15680,#15681);
#15680 = CARTESIAN_POINT('',(-0.,-8.6));
#15681 = VECTOR('',#15682,1.);
#15682 = DIRECTION('',(-1.,0.));
#15683 = ( GEOMETRIC_REPRESENTATION_CONTEXT(2) 
PARAMETRIC_REPRESENTATION_CONTEXT() REPRESENTATION_CONTEXT('2D SPACE',''
  ) );
#15684 = PCURVE('',#15685,#15690);
#15685 = PLANE('',#15686);
#15686 = AXIS2_PLACEMENT_3D('',#15687,#15688,#15689);
#15687 = CARTESIAN_POINT('',(67.,83.,39.3));
#15688 = DIRECTION('',(0.,0.,1.));
#15689 = DIRECTION('',(1.,0.,-0.));
#15690 = DEFINITIONAL_REPRESENTATION('',(#15691),#15695);
#15691 = CIRCLE('',#15692,1.);
#15692 = AXIS2_PLACEMENT_2D('',#15693,#15694);
#15693 = CARTESIAN_POINT('',(0.,-1.42108547152E-14));
#15694 = DIRECTION('',(1.,0.));
#15695 = ( GEOMETRIC_REPRESENTATION_CONTEXT(2) 
PARAMETRIC_REPRESENTATION_CONTEXT() REPRESENTATION_CONTEXT('2D SPACE',''
  ) );
#15696 = ORIENTED_EDGE('',*,*,#15647,.F.);
#15697 = ADVANCED_FACE('',(#15698),#15381,.F.);
#15698 = FACE_BOUND('',#15699,.T.);
#15699 = EDGE_LOOP('',(#15700,#15701,#15724,#15751));
#15700 = ORIENTED_EDGE('',*,*,#15360,.T.);
#15701 = ORIENTED_EDGE('',*,*,#15702,.T.);
#15702 = EDGE_CURVE('',#15361,#15703,#15705,.T.);
#15703 = VERTEX_POINT('',#15704);
#15704 = CARTESIAN_POINT('',(31.5,48.,39.3));
#15705 = SEAM_CURVE('',#15706,(#15710,#15717),.PCURVE_S1.);
#15706 = LINE('',#15707,#15708);
#15707 = CARTESIAN_POINT('',(31.5,48.,34.7));
#15708 = VECTOR('',#15709,1.);
#15709 = DIRECTION('',(0.,0.,1.));
#15710 = PCURVE('',#15381,#15711);
#15711 = DEFINITIONAL_REPRESENTATION('',(#15712),#15716);
#15712 = LINE('',#15713,#15714);
#15713 = CARTESIAN_POINT('',(-6.28318530718,0.));
#15714 = VECTOR('',#15715,1.);
#15715 = DIRECTION('',(-0.,-1.));
#15716 = ( GEOMETRIC_REPRESENTATION_CONTEXT(2) 
PARAMETRIC_REPRESENTATION_CONTEXT() REPRESENTATION_CONTEXT('2D SPACE',''
  ) );
#15717 = PCURVE('',#15381,#15718);
#15718 = DEFINITIONAL_REPRESENTATION('',(#15719),#15723);
#15719 = LINE('',#15720,#15721);
#15720 = CARTESIAN_POINT('',(-0.,0.));
#15721 = VECTOR('',#15722,1.);
#15722 = DIRECTION('',(-0.,-1.));
#15723 = ( GEOMETRIC_REPRESENTATION_CONTEXT(2) 
PARAMETRIC_REPRESENTATION_CONTEXT() REPRESENTATION_CONTEXT('2D SPACE',''
  ) );
#15724 = ORIENTED_EDGE('',*,*,#15725,.T.);
#15725 = EDGE_CURVE('',#15703,#15703,#15726,.T.);
#15726 = SURFACE_CURVE('',#15727,(#15732,#15739),.PCURVE_S1.);
#15727 = CIRCLE('',#15728,1.);
#15728 = AXIS2_PLACEMENT_3D('',#15729,#15730,#15731);
#15729 = CARTESIAN_POINT('',(30.5,48.,39.3));
#15730 = DIRECTION('',(0.,0.,1.));
#15731 = DIRECTION('',(1.,0.,0.));
#15732 = PCURVE('',#15381,#15733);
#15733 = DEFINITIONAL_REPRESENTATION('',(#15734),#15738);
#15734 = LINE('',#15735,#15736);
#15735 = CARTESIAN_POINT('',(-0.,-4.6));
#15736 = VECTOR('',#15737,1.);
#15737 = DIRECTION('',(-1.,0.));
#15738 = ( GEOMETRIC_REPRESENTATION_CONTEXT(2) 
PARAMETRIC_REPRESENTATION_CONTEXT() REPRESENTATION_CONTEXT('2D SPACE',''
  ) );
#15739 = PCURVE('',#15740,#15745);
#15740 = PLANE('',#15741);
#15741 = AXIS2_PLACEMENT_3D('',#15742,#15743,#15744);
#15742 = CARTESIAN_POINT('',(30.5,48.,39.3));
#15743 = DIRECTION('',(0.,0.,1.));
#15744 = DIRECTION('',(1.,0.,-0.));
#15745 = DEFINITIONAL_REPRESENTATION('',(#15746),#15750);
#15746 = CIRCLE('',#15747,1.);
#15747 = AXIS2_PLACEMENT_2D('',#15748,#15749);
#15748 = CARTESIAN_POINT('',(-3.552713678801E-15,0.));
#15749 = DIRECTION('',(1.,0.));
#15750 = ( GEOMETRIC_REPRESENTATION_CONTEXT(2) 
PARAMETRIC_REPRESENTATION_CONTEXT() REPRESENTATION_CONTEXT('2D SPACE',''
  ) );
#15751 = ORIENTED_EDGE('',*,*,#15702,.F.);
#15752 = ADVANCED_FACE('',(#15753),#15420,.F.);
#15753 = FACE_BOUND('',#15754,.T.);
#15754 = EDGE_LOOP('',(#15755,#15756,#15779,#15806));
#15755 = ORIENTED_EDGE('',*,*,#15399,.T.);
#15756 = ORIENTED_EDGE('',*,*,#15757,.T.);
#15757 = EDGE_CURVE('',#15400,#15758,#15760,.T.);
#15758 = VERTEX_POINT('',#15759);
#15759 = CARTESIAN_POINT('',(31.5,58.,39.3));
#15760 = SEAM_CURVE('',#15761,(#15765,#15772),.PCURVE_S1.);
#15761 = LINE('',#15762,#15763);
#15762 = CARTESIAN_POINT('',(31.5,58.,34.7));
#15763 = VECTOR('',#15764,1.);
#15764 = DIRECTION('',(0.,0.,1.));
#15765 = PCURVE('',#15420,#15766);
#15766 = DEFINITIONAL_REPRESENTATION('',(#15767),#15771);
#15767 = LINE('',#15768,#15769);
#15768 = CARTESIAN_POINT('',(-6.28318530718,0.));
#15769 = VECTOR('',#15770,1.);
#15770 = DIRECTION('',(-0.,-1.));
#15771 = ( GEOMETRIC_REPRESENTATION_CONTEXT(2) 
PARAMETRIC_REPRESENTATION_CONTEXT() REPRESENTATION_CONTEXT('2D SPACE',''
  ) );
#15772 = PCURVE('',#15420,#15773);
#15773 = DEFINITIONAL_REPRESENTATION('',(#15774),#15778);
#15774 = LINE('',#15775,#15776);
#15775 = CARTESIAN_POINT('',(-0.,0.));
#15776 = VECTOR('',#15777,1.);
#15777 = DIRECTION('',(-0.,-1.));
#15778 = ( GEOMETRIC_REPRESENTATION_CONTEXT(2) 
PARAMETRIC_REPRESENTATION_CONTEXT() REPRESENTATION_CONTEXT('2D SPACE',''
  ) );
#15779 = ORIENTED_EDGE('',*,*,#15780,.T.);
#15780 = EDGE_CURVE('',#15758,#15758,#15781,.T.);
#15781 = SURFACE_CURVE('',#15782,(#15787,#15794),.PCURVE_S1.);
#15782 = CIRCLE('',#15783,1.);
#15783 = AXIS2_PLACEMENT_3D('',#15784,#15785,#15786);
#15784 = CARTESIAN_POINT('',(30.5,58.,39.3));
#15785 = DIRECTION('',(0.,0.,1.));
#15786 = DIRECTION('',(1.,0.,0.));
#15787 = PCURVE('',#15420,#15788);
#15788 = DEFINITIONAL_REPRESENTATION('',(#15789),#15793);
#15789 = LINE('',#15790,#15791);
#15790 = CARTESIAN_POINT('',(-0.,-4.6));
#15791 = VECTOR('',#15792,1.);
#15792 = DIRECTION('',(-1.,0.));
#15793 = ( GEOMETRIC_REPRESENTATION_CONTEXT(2) 
PARAMETRIC_REPRESENTATION_CONTEXT() REPRESENTATION_CONTEXT('2D SPACE',''
  ) );
#15794 = PCURVE('',#15795,#15800);
#15795 = PLANE('',#15796);
#15796 = AXIS2_PLACEMENT_3D('',#15797,#15798,#15799);
#15797 = CARTESIAN_POINT('',(30.5,58.,39.3));
#15798 = DIRECTION('',(0.,0.,1.));
#15799 = DIRECTION('',(1.,0.,-0.));
#15800 = DEFINITIONAL_REPRESENTATION('',(#15801),#15805);
#15801 = CIRCLE('',#15802,1.);
#15802 = AXIS2_PLACEMENT_2D('',#15803,#15804);
#15803 = CARTESIAN_POINT('',(-3.552713678801E-15,-7.105427357601E-15));
#15804 = DIRECTION('',(1.,0.));
#15805 = ( GEOMETRIC_REPRESENTATION_CONTEXT(2) 
PARAMETRIC_REPRESENTATION_CONTEXT() REPRESENTATION_CONTEXT('2D SPACE',''
  ) );
#15806 = ORIENTED_EDGE('',*,*,#15757,.F.);
#15807 = ADVANCED_FACE('',(#15808),#15459,.F.);
#15808 = FACE_BOUND('',#15809,.T.);
#15809 = EDGE_LOOP('',(#15810,#15811,#15834,#15861));
#15810 = ORIENTED_EDGE('',*,*,#15438,.T.);
#15811 = ORIENTED_EDGE('',*,*,#15812,.T.);
#15812 = EDGE_CURVE('',#15439,#15813,#15815,.T.);
#15813 = VERTEX_POINT('',#15814);
#15814 = CARTESIAN_POINT('',(31.5,68.,39.3));
#15815 = SEAM_CURVE('',#15816,(#15820,#15827),.PCURVE_S1.);
#15816 = LINE('',#15817,#15818);
#15817 = CARTESIAN_POINT('',(31.5,68.,34.7));
#15818 = VECTOR('',#15819,1.);
#15819 = DIRECTION('',(0.,0.,1.));
#15820 = PCURVE('',#15459,#15821);
#15821 = DEFINITIONAL_REPRESENTATION('',(#15822),#15826);
#15822 = LINE('',#15823,#15824);
#15823 = CARTESIAN_POINT('',(-6.28318530718,0.));
#15824 = VECTOR('',#15825,1.);
#15825 = DIRECTION('',(-0.,-1.));
#15826 = ( GEOMETRIC_REPRESENTATION_CONTEXT(2) 
PARAMETRIC_REPRESENTATION_CONTEXT() REPRESENTATION_CONTEXT('2D SPACE',''
  ) );
#15827 = PCURVE('',#15459,#15828);
#15828 = DEFINITIONAL_REPRESENTATION('',(#15829),#15833);
#15829 = LINE('',#15830,#15831);
#15830 = CARTESIAN_POINT('',(-0.,0.));
#15831 = VECTOR('',#15832,1.);
#15832 = DIRECTION('',(-0.,-1.));
#15833 = ( GEOMETRIC_REPRESENTATION_CONTEXT(2) 
PARAMETRIC_REPRESENTATION_CONTEXT() REPRESENTATION_CONTEXT('2D SPACE',''
  ) );
#15834 = ORIENTED_EDGE('',*,*,#15835,.T.);
#15835 = EDGE_CURVE('',#15813,#15813,#15836,.T.);
#15836 = SURFACE_CURVE('',#15837,(#15842,#15849),.PCURVE_S1.);
#15837 = CIRCLE('',#15838,1.);
#15838 = AXIS2_PLACEMENT_3D('',#15839,#15840,#15841);
#15839 = CARTESIAN_POINT('',(30.5,68.,39.3));
#15840 = DIRECTION('',(0.,0.,1.));
#15841 = DIRECTION('',(1.,0.,0.));
#15842 = PCURVE('',#15459,#15843);
#15843 = DEFINITIONAL_REPRESENTATION('',(#15844),#15848);
#15844 = LINE('',#15845,#15846);
#15845 = CARTESIAN_POINT('',(-0.,-4.6));
#15846 = VECTOR('',#15847,1.);
#15847 = DIRECTION('',(-1.,0.));
#15848 = ( GEOMETRIC_REPRESENTATION_CONTEXT(2) 
PARAMETRIC_REPRESENTATION_CONTEXT() REPRESENTATION_CONTEXT('2D SPACE',''
  ) );
#15849 = PCURVE('',#15850,#15855);
#15850 = PLANE('',#15851);
#15851 = AXIS2_PLACEMENT_3D('',#15852,#15853,#15854);
#15852 = CARTESIAN_POINT('',(30.5,68.,39.3));
#15853 = DIRECTION('',(0.,0.,1.));
#15854 = DIRECTION('',(1.,0.,-0.));
#15855 = DEFINITIONAL_REPRESENTATION('',(#15856),#15860);
#15856 = CIRCLE('',#15857,1.);
#15857 = AXIS2_PLACEMENT_2D('',#15858,#15859);
#15858 = CARTESIAN_POINT('',(0.,0.));
#15859 = DIRECTION('',(1.,0.));
#15860 = ( GEOMETRIC_REPRESENTATION_CONTEXT(2) 
PARAMETRIC_REPRESENTATION_CONTEXT() REPRESENTATION_CONTEXT('2D SPACE',''
  ) );
#15861 = ORIENTED_EDGE('',*,*,#15812,.F.);
#15862 = ADVANCED_FACE('',(#15863),#15498,.F.);
#15863 = FACE_BOUND('',#15864,.T.);
#15864 = EDGE_LOOP('',(#15865,#15866,#15889,#15916));
#15865 = ORIENTED_EDGE('',*,*,#15477,.T.);
#15866 = ORIENTED_EDGE('',*,*,#15867,.T.);
#15867 = EDGE_CURVE('',#15478,#15868,#15870,.T.);
#15868 = VERTEX_POINT('',#15869);
#15869 = CARTESIAN_POINT('',(49.5,48.,39.3));
#15870 = SEAM_CURVE('',#15871,(#15875,#15882),.PCURVE_S1.);
#15871 = LINE('',#15872,#15873);
#15872 = CARTESIAN_POINT('',(49.5,48.,34.7));
#15873 = VECTOR('',#15874,1.);
#15874 = DIRECTION('',(0.,0.,1.));
#15875 = PCURVE('',#15498,#15876);
#15876 = DEFINITIONAL_REPRESENTATION('',(#15877),#15881);
#15877 = LINE('',#15878,#15879);
#15878 = CARTESIAN_POINT('',(-6.28318530718,0.));
#15879 = VECTOR('',#15880,1.);
#15880 = DIRECTION('',(-0.,-1.));
#15881 = ( GEOMETRIC_REPRESENTATION_CONTEXT(2) 
PARAMETRIC_REPRESENTATION_CONTEXT() REPRESENTATION_CONTEXT('2D SPACE',''
  ) );
#15882 = PCURVE('',#15498,#15883);
#15883 = DEFINITIONAL_REPRESENTATION('',(#15884),#15888);
#15884 = LINE('',#15885,#15886);
#15885 = CARTESIAN_POINT('',(-0.,0.));
#15886 = VECTOR('',#15887,1.);
#15887 = DIRECTION('',(-0.,-1.));
#15888 = ( GEOMETRIC_REPRESENTATION_CONTEXT(2) 
PARAMETRIC_REPRESENTATION_CONTEXT() REPRESENTATION_CONTEXT('2D SPACE',''
  ) );
#15889 = ORIENTED_EDGE('',*,*,#15890,.T.);
#15890 = EDGE_CURVE('',#15868,#15868,#15891,.T.);
#15891 = SURFACE_CURVE('',#15892,(#15897,#15904),.PCURVE_S1.);
#15892 = CIRCLE('',#15893,1.);
#15893 = AXIS2_PLACEMENT_3D('',#15894,#15895,#15896);
#15894 = CARTESIAN_POINT('',(48.5,48.,39.3));
#15895 = DIRECTION('',(0.,0.,1.));
#15896 = DIRECTION('',(1.,0.,0.));
#15897 = PCURVE('',#15498,#15898);
#15898 = DEFINITIONAL_REPRESENTATION('',(#15899),#15903);
#15899 = LINE('',#15900,#15901);
#15900 = CARTESIAN_POINT('',(-0.,-4.6));
#15901 = VECTOR('',#15902,1.);
#15902 = DIRECTION('',(-1.,0.));
#15903 = ( GEOMETRIC_REPRESENTATION_CONTEXT(2) 
PARAMETRIC_REPRESENTATION_CONTEXT() REPRESENTATION_CONTEXT('2D SPACE',''
  ) );
#15904 = PCURVE('',#15905,#15910);
#15905 = PLANE('',#15906);
#15906 = AXIS2_PLACEMENT_3D('',#15907,#15908,#15909);
#15907 = CARTESIAN_POINT('',(48.5,48.,39.3));
#15908 = DIRECTION('',(0.,0.,1.));
#15909 = DIRECTION('',(1.,0.,-0.));
#15910 = DEFINITIONAL_REPRESENTATION('',(#15911),#15915);
#15911 = CIRCLE('',#15912,1.);
#15912 = AXIS2_PLACEMENT_2D('',#15913,#15914);
#15913 = CARTESIAN_POINT('',(0.,0.));
#15914 = DIRECTION('',(1.,0.));
#15915 = ( GEOMETRIC_REPRESENTATION_CONTEXT(2) 
PARAMETRIC_REPRESENTATION_CONTEXT() REPRESENTATION_CONTEXT('2D SPACE',''
  ) );
#15916 = ORIENTED_EDGE('',*,*,#15867,.F.);
#15917 = ADVANCED_FACE('',(#15918),#15537,.F.);
#15918 = FACE_BOUND('',#15919,.T.);
#15919 = EDGE_LOOP('',(#15920,#15921,#15944,#15971));
#15920 = ORIENTED_EDGE('',*,*,#15516,.T.);
#15921 = ORIENTED_EDGE('',*,*,#15922,.T.);
#15922 = EDGE_CURVE('',#15517,#15923,#15925,.T.);
#15923 = VERTEX_POINT('',#15924);
#15924 = CARTESIAN_POINT('',(49.5,58.,39.3));
#15925 = SEAM_CURVE('',#15926,(#15930,#15937),.PCURVE_S1.);
#15926 = LINE('',#15927,#15928);
#15927 = CARTESIAN_POINT('',(49.5,58.,34.7));
#15928 = VECTOR('',#15929,1.);
#15929 = DIRECTION('',(0.,0.,1.));
#15930 = PCURVE('',#15537,#15931);
#15931 = DEFINITIONAL_REPRESENTATION('',(#15932),#15936);
#15932 = LINE('',#15933,#15934);
#15933 = CARTESIAN_POINT('',(-6.28318530718,0.));
#15934 = VECTOR('',#15935,1.);
#15935 = DIRECTION('',(-0.,-1.));
#15936 = ( GEOMETRIC_REPRESENTATION_CONTEXT(2) 
PARAMETRIC_REPRESENTATION_CONTEXT() REPRESENTATION_CONTEXT('2D SPACE',''
  ) );
#15937 = PCURVE('',#15537,#15938);
#15938 = DEFINITIONAL_REPRESENTATION('',(#15939),#15943);
#15939 = LINE('',#15940,#15941);
#15940 = CARTESIAN_POINT('',(-0.,0.));
#15941 = VECTOR('',#15942,1.);
#15942 = DIRECTION('',(-0.,-1.));
#15943 = ( GEOMETRIC_REPRESENTATION_CONTEXT(2) 
PARAMETRIC_REPRESENTATION_CONTEXT() REPRESENTATION_CONTEXT('2D SPACE',''
  ) );
#15944 = ORIENTED_EDGE('',*,*,#15945,.T.);
#15945 = EDGE_CURVE('',#15923,#15923,#15946,.T.);
#15946 = SURFACE_CURVE('',#15947,(#15952,#15959),.PCURVE_S1.);
#15947 = CIRCLE('',#15948,1.);
#15948 = AXIS2_PLACEMENT_3D('',#15949,#15950,#15951);
#15949 = CARTESIAN_POINT('',(48.5,58.,39.3));
#15950 = DIRECTION('',(0.,0.,1.));
#15951 = DIRECTION('',(1.,0.,0.));
#15952 = PCURVE('',#15537,#15953);
#15953 = DEFINITIONAL_REPRESENTATION('',(#15954),#15958);
#15954 = LINE('',#15955,#15956);
#15955 = CARTESIAN_POINT('',(-0.,-4.6));
#15956 = VECTOR('',#15957,1.);
#15957 = DIRECTION('',(-1.,0.));
#15958 = ( GEOMETRIC_REPRESENTATION_CONTEXT(2) 
PARAMETRIC_REPRESENTATION_CONTEXT() REPRESENTATION_CONTEXT('2D SPACE',''
  ) );
#15959 = PCURVE('',#15960,#15965);
#15960 = PLANE('',#15961);
#15961 = AXIS2_PLACEMENT_3D('',#15962,#15963,#15964);
#15962 = CARTESIAN_POINT('',(48.5,58.,39.3));
#15963 = DIRECTION('',(0.,0.,1.));
#15964 = DIRECTION('',(1.,0.,-0.));
#15965 = DEFINITIONAL_REPRESENTATION('',(#15966),#15970);
#15966 = CIRCLE('',#15967,1.);
#15967 = AXIS2_PLACEMENT_2D('',#15968,#15969);
#15968 = CARTESIAN_POINT('',(0.,-7.105427357601E-15));
#15969 = DIRECTION('',(1.,0.));
#15970 = ( GEOMETRIC_REPRESENTATION_CONTEXT(2) 
PARAMETRIC_REPRESENTATION_CONTEXT() REPRESENTATION_CONTEXT('2D SPACE',''
  ) );
#15971 = ORIENTED_EDGE('',*,*,#15922,.F.);
#15972 = ADVANCED_FACE('',(#15973),#15576,.F.);
#15973 = FACE_BOUND('',#15974,.T.);
#15974 = EDGE_LOOP('',(#15975,#15976,#15999,#16026));
#15975 = ORIENTED_EDGE('',*,*,#15555,.T.);
#15976 = ORIENTED_EDGE('',*,*,#15977,.T.);
#15977 = EDGE_CURVE('',#15556,#15978,#15980,.T.);
#15978 = VERTEX_POINT('',#15979);
#15979 = CARTESIAN_POINT('',(49.5,68.,39.3));
#15980 = SEAM_CURVE('',#15981,(#15985,#15992),.PCURVE_S1.);
#15981 = LINE('',#15982,#15983);
#15982 = CARTESIAN_POINT('',(49.5,68.,34.7));
#15983 = VECTOR('',#15984,1.);
#15984 = DIRECTION('',(0.,0.,1.));
#15985 = PCURVE('',#15576,#15986);
#15986 = DEFINITIONAL_REPRESENTATION('',(#15987),#15991);
#15987 = LINE('',#15988,#15989);
#15988 = CARTESIAN_POINT('',(-6.28318530718,0.));
#15989 = VECTOR('',#15990,1.);
#15990 = DIRECTION('',(-0.,-1.));
#15991 = ( GEOMETRIC_REPRESENTATION_CONTEXT(2) 
PARAMETRIC_REPRESENTATION_CONTEXT() REPRESENTATION_CONTEXT('2D SPACE',''
  ) );
#15992 = PCURVE('',#15576,#15993);
#15993 = DEFINITIONAL_REPRESENTATION('',(#15994),#15998);
#15994 = LINE('',#15995,#15996);
#15995 = CARTESIAN_POINT('',(-0.,0.));
#15996 = VECTOR('',#15997,1.);
#15997 = DIRECTION('',(-0.,-1.));
#15998 = ( GEOMETRIC_REPRESENTATION_CONTEXT(2) 
PARAMETRIC_REPRESENTATION_CONTEXT() REPRESENTATION_CONTEXT('2D SPACE',''
  ) );
#15999 = ORIENTED_EDGE('',*,*,#16000,.T.);
#16000 = EDGE_CURVE('',#15978,#15978,#16001,.T.);
#16001 = SURFACE_CURVE('',#16002,(#16007,#16014),.PCURVE_S1.);
#16002 = CIRCLE('',#16003,1.);
#16003 = AXIS2_PLACEMENT_3D('',#16004,#16005,#16006);
#16004 = CARTESIAN_POINT('',(48.5,68.,39.3));
#16005 = DIRECTION('',(0.,0.,1.));
#16006 = DIRECTION('',(1.,0.,0.));
#16007 = PCURVE('',#15576,#16008);
#16008 = DEFINITIONAL_REPRESENTATION('',(#16009),#16013);
#16009 = LINE('',#16010,#16011);
#16010 = CARTESIAN_POINT('',(-0.,-4.6));
#16011 = VECTOR('',#16012,1.);
#16012 = DIRECTION('',(-1.,0.));
#16013 = ( GEOMETRIC_REPRESENTATION_CONTEXT(2) 
PARAMETRIC_REPRESENTATION_CONTEXT() REPRESENTATION_CONTEXT('2D SPACE',''
  ) );
#16014 = PCURVE('',#16015,#16020);
#16015 = PLANE('',#16016);
#16016 = AXIS2_PLACEMENT_3D('',#16017,#16018,#16019);
#16017 = CARTESIAN_POINT('',(48.5,68.,39.3));
#16018 = DIRECTION('',(0.,0.,1.));
#16019 = DIRECTION('',(1.,0.,-0.));
#16020 = DEFINITIONAL_REPRESENTATION('',(#16021),#16025);
#16021 = CIRCLE('',#16022,1.);
#16022 = AXIS2_PLACEMENT_2D('',#16023,#16024);
#16023 = CARTESIAN_POINT('',(0.,0.));
#16024 = DIRECTION('',(1.,0.));
#16025 = ( GEOMETRIC_REPRESENTATION_CONTEXT(2) 
PARAMETRIC_REPRESENTATION_CONTEXT() REPRESENTATION_CONTEXT('2D SPACE',''
  ) );
#16026 = ORIENTED_EDGE('',*,*,#15977,.F.);
#16027 = ADVANCED_FACE('',(#16028),#15630,.F.);
#16028 = FACE_BOUND('',#16029,.F.);
#16029 = EDGE_LOOP('',(#16030));
#16030 = ORIENTED_EDGE('',*,*,#15615,.T.);
#16031 = ADVANCED_FACE('',(#16032),#15685,.F.);
#16032 = FACE_BOUND('',#16033,.F.);
#16033 = EDGE_LOOP('',(#16034));
#16034 = ORIENTED_EDGE('',*,*,#15670,.T.);
#16035 = ADVANCED_FACE('',(#16036),#15740,.F.);
#16036 = FACE_BOUND('',#16037,.F.);
#16037 = EDGE_LOOP('',(#16038));
#16038 = ORIENTED_EDGE('',*,*,#15725,.T.);
#16039 = ADVANCED_FACE('',(#16040),#15795,.F.);
#16040 = FACE_BOUND('',#16041,.F.);
#16041 = EDGE_LOOP('',(#16042));
#16042 = ORIENTED_EDGE('',*,*,#15780,.T.);
#16043 = ADVANCED_FACE('',(#16044),#15850,.F.);
#16044 = FACE_BOUND('',#16045,.F.);
#16045 = EDGE_LOOP('',(#16046));
#16046 = ORIENTED_EDGE('',*,*,#15835,.T.);
#16047 = ADVANCED_FACE('',(#16048),#15905,.F.);
#16048 = FACE_BOUND('',#16049,.F.);
#16049 = EDGE_LOOP('',(#16050));
#16050 = ORIENTED_EDGE('',*,*,#15890,.T.);
#16051 = ADVANCED_FACE('',(#16052),#15960,.F.);
#16052 = FACE_BOUND('',#16053,.F.);
#16053 = EDGE_LOOP('',(#16054));
#16054 = ORIENTED_EDGE('',*,*,#15945,.T.);
#16055 = ADVANCED_FACE('',(#16056),#16015,.F.);
#16056 = FACE_BOUND('',#16057,.F.);
#16057 = EDGE_LOOP('',(#16058));
#16058 = ORIENTED_EDGE('',*,*,#16000,.T.);
#16059 = ( GEOMETRIC_REPRESENTATION_CONTEXT(3) 
GLOBAL_UNCERTAINTY_ASSIGNED_CONTEXT((#16063)) 
GLOBAL_UNIT_ASSIGNED_CONTEXT((#16060,#16061,#16062)) 
REPRESENTATION_CONTEXT('Context #1',
  '3D Context with UNIT and UNCERTAINTY') );
#16060 = ( LENGTH_UNIT() NAMED_UNIT(*) SI_UNIT(.MILLI.,.METRE.) );
#16061 = ( NAMED_UNIT(*) PLANE_ANGLE_UNIT() SI_UNIT($,.RADIAN.) );
#16062 = ( NAMED_UNIT(*) SI_UNIT($,.STERADIAN.) SOLID_ANGLE_UNIT() );
#16063 = UNCERTAINTY_MEASURE_WITH_UNIT(LENGTH_MEASURE(2.E-06),#16060,
  'distance_accuracy_value','confusion accuracy');
#16064 = CONTEXT_DEPENDENT_SHAPE_REPRESENTATION(#16065,#16067);
#16065 = ( REPRESENTATION_RELATIONSHIP('','',#4875,#10) 
REPRESENTATION_RELATIONSHIP_WITH_TRANSFORMATION(#16066) 
SHAPE_REPRESENTATION_RELATIONSHIP() );
#16066 = ITEM_DEFINED_TRANSFORMATION('','',#11,#19);
#16067 = PRODUCT_DEFINITION_SHAPE('Placement','Placement of an item',
  #16068);
#16068 = NEXT_ASSEMBLY_USAGE_OCCURRENCE('2','lid','',#5,#4870,$);
#16069 = PRODUCT_RELATED_PRODUCT_CATEGORY('part',$,(#4872));
ENDSEC;
END-ISO-10303-21;
